solid OpenSCAD_Model
  facet normal 0 0 -1
    outer loop
      vertex 0.835894 2.62679 -10.5
      vertex 0.838975 2.58207 -10.5
      vertex 0.839085 2.54653 -10.5
    endloop
  endfacet
  facet normal 0 0 -1
    outer loop
      vertex 0.835894 2.62679 -10.5
      vertex 0.839085 2.54653 -10.5
      vertex 0.837206 2.49994 -10.5
    endloop
  endfacet
  facet normal 0 0 -1
    outer loop
      vertex 0.838975 2.58207 -10.5
      vertex 0.835894 2.62679 -10.5
      vertex 0.837832 2.60708 -10.5
    endloop
  endfacet
  facet normal 0 0 -1
    outer loop
      vertex 0.837832 2.60708 -10.5
      vertex 0.835894 2.62679 -10.5
      vertex 0.836515 2.6219 -10.5
    endloop
  endfacet
  facet normal 0 0 -1
    outer loop
      vertex -0.83719 2.49994 -10.5
      vertex 0.837206 2.49994 -10.5
      vertex 0.832236 2.44175 -10.5
    endloop
  endfacet
  facet normal 0 0 -1
    outer loop
      vertex -0.83223 2.44175 -10.5
      vertex 0.832236 2.44175 -10.5
      vertex 0.822987 2.37127 -10.5
    endloop
  endfacet
  facet normal 0 0 -1
    outer loop
      vertex -0.822978 2.37126 -10.5
      vertex 0.822987 2.37127 -10.5
      vertex 0.80803 2.28764 -10.5
    endloop
  endfacet
  facet normal 0 0 -1
    outer loop
      vertex -0.808022 2.28764 -10.5
      vertex 0.80803 2.28764 -10.5
      vertex 0.785665 2.1899 -10.5
    endloop
  endfacet
  facet normal 0 0 -1
    outer loop
      vertex -0.785654 2.18991 -10.5
      vertex 0.785665 2.1899 -10.5
      vertex 0.75388 2.07697 -10.5
    endloop
  endfacet
  facet normal 0 0 -1
    outer loop
      vertex 0.80803 2.28764 -10.5
      vertex -0.808022 2.28764 -10.5
      vertex -0.822978 2.37126 -10.5
    endloop
  endfacet
  facet normal 0 0 -1
    outer loop
      vertex -0.753861 2.07697 -10.5
      vertex 0.75388 2.07697 -10.5
      vertex 0.710155 1.94757 -10.5
    endloop
  endfacet
  facet normal 0 0 -1
    outer loop
      vertex 2.86732 2.08779 -10.5
      vertex 3.68646 2.56075 -10.5
      vertex 3.67833 2.3135 -10.5
    endloop
  endfacet
  facet normal -0 0 -1
    outer loop
      vertex 3.68646 2.56075 -10.5
      vertex 2.86732 2.08779 -10.5
      vertex 3.68021 2.77366 -10.5
    endloop
  endfacet
  facet normal 0 0 -1
    outer loop
      vertex 3.08549 1.97122 -10.5
      vertex 3.67833 2.3135 -10.5
      vertex 3.64984 2.02686 -10.5
    endloop
  endfacet
  facet normal 0 0 -1
    outer loop
      vertex 2.86732 2.08779 -10.5
      vertex 3.67833 2.3135 -10.5
      vertex 3.08549 1.97122 -10.5
    endloop
  endfacet
  facet normal 0 0 -1
    outer loop
      vertex 2.68605 2.19969 -10.5
      vertex 3.68021 2.77366 -10.5
      vertex 2.86732 2.08779 -10.5
    endloop
  endfacet
  facet normal -0 0 -1
    outer loop
      vertex 3.68021 2.77366 -10.5
      vertex 2.68605 2.19969 -10.5
      vertex 3.66401 2.95667 -10.5
    endloop
  endfacet
  facet normal -0 0 -1
    outer loop
      vertex 3.66401 2.95667 -10.5
      vertex 2.53566 2.3052 -10.5
      vertex 3.64122 3.11352 -10.5
    endloop
  endfacet
  facet normal 0 0 -1
    outer loop
      vertex 2.41119 2.40337 -10.5
      vertex 3.64122 3.11352 -10.5
      vertex 2.53566 2.3052 -10.5
    endloop
  endfacet
  facet normal -0 0 -1
    outer loop
      vertex 3.64122 3.11352 -10.5
      vertex 2.41119 2.40337 -10.5
      vertex 3.61439 3.24745 -10.5
    endloop
  endfacet
  facet normal 0 0 -1
    outer loop
      vertex 2.30864 2.49358 -10.5
      vertex 3.61439 3.24745 -10.5
      vertex 2.41119 2.40337 -10.5
    endloop
  endfacet
  facet normal -0 0 -1
    outer loop
      vertex 3.61439 3.24745 -10.5
      vertex 2.30864 2.49358 -10.5
      vertex 3.58545 3.36114 -10.5
    endloop
  endfacet
  facet normal 0 0 -1
    outer loop
      vertex 2.22464 2.57548 -10.5
      vertex 3.58545 3.36114 -10.5
      vertex 2.30864 2.49358 -10.5
    endloop
  endfacet
  facet normal -0 0 -1
    outer loop
      vertex 3.58545 3.36114 -10.5
      vertex 2.22464 2.57548 -10.5
      vertex 3.55595 3.45697 -10.5
    endloop
  endfacet
  facet normal 0 0 -1
    outer loop
      vertex 2.15641 2.64894 -10.5
      vertex 3.55595 3.45697 -10.5
      vertex 2.22464 2.57548 -10.5
    endloop
  endfacet
  facet normal -0 0 -1
    outer loop
      vertex 3.55595 3.45697 -10.5
      vertex 2.15641 2.64894 -10.5
      vertex 3.52709 3.53688 -10.5
    endloop
  endfacet
  facet normal 0 0 -1
    outer loop
      vertex 3.08549 1.97122 -10.5
      vertex 3.64984 2.02686 -10.5
      vertex 3.34798 1.85258 -10.5
    endloop
  endfacet
  facet normal 0 0 -1
    outer loop
      vertex 2.53566 2.3052 -10.5
      vertex 3.66401 2.95667 -10.5
      vertex 2.68605 2.19969 -10.5
    endloop
  endfacet
  facet normal 0 0 -1
    outer loop
      vertex 2.10163 2.71389 -10.5
      vertex 3.52709 3.53688 -10.5
      vertex 2.15641 2.64894 -10.5
    endloop
  endfacet
  facet normal 0 0 -1
    outer loop
      vertex 2.05839 2.77031 -10.5
      vertex 3.49985 3.60255 -10.5
      vertex 2.10163 2.71389 -10.5
    endloop
  endfacet
  facet normal -0 0 -1
    outer loop
      vertex 3.52709 3.53688 -10.5
      vertex 2.10163 2.71389 -10.5
      vertex 3.49985 3.60255 -10.5
    endloop
  endfacet
  facet normal 0 0 -1
    outer loop
      vertex 5.97315 4.35017 -10.5
      vertex 6.02878 4.91452 -10.5
      vertex 6.14743 4.65204 -10.5
    endloop
  endfacet
  facet normal 0 0 -1
    outer loop
      vertex 5.68651 4.32167 -10.5
      vertex 6.02878 4.91452 -10.5
      vertex 5.97315 4.35017 -10.5
    endloop
  endfacet
  facet normal -0 0 -1
    outer loop
      vertex 6.02878 4.91452 -10.5
      vertex 5.68651 4.32167 -10.5
      vertex 5.91219 5.1327 -10.5
    endloop
  endfacet
  facet normal 0 0 -1
    outer loop
      vertex 5.43928 4.31354 -10.5
      vertex 5.91219 5.1327 -10.5
      vertex 5.68651 4.32167 -10.5
    endloop
  endfacet
  facet normal -0 0 -1
    outer loop
      vertex 5.91219 5.1327 -10.5
      vertex 5.43928 4.31354 -10.5
      vertex 5.80033 5.31396 -10.5
    endloop
  endfacet
  facet normal 0 0 -1
    outer loop
      vertex 5.22634 4.31981 -10.5
      vertex 5.80033 5.31396 -10.5
      vertex 5.43928 4.31354 -10.5
    endloop
  endfacet
  facet normal -0 0 -1
    outer loop
      vertex 5.80033 5.31396 -10.5
      vertex 5.22634 4.31981 -10.5
      vertex 5.69479 5.46437 -10.5
    endloop
  endfacet
  facet normal 0 0 -1
    outer loop
      vertex 5.04335 4.336 -10.5
      vertex 5.69479 5.46437 -10.5
      vertex 5.22634 4.31981 -10.5
    endloop
  endfacet
  facet normal -0 0 -1
    outer loop
      vertex 5.69479 5.46437 -10.5
      vertex 5.04335 4.336 -10.5
      vertex 5.59663 5.5888 -10.5
    endloop
  endfacet
  facet normal 0 0 -1
    outer loop
      vertex 4.88648 4.35877 -10.5
      vertex 5.59663 5.5888 -10.5
      vertex 5.04335 4.336 -10.5
    endloop
  endfacet
  facet normal -0 0 -1
    outer loop
      vertex 5.59663 5.5888 -10.5
      vertex 4.88648 4.35877 -10.5
      vertex 5.50643 5.69138 -10.5
    endloop
  endfacet
  facet normal 0 0 -1
    outer loop
      vertex 4.75255 4.38562 -10.5
      vertex 5.50643 5.69138 -10.5
      vertex 4.88648 4.35877 -10.5
    endloop
  endfacet
  facet normal -0 0 -1
    outer loop
      vertex 5.50643 5.69138 -10.5
      vertex 4.75255 4.38562 -10.5
      vertex 5.42452 5.77536 -10.5
    endloop
  endfacet
  facet normal 0 0 -1
    outer loop
      vertex 4.63886 4.41456 -10.5
      vertex 5.42452 5.77536 -10.5
      vertex 4.75255 4.38562 -10.5
    endloop
  endfacet
  facet normal -0 0 -1
    outer loop
      vertex 5.42452 5.77536 -10.5
      vertex 4.63886 4.41456 -10.5
      vertex 5.35105 5.8436 -10.5
    endloop
  endfacet
  facet normal 0 0 -1
    outer loop
      vertex 4.54304 4.44406 -10.5
      vertex 5.35105 5.8436 -10.5
      vertex 4.63886 4.41456 -10.5
    endloop
  endfacet
  facet normal -0 0 -1
    outer loop
      vertex 5.35105 5.8436 -10.5
      vertex 4.54304 4.44406 -10.5
      vertex 5.28611 5.89837 -10.5
    endloop
  endfacet
  facet normal 0 0 -1
    outer loop
      vertex 4.46313 4.47291 -10.5
      vertex 5.28611 5.89837 -10.5
      vertex 4.54304 4.44406 -10.5
    endloop
  endfacet
  facet normal -0 0 -1
    outer loop
      vertex 5.28611 5.89837 -10.5
      vertex 4.46313 4.47291 -10.5
      vertex 5.22969 5.94162 -10.5
    endloop
  endfacet
  facet normal 0 0 -1
    outer loop
      vertex 4.39746 4.50016 -10.5
      vertex 5.22969 5.94162 -10.5
      vertex 4.46313 4.47291 -10.5
    endloop
  endfacet
  facet normal -0 0 -1
    outer loop
      vertex 5.22969 5.94162 -10.5
      vertex 4.39746 4.50016 -10.5
      vertex 5.18179 5.97501 -10.5
    endloop
  endfacet
  facet normal 0 0 -1
    outer loop
      vertex 4.34459 4.52495 -10.5
      vertex 5.18179 5.97501 -10.5
      vertex 4.39746 4.50016 -10.5
    endloop
  endfacet
  facet normal -0 0 -1
    outer loop
      vertex 5.18179 5.97501 -10.5
      vertex 4.34459 4.52495 -10.5
      vertex 5.14238 5.99994 -10.5
    endloop
  endfacet
  facet normal 0 0 -1
    outer loop
      vertex 5.14238 5.99994 -10.5
      vertex 5.07127 6.0373 -10.5
      vertex 5.11154 6.01762 -10.5
    endloop
  endfacet
  facet normal 0 0 -1
    outer loop
      vertex 5.08931 6.02913 -10.5
      vertex 5.07127 6.0373 -10.5
      vertex 5.07582 6.0354 -10.5
    endloop
  endfacet
  facet normal 0 0 -1
    outer loop
      vertex 5.11154 6.01762 -10.5
      vertex 5.07127 6.0373 -10.5
      vertex 5.08931 6.02913 -10.5
    endloop
  endfacet
  facet normal 0 0 -1
    outer loop
      vertex 6.76383 7.65773 -10.5
      vertex 6.99782 8.17429 -10.5
      vertex 6.99782 7.82573 -10.5
    endloop
  endfacet
  facet normal 0 0 -1
    outer loop
      vertex 6.76383 7.65773 -10.5
      vertex 6.76383 8.34228 -10.5
      vertex 6.99782 8.17429 -10.5
    endloop
  endfacet
  facet normal 0 0 -1
    outer loop
      vertex 6.55379 7.52707 -10.5
      vertex 6.76383 8.34228 -10.5
      vertex 6.76383 7.65773 -10.5
    endloop
  endfacet
  facet normal 0 0 -1
    outer loop
      vertex 6.55379 7.52707 -10.5
      vertex 6.55378 8.47294 -10.5
      vertex 6.76383 8.34228 -10.5
    endloop
  endfacet
  facet normal 0 0 -1
    outer loop
      vertex 6.55379 7.52707 -10.5
      vertex 6.36626 8.57399 -10.5
      vertex 6.55378 8.47294 -10.5
    endloop
  endfacet
  facet normal 0 0 -1
    outer loop
      vertex 6.36626 7.42603 -10.5
      vertex 6.36626 8.57399 -10.5
      vertex 6.55379 7.52707 -10.5
    endloop
  endfacet
  facet normal 0 0 -1
    outer loop
      vertex 6.19967 7.34855 -10.5
      vertex 6.36626 8.57399 -10.5
      vertex 6.36626 7.42603 -10.5
    endloop
  endfacet
  facet normal 0 0 -1
    outer loop
      vertex 6.19967 7.34855 -10.5
      vertex 6.19966 8.65146 -10.5
      vertex 6.36626 8.57399 -10.5
    endloop
  endfacet
  facet normal 0 0 -1
    outer loop
      vertex 6.05243 7.28985 -10.5
      vertex 6.19966 8.65146 -10.5
      vertex 6.19967 7.34855 -10.5
    endloop
  endfacet
  facet normal 0 0 -1
    outer loop
      vertex 6.05243 7.28985 -10.5
      vertex 6.05243 8.71016 -10.5
      vertex 6.19966 8.65146 -10.5
    endloop
  endfacet
  facet normal 0 0 -1
    outer loop
      vertex 5.92303 7.24614 -10.5
      vertex 6.05243 8.71016 -10.5
      vertex 6.05243 7.28985 -10.5
    endloop
  endfacet
  facet normal 0 0 -1
    outer loop
      vertex 5.92303 7.24614 -10.5
      vertex 5.92303 8.75388 -10.5
      vertex 6.05243 8.71016 -10.5
    endloop
  endfacet
  facet normal 0 0 -1
    outer loop
      vertex 5.92303 7.24614 -10.5
      vertex 5.8101 8.78566 -10.5
      vertex 5.92303 8.75388 -10.5
    endloop
  endfacet
  facet normal 0 0 -1
    outer loop
      vertex 5.81009 7.21435 -10.5
      vertex 5.8101 8.78566 -10.5
      vertex 5.92303 7.24614 -10.5
    endloop
  endfacet
  facet normal 0 0 -1
    outer loop
      vertex 5.71236 7.19198 -10.5
      vertex 5.8101 8.78566 -10.5
      vertex 5.81009 7.21435 -10.5
    endloop
  endfacet
  facet normal 0 0 -1
    outer loop
      vertex 5.71236 7.19198 -10.5
      vertex 5.71236 8.80803 -10.5
      vertex 5.8101 8.78566 -10.5
    endloop
  endfacet
  facet normal 0 0 -1
    outer loop
      vertex 5.62874 7.17702 -10.5
      vertex 5.71236 8.80803 -10.5
      vertex 5.71236 7.19198 -10.5
    endloop
  endfacet
  facet normal 0 0 -1
    outer loop
      vertex 5.62874 7.17702 -10.5
      vertex 5.62873 8.82299 -10.5
      vertex 5.71236 8.80803 -10.5
    endloop
  endfacet
  facet normal 0 0 -1
    outer loop
      vertex 5.62874 7.17702 -10.5
      vertex 5.55825 8.83224 -10.5
      vertex 5.62873 8.82299 -10.5
    endloop
  endfacet
  facet normal 0 0 -1
    outer loop
      vertex 5.55825 7.16777 -10.5
      vertex 5.55825 8.83224 -10.5
      vertex 5.62874 7.17702 -10.5
    endloop
  endfacet
  facet normal 0 0 -1
    outer loop
      vertex 5.50006 7.16281 -10.5
      vertex 5.55825 8.83224 -10.5
      vertex 5.55825 7.16777 -10.5
    endloop
  endfacet
  facet normal 0 0 -1
    outer loop
      vertex 5.50006 7.16281 -10.5
      vertex 5.50006 8.83721 -10.5
      vertex 5.55825 8.83224 -10.5
    endloop
  endfacet
  facet normal 0 0 -1
    outer loop
      vertex 5.50006 7.16281 -10.5
      vertex 5.45347 8.83908 -10.5
      vertex 5.50006 8.83721 -10.5
    endloop
  endfacet
  facet normal 0 0 -1
    outer loop
      vertex 5.45347 7.16092 -10.5
      vertex 5.45347 8.83908 -10.5
      vertex 5.50006 7.16281 -10.5
    endloop
  endfacet
  facet normal 0 0 -1
    outer loop
      vertex 5.37321 8.83589 -10.5
      vertex 5.45347 8.83908 -10.5
      vertex 5.45347 7.16092 -10.5
    endloop
  endfacet
  facet normal 0 0 -1
    outer loop
      vertex 5.3732 7.16411 -10.5
      vertex 5.45347 7.16092 -10.5
      vertex 5.41792 7.16103 -10.5
    endloop
  endfacet
  facet normal 0 0 -1
    outer loop
      vertex 5.45347 8.83908 -10.5
      vertex 5.37321 8.83589 -10.5
      vertex 5.41793 8.83897 -10.5
    endloop
  endfacet
  facet normal 0 0 -1
    outer loop
      vertex 5.3732 7.16411 -10.5
      vertex 5.41792 7.16103 -10.5
      vertex 5.39291 7.16219 -10.5
    endloop
  endfacet
  facet normal 0 0 -1
    outer loop
      vertex 5.3732 7.16411 -10.5
      vertex 5.39291 7.16219 -10.5
      vertex 5.3781 7.1635 -10.5
    endloop
  endfacet
  facet normal 0 0 -1
    outer loop
      vertex 5.45347 7.16092 -10.5
      vertex 5.3732 7.16411 -10.5
      vertex 5.37321 8.83589 -10.5
    endloop
  endfacet
  facet normal 0 0 -1
    outer loop
      vertex 5.39292 8.83783 -10.5
      vertex 5.37321 8.83589 -10.5
      vertex 5.3781 8.83652 -10.5
    endloop
  endfacet
  facet normal 0 0 -1
    outer loop
      vertex 5.41793 8.83897 -10.5
      vertex 5.37321 8.83589 -10.5
      vertex 5.39292 8.83783 -10.5
    endloop
  endfacet
  facet normal 0 0 -1
    outer loop
      vertex 5.3732 7.16411 -10.5
      vertex 4.77588 8.74297 -10.5
      vertex 5.37321 8.83589 -10.5
    endloop
  endfacet
  facet normal 0 0 -1
    outer loop
      vertex 4.74979 7.2611 -10.5
      vertex 4.77588 8.74297 -10.5
      vertex 5.3732 7.16411 -10.5
    endloop
  endfacet
  facet normal 0 0 -1
    outer loop
      vertex 4.48283 6.26505 -10.5
      vertex 4.74979 7.2611 -10.5
      vertex 4.66518 6.73622 -10.5
    endloop
  endfacet
  facet normal 0 0 -1
    outer loop
      vertex 3.74393 11.0148 -10.5
      vertex 4.74979 7.2611 -10.5
      vertex 4.48283 6.26505 -10.5
    endloop
  endfacet
  facet normal 0 0 -1
    outer loop
      vertex 4.77588 8.74297 -10.5
      vertex 4.50498 9.74352 -10.5
      vertex 4.51705 9.71969 -10.5
    endloop
  endfacet
  facet normal 0 0 -1
    outer loop
      vertex 4.74979 7.2611 -10.5
      vertex 4.50498 9.74352 -10.5
      vertex 4.77588 8.74297 -10.5
    endloop
  endfacet
  facet normal 0 0 -1
    outer loop
      vertex 6.02878 11.0855 -10.5
      vertex 5.97314 11.6498 -10.5
      vertex 6.14742 11.348 -10.5
    endloop
  endfacet
  facet normal 0 0 -1
    outer loop
      vertex 5.6865 11.6783 -10.5
      vertex 6.02878 11.0855 -10.5
      vertex 5.91221 10.8673 -10.5
    endloop
  endfacet
  facet normal 0 0 -1
    outer loop
      vertex 5.43925 11.6865 -10.5
      vertex 5.91221 10.8673 -10.5
      vertex 5.80031 10.686 -10.5
    endloop
  endfacet
  facet normal 0 0 -1
    outer loop
      vertex 5.22634 11.6802 -10.5
      vertex 5.80031 10.686 -10.5
      vertex 5.6948 10.5357 -10.5
    endloop
  endfacet
  facet normal 0 0 -1
    outer loop
      vertex 6.02878 11.0855 -10.5
      vertex 5.6865 11.6783 -10.5
      vertex 5.97314 11.6498 -10.5
    endloop
  endfacet
  facet normal 0 0 -1
    outer loop
      vertex 5.04333 11.664 -10.5
      vertex 5.6948 10.5357 -10.5
      vertex 5.59663 10.4112 -10.5
    endloop
  endfacet
  facet normal 0 0 -1
    outer loop
      vertex 4.88648 11.6412 -10.5
      vertex 5.59663 10.4112 -10.5
      vertex 5.50642 10.3086 -10.5
    endloop
  endfacet
  facet normal 0 0 -1
    outer loop
      vertex 5.91221 10.8673 -10.5
      vertex 5.43925 11.6865 -10.5
      vertex 5.6865 11.6783 -10.5
    endloop
  endfacet
  facet normal 0 0 -1
    outer loop
      vertex 4.75255 11.6144 -10.5
      vertex 5.50642 10.3086 -10.5
      vertex 5.42452 10.2246 -10.5
    endloop
  endfacet
  facet normal 0 0 -1
    outer loop
      vertex 4.63886 11.5854 -10.5
      vertex 5.42452 10.2246 -10.5
      vertex 5.35106 10.1564 -10.5
    endloop
  endfacet
  facet normal 0 0 -1
    outer loop
      vertex 4.54303 11.5559 -10.5
      vertex 5.35106 10.1564 -10.5
      vertex 5.28611 10.1016 -10.5
    endloop
  endfacet
  facet normal 0 0 -1
    outer loop
      vertex 4.46312 11.5271 -10.5
      vertex 5.28611 10.1016 -10.5
      vertex 5.22969 10.0584 -10.5
    endloop
  endfacet
  facet normal 0 0 -1
    outer loop
      vertex 5.80031 10.686 -10.5
      vertex 5.22634 11.6802 -10.5
      vertex 5.43925 11.6865 -10.5
    endloop
  endfacet
  facet normal 0 0 -1
    outer loop
      vertex 4.39745 11.4999 -10.5
      vertex 5.22969 10.0584 -10.5
      vertex 5.18178 10.025 -10.5
    endloop
  endfacet
  facet normal 0 0 -1
    outer loop
      vertex 4.34459 11.4751 -10.5
      vertex 5.18178 10.025 -10.5
      vertex 5.14237 10.0001 -10.5
    endloop
  endfacet
  facet normal 0 0 -1
    outer loop
      vertex 5.07127 9.96269 -10.5
      vertex 5.14237 10.0001 -10.5
      vertex 5.11154 9.98238 -10.5
    endloop
  endfacet
  facet normal 0 0 -1
    outer loop
      vertex 5.07127 9.96269 -10.5
      vertex 5.11154 9.98238 -10.5
      vertex 5.0893 9.97087 -10.5
    endloop
  endfacet
  facet normal 0 0 -1
    outer loop
      vertex 5.07127 9.96269 -10.5
      vertex 5.0893 9.97087 -10.5
      vertex 5.07582 9.96461 -10.5
    endloop
  endfacet
  facet normal 0 0 -1
    outer loop
      vertex 4.34459 11.4751 -10.5
      vertex 5.14237 10.0001 -10.5
      vertex 5.07127 9.96269 -10.5
    endloop
  endfacet
  facet normal 0 0 -1
    outer loop
      vertex 5.6948 10.5357 -10.5
      vertex 5.04333 11.664 -10.5
      vertex 5.22634 11.6802 -10.5
    endloop
  endfacet
  facet normal 0 0 -1
    outer loop
      vertex 5.59663 10.4112 -10.5
      vertex 4.88648 11.6412 -10.5
      vertex 5.04333 11.664 -10.5
    endloop
  endfacet
  facet normal 0 0 -1
    outer loop
      vertex 5.50642 10.3086 -10.5
      vertex 4.75255 11.6144 -10.5
      vertex 4.88648 11.6412 -10.5
    endloop
  endfacet
  facet normal 0 0 -1
    outer loop
      vertex 5.42452 10.2246 -10.5
      vertex 4.63886 11.5854 -10.5
      vertex 4.75255 11.6144 -10.5
    endloop
  endfacet
  facet normal 0 0 -1
    outer loop
      vertex 5.35106 10.1564 -10.5
      vertex 4.54303 11.5559 -10.5
      vertex 4.63886 11.5854 -10.5
    endloop
  endfacet
  facet normal 0 0 -1
    outer loop
      vertex 4.23537 11.4105 -10.5
      vertex 5.07127 9.96269 -10.5
      vertex 4.50498 9.74352 -10.5
    endloop
  endfacet
  facet normal -0 0 -1
    outer loop
      vertex 5.14238 5.99994 -10.5
      vertex 4.34459 4.52495 -10.5
      vertex 5.07127 6.0373 -10.5
    endloop
  endfacet
  facet normal 0 0 -1
    outer loop
      vertex 5.28611 10.1016 -10.5
      vertex 4.46312 11.5271 -10.5
      vertex 4.54303 11.5559 -10.5
    endloop
  endfacet
  facet normal 0 0 -1
    outer loop
      vertex 3.03136 4.23546 -10.5
      vertex 4.48283 6.26505 -10.5
      vertex 3.76243 4.97034 -10.5
    endloop
  endfacet
  facet normal 0 0 -1
    outer loop
      vertex 3.76243 4.97034 -10.5
      vertex 5.07127 6.0373 -10.5
      vertex 4.23537 4.58951 -10.5
    endloop
  endfacet
  facet normal 0 0 -1
    outer loop
      vertex 4.74979 7.2611 -10.5
      vertex 3.74393 11.0148 -10.5
      vertex 4.50498 9.74352 -10.5
    endloop
  endfacet
  facet normal 0 -0 -1
    outer loop
      vertex 4.23537 11.4105 -10.5
      vertex 4.50498 9.74352 -10.5
      vertex 3.74393 11.0148 -10.5
    endloop
  endfacet
  facet normal 0 0 -1
    outer loop
      vertex 5.07127 6.0373 -10.5
      vertex 4.34459 4.52495 -10.5
      vertex 4.23537 4.58951 -10.5
    endloop
  endfacet
  facet normal 0 -0 -1
    outer loop
      vertex 4.34459 11.4751 -10.5
      vertex 5.07127 9.96269 -10.5
      vertex 4.23537 11.4105 -10.5
    endloop
  endfacet
  facet normal 0 0 -1
    outer loop
      vertex 4.23537 4.58951 -10.5
      vertex 4.34459 4.52495 -10.5
      vertex 4.30329 4.54661 -10.5
    endloop
  endfacet
  facet normal 0 0 -1
    outer loop
      vertex 5.22969 10.0584 -10.5
      vertex 4.39745 11.4999 -10.5
      vertex 4.46312 11.5271 -10.5
    endloop
  endfacet
  facet normal 0 0 -1
    outer loop
      vertex 4.23537 4.58951 -10.5
      vertex 4.30329 4.54661 -10.5
      vertex 4.27256 4.56447 -10.5
    endloop
  endfacet
  facet normal 0 0 -1
    outer loop
      vertex 4.23537 4.58951 -10.5
      vertex 4.27256 4.56447 -10.5
      vertex 4.25148 4.57798 -10.5
    endloop
  endfacet
  facet normal -0 0 -1
    outer loop
      vertex 5.07127 6.0373 -10.5
      vertex 3.76243 4.97034 -10.5
      vertex 4.48283 6.26505 -10.5
    endloop
  endfacet
  facet normal 0 0 -1
    outer loop
      vertex 4.23537 4.58951 -10.5
      vertex 4.25148 4.57798 -10.5
      vertex 4.23931 4.58652 -10.5
    endloop
  endfacet
  facet normal 0 0 -1
    outer loop
      vertex 4.3033 11.4534 -10.5
      vertex 4.23537 11.4105 -10.5
      vertex 4.27257 11.4355 -10.5
    endloop
  endfacet
  facet normal 0 0 -1
    outer loop
      vertex 4.27257 11.4355 -10.5
      vertex 4.23537 11.4105 -10.5
      vertex 4.25148 11.422 -10.5
    endloop
  endfacet
  facet normal 0 0 -1
    outer loop
      vertex 4.25148 11.422 -10.5
      vertex 4.23537 11.4105 -10.5
      vertex 4.23931 11.4135 -10.5
    endloop
  endfacet
  facet normal 0 0 -1
    outer loop
      vertex 5.18178 10.025 -10.5
      vertex 4.34459 11.4751 -10.5
      vertex 4.39745 11.4999 -10.5
    endloop
  endfacet
  facet normal 0 0 -1
    outer loop
      vertex 3.03136 4.23546 -10.5
      vertex 3.76243 4.97034 -10.5
      vertex 3.74783 4.94798 -10.5
    endloop
  endfacet
  facet normal 0 0 -1
    outer loop
      vertex 4.34459 11.4751 -10.5
      vertex 4.23537 11.4105 -10.5
      vertex 4.3033 11.4534 -10.5
    endloop
  endfacet
  facet normal 0 0 -1
    outer loop
      vertex 4.48283 6.26505 -10.5
      vertex 3.0148 11.744 -10.5
      vertex 3.74393 11.0148 -10.5
    endloop
  endfacet
  facet normal -0 0 -1
    outer loop
      vertex 4.48283 6.26505 -10.5
      vertex 3.03136 4.23546 -10.5
      vertex 3.0148 11.744 -10.5
    endloop
  endfacet
  facet normal 0 0 -1
    outer loop
      vertex 3.74393 11.0148 -10.5
      vertex 3.0148 11.744 -10.5
      vertex 3.42707 11.4083 -10.5
    endloop
  endfacet
  facet normal 0 0 -1
    outer loop
      vertex 2.8673 13.9122 -10.5
      vertex 3.68646 13.4393 -10.5
      vertex 3.68019 13.2263 -10.5
    endloop
  endfacet
  facet normal 0 0 -1
    outer loop
      vertex 2.68604 13.8003 -10.5
      vertex 3.68019 13.2263 -10.5
      vertex 3.664 13.0433 -10.5
    endloop
  endfacet
  facet normal 0 0 -1
    outer loop
      vertex 3.68646 13.4393 -10.5
      vertex 2.8673 13.9122 -10.5
      vertex 3.67833 13.6865 -10.5
    endloop
  endfacet
  facet normal 0 0 -1
    outer loop
      vertex 2.53563 13.6948 -10.5
      vertex 3.664 13.0433 -10.5
      vertex 3.64123 12.8865 -10.5
    endloop
  endfacet
  facet normal 0 0 -1
    outer loop
      vertex 2.4112 13.5966 -10.5
      vertex 3.64123 12.8865 -10.5
      vertex 3.61438 12.7526 -10.5
    endloop
  endfacet
  facet normal 0 0 -1
    outer loop
      vertex 2.30862 13.5064 -10.5
      vertex 3.61438 12.7526 -10.5
      vertex 3.58544 12.6389 -10.5
    endloop
  endfacet
  facet normal 0 0 -1
    outer loop
      vertex 2.22464 13.4245 -10.5
      vertex 3.58544 12.6389 -10.5
      vertex 3.55594 12.543 -10.5
    endloop
  endfacet
  facet normal 0 0 -1
    outer loop
      vertex 2.1564 13.3511 -10.5
      vertex 3.55594 12.543 -10.5
      vertex 3.52709 12.4631 -10.5
    endloop
  endfacet
  facet normal 0 0 -1
    outer loop
      vertex 2.10163 13.2861 -10.5
      vertex 3.52709 12.4631 -10.5
      vertex 3.49984 12.3975 -10.5
    endloop
  endfacet
  facet normal 0 0 -1
    outer loop
      vertex 2.05838 13.2297 -10.5
      vertex 3.49984 12.3975 -10.5
      vertex 3.47505 12.3446 -10.5
    endloop
  endfacet
  facet normal 0 0 -1
    outer loop
      vertex 2.02499 13.1818 -10.5
      vertex 3.47505 12.3446 -10.5
      vertex 3.45339 12.3033 -10.5
    endloop
  endfacet
  facet normal 0 0 -1
    outer loop
      vertex 3.41049 12.2354 -10.5
      vertex 3.45339 12.3033 -10.5
      vertex 3.43553 12.2726 -10.5
    endloop
  endfacet
  facet normal 0 0 -1
    outer loop
      vertex 3.41049 12.2354 -10.5
      vertex 3.43553 12.2726 -10.5
      vertex 3.42202 12.2515 -10.5
    endloop
  endfacet
  facet normal 0 0 -1
    outer loop
      vertex 3.41049 12.2354 -10.5
      vertex 3.42202 12.2515 -10.5
      vertex 3.41348 12.2393 -10.5
    endloop
  endfacet
  facet normal 0 0 -1
    outer loop
      vertex 2.02499 13.1818 -10.5
      vertex 3.45339 12.3033 -10.5
      vertex 3.41049 12.2354 -10.5
    endloop
  endfacet
  facet normal 0 0 -1
    outer loop
      vertex 3.67833 13.6865 -10.5
      vertex 2.8673 13.9122 -10.5
      vertex 3.08548 14.0288 -10.5
    endloop
  endfacet
  facet normal 0 0 -1
    outer loop
      vertex 3.64983 13.9731 -10.5
      vertex 3.08548 14.0288 -10.5
      vertex 3.34796 14.1474 -10.5
    endloop
  endfacet
  facet normal 0 0 -1
    outer loop
      vertex 1.7445 12.5075 -10.5
      vertex 3.41049 12.2354 -10.5
      vertex 3.0148 11.744 -10.5
    endloop
  endfacet
  facet normal 0 0 -1
    outer loop
      vertex 3.67833 13.6865 -10.5
      vertex 3.08548 14.0288 -10.5
      vertex 3.64983 13.9731 -10.5
    endloop
  endfacet
  facet normal 0 -0 -1
    outer loop
      vertex 2.6 8 -10.5
      vertex 3.03136 4.23546 -10.5
      vertex 2.59443 7.82995 -10.5
    endloop
  endfacet
  facet normal -0 0 -1
    outer loop
      vertex 3.49985 3.60255 -10.5
      vertex 2.05839 2.77031 -10.5
      vertex 3.47506 3.65541 -10.5
    endloop
  endfacet
  facet normal 0 0 -1
    outer loop
      vertex 2.59443 8.17005 -10.5
      vertex 3.0148 11.744 -10.5
      vertex 2.6 8 -10.5
    endloop
  endfacet
  facet normal 0 0 -1
    outer loop
      vertex 2.57776 8.33937 -10.5
      vertex 3.0148 11.744 -10.5
      vertex 2.59443 8.17005 -10.5
    endloop
  endfacet
  facet normal 0 0 -1
    outer loop
      vertex 3.03136 4.23546 -10.5
      vertex 2.6 8 -10.5
      vertex 3.0148 11.744 -10.5
    endloop
  endfacet
  facet normal 0 0 -1
    outer loop
      vertex 3.03136 4.23546 -10.5
      vertex 2.57776 7.66063 -10.5
      vertex 2.59443 7.82995 -10.5
    endloop
  endfacet
  facet normal 0 0 -1
    outer loop
      vertex 3.03136 4.23546 -10.5
      vertex 2.55004 7.49277 -10.5
      vertex 2.57776 7.66063 -10.5
    endloop
  endfacet
  facet normal 0 0 -1
    outer loop
      vertex 2.02499 2.81822 -10.5
      vertex 3.47506 3.65541 -10.5
      vertex 2.05839 2.77031 -10.5
    endloop
  endfacet
  facet normal 0 0 -1
    outer loop
      vertex 3.03136 4.23546 -10.5
      vertex 2.51141 7.32707 -10.5
      vertex 2.55004 7.49277 -10.5
    endloop
  endfacet
  facet normal 0 0 -1
    outer loop
      vertex 3.03136 4.23546 -10.5
      vertex 2.46202 7.16426 -10.5
      vertex 2.51141 7.32707 -10.5
    endloop
  endfacet
  facet normal -0 0 -1
    outer loop
      vertex 3.47506 3.65541 -10.5
      vertex 2.02499 2.81822 -10.5
      vertex 3.45339 3.6967 -10.5
    endloop
  endfacet
  facet normal 0 0 -1
    outer loop
      vertex 3.03136 4.23546 -10.5
      vertex 2.40209 7.00502 -10.5
      vertex 2.46202 7.16426 -10.5
    endloop
  endfacet
  facet normal 0 0 -1
    outer loop
      vertex 3.03136 4.23546 -10.5
      vertex 2.33187 6.85005 -10.5
      vertex 2.40209 7.00502 -10.5
    endloop
  endfacet
  facet normal 0 0 -1
    outer loop
      vertex 3.45339 3.6967 -10.5
      vertex 3.41051 3.76463 -10.5
      vertex 3.43553 3.72743 -10.5
    endloop
  endfacet
  facet normal 0 0 -1
    outer loop
      vertex 3.03136 4.23546 -10.5
      vertex 2.25167 6.7 -10.5
      vertex 2.33187 6.85005 -10.5
    endloop
  endfacet
  facet normal 0 0 -1
    outer loop
      vertex 3.42203 3.74852 -10.5
      vertex 3.41051 3.76463 -10.5
      vertex 3.41348 3.76069 -10.5
    endloop
  endfacet
  facet normal 0 0 -1
    outer loop
      vertex 3.03136 4.23546 -10.5
      vertex 2.16182 6.55552 -10.5
      vertex 2.25167 6.7 -10.5
    endloop
  endfacet
  facet normal 0 0 -1
    outer loop
      vertex 3.43553 3.72743 -10.5
      vertex 3.41051 3.76463 -10.5
      vertex 3.42203 3.74852 -10.5
    endloop
  endfacet
  facet normal -0 0 -1
    outer loop
      vertex 3.45339 3.6967 -10.5
      vertex 2.02499 2.81822 -10.5
      vertex 3.41051 3.76463 -10.5
    endloop
  endfacet
  facet normal 0 -0 -1
    outer loop
      vertex 2.04859 6.4 -10.5
      vertex 3.03136 4.23546 -10.5
      vertex 1.73498 3.5171 -10.5
    endloop
  endfacet
  facet normal -0 0 -1
    outer loop
      vertex 3.41051 3.76463 -10.5
      vertex 1.96269 2.92873 -10.5
      vertex 3.03136 4.23546 -10.5
    endloop
  endfacet
  facet normal 0 0 -1
    outer loop
      vertex 3.03136 4.23546 -10.5
      vertex 2.06272 6.41722 -10.5
      vertex 2.16182 6.55552 -10.5
    endloop
  endfacet
  facet normal 0 0 -1
    outer loop
      vertex 3.41051 3.76463 -10.5
      vertex 2.02499 2.81822 -10.5
      vertex 1.96269 2.92873 -10.5
    endloop
  endfacet
  facet normal 0 0 -1
    outer loop
      vertex 1.96269 2.92873 -10.5
      vertex 2.02499 2.81822 -10.5
      vertex 2.00007 2.85763 -10.5
    endloop
  endfacet
  facet normal 0 0 -1
    outer loop
      vertex 1.96269 2.92873 -10.5
      vertex 2.00007 2.85763 -10.5
      vertex 1.98238 2.88846 -10.5
    endloop
  endfacet
  facet normal 0 0 -1
    outer loop
      vertex 1.96269 2.92873 -10.5
      vertex 1.98238 2.88846 -10.5
      vertex 1.97087 2.9107 -10.5
    endloop
  endfacet
  facet normal 0 0 -1
    outer loop
      vertex 1.96269 2.92873 -10.5
      vertex 1.97087 2.9107 -10.5
      vertex 1.96461 2.92418 -10.5
    endloop
  endfacet
  facet normal 0 0 -1
    outer loop
      vertex 3.03136 4.23546 -10.5
      vertex 1.96269 2.92873 -10.5
      vertex 1.73498 3.5171 -10.5
    endloop
  endfacet
  facet normal 0 0 -1
    outer loop
      vertex 3.03136 4.23546 -10.5
      vertex 2.04859 6.4 -10.5
      vertex 2.06272 6.41722 -10.5
    endloop
  endfacet
  facet normal 0 0 -1
    outer loop
      vertex 1.23811 3.32794 -10.5
      vertex 2.04859 6.4 -10.5
      vertex 1.73498 3.5171 -10.5
    endloop
  endfacet
  facet normal 0 0 -1
    outer loop
      vertex 0.7389 3.25028 -10.5
      vertex 2.04859 6.4 -10.5
      vertex 1.23811 3.32794 -10.5
    endloop
  endfacet
  facet normal 0 0 -1
    outer loop
      vertex -0.710151 1.94757 -10.5
      vertex 0.710155 1.94757 -10.5
      vertex 0.651463 1.80034 -10.5
    endloop
  endfacet
  facet normal 0 0 -1
    outer loop
      vertex -0.65145 1.80033 -10.5
      vertex 0.651463 1.80034 -10.5
      vertex 0.573994 1.63374 -10.5
    endloop
  endfacet
  facet normal 0 0 -1
    outer loop
      vertex -0.573974 1.63374 -10.5
      vertex 0.573994 1.63374 -10.5
      vertex 0.472939 1.44622 -10.5
    endloop
  endfacet
  facet normal 0 0 -1
    outer loop
      vertex -0.472931 1.44621 -10.5
      vertex 0.472939 1.44622 -10.5
      vertex 0.342283 1.23617 -10.5
    endloop
  endfacet
  facet normal 0 0 -1
    outer loop
      vertex -0.342274 1.23617 -10.5
      vertex 0.342283 1.23617 -10.5
      vertex 0.17429 1.00218 -10.5
    endloop
  endfacet
  facet normal 0 0 -1
    outer loop
      vertex -0.342274 1.23617 -10.5
      vertex 0.17429 1.00218 -10.5
      vertex -0.174273 1.00218 -10.5
    endloop
  endfacet
  facet normal 0 0 -1
    outer loop
      vertex 0.342283 1.23617 -10.5
      vertex -0.342274 1.23617 -10.5
      vertex -0.472931 1.44621 -10.5
    endloop
  endfacet
  facet normal -0 0 -1
    outer loop
      vertex 0.472939 1.44622 -10.5
      vertex -0.472931 1.44621 -10.5
      vertex -0.573974 1.63374 -10.5
    endloop
  endfacet
  facet normal 0 0 -1
    outer loop
      vertex 0.573994 1.63374 -10.5
      vertex -0.573974 1.63374 -10.5
      vertex -0.65145 1.80033 -10.5
    endloop
  endfacet
  facet normal -0 0 -1
    outer loop
      vertex 0.651463 1.80034 -10.5
      vertex -0.65145 1.80033 -10.5
      vertex -0.710151 1.94757 -10.5
    endloop
  endfacet
  facet normal 0 0 -1
    outer loop
      vertex 0.710155 1.94757 -10.5
      vertex -0.710151 1.94757 -10.5
      vertex -0.753861 2.07697 -10.5
    endloop
  endfacet
  facet normal 0 0 -1
    outer loop
      vertex 0.75388 2.07697 -10.5
      vertex -0.753861 2.07697 -10.5
      vertex -0.785654 2.18991 -10.5
    endloop
  endfacet
  facet normal 0 0 -1
    outer loop
      vertex -2.04859 6.4 -10.5
      vertex 0.7389 3.25028 -10.5
      vertex -0.742551 3.2268 -10.5
    endloop
  endfacet
  facet normal 0 0 -1
    outer loop
      vertex -2.04859 6.4 -10.5
      vertex -0.742551 3.2268 -10.5
      vertex -0.769217 3.22827 -10.5
    endloop
  endfacet
  facet normal 0 0 -1
    outer loop
      vertex -2.04859 6.4 -10.5
      vertex -0.769217 3.22827 -10.5
      vertex -1.7445 3.49249 -10.5
    endloop
  endfacet
  facet normal 0 0 -1
    outer loop
      vertex -1.97087 2.91069 -10.5
      vertex -1.9627 2.92873 -10.5
      vertex -1.9646 2.92418 -10.5
    endloop
  endfacet
  facet normal 0 0 -1
    outer loop
      vertex -1.9627 2.92873 -10.5
      vertex -1.97087 2.91069 -10.5
      vertex -1.98238 2.88846 -10.5
    endloop
  endfacet
  facet normal 0 0 -1
    outer loop
      vertex -1.9627 2.92873 -10.5
      vertex -1.98238 2.88846 -10.5
      vertex -2.00006 2.85762 -10.5
    endloop
  endfacet
  facet normal -0 0 -1
    outer loop
      vertex -1.9627 2.92873 -10.5
      vertex -2.00006 2.85762 -10.5
      vertex -3.41049 3.76463 -10.5
    endloop
  endfacet
  facet normal 0 0 -1
    outer loop
      vertex -3.41049 3.76463 -10.5
      vertex -2.00006 2.85762 -10.5
      vertex -2.02499 2.81821 -10.5
    endloop
  endfacet
  facet normal 0 0 -1
    outer loop
      vertex 0.7389 3.25028 -10.5
      vertex -2.04859 6.4 -10.5
      vertex 2.04859 6.4 -10.5
    endloop
  endfacet
  facet normal 0 0 -1
    outer loop
      vertex -1.9627 2.92873 -10.5
      vertex -3.41049 3.76463 -10.5
      vertex -1.7445 3.49249 -10.5
    endloop
  endfacet
  facet normal 0 0 -1
    outer loop
      vertex -3.47505 3.65541 -10.5
      vertex -2.02499 2.81821 -10.5
      vertex -2.05838 2.77031 -10.5
    endloop
  endfacet
  facet normal 0 0 -1
    outer loop
      vertex -1.7445 3.49249 -10.5
      vertex -3.0148 4.25602 -10.5
      vertex -2.04859 6.4 -10.5
    endloop
  endfacet
  facet normal 0 0 -1
    outer loop
      vertex -3.49984 3.60254 -10.5
      vertex -2.05838 2.77031 -10.5
      vertex -2.10163 2.71389 -10.5
    endloop
  endfacet
  facet normal 0 0 -1
    outer loop
      vertex -3.52709 3.53687 -10.5
      vertex -2.10163 2.71389 -10.5
      vertex -2.1564 2.64895 -10.5
    endloop
  endfacet
  facet normal 0 0 -1
    outer loop
      vertex -3.42707 4.59173 -10.5
      vertex -2.04859 6.4 -10.5
      vertex -3.0148 4.25602 -10.5
    endloop
  endfacet
  facet normal 0 0 -1
    outer loop
      vertex -3.55594 3.45696 -10.5
      vertex -2.1564 2.64895 -10.5
      vertex -2.22464 2.57548 -10.5
    endloop
  endfacet
  facet normal 0 0 -1
    outer loop
      vertex -3.74393 4.98523 -10.5
      vertex -2.04859 6.4 -10.5
      vertex -3.42707 4.59173 -10.5
    endloop
  endfacet
  facet normal 0 0 -1
    outer loop
      vertex -3.58544 3.36114 -10.5
      vertex -2.22464 2.57548 -10.5
      vertex -2.30862 2.49357 -10.5
    endloop
  endfacet
  facet normal -0 0 -1
    outer loop
      vertex -2.04859 6.4 -10.5
      vertex -3.74393 4.98523 -10.5
      vertex -2.06272 6.41722 -10.5
    endloop
  endfacet
  facet normal -0 0 -1
    outer loop
      vertex -2.06272 6.41722 -10.5
      vertex -3.74393 4.98523 -10.5
      vertex -2.16182 6.55552 -10.5
    endloop
  endfacet
  facet normal 0 0 -1
    outer loop
      vertex -3.61438 3.24745 -10.5
      vertex -2.30862 2.49357 -10.5
      vertex -2.4112 2.40337 -10.5
    endloop
  endfacet
  facet normal -0 0 -1
    outer loop
      vertex -2.16182 6.55552 -10.5
      vertex -3.74393 4.98523 -10.5
      vertex -2.25167 6.7 -10.5
    endloop
  endfacet
  facet normal 0 0 -1
    outer loop
      vertex -4.50498 6.25648 -10.5
      vertex -2.25167 6.7 -10.5
      vertex -3.74393 4.98523 -10.5
    endloop
  endfacet
  facet normal 0 0 -1
    outer loop
      vertex -3.64123 3.11352 -10.5
      vertex -2.4112 2.40337 -10.5
      vertex -2.53563 2.30521 -10.5
    endloop
  endfacet
  facet normal -0 0 -1
    outer loop
      vertex -2.25167 6.7 -10.5
      vertex -4.50498 6.25648 -10.5
      vertex -2.33187 6.85005 -10.5
    endloop
  endfacet
  facet normal -0 0 -1
    outer loop
      vertex -2.33187 6.85005 -10.5
      vertex -4.50498 6.25648 -10.5
      vertex -2.40209 7.00502 -10.5
    endloop
  endfacet
  facet normal -0 0 -1
    outer loop
      vertex -2.40209 7.00502 -10.5
      vertex -4.50498 6.25648 -10.5
      vertex -2.46202 7.16426 -10.5
    endloop
  endfacet
  facet normal 0 0 -1
    outer loop
      vertex -4.51705 6.28031 -10.5
      vertex -2.46202 7.16426 -10.5
      vertex -4.50498 6.25648 -10.5
    endloop
  endfacet
  facet normal 0 0 -1
    outer loop
      vertex -3.664 2.95665 -10.5
      vertex -2.53563 2.30521 -10.5
      vertex -2.68604 2.19967 -10.5
    endloop
  endfacet
  facet normal 0 0 -1
    outer loop
      vertex 2.55004 8.50723 -10.5
      vertex 3.0148 11.744 -10.5
      vertex 2.57776 8.33937 -10.5
    endloop
  endfacet
  facet normal 0 0 -1
    outer loop
      vertex 2.51141 8.67293 -10.5
      vertex 3.0148 11.744 -10.5
      vertex 2.55004 8.50723 -10.5
    endloop
  endfacet
  facet normal 0 0 -1
    outer loop
      vertex 2.46202 8.83574 -10.5
      vertex 3.0148 11.744 -10.5
      vertex 2.51141 8.67293 -10.5
    endloop
  endfacet
  facet normal 0 0 -1
    outer loop
      vertex 2.40209 8.99498 -10.5
      vertex 3.0148 11.744 -10.5
      vertex 2.46202 8.83574 -10.5
    endloop
  endfacet
  facet normal 0 0 -1
    outer loop
      vertex 2.33187 9.14995 -10.5
      vertex 3.0148 11.744 -10.5
      vertex 2.40209 8.99498 -10.5
    endloop
  endfacet
  facet normal 0 0 -1
    outer loop
      vertex 2.25167 9.3 -10.5
      vertex 3.0148 11.744 -10.5
      vertex 2.33187 9.14995 -10.5
    endloop
  endfacet
  facet normal 0 0 -1
    outer loop
      vertex 2.16182 9.44448 -10.5
      vertex 3.0148 11.744 -10.5
      vertex 2.25167 9.3 -10.5
    endloop
  endfacet
  facet normal 0 0 -1
    outer loop
      vertex 2.06272 9.58278 -10.5
      vertex 3.0148 11.744 -10.5
      vertex 2.16182 9.44448 -10.5
    endloop
  endfacet
  facet normal 0 0 -1
    outer loop
      vertex 3.41049 12.2354 -10.5
      vertex 1.7445 12.5075 -10.5
      vertex 1.9627 13.0713 -10.5
    endloop
  endfacet
  facet normal 0 0 -1
    outer loop
      vertex 3.68019 13.2263 -10.5
      vertex 2.68604 13.8003 -10.5
      vertex 2.8673 13.9122 -10.5
    endloop
  endfacet
  facet normal 0 0 -1
    outer loop
      vertex 3.664 13.0433 -10.5
      vertex 2.53563 13.6948 -10.5
      vertex 2.68604 13.8003 -10.5
    endloop
  endfacet
  facet normal 0 0 -1
    outer loop
      vertex 3.64123 12.8865 -10.5
      vertex 2.4112 13.5966 -10.5
      vertex 2.53563 13.6948 -10.5
    endloop
  endfacet
  facet normal 0 0 -1
    outer loop
      vertex 3.61438 12.7526 -10.5
      vertex 2.30862 13.5064 -10.5
      vertex 2.4112 13.5966 -10.5
    endloop
  endfacet
  facet normal 0 -0 -1
    outer loop
      vertex 2.02499 13.1818 -10.5
      vertex 3.41049 12.2354 -10.5
      vertex 1.9627 13.0713 -10.5
    endloop
  endfacet
  facet normal 0 0 -1
    outer loop
      vertex 3.58544 12.6389 -10.5
      vertex 2.22464 13.4245 -10.5
      vertex 2.30862 13.5064 -10.5
    endloop
  endfacet
  facet normal 0 0 -1
    outer loop
      vertex 2.04859 9.6 -10.5
      vertex 3.0148 11.744 -10.5
      vertex 2.06272 9.58278 -10.5
    endloop
  endfacet
  facet normal 0 0 -1
    outer loop
      vertex 3.55594 12.543 -10.5
      vertex 2.1564 13.3511 -10.5
      vertex 2.22464 13.4245 -10.5
    endloop
  endfacet
  facet normal -0 0 -1
    outer loop
      vertex 3.0148 11.744 -10.5
      vertex 2.04859 9.6 -10.5
      vertex 1.7445 12.5075 -10.5
    endloop
  endfacet
  facet normal 0 0 -1
    outer loop
      vertex 3.52709 12.4631 -10.5
      vertex 2.10163 13.2861 -10.5
      vertex 2.1564 13.3511 -10.5
    endloop
  endfacet
  facet normal 0 0 -1
    outer loop
      vertex 3.49984 12.3975 -10.5
      vertex 2.05838 13.2297 -10.5
      vertex 2.10163 13.2861 -10.5
    endloop
  endfacet
  facet normal 0 0 -1
    outer loop
      vertex 3.47505 12.3446 -10.5
      vertex 2.02499 13.1818 -10.5
      vertex 2.05838 13.2297 -10.5
    endloop
  endfacet
  facet normal 0 0 -1
    outer loop
      vertex 2.00006 13.1424 -10.5
      vertex 1.9627 13.0713 -10.5
      vertex 1.98238 13.1115 -10.5
    endloop
  endfacet
  facet normal 0 0 -1
    outer loop
      vertex 1.98238 13.1115 -10.5
      vertex 1.9627 13.0713 -10.5
      vertex 1.97087 13.0893 -10.5
    endloop
  endfacet
  facet normal 0 0 -1
    outer loop
      vertex 1.97087 13.0893 -10.5
      vertex 1.9627 13.0713 -10.5
      vertex 1.9646 13.0758 -10.5
    endloop
  endfacet
  facet normal 0 0 -1
    outer loop
      vertex 2.02499 13.1818 -10.5
      vertex 1.9627 13.0713 -10.5
      vertex 2.00006 13.1424 -10.5
    endloop
  endfacet
  facet normal 0 0 -1
    outer loop
      vertex 2.04859 9.6 -10.5
      vertex 0.769217 12.7717 -10.5
      vertex 1.7445 12.5075 -10.5
    endloop
  endfacet
  facet normal 0 0 -1
    outer loop
      vertex 2.04859 9.6 -10.5
      vertex 0.742551 12.7732 -10.5
      vertex 0.769217 12.7717 -10.5
    endloop
  endfacet
  facet normal 0 0 -1
    outer loop
      vertex 0.822978 13.6287 -10.5
      vertex -0.822987 13.6287 -10.5
      vertex 0.808022 13.7124 -10.5
    endloop
  endfacet
  facet normal 0 -0 -1
    outer loop
      vertex -0.785665 13.8101 -10.5
      vertex 0.785654 13.8101 -10.5
      vertex -0.80803 13.7124 -10.5
    endloop
  endfacet
  facet normal 0 0 -1
    outer loop
      vertex 0.753861 13.923 -10.5
      vertex -0.75388 13.923 -10.5
      vertex 0.710151 14.0524 -10.5
    endloop
  endfacet
  facet normal 0 -0 -1
    outer loop
      vertex -0.651463 14.1997 -10.5
      vertex 0.65145 14.1997 -10.5
      vertex -0.710155 14.0524 -10.5
    endloop
  endfacet
  facet normal 0 -0 -1
    outer loop
      vertex -0.573994 14.3663 -10.5
      vertex 0.573974 14.3663 -10.5
      vertex -0.651463 14.1997 -10.5
    endloop
  endfacet
  facet normal 0 0 -1
    outer loop
      vertex 0.472931 14.5538 -10.5
      vertex -0.472939 14.5538 -10.5
      vertex 0.342274 14.7638 -10.5
    endloop
  endfacet
  facet normal 0 0 -1
    outer loop
      vertex -0.7389 12.7497 -10.5
      vertex 0.742551 12.7732 -10.5
      vertex 2.04859 9.6 -10.5
    endloop
  endfacet
  facet normal 0 0 -1
    outer loop
      vertex -0.835894 13.3732 -10.5
      vertex 0.742551 12.7732 -10.5
      vertex -0.7389 12.7497 -10.5
    endloop
  endfacet
  facet normal -0 0 -1
    outer loop
      vertex 0.174273 14.9978 -10.5
      vertex -0.342283 14.7638 -10.5
      vertex -0.17429 14.9978 -10.5
    endloop
  endfacet
  facet normal 0 0 -1
    outer loop
      vertex 0.342274 14.7638 -10.5
      vertex -0.342283 14.7638 -10.5
      vertex 0.174273 14.9978 -10.5
    endloop
  endfacet
  facet normal 0 -0 -1
    outer loop
      vertex -0.342283 14.7638 -10.5
      vertex 0.342274 14.7638 -10.5
      vertex -0.472939 14.5538 -10.5
    endloop
  endfacet
  facet normal 0 -0 -1
    outer loop
      vertex -0.472939 14.5538 -10.5
      vertex 0.472931 14.5538 -10.5
      vertex -0.573994 14.3663 -10.5
    endloop
  endfacet
  facet normal 0 0 -1
    outer loop
      vertex 0.573974 14.3663 -10.5
      vertex -0.573994 14.3663 -10.5
      vertex 0.472931 14.5538 -10.5
    endloop
  endfacet
  facet normal 0 0 -1
    outer loop
      vertex -2.04859 9.6 -10.5
      vertex -0.7389 12.7497 -10.5
      vertex 2.04859 9.6 -10.5
    endloop
  endfacet
  facet normal 0 0 -1
    outer loop
      vertex -0.7389 12.7497 -10.5
      vertex -2.04859 9.6 -10.5
      vertex -1.23811 12.6721 -10.5
    endloop
  endfacet
  facet normal 0 0 -1
    outer loop
      vertex -3.03136 11.7645 -10.5
      vertex -1.96269 13.0713 -10.5
      vertex -1.73498 12.4829 -10.5
    endloop
  endfacet
  facet normal 0 0 -1
    outer loop
      vertex -3.41051 12.2354 -10.5
      vertex -1.96269 13.0713 -10.5
      vertex -3.03136 11.7645 -10.5
    endloop
  endfacet
  facet normal -0 -0 -1
    outer loop
      vertex -1.98238 13.1115 -10.5
      vertex -1.96269 13.0713 -10.5
      vertex -2.00007 13.1424 -10.5
    endloop
  endfacet
  facet normal 0 0 -1
    outer loop
      vertex -1.96269 13.0713 -10.5
      vertex -1.97087 13.0893 -10.5
      vertex -1.96461 13.0758 -10.5
    endloop
  endfacet
  facet normal -0 -0 -1
    outer loop
      vertex -1.97087 13.0893 -10.5
      vertex -1.96269 13.0713 -10.5
      vertex -1.98238 13.1115 -10.5
    endloop
  endfacet
  facet normal 0 0 -1
    outer loop
      vertex -1.23811 12.6721 -10.5
      vertex -2.04859 9.6 -10.5
      vertex -1.73498 12.4829 -10.5
    endloop
  endfacet
  facet normal 0 0 -1
    outer loop
      vertex -3.03136 11.7645 -10.5
      vertex -1.73498 12.4829 -10.5
      vertex -2.04859 9.6 -10.5
    endloop
  endfacet
  facet normal 0 -0 -1
    outer loop
      vertex -2.00007 13.1424 -10.5
      vertex -1.96269 13.0713 -10.5
      vertex -3.41051 12.2354 -10.5
    endloop
  endfacet
  facet normal 0 0 -1
    outer loop
      vertex -3.76243 11.0297 -10.5
      vertex -2.04859 9.6 -10.5
      vertex -2.06272 9.58278 -10.5
    endloop
  endfacet
  facet normal -0 0 -1
    outer loop
      vertex -2.00007 13.1424 -10.5
      vertex -3.41051 12.2354 -10.5
      vertex -2.02499 13.1818 -10.5
    endloop
  endfacet
  facet normal 0 0 -1
    outer loop
      vertex -3.47506 12.3446 -10.5
      vertex -2.02499 13.1818 -10.5
      vertex -3.41051 12.2354 -10.5
    endloop
  endfacet
  facet normal 0 0 -1
    outer loop
      vertex -3.76243 11.0297 -10.5
      vertex -2.06272 9.58278 -10.5
      vertex -2.16182 9.44448 -10.5
    endloop
  endfacet
  facet normal -0 0 -1
    outer loop
      vertex -2.02499 13.1818 -10.5
      vertex -3.47506 12.3446 -10.5
      vertex -2.05839 13.2297 -10.5
    endloop
  endfacet
  facet normal 0 0 -1
    outer loop
      vertex -3.76243 11.0297 -10.5
      vertex -2.16182 9.44448 -10.5
      vertex -2.25167 9.3 -10.5
    endloop
  endfacet
  facet normal 0 0 -1
    outer loop
      vertex -3.49985 12.3975 -10.5
      vertex -2.05839 13.2297 -10.5
      vertex -3.47506 12.3446 -10.5
    endloop
  endfacet
  facet normal 0 0 -1
    outer loop
      vertex -4.48283 9.73495 -10.5
      vertex -2.25167 9.3 -10.5
      vertex -2.33187 9.14995 -10.5
    endloop
  endfacet
  facet normal 0 0 -1
    outer loop
      vertex -4.48283 9.73495 -10.5
      vertex -2.33187 9.14995 -10.5
      vertex -2.40209 8.99498 -10.5
    endloop
  endfacet
  facet normal -0 0 -1
    outer loop
      vertex -2.05839 13.2297 -10.5
      vertex -3.49985 12.3975 -10.5
      vertex -2.10163 13.2861 -10.5
    endloop
  endfacet
  facet normal 0 0 -1
    outer loop
      vertex -4.48283 9.73495 -10.5
      vertex -2.40209 8.99498 -10.5
      vertex -2.46202 8.83574 -10.5
    endloop
  endfacet
  facet normal 0 0 -1
    outer loop
      vertex -4.66518 9.26378 -10.5
      vertex -2.46202 8.83574 -10.5
      vertex -2.51141 8.67293 -10.5
    endloop
  endfacet
  facet normal 0 0 -1
    outer loop
      vertex -3.52709 12.4631 -10.5
      vertex -2.10163 13.2861 -10.5
      vertex -3.49985 12.3975 -10.5
    endloop
  endfacet
  facet normal 0 0 -1
    outer loop
      vertex -4.66518 9.26378 -10.5
      vertex -2.51141 8.67293 -10.5
      vertex -2.55004 8.50723 -10.5
    endloop
  endfacet
  facet normal 0 0 -1
    outer loop
      vertex -4.74979 8.7389 -10.5
      vertex -2.55004 8.50723 -10.5
      vertex -2.57776 8.33937 -10.5
    endloop
  endfacet
  facet normal 0 0 -1
    outer loop
      vertex -4.74979 8.7389 -10.5
      vertex -2.57776 8.33937 -10.5
      vertex -2.59443 8.17005 -10.5
    endloop
  endfacet
  facet normal 0 0 -1
    outer loop
      vertex -4.74979 8.7389 -10.5
      vertex -2.59443 8.17005 -10.5
      vertex -2.6 8 -10.5
    endloop
  endfacet
  facet normal -0 0 -1
    outer loop
      vertex -2.46202 7.16426 -10.5
      vertex -4.51705 6.28031 -10.5
      vertex -2.51141 7.32707 -10.5
    endloop
  endfacet
  facet normal 0 0 -1
    outer loop
      vertex -4.77588 7.25703 -10.5
      vertex -2.51141 7.32707 -10.5
      vertex -4.51705 6.28031 -10.5
    endloop
  endfacet
  facet normal 0 0 -1
    outer loop
      vertex -3.68019 2.77366 -10.5
      vertex -2.68604 2.19967 -10.5
      vertex -2.8673 2.08781 -10.5
    endloop
  endfacet
  facet normal -0 0 -1
    outer loop
      vertex -2.10163 13.2861 -10.5
      vertex -3.52709 12.4631 -10.5
      vertex -2.15641 13.3511 -10.5
    endloop
  endfacet
  facet normal -0 0 -1
    outer loop
      vertex -2.15641 13.3511 -10.5
      vertex -3.55595 12.543 -10.5
      vertex -2.22464 13.4245 -10.5
    endloop
  endfacet
  facet normal 0 0 -1
    outer loop
      vertex -3.68646 2.56072 -10.5
      vertex -2.8673 2.08781 -10.5
      vertex -3.08548 1.97122 -10.5
    endloop
  endfacet
  facet normal 0 0 -1
    outer loop
      vertex -3.67833 2.31349 -10.5
      vertex -3.08548 1.97122 -10.5
      vertex -3.34796 1.85257 -10.5
    endloop
  endfacet
  facet normal 0 0 -1
    outer loop
      vertex -1.7445 3.49249 -10.5
      vertex -3.41049 3.76463 -10.5
      vertex -3.0148 4.25602 -10.5
    endloop
  endfacet
  facet normal 0 0 -1
    outer loop
      vertex -2.22464 2.57548 -10.5
      vertex -3.58544 3.36114 -10.5
      vertex -3.55594 3.45696 -10.5
    endloop
  endfacet
  facet normal 0 0 -1
    outer loop
      vertex -2.1564 2.64895 -10.5
      vertex -3.55594 3.45696 -10.5
      vertex -3.52709 3.53687 -10.5
    endloop
  endfacet
  facet normal 0 0 -1
    outer loop
      vertex -2.10163 2.71389 -10.5
      vertex -3.52709 3.53687 -10.5
      vertex -3.49984 3.60254 -10.5
    endloop
  endfacet
  facet normal 0 0 -1
    outer loop
      vertex -2.05838 2.77031 -10.5
      vertex -3.49984 3.60254 -10.5
      vertex -3.47505 3.65541 -10.5
    endloop
  endfacet
  facet normal 0 -0 -1
    outer loop
      vertex -3.45339 3.69671 -10.5
      vertex -3.41049 3.76463 -10.5
      vertex -3.47505 3.65541 -10.5
    endloop
  endfacet
  facet normal 0 -0 -1
    outer loop
      vertex -3.43553 3.72744 -10.5
      vertex -3.41049 3.76463 -10.5
      vertex -3.45339 3.69671 -10.5
    endloop
  endfacet
  facet normal 0 0 -1
    outer loop
      vertex -3.41049 3.76463 -10.5
      vertex -3.42202 3.74852 -10.5
      vertex -3.41348 3.76069 -10.5
    endloop
  endfacet
  facet normal 0 -0 -1
    outer loop
      vertex -3.42202 3.74852 -10.5
      vertex -3.41049 3.76463 -10.5
      vertex -3.43553 3.72744 -10.5
    endloop
  endfacet
  facet normal 0 0 -1
    outer loop
      vertex -2.02499 2.81821 -10.5
      vertex -3.47505 3.65541 -10.5
      vertex -3.41049 3.76463 -10.5
    endloop
  endfacet
  facet normal 0 0 -1
    outer loop
      vertex -2.30862 2.49357 -10.5
      vertex -3.61438 3.24745 -10.5
      vertex -3.58544 3.36114 -10.5
    endloop
  endfacet
  facet normal 0 0 -1
    outer loop
      vertex -2.4112 2.40337 -10.5
      vertex -3.64123 3.11352 -10.5
      vertex -3.61438 3.24745 -10.5
    endloop
  endfacet
  facet normal 0 0 -1
    outer loop
      vertex -3.67833 2.31349 -10.5
      vertex -3.34796 1.85257 -10.5
      vertex -3.64983 2.02685 -10.5
    endloop
  endfacet
  facet normal 0 0 -1
    outer loop
      vertex -3.08548 1.97122 -10.5
      vertex -3.67833 2.31349 -10.5
      vertex -3.68646 2.56072 -10.5
    endloop
  endfacet
  facet normal 0 0 -1
    outer loop
      vertex -2.53563 2.30521 -10.5
      vertex -3.664 2.95665 -10.5
      vertex -3.64123 3.11352 -10.5
    endloop
  endfacet
  facet normal 0 0 -1
    outer loop
      vertex -2.68604 2.19967 -10.5
      vertex -3.68019 2.77366 -10.5
      vertex -3.664 2.95665 -10.5
    endloop
  endfacet
  facet normal 0 0 -1
    outer loop
      vertex -2.8673 2.08781 -10.5
      vertex -3.68646 2.56072 -10.5
      vertex -3.68019 2.77366 -10.5
    endloop
  endfacet
  facet normal 0 0 -1
    outer loop
      vertex 0.835893 13.3732 -10.5
      vertex 0.838973 13.4179 -10.5
      vertex 0.837814 13.3929 -10.5
    endloop
  endfacet
  facet normal -0 0 -1
    outer loop
      vertex 0.838973 13.4179 -10.5
      vertex 0.835893 13.3732 -10.5
      vertex 0.839079 13.4535 -10.5
    endloop
  endfacet
  facet normal 0 0 -1
    outer loop
      vertex 0.835893 13.3732 -10.5
      vertex 0.837814 13.3929 -10.5
      vertex 0.836505 13.3781 -10.5
    endloop
  endfacet
  facet normal -0 0 -1
    outer loop
      vertex 0.839079 13.4535 -10.5
      vertex 0.835893 13.3732 -10.5
      vertex 0.83719 13.5001 -10.5
    endloop
  endfacet
  facet normal 0 0 -1
    outer loop
      vertex -0.835894 13.3732 -10.5
      vertex 0.83719 13.5001 -10.5
      vertex 0.835893 13.3732 -10.5
    endloop
  endfacet
  facet normal 0 0 -1
    outer loop
      vertex -0.837206 13.5001 -10.5
      vertex 0.83719 13.5001 -10.5
      vertex -0.835894 13.3732 -10.5
    endloop
  endfacet
  facet normal 0 0 -1
    outer loop
      vertex 0.83719 13.5001 -10.5
      vertex -0.837206 13.5001 -10.5
      vertex 0.83223 13.5582 -10.5
    endloop
  endfacet
  facet normal 0 -0 -1
    outer loop
      vertex -0.832236 13.5582 -10.5
      vertex 0.83223 13.5582 -10.5
      vertex -0.837206 13.5001 -10.5
    endloop
  endfacet
  facet normal 0 0 -1
    outer loop
      vertex 0.83223 13.5582 -10.5
      vertex -0.832236 13.5582 -10.5
      vertex 0.822978 13.6287 -10.5
    endloop
  endfacet
  facet normal 0 0 -1
    outer loop
      vertex -0.835894 13.3732 -10.5
      vertex 0.835893 13.3732 -10.5
      vertex 0.742551 12.7732 -10.5
    endloop
  endfacet
  facet normal 0 -0 -1
    outer loop
      vertex -0.822987 13.6287 -10.5
      vertex 0.822978 13.6287 -10.5
      vertex -0.832236 13.5582 -10.5
    endloop
  endfacet
  facet normal -0 0 -1
    outer loop
      vertex -2.51141 7.32707 -10.5
      vertex -4.77588 7.25703 -10.5
      vertex -2.55004 7.49277 -10.5
    endloop
  endfacet
  facet normal -0 0 -1
    outer loop
      vertex -2.55004 7.49277 -10.5
      vertex -4.77588 7.25703 -10.5
      vertex -2.57776 7.66063 -10.5
    endloop
  endfacet
  facet normal 0 0 -1
    outer loop
      vertex -2.25167 9.3 -10.5
      vertex -4.48283 9.73495 -10.5
      vertex -3.76243 11.0297 -10.5
    endloop
  endfacet
  facet normal 0 0 -1
    outer loop
      vertex -2.04859 9.6 -10.5
      vertex -3.74783 11.052 -10.5
      vertex -3.03136 11.7645 -10.5
    endloop
  endfacet
  facet normal 0 0 -1
    outer loop
      vertex -4.50498 6.25648 -10.5
      vertex -3.74393 4.98523 -10.5
      vertex -4.23537 4.58949 -10.5
    endloop
  endfacet
  facet normal -0 0 -1
    outer loop
      vertex -2.57776 7.66063 -10.5
      vertex -4.77588 7.25703 -10.5
      vertex -2.59443 7.82995 -10.5
    endloop
  endfacet
  facet normal 0 0 -1
    outer loop
      vertex -4.25148 4.57797 -10.5
      vertex -4.23537 4.58949 -10.5
      vertex -4.23931 4.58652 -10.5
    endloop
  endfacet
  facet normal 0 0 -1
    outer loop
      vertex -5.07127 9.9627 -10.5
      vertex -3.76243 11.0297 -10.5
      vertex -4.48283 9.73495 -10.5
    endloop
  endfacet
  facet normal 0 0 -1
    outer loop
      vertex -4.23537 4.58949 -10.5
      vertex -4.25148 4.57797 -10.5
      vertex -4.27257 4.56447 -10.5
    endloop
  endfacet
  facet normal -0 0 -1
    outer loop
      vertex -3.76243 11.0297 -10.5
      vertex -5.07127 9.9627 -10.5
      vertex -4.23537 11.4105 -10.5
    endloop
  endfacet
  facet normal 0 -0 -1
    outer loop
      vertex -4.30329 11.4534 -10.5
      vertex -4.23537 11.4105 -10.5
      vertex -5.07127 9.9627 -10.5
    endloop
  endfacet
  facet normal 0 0 -1
    outer loop
      vertex -4.23537 4.58949 -10.5
      vertex -4.27257 4.56447 -10.5
      vertex -4.3033 4.54661 -10.5
    endloop
  endfacet
  facet normal -0 -0 -1
    outer loop
      vertex -4.27256 11.4355 -10.5
      vertex -4.23537 11.4105 -10.5
      vertex -4.30329 11.4534 -10.5
    endloop
  endfacet
  facet normal -0 0 -1
    outer loop
      vertex -4.23537 4.58949 -10.5
      vertex -4.3033 4.54661 -10.5
      vertex -5.07127 6.03731 -10.5
    endloop
  endfacet
  facet normal 0 0 -1
    outer loop
      vertex -4.23537 11.4105 -10.5
      vertex -4.25148 11.422 -10.5
      vertex -4.23931 11.4135 -10.5
    endloop
  endfacet
  facet normal 0 0 -1
    outer loop
      vertex -5.07127 6.03731 -10.5
      vertex -4.3033 4.54661 -10.5
      vertex -4.34459 4.52494 -10.5
    endloop
  endfacet
  facet normal 0 0 -1
    outer loop
      vertex -5.18178 5.97501 -10.5
      vertex -4.34459 4.52494 -10.5
      vertex -4.39745 4.50015 -10.5
    endloop
  endfacet
  facet normal -0 -0 -1
    outer loop
      vertex -4.25148 11.422 -10.5
      vertex -4.23537 11.4105 -10.5
      vertex -4.27256 11.4355 -10.5
    endloop
  endfacet
  facet normal 0 0 -1
    outer loop
      vertex -5.22969 5.94161 -10.5
      vertex -4.39745 4.50015 -10.5
      vertex -4.46312 4.47291 -10.5
    endloop
  endfacet
  facet normal -0 0 -1
    outer loop
      vertex -4.30329 11.4534 -10.5
      vertex -5.07127 9.9627 -10.5
      vertex -4.34459 11.4751 -10.5
    endloop
  endfacet
  facet normal 0 0 -1
    outer loop
      vertex -5.18179 10.025 -10.5
      vertex -4.34459 11.4751 -10.5
      vertex -5.07127 9.9627 -10.5
    endloop
  endfacet
  facet normal 0 0 -1
    outer loop
      vertex -2.04859 9.6 -10.5
      vertex -3.76243 11.0297 -10.5
      vertex -3.74783 11.052 -10.5
    endloop
  endfacet
  facet normal 0 0 -1
    outer loop
      vertex -5.28611 5.89837 -10.5
      vertex -4.46312 4.47291 -10.5
      vertex -4.54303 4.44405 -10.5
    endloop
  endfacet
  facet normal 0 0 -1
    outer loop
      vertex -5.35106 5.84359 -10.5
      vertex -4.54303 4.44405 -10.5
      vertex -4.63886 4.41455 -10.5
    endloop
  endfacet
  facet normal 0 0 -1
    outer loop
      vertex -5.42452 5.77536 -10.5
      vertex -4.63886 4.41455 -10.5
      vertex -4.75255 4.38561 -10.5
    endloop
  endfacet
  facet normal 0 0 -1
    outer loop
      vertex -5.50642 5.69136 -10.5
      vertex -4.75255 4.38561 -10.5
      vertex -4.88648 4.35878 -10.5
    endloop
  endfacet
  facet normal 0 0 -1
    outer loop
      vertex -5.59663 5.58881 -10.5
      vertex -4.88648 4.35878 -10.5
      vertex -5.04333 4.33599 -10.5
    endloop
  endfacet
  facet normal 0 0 -1
    outer loop
      vertex -4.23537 4.58949 -10.5
      vertex -5.07127 6.03731 -10.5
      vertex -4.50498 6.25648 -10.5
    endloop
  endfacet
  facet normal 0 0 -1
    outer loop
      vertex -4.34459 4.52494 -10.5
      vertex -5.18178 5.97501 -10.5
      vertex -5.07127 6.03731 -10.5
    endloop
  endfacet
  facet normal 0 -0 -1
    outer loop
      vertex -5.11154 6.01762 -10.5
      vertex -5.07127 6.03731 -10.5
      vertex -5.14237 5.99993 -10.5
    endloop
  endfacet
  facet normal 0 -0 -1
    outer loop
      vertex -5.0893 6.02913 -10.5
      vertex -5.07127 6.03731 -10.5
      vertex -5.11154 6.01762 -10.5
    endloop
  endfacet
  facet normal 0 0 -1
    outer loop
      vertex -5.07127 6.03731 -10.5
      vertex -5.0893 6.02913 -10.5
      vertex -5.07582 6.03539 -10.5
    endloop
  endfacet
  facet normal 0 0 -1
    outer loop
      vertex -5.07127 6.03731 -10.5
      vertex -5.18178 5.97501 -10.5
      vertex -5.14237 5.99993 -10.5
    endloop
  endfacet
  facet normal 0 0 -1
    outer loop
      vertex -5.6948 5.46434 -10.5
      vertex -5.04333 4.33599 -10.5
      vertex -5.22634 4.31979 -10.5
    endloop
  endfacet
  facet normal 0 0 -1
    outer loop
      vertex -4.39745 4.50015 -10.5
      vertex -5.22969 5.94161 -10.5
      vertex -5.18178 5.97501 -10.5
    endloop
  endfacet
  facet normal 0 0 -1
    outer loop
      vertex -4.46312 4.47291 -10.5
      vertex -5.28611 5.89837 -10.5
      vertex -5.22969 5.94161 -10.5
    endloop
  endfacet
  facet normal 0 0 -1
    outer loop
      vertex -4.54303 4.44405 -10.5
      vertex -5.35106 5.84359 -10.5
      vertex -5.28611 5.89837 -10.5
    endloop
  endfacet
  facet normal 0 0 -1
    outer loop
      vertex -4.63886 4.41455 -10.5
      vertex -5.42452 5.77536 -10.5
      vertex -5.35106 5.84359 -10.5
    endloop
  endfacet
  facet normal 0 0 -1
    outer loop
      vertex -5.80031 5.31395 -10.5
      vertex -5.22634 4.31979 -10.5
      vertex -5.43925 4.31354 -10.5
    endloop
  endfacet
  facet normal 0 0 -1
    outer loop
      vertex -4.75255 4.38561 -10.5
      vertex -5.50642 5.69136 -10.5
      vertex -5.42452 5.77536 -10.5
    endloop
  endfacet
  facet normal 0 0 -1
    outer loop
      vertex -4.88648 4.35878 -10.5
      vertex -5.59663 5.58881 -10.5
      vertex -5.50642 5.69136 -10.5
    endloop
  endfacet
  facet normal 0 0 -1
    outer loop
      vertex -5.91221 5.13268 -10.5
      vertex -5.43925 4.31354 -10.5
      vertex -5.6865 4.32167 -10.5
    endloop
  endfacet
  facet normal 0 0 -1
    outer loop
      vertex -5.04333 4.33599 -10.5
      vertex -5.6948 5.46434 -10.5
      vertex -5.59663 5.58881 -10.5
    endloop
  endfacet
  facet normal 0 0 -1
    outer loop
      vertex -5.22634 4.31979 -10.5
      vertex -5.80031 5.31395 -10.5
      vertex -5.6948 5.46434 -10.5
    endloop
  endfacet
  facet normal 0 0 -1
    outer loop
      vertex -5.43925 4.31354 -10.5
      vertex -5.91221 5.13268 -10.5
      vertex -5.80031 5.31395 -10.5
    endloop
  endfacet
  facet normal 0 0 -1
    outer loop
      vertex -6.02878 4.91451 -10.5
      vertex -5.6865 4.32167 -10.5
      vertex -5.97314 4.35016 -10.5
    endloop
  endfacet
  facet normal 0 0 -1
    outer loop
      vertex -5.6865 4.32167 -10.5
      vertex -6.02878 4.91451 -10.5
      vertex -5.91221 5.13268 -10.5
    endloop
  endfacet
  facet normal 0 -0 -1
    outer loop
      vertex -6.02878 4.91451 -10.5
      vertex -5.97314 4.35016 -10.5
      vertex -6.14742 4.65202 -10.5
    endloop
  endfacet
  facet normal 0 0 -1
    outer loop
      vertex -3.58545 12.6389 -10.5
      vertex -2.22464 13.4245 -10.5
      vertex -3.55595 12.543 -10.5
    endloop
  endfacet
  facet normal -0 0 -1
    outer loop
      vertex -2.22464 13.4245 -10.5
      vertex -3.58545 12.6389 -10.5
      vertex -2.30864 13.5064 -10.5
    endloop
  endfacet
  facet normal -0 0 -1
    outer loop
      vertex -2.30864 13.5064 -10.5
      vertex -3.61439 12.7526 -10.5
      vertex -2.41119 13.5966 -10.5
    endloop
  endfacet
  facet normal -0 0 -1
    outer loop
      vertex -2.41119 13.5966 -10.5
      vertex -3.64122 12.8865 -10.5
      vertex -2.53566 13.6948 -10.5
    endloop
  endfacet
  facet normal 0 0 -1
    outer loop
      vertex -3.42203 12.2515 -10.5
      vertex -3.41051 12.2354 -10.5
      vertex -3.41348 12.2393 -10.5
    endloop
  endfacet
  facet normal 0 0 -1
    outer loop
      vertex -3.41051 12.2354 -10.5
      vertex -3.42203 12.2515 -10.5
      vertex -3.43553 12.2726 -10.5
    endloop
  endfacet
  facet normal 0 0 -1
    outer loop
      vertex -3.41051 12.2354 -10.5
      vertex -3.43553 12.2726 -10.5
      vertex -3.45339 12.3033 -10.5
    endloop
  endfacet
  facet normal 0 0 -1
    outer loop
      vertex -3.41051 12.2354 -10.5
      vertex -3.45339 12.3033 -10.5
      vertex -3.47506 12.3446 -10.5
    endloop
  endfacet
  facet normal 0 0 -1
    outer loop
      vertex -3.55595 12.543 -10.5
      vertex -2.15641 13.3511 -10.5
      vertex -3.52709 12.4631 -10.5
    endloop
  endfacet
  facet normal 0 0 -1
    outer loop
      vertex -3.61439 12.7526 -10.5
      vertex -2.30864 13.5064 -10.5
      vertex -3.58545 12.6389 -10.5
    endloop
  endfacet
  facet normal 0 0 -1
    outer loop
      vertex -3.64122 12.8865 -10.5
      vertex -2.41119 13.5966 -10.5
      vertex -3.61439 12.7526 -10.5
    endloop
  endfacet
  facet normal 0 0 -1
    outer loop
      vertex -3.66401 13.0433 -10.5
      vertex -2.53566 13.6948 -10.5
      vertex -3.64122 12.8865 -10.5
    endloop
  endfacet
  facet normal -0 0 -1
    outer loop
      vertex -2.53566 13.6948 -10.5
      vertex -3.66401 13.0433 -10.5
      vertex -2.68605 13.8003 -10.5
    endloop
  endfacet
  facet normal 0 0 -1
    outer loop
      vertex -3.68021 13.2263 -10.5
      vertex -2.68605 13.8003 -10.5
      vertex -3.66401 13.0433 -10.5
    endloop
  endfacet
  facet normal -0 0 -1
    outer loop
      vertex -2.68605 13.8003 -10.5
      vertex -3.68021 13.2263 -10.5
      vertex -2.86732 13.9122 -10.5
    endloop
  endfacet
  facet normal 0 0 -1
    outer loop
      vertex -3.68646 13.4393 -10.5
      vertex -2.86732 13.9122 -10.5
      vertex -3.68021 13.2263 -10.5
    endloop
  endfacet
  facet normal -0 0 -1
    outer loop
      vertex -2.86732 13.9122 -10.5
      vertex -3.68646 13.4393 -10.5
      vertex -3.08549 14.0288 -10.5
    endloop
  endfacet
  facet normal 0 0 -1
    outer loop
      vertex -3.34798 14.1474 -10.5
      vertex -3.67833 13.6865 -10.5
      vertex -3.64984 13.9731 -10.5
    endloop
  endfacet
  facet normal 0 -0 -1
    outer loop
      vertex -3.67833 13.6865 -10.5
      vertex -3.08549 14.0288 -10.5
      vertex -3.68646 13.4393 -10.5
    endloop
  endfacet
  facet normal -0 0 -1
    outer loop
      vertex -3.08549 14.0288 -10.5
      vertex -3.67833 13.6865 -10.5
      vertex -3.34798 14.1474 -10.5
    endloop
  endfacet
  facet normal -0 0 -1
    outer loop
      vertex -4.34459 11.4751 -10.5
      vertex -5.18179 10.025 -10.5
      vertex -4.39746 11.4998 -10.5
    endloop
  endfacet
  facet normal 0 0 -1
    outer loop
      vertex -5.22969 10.0584 -10.5
      vertex -4.39746 11.4998 -10.5
      vertex -5.18179 10.025 -10.5
    endloop
  endfacet
  facet normal -0 0 -1
    outer loop
      vertex -4.39746 11.4998 -10.5
      vertex -5.22969 10.0584 -10.5
      vertex -4.46313 11.5271 -10.5
    endloop
  endfacet
  facet normal 0 0 -1
    outer loop
      vertex -5.28611 10.1016 -10.5
      vertex -4.46313 11.5271 -10.5
      vertex -5.22969 10.0584 -10.5
    endloop
  endfacet
  facet normal -0 0 -1
    outer loop
      vertex -4.46313 11.5271 -10.5
      vertex -5.28611 10.1016 -10.5
      vertex -4.54304 11.5559 -10.5
    endloop
  endfacet
  facet normal 0 0 -1
    outer loop
      vertex -5.35105 10.1564 -10.5
      vertex -4.54304 11.5559 -10.5
      vertex -5.28611 10.1016 -10.5
    endloop
  endfacet
  facet normal 0 0 -1
    outer loop
      vertex -5.08931 9.97087 -10.5
      vertex -5.07127 9.9627 -10.5
      vertex -5.07582 9.9646 -10.5
    endloop
  endfacet
  facet normal 0 0 -1
    outer loop
      vertex -5.07127 9.9627 -10.5
      vertex -5.08931 9.97087 -10.5
      vertex -5.11154 9.98238 -10.5
    endloop
  endfacet
  facet normal 0 0 -1
    outer loop
      vertex -5.07127 9.9627 -10.5
      vertex -5.11154 9.98238 -10.5
      vertex -5.14238 10.0001 -10.5
    endloop
  endfacet
  facet normal 0 0 -1
    outer loop
      vertex -5.18179 10.025 -10.5
      vertex -5.07127 9.9627 -10.5
      vertex -5.14238 10.0001 -10.5
    endloop
  endfacet
  facet normal -0 0 -1
    outer loop
      vertex -4.54304 11.5559 -10.5
      vertex -5.35105 10.1564 -10.5
      vertex -4.63886 11.5854 -10.5
    endloop
  endfacet
  facet normal 0 0 -1
    outer loop
      vertex -5.42452 10.2246 -10.5
      vertex -4.63886 11.5854 -10.5
      vertex -5.35105 10.1564 -10.5
    endloop
  endfacet
  facet normal -0 0 -1
    outer loop
      vertex -4.63886 11.5854 -10.5
      vertex -5.42452 10.2246 -10.5
      vertex -4.75255 11.6144 -10.5
    endloop
  endfacet
  facet normal 0 0 -1
    outer loop
      vertex -5.50643 10.3086 -10.5
      vertex -4.75255 11.6144 -10.5
      vertex -5.42452 10.2246 -10.5
    endloop
  endfacet
  facet normal -0 0 -1
    outer loop
      vertex -4.75255 11.6144 -10.5
      vertex -5.50643 10.3086 -10.5
      vertex -4.88648 11.6412 -10.5
    endloop
  endfacet
  facet normal 0 0 -1
    outer loop
      vertex -5.59663 10.4112 -10.5
      vertex -4.88648 11.6412 -10.5
      vertex -5.50643 10.3086 -10.5
    endloop
  endfacet
  facet normal -0 0 -1
    outer loop
      vertex -4.88648 11.6412 -10.5
      vertex -5.59663 10.4112 -10.5
      vertex -5.04335 11.664 -10.5
    endloop
  endfacet
  facet normal 0 0 -1
    outer loop
      vertex -5.69479 10.5356 -10.5
      vertex -5.04335 11.664 -10.5
      vertex -5.59663 10.4112 -10.5
    endloop
  endfacet
  facet normal -0 0 -1
    outer loop
      vertex -5.04335 11.664 -10.5
      vertex -5.69479 10.5356 -10.5
      vertex -5.22634 11.6802 -10.5
    endloop
  endfacet
  facet normal 0 0 -1
    outer loop
      vertex -5.80033 10.686 -10.5
      vertex -5.22634 11.6802 -10.5
      vertex -5.69479 10.5356 -10.5
    endloop
  endfacet
  facet normal -0 0 -1
    outer loop
      vertex -5.22634 11.6802 -10.5
      vertex -5.80033 10.686 -10.5
      vertex -5.43928 11.6865 -10.5
    endloop
  endfacet
  facet normal 0 0 -1
    outer loop
      vertex -5.91219 10.8673 -10.5
      vertex -5.43928 11.6865 -10.5
      vertex -5.80033 10.686 -10.5
    endloop
  endfacet
  facet normal 0 0 -1
    outer loop
      vertex -5.43928 11.6865 -10.5
      vertex -5.91219 10.8673 -10.5
      vertex -5.68651 11.6783 -10.5
    endloop
  endfacet
  facet normal 0 0 -1
    outer loop
      vertex -6.02878 11.0855 -10.5
      vertex -5.68651 11.6783 -10.5
      vertex -5.91219 10.8673 -10.5
    endloop
  endfacet
  facet normal 0 0 -1
    outer loop
      vertex -5.68651 11.6783 -10.5
      vertex -6.02878 11.0855 -10.5
      vertex -5.97315 11.6498 -10.5
    endloop
  endfacet
  facet normal 0 0 -1
    outer loop
      vertex -5.97315 11.6498 -10.5
      vertex -6.02878 11.0855 -10.5
      vertex -6.14743 11.348 -10.5
    endloop
  endfacet
  facet normal -0 0 -1
    outer loop
      vertex -2.59443 7.82995 -10.5
      vertex -4.77588 7.25703 -10.5
      vertex -2.6 8 -10.5
    endloop
  endfacet
  facet normal 0 0 -1
    outer loop
      vertex -2.55004 8.50723 -10.5
      vertex -4.74979 8.7389 -10.5
      vertex -4.66518 9.26378 -10.5
    endloop
  endfacet
  facet normal 0 0 -1
    outer loop
      vertex -2.46202 8.83574 -10.5
      vertex -4.66518 9.26378 -10.5
      vertex -4.48283 9.73495 -10.5
    endloop
  endfacet
  facet normal -0 0 -1
    outer loop
      vertex -2.6 8 -10.5
      vertex -4.77588 7.25703 -10.5
      vertex -4.74979 8.7389 -10.5
    endloop
  endfacet
  facet normal 0 0 -1
    outer loop
      vertex -4.77588 7.25703 -10.5
      vertex -5.3732 8.83589 -10.5
      vertex -4.74979 8.7389 -10.5
    endloop
  endfacet
  facet normal 0 0 -1
    outer loop
      vertex -5.37321 7.16411 -10.5
      vertex -5.3732 8.83589 -10.5
      vertex -4.77588 7.25703 -10.5
    endloop
  endfacet
  facet normal 0 0 -1
    outer loop
      vertex -5.39292 7.16217 -10.5
      vertex -5.37321 7.16411 -10.5
      vertex -5.3781 7.16348 -10.5
    endloop
  endfacet
  facet normal 0 0 -1
    outer loop
      vertex -5.37321 7.16411 -10.5
      vertex -5.45347 8.83908 -10.5
      vertex -5.3732 8.83589 -10.5
    endloop
  endfacet
  facet normal -0 -0 -1
    outer loop
      vertex -5.41792 8.83897 -10.5
      vertex -5.3732 8.83589 -10.5
      vertex -5.45347 8.83908 -10.5
    endloop
  endfacet
  facet normal 0 0 -1
    outer loop
      vertex -5.37321 7.16411 -10.5
      vertex -5.39292 7.16217 -10.5
      vertex -5.41793 7.16103 -10.5
    endloop
  endfacet
  facet normal 0 0 -1
    outer loop
      vertex -5.3732 8.83589 -10.5
      vertex -5.39291 8.83781 -10.5
      vertex -5.3781 8.8365 -10.5
    endloop
  endfacet
  facet normal 0 0 -1
    outer loop
      vertex -5.37321 7.16411 -10.5
      vertex -5.41793 7.16103 -10.5
      vertex -5.45347 7.16092 -10.5
    endloop
  endfacet
  facet normal -0 -0 -1
    outer loop
      vertex -5.39291 8.83781 -10.5
      vertex -5.3732 8.83589 -10.5
      vertex -5.41792 8.83897 -10.5
    endloop
  endfacet
  facet normal -0 0 -1
    outer loop
      vertex -5.37321 7.16411 -10.5
      vertex -5.45347 7.16092 -10.5
      vertex -5.45347 8.83908 -10.5
    endloop
  endfacet
  facet normal 0 0 -1
    outer loop
      vertex -5.50006 7.16279 -10.5
      vertex -5.45347 8.83908 -10.5
      vertex -5.45347 7.16092 -10.5
    endloop
  endfacet
  facet normal 0 0 -1
    outer loop
      vertex -5.50006 7.16279 -10.5
      vertex -5.50006 8.83719 -10.5
      vertex -5.45347 8.83908 -10.5
    endloop
  endfacet
  facet normal 0 0 -1
    outer loop
      vertex -5.50006 7.16279 -10.5
      vertex -5.55825 8.83223 -10.5
      vertex -5.50006 8.83719 -10.5
    endloop
  endfacet
  facet normal 0 0 -1
    outer loop
      vertex -5.55825 7.16776 -10.5
      vertex -5.55825 8.83223 -10.5
      vertex -5.50006 7.16279 -10.5
    endloop
  endfacet
  facet normal 0 0 -1
    outer loop
      vertex -5.62873 7.17701 -10.5
      vertex -5.55825 8.83223 -10.5
      vertex -5.55825 7.16776 -10.5
    endloop
  endfacet
  facet normal 0 0 -1
    outer loop
      vertex -5.62873 7.17701 -10.5
      vertex -5.62874 8.82298 -10.5
      vertex -5.55825 8.83223 -10.5
    endloop
  endfacet
  facet normal 0 0 -1
    outer loop
      vertex -5.71236 7.19197 -10.5
      vertex -5.62874 8.82298 -10.5
      vertex -5.62873 7.17701 -10.5
    endloop
  endfacet
  facet normal 0 0 -1
    outer loop
      vertex -5.71236 7.19197 -10.5
      vertex -5.71236 8.80802 -10.5
      vertex -5.62874 8.82298 -10.5
    endloop
  endfacet
  facet normal 0 0 -1
    outer loop
      vertex -5.71236 7.19197 -10.5
      vertex -5.81009 8.78565 -10.5
      vertex -5.71236 8.80802 -10.5
    endloop
  endfacet
  facet normal 0 0 -1
    outer loop
      vertex -5.8101 7.21434 -10.5
      vertex -5.81009 8.78565 -10.5
      vertex -5.71236 7.19197 -10.5
    endloop
  endfacet
  facet normal 0 0 -1
    outer loop
      vertex -5.92303 7.24612 -10.5
      vertex -5.81009 8.78565 -10.5
      vertex -5.8101 7.21434 -10.5
    endloop
  endfacet
  facet normal 0 0 -1
    outer loop
      vertex -5.92303 7.24612 -10.5
      vertex -5.92303 8.75386 -10.5
      vertex -5.81009 8.78565 -10.5
    endloop
  endfacet
  facet normal 0 0 -1
    outer loop
      vertex -6.05243 7.28984 -10.5
      vertex -5.92303 8.75386 -10.5
      vertex -5.92303 7.24612 -10.5
    endloop
  endfacet
  facet normal 0 0 -1
    outer loop
      vertex -6.05243 7.28984 -10.5
      vertex -6.05243 8.71015 -10.5
      vertex -5.92303 8.75386 -10.5
    endloop
  endfacet
  facet normal 0 0 -1
    outer loop
      vertex -6.19966 7.34854 -10.5
      vertex -6.05243 8.71015 -10.5
      vertex -6.05243 7.28984 -10.5
    endloop
  endfacet
  facet normal 0 0 -1
    outer loop
      vertex -6.19966 7.34854 -10.5
      vertex -6.19967 8.65145 -10.5
      vertex -6.05243 8.71015 -10.5
    endloop
  endfacet
  facet normal 0 0 -1
    outer loop
      vertex -6.19966 7.34854 -10.5
      vertex -6.36626 8.57397 -10.5
      vertex -6.19967 8.65145 -10.5
    endloop
  endfacet
  facet normal 0 0 -1
    outer loop
      vertex -6.36626 7.42601 -10.5
      vertex -6.36626 8.57397 -10.5
      vertex -6.19966 7.34854 -10.5
    endloop
  endfacet
  facet normal 0 0 -1
    outer loop
      vertex -6.55378 7.52706 -10.5
      vertex -6.36626 8.57397 -10.5
      vertex -6.36626 7.42601 -10.5
    endloop
  endfacet
  facet normal 0 0 -1
    outer loop
      vertex -6.55378 7.52706 -10.5
      vertex -6.55379 8.47293 -10.5
      vertex -6.36626 8.57397 -10.5
    endloop
  endfacet
  facet normal 0 0 -1
    outer loop
      vertex -6.76383 7.65772 -10.5
      vertex -6.55379 8.47293 -10.5
      vertex -6.55378 7.52706 -10.5
    endloop
  endfacet
  facet normal 0 0 -1
    outer loop
      vertex -6.76383 7.65772 -10.5
      vertex -6.76383 8.34227 -10.5
      vertex -6.55379 8.47293 -10.5
    endloop
  endfacet
  facet normal 0 0 -1
    outer loop
      vertex -6.99782 7.82571 -10.5
      vertex -6.76383 8.34227 -10.5
      vertex -6.76383 7.65772 -10.5
    endloop
  endfacet
  facet normal 0 0 -1
    outer loop
      vertex -6.76383 8.34227 -10.5
      vertex -6.99782 7.82571 -10.5
      vertex -6.99782 8.17427 -10.5
    endloop
  endfacet
  facet normal 0 0 -1
    outer loop
      vertex 0.785665 2.1899 -10.5
      vertex -0.785654 2.18991 -10.5
      vertex -0.808022 2.28764 -10.5
    endloop
  endfacet
  facet normal -0 0 -1
    outer loop
      vertex 0.822987 2.37127 -10.5
      vertex -0.822978 2.37126 -10.5
      vertex -0.83223 2.44175 -10.5
    endloop
  endfacet
  facet normal 0 0 -1
    outer loop
      vertex -0.83719 2.49994 -10.5
      vertex 0.832236 2.44175 -10.5
      vertex -0.83223 2.44175 -10.5
    endloop
  endfacet
  facet normal 0 0 -1
    outer loop
      vertex 0.837206 2.49994 -10.5
      vertex -0.83719 2.49994 -10.5
      vertex 0.835894 2.62679 -10.5
    endloop
  endfacet
  facet normal 0 -0 -1
    outer loop
      vertex -0.742551 3.2268 -10.5
      vertex 0.835894 2.62679 -10.5
      vertex -0.835893 2.6268 -10.5
    endloop
  endfacet
  facet normal 0 0 -1
    outer loop
      vertex 0.835894 2.62679 -10.5
      vertex -0.742551 3.2268 -10.5
      vertex 0.7389 3.25028 -10.5
    endloop
  endfacet
  facet normal -0 0 -1
    outer loop
      vertex 0.835894 2.62679 -10.5
      vertex -0.83719 2.49994 -10.5
      vertex -0.835893 2.6268 -10.5
    endloop
  endfacet
  facet normal 0 0 -1
    outer loop
      vertex -0.839079 2.54653 -10.5
      vertex -0.835893 2.6268 -10.5
      vertex -0.83719 2.49994 -10.5
    endloop
  endfacet
  facet normal 0 -0 -1
    outer loop
      vertex -0.838973 2.58208 -10.5
      vertex -0.835893 2.6268 -10.5
      vertex -0.839079 2.54653 -10.5
    endloop
  endfacet
  facet normal 0 0 -1
    outer loop
      vertex -0.835893 2.6268 -10.5
      vertex -0.837814 2.60709 -10.5
      vertex -0.836505 2.6219 -10.5
    endloop
  endfacet
  facet normal 0 -0 -1
    outer loop
      vertex -0.837814 2.60709 -10.5
      vertex -0.835893 2.6268 -10.5
      vertex -0.838973 2.58208 -10.5
    endloop
  endfacet
  facet normal 0 0 -1
    outer loop
      vertex 0.65145 14.1997 -10.5
      vertex -0.651463 14.1997 -10.5
      vertex 0.573974 14.3663 -10.5
    endloop
  endfacet
  facet normal 0 0 -1
    outer loop
      vertex 0.808022 13.7124 -10.5
      vertex -0.80803 13.7124 -10.5
      vertex 0.785654 13.8101 -10.5
    endloop
  endfacet
  facet normal 0 0 -1
    outer loop
      vertex 0.710151 14.0524 -10.5
      vertex -0.710155 14.0524 -10.5
      vertex 0.65145 14.1997 -10.5
    endloop
  endfacet
  facet normal 0 -0 -1
    outer loop
      vertex -0.710155 14.0524 -10.5
      vertex 0.710151 14.0524 -10.5
      vertex -0.75388 13.923 -10.5
    endloop
  endfacet
  facet normal 0 -0 -1
    outer loop
      vertex -0.75388 13.923 -10.5
      vertex 0.753861 13.923 -10.5
      vertex -0.785665 13.8101 -10.5
    endloop
  endfacet
  facet normal 0 0 -1
    outer loop
      vertex 0.785654 13.8101 -10.5
      vertex -0.785665 13.8101 -10.5
      vertex 0.753861 13.923 -10.5
    endloop
  endfacet
  facet normal 0 0 -1
    outer loop
      vertex -0.837832 13.3929 -10.5
      vertex -0.835894 13.3732 -10.5
      vertex -0.836515 13.3781 -10.5
    endloop
  endfacet
  facet normal 0 -0 -1
    outer loop
      vertex -0.80803 13.7124 -10.5
      vertex 0.808022 13.7124 -10.5
      vertex -0.822987 13.6287 -10.5
    endloop
  endfacet
  facet normal 0 0 -1
    outer loop
      vertex -0.835894 13.3732 -10.5
      vertex -0.837832 13.3929 -10.5
      vertex -0.838975 13.4179 -10.5
    endloop
  endfacet
  facet normal 0 0 -1
    outer loop
      vertex -0.835894 13.3732 -10.5
      vertex -0.838975 13.4179 -10.5
      vertex -0.839085 13.4535 -10.5
    endloop
  endfacet
  facet normal 0 0 -1
    outer loop
      vertex -0.835894 13.3732 -10.5
      vertex -0.839085 13.4535 -10.5
      vertex -0.837206 13.5001 -10.5
    endloop
  endfacet
  facet normal 0 0 1
    outer loop
      vertex 0.835893 13.3732 -2.5
      vertex 0.838973 13.4179 -2.5
      vertex 0.839079 13.4535 -2.5
    endloop
  endfacet
  facet normal 0 0 1
    outer loop
      vertex 0.835893 13.3732 -2.5
      vertex 0.839079 13.4535 -2.5
      vertex 0.83719 13.5001 -2.5
    endloop
  endfacet
  facet normal 0 0 1
    outer loop
      vertex 0.838973 13.4179 -2.5
      vertex 0.835893 13.3732 -2.5
      vertex 0.837814 13.3929 -2.5
    endloop
  endfacet
  facet normal 0 0 1
    outer loop
      vertex 0.837814 13.3929 -2.5
      vertex 0.835893 13.3732 -2.5
      vertex 0.836505 13.3781 -2.5
    endloop
  endfacet
  facet normal 0 0 1
    outer loop
      vertex -0.837206 13.5001 -2.5
      vertex 0.83719 13.5001 -2.5
      vertex 0.83223 13.5582 -2.5
    endloop
  endfacet
  facet normal 0 0 1
    outer loop
      vertex -0.832236 13.5582 -2.5
      vertex 0.83223 13.5582 -2.5
      vertex 0.822978 13.6287 -2.5
    endloop
  endfacet
  facet normal 0 0 1
    outer loop
      vertex -0.822987 13.6287 -2.5
      vertex 0.822978 13.6287 -2.5
      vertex 0.808022 13.7124 -2.5
    endloop
  endfacet
  facet normal 0 0 1
    outer loop
      vertex -0.80803 13.7124 -2.5
      vertex 0.808022 13.7124 -2.5
      vertex 0.785654 13.8101 -2.5
    endloop
  endfacet
  facet normal 0 0 1
    outer loop
      vertex -0.785665 13.8101 -2.5
      vertex 0.785654 13.8101 -2.5
      vertex 0.753861 13.923 -2.5
    endloop
  endfacet
  facet normal 0 0 1
    outer loop
      vertex 0.808022 13.7124 -2.5
      vertex -0.80803 13.7124 -2.5
      vertex -0.822987 13.6287 -2.5
    endloop
  endfacet
  facet normal 0 0 1
    outer loop
      vertex -0.75388 13.923 -2.5
      vertex 0.753861 13.923 -2.5
      vertex 0.710151 14.0524 -2.5
    endloop
  endfacet
  facet normal 0 0 1
    outer loop
      vertex 6.99782 8.17429 -2.5
      vertex 6.76383 7.65773 -2.5
      vertex 6.99782 7.82573 -2.5
    endloop
  endfacet
  facet normal 0 0 1
    outer loop
      vertex 6.76383 8.34228 -2.5
      vertex 6.76383 7.65773 -2.5
      vertex 6.99782 8.17429 -2.5
    endloop
  endfacet
  facet normal 0 0 1
    outer loop
      vertex 6.76383 8.34228 -2.5
      vertex 6.55379 7.52707 -2.5
      vertex 6.76383 7.65773 -2.5
    endloop
  endfacet
  facet normal 0 0 1
    outer loop
      vertex 6.55378 8.47294 -2.5
      vertex 6.55379 7.52707 -2.5
      vertex 6.76383 8.34228 -2.5
    endloop
  endfacet
  facet normal 0 0 1
    outer loop
      vertex 6.36626 8.57399 -2.5
      vertex 6.55379 7.52707 -2.5
      vertex 6.55378 8.47294 -2.5
    endloop
  endfacet
  facet normal 0 0 1
    outer loop
      vertex 6.36626 8.57399 -2.5
      vertex 6.36626 7.42603 -2.5
      vertex 6.55379 7.52707 -2.5
    endloop
  endfacet
  facet normal 0 0 1
    outer loop
      vertex 6.36626 8.57399 -2.5
      vertex 6.19967 7.34855 -2.5
      vertex 6.36626 7.42603 -2.5
    endloop
  endfacet
  facet normal 0 0 1
    outer loop
      vertex 6.19966 8.65146 -2.5
      vertex 6.19967 7.34855 -2.5
      vertex 6.36626 8.57399 -2.5
    endloop
  endfacet
  facet normal 0 0 1
    outer loop
      vertex 6.19966 8.65146 -2.5
      vertex 6.05243 7.28985 -2.5
      vertex 6.19967 7.34855 -2.5
    endloop
  endfacet
  facet normal 0 0 1
    outer loop
      vertex 6.05243 8.71016 -2.5
      vertex 6.05243 7.28985 -2.5
      vertex 6.19966 8.65146 -2.5
    endloop
  endfacet
  facet normal 0 0 1
    outer loop
      vertex 6.05243 8.71016 -2.5
      vertex 5.92303 7.24614 -2.5
      vertex 6.05243 7.28985 -2.5
    endloop
  endfacet
  facet normal 0 0 1
    outer loop
      vertex 5.92303 8.75388 -2.5
      vertex 5.92303 7.24614 -2.5
      vertex 6.05243 8.71016 -2.5
    endloop
  endfacet
  facet normal 0 0 1
    outer loop
      vertex 5.8101 8.78566 -2.5
      vertex 5.92303 7.24614 -2.5
      vertex 5.92303 8.75388 -2.5
    endloop
  endfacet
  facet normal 0 0 1
    outer loop
      vertex 5.8101 8.78566 -2.5
      vertex 5.81009 7.21435 -2.5
      vertex 5.92303 7.24614 -2.5
    endloop
  endfacet
  facet normal 0 0 1
    outer loop
      vertex 5.8101 8.78566 -2.5
      vertex 5.71236 7.19198 -2.5
      vertex 5.81009 7.21435 -2.5
    endloop
  endfacet
  facet normal 0 0 1
    outer loop
      vertex 5.71236 8.80803 -2.5
      vertex 5.71236 7.19198 -2.5
      vertex 5.8101 8.78566 -2.5
    endloop
  endfacet
  facet normal 0 0 1
    outer loop
      vertex 5.71236 8.80803 -2.5
      vertex 5.62874 7.17702 -2.5
      vertex 5.71236 7.19198 -2.5
    endloop
  endfacet
  facet normal 0 0 1
    outer loop
      vertex 5.62873 8.82299 -2.5
      vertex 5.62874 7.17702 -2.5
      vertex 5.71236 8.80803 -2.5
    endloop
  endfacet
  facet normal 0 0 1
    outer loop
      vertex 5.55825 8.83224 -2.5
      vertex 5.62874 7.17702 -2.5
      vertex 5.62873 8.82299 -2.5
    endloop
  endfacet
  facet normal 0 0 1
    outer loop
      vertex 5.55825 8.83224 -2.5
      vertex 5.55825 7.16777 -2.5
      vertex 5.62874 7.17702 -2.5
    endloop
  endfacet
  facet normal 0 0 1
    outer loop
      vertex 5.50006 8.83721 -2.5
      vertex 5.55825 7.16777 -2.5
      vertex 5.55825 8.83224 -2.5
    endloop
  endfacet
  facet normal 0 0 1
    outer loop
      vertex 5.50006 8.83721 -2.5
      vertex 5.50006 7.16281 -2.5
      vertex 5.55825 7.16777 -2.5
    endloop
  endfacet
  facet normal 0 0 1
    outer loop
      vertex 5.45347 8.83908 -2.5
      vertex 5.50006 7.16281 -2.5
      vertex 5.50006 8.83721 -2.5
    endloop
  endfacet
  facet normal 0 0 1
    outer loop
      vertex 5.45347 8.83908 -2.5
      vertex 5.45347 7.16092 -2.5
      vertex 5.50006 7.16281 -2.5
    endloop
  endfacet
  facet normal 0 0 1
    outer loop
      vertex 5.37321 8.83589 -2.5
      vertex 5.45347 8.83908 -2.5
      vertex 5.41793 8.83897 -2.5
    endloop
  endfacet
  facet normal 0 0 1
    outer loop
      vertex 5.45347 8.83908 -2.5
      vertex 5.37321 8.83589 -2.5
      vertex 5.45347 7.16092 -2.5
    endloop
  endfacet
  facet normal 0 0 1
    outer loop
      vertex 5.37321 8.83589 -2.5
      vertex 5.41793 8.83897 -2.5
      vertex 5.39292 8.83783 -2.5
    endloop
  endfacet
  facet normal -0 0 1
    outer loop
      vertex 5.3732 7.16411 -2.5
      vertex 5.45347 7.16092 -2.5
      vertex 5.37321 8.83589 -2.5
    endloop
  endfacet
  facet normal 0 0 1
    outer loop
      vertex 5.41792 7.16103 -2.5
      vertex 5.3732 7.16411 -2.5
      vertex 5.39291 7.16219 -2.5
    endloop
  endfacet
  facet normal 0 0 1
    outer loop
      vertex 5.37321 8.83589 -2.5
      vertex 5.39292 8.83783 -2.5
      vertex 5.3781 8.83652 -2.5
    endloop
  endfacet
  facet normal 0 0 1
    outer loop
      vertex 5.45347 7.16092 -2.5
      vertex 5.3732 7.16411 -2.5
      vertex 5.41792 7.16103 -2.5
    endloop
  endfacet
  facet normal 0 0 1
    outer loop
      vertex 5.39291 7.16219 -2.5
      vertex 5.3732 7.16411 -2.5
      vertex 5.3781 7.1635 -2.5
    endloop
  endfacet
  facet normal 0 0 1
    outer loop
      vertex 4.5 8 -2.5
      vertex 5.37321 8.83589 -2.5
      vertex 4.77588 8.74297 -2.5
    endloop
  endfacet
  facet normal 0 0 1
    outer loop
      vertex 5.37321 8.83589 -2.5
      vertex 4.5 8 -2.5
      vertex 5.3732 7.16411 -2.5
    endloop
  endfacet
  facet normal 0 0 1
    outer loop
      vertex 5.3732 7.16411 -2.5
      vertex 4.5 8 -2.5
      vertex 4.74979 7.2611 -2.5
    endloop
  endfacet
  facet normal -0 0 1
    outer loop
      vertex 4.40166 8.9356 -2.5
      vertex 4.77588 8.74297 -2.5
      vertex 4.51705 9.71969 -2.5
    endloop
  endfacet
  facet normal 0 0 1
    outer loop
      vertex 4.11095 9.83031 -2.5
      vertex 4.51705 9.71969 -2.5
      vertex 4.50498 9.74352 -2.5
    endloop
  endfacet
  facet normal 0 0 1
    outer loop
      vertex 4.40166 7.0644 -2.5
      vertex 4.74979 7.2611 -2.5
      vertex 4.5 8 -2.5
    endloop
  endfacet
  facet normal 0 0 1
    outer loop
      vertex 4.74979 7.2611 -2.5
      vertex 4.40166 7.0644 -2.5
      vertex 4.66518 6.73622 -2.5
    endloop
  endfacet
  facet normal 0 0 1
    outer loop
      vertex 4.66518 6.73622 -2.5
      vertex 4.40166 7.0644 -2.5
      vertex 4.48283 6.26505 -2.5
    endloop
  endfacet
  facet normal 0 0 1
    outer loop
      vertex 4.11095 6.16969 -2.5
      vertex 4.48283 6.26505 -2.5
      vertex 4.40166 7.0644 -2.5
    endloop
  endfacet
  facet normal 0 -0 1
    outer loop
      vertex 4.23537 4.58951 -2.5
      vertex 4.48283 6.26505 -2.5
      vertex 4.11095 6.16969 -2.5
    endloop
  endfacet
  facet normal 0 0 1
    outer loop
      vertex 4.48283 6.26505 -2.5
      vertex 4.39746 4.50016 -2.5
      vertex 4.46313 4.47291 -2.5
    endloop
  endfacet
  facet normal 0 0 1
    outer loop
      vertex 4.48283 6.26505 -2.5
      vertex 4.34459 4.52495 -2.5
      vertex 4.39746 4.50016 -2.5
    endloop
  endfacet
  facet normal 0 0 1
    outer loop
      vertex 4.48283 6.26505 -2.5
      vertex 4.23537 4.58951 -2.5
      vertex 4.34459 4.52495 -2.5
    endloop
  endfacet
  facet normal 0 0 1
    outer loop
      vertex 4.34459 4.52495 -2.5
      vertex 4.23537 4.58951 -2.5
      vertex 4.30329 4.54661 -2.5
    endloop
  endfacet
  facet normal 0 0 1
    outer loop
      vertex 4.30329 4.54661 -2.5
      vertex 4.23537 4.58951 -2.5
      vertex 4.27256 4.56447 -2.5
    endloop
  endfacet
  facet normal 0 0 1
    outer loop
      vertex 4.27256 4.56447 -2.5
      vertex 4.23537 4.58951 -2.5
      vertex 4.25148 4.57798 -2.5
    endloop
  endfacet
  facet normal 0 0 1
    outer loop
      vertex 4.25148 4.57798 -2.5
      vertex 4.23537 4.58951 -2.5
      vertex 4.23931 4.58652 -2.5
    endloop
  endfacet
  facet normal 0 0 1
    outer loop
      vertex 4.11095 6.16969 -2.5
      vertex 3.76243 4.97034 -2.5
      vertex 4.23537 4.58951 -2.5
    endloop
  endfacet
  facet normal -0 0 1
    outer loop
      vertex 3.64058 5.35497 -2.5
      vertex 3.76243 4.97034 -2.5
      vertex 4.11095 6.16969 -2.5
    endloop
  endfacet
  facet normal 0 0 1
    outer loop
      vertex 3.76243 4.97034 -2.5
      vertex 3.64058 5.35497 -2.5
      vertex 3.74783 4.94798 -2.5
    endloop
  endfacet
  facet normal 0 0 1
    outer loop
      vertex 3.01109 4.65585 -2.5
      vertex 3.74783 4.94798 -2.5
      vertex 3.64058 5.35497 -2.5
    endloop
  endfacet
  facet normal 0 0 1
    outer loop
      vertex 3.74783 4.94798 -2.5
      vertex 3.01109 4.65585 -2.5
      vertex 3.03136 4.23546 -2.5
    endloop
  endfacet
  facet normal 0 0 1
    outer loop
      vertex 5.97314 11.6498 -2.5
      vertex 6.02878 11.0855 -2.5
      vertex 6.14742 11.348 -2.5
    endloop
  endfacet
  facet normal 0 0 1
    outer loop
      vertex 5.6865 11.6783 -2.5
      vertex 6.02878 11.0855 -2.5
      vertex 5.97314 11.6498 -2.5
    endloop
  endfacet
  facet normal 0 0 1
    outer loop
      vertex 6.02878 11.0855 -2.5
      vertex 5.6865 11.6783 -2.5
      vertex 5.91221 10.8673 -2.5
    endloop
  endfacet
  facet normal 0 0 1
    outer loop
      vertex 5.43925 11.6865 -2.5
      vertex 5.91221 10.8673 -2.5
      vertex 5.6865 11.6783 -2.5
    endloop
  endfacet
  facet normal 0 0 1
    outer loop
      vertex 5.91221 10.8673 -2.5
      vertex 5.43925 11.6865 -2.5
      vertex 5.80031 10.686 -2.5
    endloop
  endfacet
  facet normal -0 0 1
    outer loop
      vertex 5.22634 11.6802 -2.5
      vertex 5.80031 10.686 -2.5
      vertex 5.43925 11.6865 -2.5
    endloop
  endfacet
  facet normal 0 0 1
    outer loop
      vertex 5.80031 10.686 -2.5
      vertex 5.22634 11.6802 -2.5
      vertex 5.6948 10.5357 -2.5
    endloop
  endfacet
  facet normal -0 0 1
    outer loop
      vertex 5.04333 11.664 -2.5
      vertex 5.6948 10.5357 -2.5
      vertex 5.22634 11.6802 -2.5
    endloop
  endfacet
  facet normal 0 0 1
    outer loop
      vertex 5.6948 10.5357 -2.5
      vertex 5.04333 11.664 -2.5
      vertex 5.59663 10.4112 -2.5
    endloop
  endfacet
  facet normal -0 0 1
    outer loop
      vertex 4.88648 11.6412 -2.5
      vertex 5.59663 10.4112 -2.5
      vertex 5.04333 11.664 -2.5
    endloop
  endfacet
  facet normal 0 0 1
    outer loop
      vertex 5.59663 10.4112 -2.5
      vertex 4.88648 11.6412 -2.5
      vertex 5.50642 10.3086 -2.5
    endloop
  endfacet
  facet normal -0 0 1
    outer loop
      vertex 4.75255 11.6144 -2.5
      vertex 5.50642 10.3086 -2.5
      vertex 4.88648 11.6412 -2.5
    endloop
  endfacet
  facet normal 0 0 1
    outer loop
      vertex 5.50642 10.3086 -2.5
      vertex 4.75255 11.6144 -2.5
      vertex 5.42452 10.2246 -2.5
    endloop
  endfacet
  facet normal -0 0 1
    outer loop
      vertex 4.63886 11.5854 -2.5
      vertex 5.42452 10.2246 -2.5
      vertex 4.75255 11.6144 -2.5
    endloop
  endfacet
  facet normal 0 0 1
    outer loop
      vertex 5.42452 10.2246 -2.5
      vertex 4.63886 11.5854 -2.5
      vertex 5.35106 10.1564 -2.5
    endloop
  endfacet
  facet normal -0 0 1
    outer loop
      vertex 4.54303 11.5559 -2.5
      vertex 5.35106 10.1564 -2.5
      vertex 4.63886 11.5854 -2.5
    endloop
  endfacet
  facet normal 0 0 1
    outer loop
      vertex 5.35106 10.1564 -2.5
      vertex 4.54303 11.5559 -2.5
      vertex 5.28611 10.1016 -2.5
    endloop
  endfacet
  facet normal -0 0 1
    outer loop
      vertex 4.46312 11.5271 -2.5
      vertex 5.28611 10.1016 -2.5
      vertex 4.54303 11.5559 -2.5
    endloop
  endfacet
  facet normal 0 0 1
    outer loop
      vertex 5.28611 10.1016 -2.5
      vertex 4.46312 11.5271 -2.5
      vertex 5.22969 10.0584 -2.5
    endloop
  endfacet
  facet normal -0 0 1
    outer loop
      vertex 4.39745 11.4999 -2.5
      vertex 5.22969 10.0584 -2.5
      vertex 4.46312 11.5271 -2.5
    endloop
  endfacet
  facet normal 0 0 1
    outer loop
      vertex 5.22969 10.0584 -2.5
      vertex 4.39745 11.4999 -2.5
      vertex 5.18178 10.025 -2.5
    endloop
  endfacet
  facet normal -0 0 1
    outer loop
      vertex 4.34459 11.4751 -2.5
      vertex 5.18178 10.025 -2.5
      vertex 4.39745 11.4999 -2.5
    endloop
  endfacet
  facet normal 0 0 1
    outer loop
      vertex 5.18178 10.025 -2.5
      vertex 4.34459 11.4751 -2.5
      vertex 5.14237 10.0001 -2.5
    endloop
  endfacet
  facet normal 0 0 1
    outer loop
      vertex 5.14237 10.0001 -2.5
      vertex 5.07127 9.96269 -2.5
      vertex 5.11154 9.98238 -2.5
    endloop
  endfacet
  facet normal 0 0 1
    outer loop
      vertex 5.0893 9.97087 -2.5
      vertex 5.07127 9.96269 -2.5
      vertex 5.07582 9.96461 -2.5
    endloop
  endfacet
  facet normal 0 0 1
    outer loop
      vertex 5.11154 9.98238 -2.5
      vertex 5.07127 9.96269 -2.5
      vertex 5.0893 9.97087 -2.5
    endloop
  endfacet
  facet normal 0 0 1
    outer loop
      vertex 5.14237 10.0001 -2.5
      vertex 4.34459 11.4751 -2.5
      vertex 5.07127 9.96269 -2.5
    endloop
  endfacet
  facet normal 0 0 1
    outer loop
      vertex 4.77588 8.74297 -2.5
      vertex 4.40166 8.9356 -2.5
      vertex 4.5 8 -2.5
    endloop
  endfacet
  facet normal -0 0 1
    outer loop
      vertex 4.23537 11.4105 -2.5
      vertex 5.07127 9.96269 -2.5
      vertex 4.34459 11.4751 -2.5
    endloop
  endfacet
  facet normal 0 0 1
    outer loop
      vertex 5.07127 9.96269 -2.5
      vertex 4.23537 11.4105 -2.5
      vertex 4.50498 9.74352 -2.5
    endloop
  endfacet
  facet normal 0 0 1
    outer loop
      vertex 4.23537 11.4105 -2.5
      vertex 4.34459 11.4751 -2.5
      vertex 4.3033 11.4534 -2.5
    endloop
  endfacet
  facet normal 0 0 1
    outer loop
      vertex 4.23537 11.4105 -2.5
      vertex 4.3033 11.4534 -2.5
      vertex 4.27257 11.4355 -2.5
    endloop
  endfacet
  facet normal 0 0 1
    outer loop
      vertex 4.23537 11.4105 -2.5
      vertex 4.27257 11.4355 -2.5
      vertex 4.25148 11.422 -2.5
    endloop
  endfacet
  facet normal 0 0 1
    outer loop
      vertex 4.23537 11.4105 -2.5
      vertex 4.25148 11.422 -2.5
      vertex 4.23931 11.4135 -2.5
    endloop
  endfacet
  facet normal 0 0 1
    outer loop
      vertex 4.50498 9.74352 -2.5
      vertex 4.23537 11.4105 -2.5
      vertex 4.11095 9.83031 -2.5
    endloop
  endfacet
  facet normal 0 0 1
    outer loop
      vertex 4.51705 9.71969 -2.5
      vertex 4.11095 9.83031 -2.5
      vertex 4.40166 8.9356 -2.5
    endloop
  endfacet
  facet normal 0 0 1
    outer loop
      vertex 3.64058 10.645 -2.5
      vertex 4.23537 11.4105 -2.5
      vertex 3.74393 11.0148 -2.5
    endloop
  endfacet
  facet normal 0 0 1
    outer loop
      vertex 4.23537 11.4105 -2.5
      vertex 3.64058 10.645 -2.5
      vertex 4.11095 9.83031 -2.5
    endloop
  endfacet
  facet normal -0 0 1
    outer loop
      vertex 3.01109 11.3442 -2.5
      vertex 3.74393 11.0148 -2.5
      vertex 3.42707 11.4083 -2.5
    endloop
  endfacet
  facet normal 0 0 1
    outer loop
      vertex 3.01109 11.3442 -2.5
      vertex 3.42707 11.4083 -2.5
      vertex 3.0148 11.744 -2.5
    endloop
  endfacet
  facet normal 0 0 1
    outer loop
      vertex 3.74393 11.0148 -2.5
      vertex 3.01109 11.3442 -2.5
      vertex 3.64058 10.645 -2.5
    endloop
  endfacet
  facet normal 0 0 1
    outer loop
      vertex 6.02878 4.91452 -2.5
      vertex 5.97315 4.35017 -2.5
      vertex 6.14743 4.65204 -2.5
    endloop
  endfacet
  facet normal 0 0 1
    outer loop
      vertex 5.68651 4.32167 -2.5
      vertex 6.02878 4.91452 -2.5
      vertex 5.91219 5.1327 -2.5
    endloop
  endfacet
  facet normal 0 0 1
    outer loop
      vertex 5.43928 4.31354 -2.5
      vertex 5.91219 5.1327 -2.5
      vertex 5.80033 5.31396 -2.5
    endloop
  endfacet
  facet normal 0 0 1
    outer loop
      vertex 5.22634 4.31981 -2.5
      vertex 5.80033 5.31396 -2.5
      vertex 5.69479 5.46437 -2.5
    endloop
  endfacet
  facet normal 0 0 1
    outer loop
      vertex 6.02878 4.91452 -2.5
      vertex 5.68651 4.32167 -2.5
      vertex 5.97315 4.35017 -2.5
    endloop
  endfacet
  facet normal 0 0 1
    outer loop
      vertex 5.04335 4.336 -2.5
      vertex 5.69479 5.46437 -2.5
      vertex 5.59663 5.5888 -2.5
    endloop
  endfacet
  facet normal 0 0 1
    outer loop
      vertex 4.88648 4.35877 -2.5
      vertex 5.59663 5.5888 -2.5
      vertex 5.50643 5.69138 -2.5
    endloop
  endfacet
  facet normal 0 0 1
    outer loop
      vertex 5.91219 5.1327 -2.5
      vertex 5.43928 4.31354 -2.5
      vertex 5.68651 4.32167 -2.5
    endloop
  endfacet
  facet normal 0 0 1
    outer loop
      vertex 4.75255 4.38562 -2.5
      vertex 5.50643 5.69138 -2.5
      vertex 5.42452 5.77536 -2.5
    endloop
  endfacet
  facet normal 0 0 1
    outer loop
      vertex 4.63886 4.41456 -2.5
      vertex 5.42452 5.77536 -2.5
      vertex 5.35105 5.8436 -2.5
    endloop
  endfacet
  facet normal 0 0 1
    outer loop
      vertex 4.54304 4.44406 -2.5
      vertex 5.35105 5.8436 -2.5
      vertex 5.28611 5.89837 -2.5
    endloop
  endfacet
  facet normal 0 0 1
    outer loop
      vertex 4.46313 4.47291 -2.5
      vertex 5.28611 5.89837 -2.5
      vertex 5.22969 5.94162 -2.5
    endloop
  endfacet
  facet normal 0 0 1
    outer loop
      vertex 5.80033 5.31396 -2.5
      vertex 5.22634 4.31981 -2.5
      vertex 5.43928 4.31354 -2.5
    endloop
  endfacet
  facet normal 0 0 1
    outer loop
      vertex 4.46313 4.47291 -2.5
      vertex 5.22969 5.94162 -2.5
      vertex 5.18179 5.97501 -2.5
    endloop
  endfacet
  facet normal 0 0 1
    outer loop
      vertex 4.46313 4.47291 -2.5
      vertex 5.18179 5.97501 -2.5
      vertex 5.14238 5.99994 -2.5
    endloop
  endfacet
  facet normal 0 0 1
    outer loop
      vertex 5.07127 6.0373 -2.5
      vertex 5.14238 5.99994 -2.5
      vertex 5.11154 6.01762 -2.5
    endloop
  endfacet
  facet normal 0 0 1
    outer loop
      vertex 5.07127 6.0373 -2.5
      vertex 5.11154 6.01762 -2.5
      vertex 5.08931 6.02913 -2.5
    endloop
  endfacet
  facet normal 0 0 1
    outer loop
      vertex 5.07127 6.0373 -2.5
      vertex 5.08931 6.02913 -2.5
      vertex 5.07582 6.0354 -2.5
    endloop
  endfacet
  facet normal 0 0 1
    outer loop
      vertex 5.14238 5.99994 -2.5
      vertex 5.07127 6.0373 -2.5
      vertex 4.46313 4.47291 -2.5
    endloop
  endfacet
  facet normal 0 0 1
    outer loop
      vertex 5.69479 5.46437 -2.5
      vertex 5.04335 4.336 -2.5
      vertex 5.22634 4.31981 -2.5
    endloop
  endfacet
  facet normal 0 0 1
    outer loop
      vertex 5.59663 5.5888 -2.5
      vertex 4.88648 4.35877 -2.5
      vertex 5.04335 4.336 -2.5
    endloop
  endfacet
  facet normal 0 0 1
    outer loop
      vertex 5.50643 5.69138 -2.5
      vertex 4.75255 4.38562 -2.5
      vertex 4.88648 4.35877 -2.5
    endloop
  endfacet
  facet normal 0 0 1
    outer loop
      vertex 5.42452 5.77536 -2.5
      vertex 4.63886 4.41456 -2.5
      vertex 4.75255 4.38562 -2.5
    endloop
  endfacet
  facet normal 0 0 1
    outer loop
      vertex 5.35105 5.8436 -2.5
      vertex 4.54304 4.44406 -2.5
      vertex 4.63886 4.41456 -2.5
    endloop
  endfacet
  facet normal 0 0 1
    outer loop
      vertex 4.46313 4.47291 -2.5
      vertex 5.07127 6.0373 -2.5
      vertex 4.48283 6.26505 -2.5
    endloop
  endfacet
  facet normal 0 0 1
    outer loop
      vertex 5.28611 5.89837 -2.5
      vertex 4.46313 4.47291 -2.5
      vertex 4.54304 4.44406 -2.5
    endloop
  endfacet
  facet normal 0 0 1
    outer loop
      vertex 2.86732 2.08779 -2.5
      vertex 3.68646 2.56075 -2.5
      vertex 3.68021 2.77366 -2.5
    endloop
  endfacet
  facet normal 0 0 1
    outer loop
      vertex 2.68605 2.19969 -2.5
      vertex 3.68021 2.77366 -2.5
      vertex 3.66401 2.95667 -2.5
    endloop
  endfacet
  facet normal 0 0 1
    outer loop
      vertex 3.68646 2.56075 -2.5
      vertex 2.86732 2.08779 -2.5
      vertex 3.67833 2.3135 -2.5
    endloop
  endfacet
  facet normal 0 0 1
    outer loop
      vertex 2.53566 2.3052 -2.5
      vertex 3.66401 2.95667 -2.5
      vertex 3.64122 3.11352 -2.5
    endloop
  endfacet
  facet normal 0 0 1
    outer loop
      vertex 2.41119 2.40337 -2.5
      vertex 3.64122 3.11352 -2.5
      vertex 3.61439 3.24745 -2.5
    endloop
  endfacet
  facet normal 0 0 1
    outer loop
      vertex 2.30864 2.49358 -2.5
      vertex 3.61439 3.24745 -2.5
      vertex 3.58545 3.36114 -2.5
    endloop
  endfacet
  facet normal 0 0 1
    outer loop
      vertex 2.22464 2.57548 -2.5
      vertex 3.58545 3.36114 -2.5
      vertex 3.55595 3.45697 -2.5
    endloop
  endfacet
  facet normal 0 0 1
    outer loop
      vertex 2.15641 2.64894 -2.5
      vertex 3.55595 3.45697 -2.5
      vertex 3.52709 3.53688 -2.5
    endloop
  endfacet
  facet normal 0 0 1
    outer loop
      vertex 2.10163 2.71389 -2.5
      vertex 3.52709 3.53688 -2.5
      vertex 3.49985 3.60255 -2.5
    endloop
  endfacet
  facet normal 0 0 1
    outer loop
      vertex 2.05839 2.77031 -2.5
      vertex 3.49985 3.60255 -2.5
      vertex 3.47506 3.65541 -2.5
    endloop
  endfacet
  facet normal 0 0 1
    outer loop
      vertex 2.02499 2.81822 -2.5
      vertex 3.47506 3.65541 -2.5
      vertex 3.45339 3.6967 -2.5
    endloop
  endfacet
  facet normal 0 0 1
    outer loop
      vertex 3.41051 3.76463 -2.5
      vertex 3.45339 3.6967 -2.5
      vertex 3.43553 3.72743 -2.5
    endloop
  endfacet
  facet normal 0 0 1
    outer loop
      vertex 3.41051 3.76463 -2.5
      vertex 3.43553 3.72743 -2.5
      vertex 3.42203 3.74852 -2.5
    endloop
  endfacet
  facet normal 0 0 1
    outer loop
      vertex 3.41051 3.76463 -2.5
      vertex 3.42203 3.74852 -2.5
      vertex 3.41348 3.76069 -2.5
    endloop
  endfacet
  facet normal 0 0 1
    outer loop
      vertex 2.02499 2.81822 -2.5
      vertex 3.45339 3.6967 -2.5
      vertex 3.41051 3.76463 -2.5
    endloop
  endfacet
  facet normal 0 0 1
    outer loop
      vertex 3.67833 2.3135 -2.5
      vertex 2.86732 2.08779 -2.5
      vertex 3.08549 1.97122 -2.5
    endloop
  endfacet
  facet normal 0 0 1
    outer loop
      vertex 3.64984 2.02686 -2.5
      vertex 3.08549 1.97122 -2.5
      vertex 3.34798 1.85258 -2.5
    endloop
  endfacet
  facet normal -0 0 1
    outer loop
      vertex 2.25 4.10289 -2.5
      vertex 3.41051 3.76463 -2.5
      vertex 3.03136 4.23546 -2.5
    endloop
  endfacet
  facet normal 0 0 1
    outer loop
      vertex 2.25 4.10289 -2.5
      vertex 3.03136 4.23546 -2.5
      vertex 3.01109 4.65585 -2.5
    endloop
  endfacet
  facet normal 0 0 1
    outer loop
      vertex 3.67833 2.3135 -2.5
      vertex 3.08549 1.97122 -2.5
      vertex 3.64984 2.02686 -2.5
    endloop
  endfacet
  facet normal 0 0 1
    outer loop
      vertex 3.68021 2.77366 -2.5
      vertex 2.68605 2.19969 -2.5
      vertex 2.86732 2.08779 -2.5
    endloop
  endfacet
  facet normal 0 0 1
    outer loop
      vertex 3.66401 2.95667 -2.5
      vertex 2.53566 2.3052 -2.5
      vertex 2.68605 2.19969 -2.5
    endloop
  endfacet
  facet normal 0 0 1
    outer loop
      vertex 3.41051 3.76463 -2.5
      vertex 2.25 4.10289 -2.5
      vertex 1.96269 2.92873 -2.5
    endloop
  endfacet
  facet normal 0 0 1
    outer loop
      vertex 3.64122 3.11352 -2.5
      vertex 2.41119 2.40337 -2.5
      vertex 2.53566 2.3052 -2.5
    endloop
  endfacet
  facet normal 0 0 1
    outer loop
      vertex 3.61439 3.24745 -2.5
      vertex 2.30864 2.49358 -2.5
      vertex 2.41119 2.40337 -2.5
    endloop
  endfacet
  facet normal 0 0 1
    outer loop
      vertex 3.58545 3.36114 -2.5
      vertex 2.22464 2.57548 -2.5
      vertex 2.30864 2.49358 -2.5
    endloop
  endfacet
  facet normal 0 0 1
    outer loop
      vertex 3.55595 3.45697 -2.5
      vertex 2.15641 2.64894 -2.5
      vertex 2.22464 2.57548 -2.5
    endloop
  endfacet
  facet normal 0 0 1
    outer loop
      vertex 3.52709 3.53688 -2.5
      vertex 2.10163 2.71389 -2.5
      vertex 2.15641 2.64894 -2.5
    endloop
  endfacet
  facet normal 0 0 1
    outer loop
      vertex 3.49985 3.60255 -2.5
      vertex 2.05839 2.77031 -2.5
      vertex 2.10163 2.71389 -2.5
    endloop
  endfacet
  facet normal 0 0 1
    outer loop
      vertex 3.47506 3.65541 -2.5
      vertex 2.02499 2.81822 -2.5
      vertex 2.05839 2.77031 -2.5
    endloop
  endfacet
  facet normal 0 0 1
    outer loop
      vertex 3.41051 3.76463 -2.5
      vertex 1.96269 2.92873 -2.5
      vertex 2.02499 2.81822 -2.5
    endloop
  endfacet
  facet normal 0 0 1
    outer loop
      vertex 2.02499 2.81822 -2.5
      vertex 1.96269 2.92873 -2.5
      vertex 2.00007 2.85763 -2.5
    endloop
  endfacet
  facet normal 0 0 1
    outer loop
      vertex 2.00007 2.85763 -2.5
      vertex 1.96269 2.92873 -2.5
      vertex 1.98238 2.88846 -2.5
    endloop
  endfacet
  facet normal 0 0 1
    outer loop
      vertex 1.98238 2.88846 -2.5
      vertex 1.96269 2.92873 -2.5
      vertex 1.97087 2.9107 -2.5
    endloop
  endfacet
  facet normal 0 0 1
    outer loop
      vertex 1.97087 2.9107 -2.5
      vertex 1.96269 2.92873 -2.5
      vertex 1.96461 2.92418 -2.5
    endloop
  endfacet
  facet normal 0 0 1
    outer loop
      vertex 2.25 4.10289 -2.5
      vertex 1.73498 3.5171 -2.5
      vertex 1.96269 2.92873 -2.5
    endloop
  endfacet
  facet normal -0 0 1
    outer loop
      vertex 1.39058 3.72025 -2.5
      vertex 1.73498 3.5171 -2.5
      vertex 2.25 4.10289 -2.5
    endloop
  endfacet
  facet normal 0 0 1
    outer loop
      vertex 1.39058 3.72025 -2.5
      vertex 1.23811 3.32794 -2.5
      vertex 1.73498 3.5171 -2.5
    endloop
  endfacet
  facet normal 0 0 1
    outer loop
      vertex 1.39058 3.72025 -2.5
      vertex 0.7389 3.25028 -2.5
      vertex 1.23811 3.32794 -2.5
    endloop
  endfacet
  facet normal 0 0 1
    outer loop
      vertex 0.822987 2.37127 -2.5
      vertex -0.822978 2.37126 -2.5
      vertex 0.80803 2.28764 -2.5
    endloop
  endfacet
  facet normal -0 -0 1
    outer loop
      vertex -0.785654 2.18991 -2.5
      vertex 0.785665 2.1899 -2.5
      vertex -0.808022 2.28764 -2.5
    endloop
  endfacet
  facet normal 0 0 1
    outer loop
      vertex 0.75388 2.07697 -2.5
      vertex -0.753861 2.07697 -2.5
      vertex 0.710155 1.94757 -2.5
    endloop
  endfacet
  facet normal -0 0 1
    outer loop
      vertex 0.470378 3.52465 -2.5
      vertex 0.7389 3.25028 -2.5
      vertex 1.39058 3.72025 -2.5
    endloop
  endfacet
  facet normal 0 0 1
    outer loop
      vertex -0.835893 2.6268 -2.5
      vertex 0.7389 3.25028 -2.5
      vertex 0.470378 3.52465 -2.5
    endloop
  endfacet
  facet normal 0 0 1
    outer loop
      vertex 0.710155 1.94757 -2.5
      vertex -0.710151 1.94757 -2.5
      vertex 0.651463 1.80034 -2.5
    endloop
  endfacet
  facet normal 0 -0 1
    outer loop
      vertex -0.573974 1.63374 -2.5
      vertex 0.573994 1.63374 -2.5
      vertex -0.65145 1.80033 -2.5
    endloop
  endfacet
  facet normal 0 0 1
    outer loop
      vertex 0.472939 1.44622 -2.5
      vertex -0.472931 1.44621 -2.5
      vertex 0.342283 1.23617 -2.5
    endloop
  endfacet
  facet normal 0 0 1
    outer loop
      vertex 0.17429 1.00218 -2.5
      vertex -0.342274 1.23617 -2.5
      vertex -0.174273 1.00218 -2.5
    endloop
  endfacet
  facet normal 0 0 1
    outer loop
      vertex -0.742551 3.2268 -2.5
      vertex 0.470378 3.52465 -2.5
      vertex -0.470378 3.52465 -2.5
    endloop
  endfacet
  facet normal 0 0 1
    outer loop
      vertex 0.342283 1.23617 -2.5
      vertex -0.342274 1.23617 -2.5
      vertex 0.17429 1.00218 -2.5
    endloop
  endfacet
  facet normal 0 -0 1
    outer loop
      vertex -0.342274 1.23617 -2.5
      vertex 0.342283 1.23617 -2.5
      vertex -0.472931 1.44621 -2.5
    endloop
  endfacet
  facet normal 0 -0 1
    outer loop
      vertex -0.472931 1.44621 -2.5
      vertex 0.472939 1.44622 -2.5
      vertex -0.573974 1.63374 -2.5
    endloop
  endfacet
  facet normal 0 0 1
    outer loop
      vertex 0.573994 1.63374 -2.5
      vertex -0.573974 1.63374 -2.5
      vertex 0.472939 1.44622 -2.5
    endloop
  endfacet
  facet normal 0 0 1
    outer loop
      vertex 0.470378 3.52465 -2.5
      vertex -0.742551 3.2268 -2.5
      vertex -0.835893 2.6268 -2.5
    endloop
  endfacet
  facet normal 0 0 1
    outer loop
      vertex -0.470378 3.52465 -2.5
      vertex -0.769217 3.22827 -2.5
      vertex -0.742551 3.2268 -2.5
    endloop
  endfacet
  facet normal 0 0 1
    outer loop
      vertex -1.39058 3.72025 -2.5
      vertex -0.769217 3.22827 -2.5
      vertex -0.470378 3.52465 -2.5
    endloop
  endfacet
  facet normal 0 0 1
    outer loop
      vertex -1.39058 3.72025 -2.5
      vertex -1.7445 3.49249 -2.5
      vertex -0.769217 3.22827 -2.5
    endloop
  endfacet
  facet normal 0 0 1
    outer loop
      vertex -2.25 4.10289 -2.5
      vertex -1.9627 2.92873 -2.5
      vertex -1.7445 3.49249 -2.5
    endloop
  endfacet
  facet normal -0 0 1
    outer loop
      vertex -3.41049 3.76463 -2.5
      vertex -1.9627 2.92873 -2.5
      vertex -2.25 4.10289 -2.5
    endloop
  endfacet
  facet normal 0 -0 1
    outer loop
      vertex -2.00006 2.85762 -2.5
      vertex -1.9627 2.92873 -2.5
      vertex -3.41049 3.76463 -2.5
    endloop
  endfacet
  facet normal 0 -0 1
    outer loop
      vertex -1.98238 2.88846 -2.5
      vertex -1.9627 2.92873 -2.5
      vertex -2.00006 2.85762 -2.5
    endloop
  endfacet
  facet normal 0 0 1
    outer loop
      vertex -1.9627 2.92873 -2.5
      vertex -1.97087 2.91069 -2.5
      vertex -1.9646 2.92418 -2.5
    endloop
  endfacet
  facet normal 0 -0 1
    outer loop
      vertex -1.97087 2.91069 -2.5
      vertex -1.9627 2.92873 -2.5
      vertex -1.98238 2.88846 -2.5
    endloop
  endfacet
  facet normal 0 0 1
    outer loop
      vertex -2.00006 2.85762 -2.5
      vertex -3.41049 3.76463 -2.5
      vertex -2.02499 2.81821 -2.5
    endloop
  endfacet
  facet normal -0 0 1
    outer loop
      vertex -3.47505 3.65541 -2.5
      vertex -2.02499 2.81821 -2.5
      vertex -3.41049 3.76463 -2.5
    endloop
  endfacet
  facet normal 0 0 1
    outer loop
      vertex -2.02499 2.81821 -2.5
      vertex -3.47505 3.65541 -2.5
      vertex -2.05838 2.77031 -2.5
    endloop
  endfacet
  facet normal 0 0 1
    outer loop
      vertex -2.25 4.10289 -2.5
      vertex -1.7445 3.49249 -2.5
      vertex -1.39058 3.72025 -2.5
    endloop
  endfacet
  facet normal -0 0 1
    outer loop
      vertex -3.49984 3.60254 -2.5
      vertex -2.05838 2.77031 -2.5
      vertex -3.47505 3.65541 -2.5
    endloop
  endfacet
  facet normal 0 0 1
    outer loop
      vertex -2.05838 2.77031 -2.5
      vertex -3.49984 3.60254 -2.5
      vertex -2.10163 2.71389 -2.5
    endloop
  endfacet
  facet normal -0 0 1
    outer loop
      vertex -3.52709 3.53687 -2.5
      vertex -2.10163 2.71389 -2.5
      vertex -3.49984 3.60254 -2.5
    endloop
  endfacet
  facet normal 0 0 1
    outer loop
      vertex -2.10163 2.71389 -2.5
      vertex -3.52709 3.53687 -2.5
      vertex -2.1564 2.64895 -2.5
    endloop
  endfacet
  facet normal 0 0 1
    outer loop
      vertex -2.1564 2.64895 -2.5
      vertex -3.55594 3.45696 -2.5
      vertex -2.22464 2.57548 -2.5
    endloop
  endfacet
  facet normal -0 0 1
    outer loop
      vertex -3.61438 3.24745 -2.5
      vertex -2.30862 2.49357 -2.5
      vertex -3.58544 3.36114 -2.5
    endloop
  endfacet
  facet normal -0 0 1
    outer loop
      vertex -3.0148 4.25602 -2.5
      vertex -2.25 4.10289 -2.5
      vertex -3.01109 4.65585 -2.5
    endloop
  endfacet
  facet normal 0 0 1
    outer loop
      vertex -3.41049 3.76463 -2.5
      vertex -2.25 4.10289 -2.5
      vertex -3.0148 4.25602 -2.5
    endloop
  endfacet
  facet normal -0 0 1
    outer loop
      vertex -3.58544 3.36114 -2.5
      vertex -2.22464 2.57548 -2.5
      vertex -3.55594 3.45696 -2.5
    endloop
  endfacet
  facet normal 0 0 1
    outer loop
      vertex -2.30862 2.49357 -2.5
      vertex -3.61438 3.24745 -2.5
      vertex -2.4112 2.40337 -2.5
    endloop
  endfacet
  facet normal 0 0 1
    outer loop
      vertex -2.4112 2.40337 -2.5
      vertex -3.64123 3.11352 -2.5
      vertex -2.53563 2.30521 -2.5
    endloop
  endfacet
  facet normal 0 0 1
    outer loop
      vertex -3.42202 3.74852 -2.5
      vertex -3.41049 3.76463 -2.5
      vertex -3.41348 3.76069 -2.5
    endloop
  endfacet
  facet normal 0 0 1
    outer loop
      vertex -3.41049 3.76463 -2.5
      vertex -3.42202 3.74852 -2.5
      vertex -3.43553 3.72744 -2.5
    endloop
  endfacet
  facet normal 0 0 1
    outer loop
      vertex -3.41049 3.76463 -2.5
      vertex -3.43553 3.72744 -2.5
      vertex -3.45339 3.69671 -2.5
    endloop
  endfacet
  facet normal 0 0 1
    outer loop
      vertex -3.41049 3.76463 -2.5
      vertex -3.45339 3.69671 -2.5
      vertex -3.47505 3.65541 -2.5
    endloop
  endfacet
  facet normal -0 0 1
    outer loop
      vertex -3.55594 3.45696 -2.5
      vertex -2.1564 2.64895 -2.5
      vertex -3.52709 3.53687 -2.5
    endloop
  endfacet
  facet normal 0 0 1
    outer loop
      vertex -2.22464 2.57548 -2.5
      vertex -3.58544 3.36114 -2.5
      vertex -2.30862 2.49357 -2.5
    endloop
  endfacet
  facet normal -0 0 1
    outer loop
      vertex -3.64123 3.11352 -2.5
      vertex -2.4112 2.40337 -2.5
      vertex -3.61438 3.24745 -2.5
    endloop
  endfacet
  facet normal -0 0 1
    outer loop
      vertex -3.664 2.95665 -2.5
      vertex -2.53563 2.30521 -2.5
      vertex -3.64123 3.11352 -2.5
    endloop
  endfacet
  facet normal 0 0 1
    outer loop
      vertex -2.53563 2.30521 -2.5
      vertex -3.664 2.95665 -2.5
      vertex -2.68604 2.19967 -2.5
    endloop
  endfacet
  facet normal -0 0 1
    outer loop
      vertex -3.68019 2.77366 -2.5
      vertex -2.68604 2.19967 -2.5
      vertex -3.664 2.95665 -2.5
    endloop
  endfacet
  facet normal 0 0 1
    outer loop
      vertex -2.68604 2.19967 -2.5
      vertex -3.68019 2.77366 -2.5
      vertex -2.8673 2.08781 -2.5
    endloop
  endfacet
  facet normal -0 0 1
    outer loop
      vertex -3.68646 2.56072 -2.5
      vertex -2.8673 2.08781 -2.5
      vertex -3.68019 2.77366 -2.5
    endloop
  endfacet
  facet normal 0 0 1
    outer loop
      vertex -2.8673 2.08781 -2.5
      vertex -3.68646 2.56072 -2.5
      vertex -3.08548 1.97122 -2.5
    endloop
  endfacet
  facet normal 0 0 1
    outer loop
      vertex -3.34796 1.85257 -2.5
      vertex -3.67833 2.31349 -2.5
      vertex -3.64983 2.02685 -2.5
    endloop
  endfacet
  facet normal -0 -0 1
    outer loop
      vertex -3.67833 2.31349 -2.5
      vertex -3.08548 1.97122 -2.5
      vertex -3.68646 2.56072 -2.5
    endloop
  endfacet
  facet normal 0 0 1
    outer loop
      vertex -3.08548 1.97122 -2.5
      vertex -3.67833 2.31349 -2.5
      vertex -3.34796 1.85257 -2.5
    endloop
  endfacet
  facet normal 0 0 1
    outer loop
      vertex 2.8673 13.9122 -2.5
      vertex 3.68646 13.4393 -2.5
      vertex 3.67833 13.6865 -2.5
    endloop
  endfacet
  facet normal 0 0 1
    outer loop
      vertex 3.68646 13.4393 -2.5
      vertex 2.8673 13.9122 -2.5
      vertex 3.68019 13.2263 -2.5
    endloop
  endfacet
  facet normal 0 0 1
    outer loop
      vertex 3.08548 14.0288 -2.5
      vertex 3.67833 13.6865 -2.5
      vertex 3.64983 13.9731 -2.5
    endloop
  endfacet
  facet normal -0 0 1
    outer loop
      vertex 2.8673 13.9122 -2.5
      vertex 3.67833 13.6865 -2.5
      vertex 3.08548 14.0288 -2.5
    endloop
  endfacet
  facet normal -0 0 1
    outer loop
      vertex 2.68604 13.8003 -2.5
      vertex 3.68019 13.2263 -2.5
      vertex 2.8673 13.9122 -2.5
    endloop
  endfacet
  facet normal 0 0 1
    outer loop
      vertex 3.68019 13.2263 -2.5
      vertex 2.68604 13.8003 -2.5
      vertex 3.664 13.0433 -2.5
    endloop
  endfacet
  facet normal 0 0 1
    outer loop
      vertex 3.664 13.0433 -2.5
      vertex 2.53563 13.6948 -2.5
      vertex 3.64123 12.8865 -2.5
    endloop
  endfacet
  facet normal -0 0 1
    outer loop
      vertex 2.4112 13.5966 -2.5
      vertex 3.64123 12.8865 -2.5
      vertex 2.53563 13.6948 -2.5
    endloop
  endfacet
  facet normal 0 0 1
    outer loop
      vertex 3.64123 12.8865 -2.5
      vertex 2.4112 13.5966 -2.5
      vertex 3.61438 12.7526 -2.5
    endloop
  endfacet
  facet normal -0 0 1
    outer loop
      vertex 2.30862 13.5064 -2.5
      vertex 3.61438 12.7526 -2.5
      vertex 2.4112 13.5966 -2.5
    endloop
  endfacet
  facet normal 0 0 1
    outer loop
      vertex 3.61438 12.7526 -2.5
      vertex 2.30862 13.5064 -2.5
      vertex 3.58544 12.6389 -2.5
    endloop
  endfacet
  facet normal -0 0 1
    outer loop
      vertex 2.22464 13.4245 -2.5
      vertex 3.58544 12.6389 -2.5
      vertex 2.30862 13.5064 -2.5
    endloop
  endfacet
  facet normal 0 0 1
    outer loop
      vertex 3.58544 12.6389 -2.5
      vertex 2.22464 13.4245 -2.5
      vertex 3.55594 12.543 -2.5
    endloop
  endfacet
  facet normal -0 0 1
    outer loop
      vertex 2.1564 13.3511 -2.5
      vertex 3.55594 12.543 -2.5
      vertex 2.22464 13.4245 -2.5
    endloop
  endfacet
  facet normal 0 0 1
    outer loop
      vertex 3.55594 12.543 -2.5
      vertex 2.1564 13.3511 -2.5
      vertex 3.52709 12.4631 -2.5
    endloop
  endfacet
  facet normal -0 0 1
    outer loop
      vertex 3.08548 14.0288 -2.5
      vertex 3.64983 13.9731 -2.5
      vertex 3.34796 14.1474 -2.5
    endloop
  endfacet
  facet normal -0 0 1
    outer loop
      vertex 2.53563 13.6948 -2.5
      vertex 3.664 13.0433 -2.5
      vertex 2.68604 13.8003 -2.5
    endloop
  endfacet
  facet normal -0 0 1
    outer loop
      vertex 2.10163 13.2861 -2.5
      vertex 3.52709 12.4631 -2.5
      vertex 2.1564 13.3511 -2.5
    endloop
  endfacet
  facet normal 0 0 1
    outer loop
      vertex 3.52709 12.4631 -2.5
      vertex 2.10163 13.2861 -2.5
      vertex 3.49984 12.3975 -2.5
    endloop
  endfacet
  facet normal -0 0 1
    outer loop
      vertex 2.05838 13.2297 -2.5
      vertex 3.49984 12.3975 -2.5
      vertex 2.10163 13.2861 -2.5
    endloop
  endfacet
  facet normal 0 0 1
    outer loop
      vertex 3.49984 12.3975 -2.5
      vertex 2.05838 13.2297 -2.5
      vertex 3.47505 12.3446 -2.5
    endloop
  endfacet
  facet normal -0 0 1
    outer loop
      vertex 2.02499 13.1818 -2.5
      vertex 3.47505 12.3446 -2.5
      vertex 2.05838 13.2297 -2.5
    endloop
  endfacet
  facet normal 0 0 1
    outer loop
      vertex 3.47505 12.3446 -2.5
      vertex 2.02499 13.1818 -2.5
      vertex 3.45339 12.3033 -2.5
    endloop
  endfacet
  facet normal 0 0 1
    outer loop
      vertex 3.45339 12.3033 -2.5
      vertex 3.41049 12.2354 -2.5
      vertex 3.43553 12.2726 -2.5
    endloop
  endfacet
  facet normal 0 0 1
    outer loop
      vertex 3.0148 11.744 -2.5
      vertex 2.25 11.8971 -2.5
      vertex 3.01109 11.3442 -2.5
    endloop
  endfacet
  facet normal 0 0 1
    outer loop
      vertex 3.42202 12.2515 -2.5
      vertex 3.41049 12.2354 -2.5
      vertex 3.41348 12.2393 -2.5
    endloop
  endfacet
  facet normal 0 0 1
    outer loop
      vertex 3.43553 12.2726 -2.5
      vertex 3.41049 12.2354 -2.5
      vertex 3.42202 12.2515 -2.5
    endloop
  endfacet
  facet normal 0 0 1
    outer loop
      vertex 3.45339 12.3033 -2.5
      vertex 2.02499 13.1818 -2.5
      vertex 3.41049 12.2354 -2.5
    endloop
  endfacet
  facet normal -0 0 1
    outer loop
      vertex 1.9627 13.0713 -2.5
      vertex 3.41049 12.2354 -2.5
      vertex 2.02499 13.1818 -2.5
    endloop
  endfacet
  facet normal 0 -0 1
    outer loop
      vertex 2.25 11.8971 -2.5
      vertex 3.41049 12.2354 -2.5
      vertex 1.9627 13.0713 -2.5
    endloop
  endfacet
  facet normal 0 0 1
    outer loop
      vertex 1.9627 13.0713 -2.5
      vertex 2.02499 13.1818 -2.5
      vertex 2.00006 13.1424 -2.5
    endloop
  endfacet
  facet normal 0 0 1
    outer loop
      vertex 1.9627 13.0713 -2.5
      vertex 2.00006 13.1424 -2.5
      vertex 1.98238 13.1115 -2.5
    endloop
  endfacet
  facet normal 0 0 1
    outer loop
      vertex 1.9627 13.0713 -2.5
      vertex 1.98238 13.1115 -2.5
      vertex 1.97087 13.0893 -2.5
    endloop
  endfacet
  facet normal 0 0 1
    outer loop
      vertex 1.9627 13.0713 -2.5
      vertex 1.97087 13.0893 -2.5
      vertex 1.9646 13.0758 -2.5
    endloop
  endfacet
  facet normal 0 0 1
    outer loop
      vertex 3.41049 12.2354 -2.5
      vertex 2.25 11.8971 -2.5
      vertex 3.0148 11.744 -2.5
    endloop
  endfacet
  facet normal -0 0 1
    outer loop
      vertex 1.7445 12.5075 -2.5
      vertex 2.25 11.8971 -2.5
      vertex 1.9627 13.0713 -2.5
    endloop
  endfacet
  facet normal 0 0 1
    outer loop
      vertex 1.7445 12.5075 -2.5
      vertex 1.39058 12.2798 -2.5
      vertex 2.25 11.8971 -2.5
    endloop
  endfacet
  facet normal 0 0 1
    outer loop
      vertex 0.769217 12.7717 -2.5
      vertex 1.39058 12.2798 -2.5
      vertex 1.7445 12.5075 -2.5
    endloop
  endfacet
  facet normal 0 0 1
    outer loop
      vertex 0.470378 12.4753 -2.5
      vertex 0.769217 12.7717 -2.5
      vertex 0.742551 12.7732 -2.5
    endloop
  endfacet
  facet normal 0 0 1
    outer loop
      vertex -0.710155 14.0524 -2.5
      vertex 0.710151 14.0524 -2.5
      vertex 0.65145 14.1997 -2.5
    endloop
  endfacet
  facet normal 0 0 1
    outer loop
      vertex -0.651463 14.1997 -2.5
      vertex 0.65145 14.1997 -2.5
      vertex 0.573974 14.3663 -2.5
    endloop
  endfacet
  facet normal 0 0 1
    outer loop
      vertex -0.573994 14.3663 -2.5
      vertex 0.573974 14.3663 -2.5
      vertex 0.472931 14.5538 -2.5
    endloop
  endfacet
  facet normal 0 0 1
    outer loop
      vertex 0.769217 12.7717 -2.5
      vertex 0.470378 12.4753 -2.5
      vertex 1.39058 12.2798 -2.5
    endloop
  endfacet
  facet normal 0 0 1
    outer loop
      vertex 0.785654 13.8101 -2.5
      vertex -0.785665 13.8101 -2.5
      vertex -0.80803 13.7124 -2.5
    endloop
  endfacet
  facet normal 0 0 1
    outer loop
      vertex -0.472939 14.5538 -2.5
      vertex 0.472931 14.5538 -2.5
      vertex 0.342274 14.7638 -2.5
    endloop
  endfacet
  facet normal 0 0 1
    outer loop
      vertex -0.342283 14.7638 -2.5
      vertex 0.342274 14.7638 -2.5
      vertex 0.174273 14.9978 -2.5
    endloop
  endfacet
  facet normal 0 0 1
    outer loop
      vertex -0.342283 14.7638 -2.5
      vertex 0.174273 14.9978 -2.5
      vertex -0.17429 14.9978 -2.5
    endloop
  endfacet
  facet normal 0 0 1
    outer loop
      vertex 0.342274 14.7638 -2.5
      vertex -0.342283 14.7638 -2.5
      vertex -0.472939 14.5538 -2.5
    endloop
  endfacet
  facet normal 0 0 1
    outer loop
      vertex 0.472931 14.5538 -2.5
      vertex -0.472939 14.5538 -2.5
      vertex -0.573994 14.3663 -2.5
    endloop
  endfacet
  facet normal 0 0 1
    outer loop
      vertex 0.573974 14.3663 -2.5
      vertex -0.573994 14.3663 -2.5
      vertex -0.651463 14.1997 -2.5
    endloop
  endfacet
  facet normal 0 0 1
    outer loop
      vertex 0.65145 14.1997 -2.5
      vertex -0.651463 14.1997 -2.5
      vertex -0.710155 14.0524 -2.5
    endloop
  endfacet
  facet normal 0 0 1
    outer loop
      vertex 0.710151 14.0524 -2.5
      vertex -0.710155 14.0524 -2.5
      vertex -0.75388 13.923 -2.5
    endloop
  endfacet
  facet normal 0 0 1
    outer loop
      vertex 0.753861 13.923 -2.5
      vertex -0.75388 13.923 -2.5
      vertex -0.785665 13.8101 -2.5
    endloop
  endfacet
  facet normal 0 0 1
    outer loop
      vertex 0.822978 13.6287 -2.5
      vertex -0.822987 13.6287 -2.5
      vertex -0.832236 13.5582 -2.5
    endloop
  endfacet
  facet normal 0 0 1
    outer loop
      vertex -1.39058 12.2798 -2.5
      vertex -0.7389 12.7497 -2.5
      vertex -1.23811 12.6721 -2.5
    endloop
  endfacet
  facet normal 0 0 1
    outer loop
      vertex -0.7389 12.7497 -2.5
      vertex -1.39058 12.2798 -2.5
      vertex -0.470378 12.4753 -2.5
    endloop
  endfacet
  facet normal -0 0 1
    outer loop
      vertex -1.73498 12.4829 -2.5
      vertex -1.39058 12.2798 -2.5
      vertex -1.23811 12.6721 -2.5
    endloop
  endfacet
  facet normal 0 0 1
    outer loop
      vertex -1.97087 13.0893 -2.5
      vertex -1.96269 13.0713 -2.5
      vertex -1.96461 13.0758 -2.5
    endloop
  endfacet
  facet normal 0 0 1
    outer loop
      vertex -1.96269 13.0713 -2.5
      vertex -1.97087 13.0893 -2.5
      vertex -1.98238 13.1115 -2.5
    endloop
  endfacet
  facet normal 0 0 1
    outer loop
      vertex -1.96269 13.0713 -2.5
      vertex -1.98238 13.1115 -2.5
      vertex -2.00007 13.1424 -2.5
    endloop
  endfacet
  facet normal 0 0 1
    outer loop
      vertex -1.96269 13.0713 -2.5
      vertex -2.00007 13.1424 -2.5
      vertex -3.41051 12.2354 -2.5
    endloop
  endfacet
  facet normal 0 0 1
    outer loop
      vertex -3.41051 12.2354 -2.5
      vertex -2.00007 13.1424 -2.5
      vertex -2.02499 13.1818 -2.5
    endloop
  endfacet
  facet normal 0 0 1
    outer loop
      vertex -3.47506 12.3446 -2.5
      vertex -2.02499 13.1818 -2.5
      vertex -2.05839 13.2297 -2.5
    endloop
  endfacet
  facet normal 0 0 1
    outer loop
      vertex -3.49985 12.3975 -2.5
      vertex -2.05839 13.2297 -2.5
      vertex -2.10163 13.2861 -2.5
    endloop
  endfacet
  facet normal 0 0 1
    outer loop
      vertex -3.52709 12.4631 -2.5
      vertex -2.10163 13.2861 -2.5
      vertex -2.15641 13.3511 -2.5
    endloop
  endfacet
  facet normal 0 0 1
    outer loop
      vertex -3.55595 12.543 -2.5
      vertex -2.15641 13.3511 -2.5
      vertex -2.22464 13.4245 -2.5
    endloop
  endfacet
  facet normal 0 0 1
    outer loop
      vertex -1.73498 12.4829 -2.5
      vertex -2.25 11.8971 -2.5
      vertex -1.39058 12.2798 -2.5
    endloop
  endfacet
  facet normal 0 0 1
    outer loop
      vertex -1.96269 13.0713 -2.5
      vertex -2.25 11.8971 -2.5
      vertex -1.73498 12.4829 -2.5
    endloop
  endfacet
  facet normal 0 0 1
    outer loop
      vertex -3.58545 12.6389 -2.5
      vertex -2.22464 13.4245 -2.5
      vertex -2.30864 13.5064 -2.5
    endloop
  endfacet
  facet normal 0 0 1
    outer loop
      vertex -3.61439 12.7526 -2.5
      vertex -2.30864 13.5064 -2.5
      vertex -2.41119 13.5966 -2.5
    endloop
  endfacet
  facet normal 0 0 1
    outer loop
      vertex -3.64122 12.8865 -2.5
      vertex -2.41119 13.5966 -2.5
      vertex -2.53566 13.6948 -2.5
    endloop
  endfacet
  facet normal 0 0 1
    outer loop
      vertex -3.66401 13.0433 -2.5
      vertex -2.53566 13.6948 -2.5
      vertex -2.68605 13.8003 -2.5
    endloop
  endfacet
  facet normal 0 0 1
    outer loop
      vertex -3.68021 13.2263 -2.5
      vertex -2.68605 13.8003 -2.5
      vertex -2.86732 13.9122 -2.5
    endloop
  endfacet
  facet normal 0 0 1
    outer loop
      vertex -2.15641 13.3511 -2.5
      vertex -3.55595 12.543 -2.5
      vertex -3.52709 12.4631 -2.5
    endloop
  endfacet
  facet normal 0 0 1
    outer loop
      vertex -2.25 11.8971 -2.5
      vertex -3.03136 11.7645 -2.5
      vertex -3.01109 11.3442 -2.5
    endloop
  endfacet
  facet normal 0 0 1
    outer loop
      vertex -3.68646 13.4393 -2.5
      vertex -2.86732 13.9122 -2.5
      vertex -3.08549 14.0288 -2.5
    endloop
  endfacet
  facet normal 0 0 1
    outer loop
      vertex -3.67833 13.6865 -2.5
      vertex -3.08549 14.0288 -2.5
      vertex -3.34798 14.1474 -2.5
    endloop
  endfacet
  facet normal 0 0 1
    outer loop
      vertex -2.25 11.8971 -2.5
      vertex -3.41051 12.2354 -2.5
      vertex -3.03136 11.7645 -2.5
    endloop
  endfacet
  facet normal 0 0 1
    outer loop
      vertex -2.22464 13.4245 -2.5
      vertex -3.58545 12.6389 -2.5
      vertex -3.55595 12.543 -2.5
    endloop
  endfacet
  facet normal 0 0 1
    outer loop
      vertex -2.10163 13.2861 -2.5
      vertex -3.52709 12.4631 -2.5
      vertex -3.49985 12.3975 -2.5
    endloop
  endfacet
  facet normal 0 0 1
    outer loop
      vertex -2.05839 13.2297 -2.5
      vertex -3.49985 12.3975 -2.5
      vertex -3.47506 12.3446 -2.5
    endloop
  endfacet
  facet normal 0 0 1
    outer loop
      vertex -1.96269 13.0713 -2.5
      vertex -3.41051 12.2354 -2.5
      vertex -2.25 11.8971 -2.5
    endloop
  endfacet
  facet normal -0 -0 1
    outer loop
      vertex -3.45339 12.3033 -2.5
      vertex -3.41051 12.2354 -2.5
      vertex -3.47506 12.3446 -2.5
    endloop
  endfacet
  facet normal -0 -0 1
    outer loop
      vertex -3.43553 12.2726 -2.5
      vertex -3.41051 12.2354 -2.5
      vertex -3.45339 12.3033 -2.5
    endloop
  endfacet
  facet normal 0 0 1
    outer loop
      vertex -3.41051 12.2354 -2.5
      vertex -3.42203 12.2515 -2.5
      vertex -3.41348 12.2393 -2.5
    endloop
  endfacet
  facet normal -0 -0 1
    outer loop
      vertex -3.42203 12.2515 -2.5
      vertex -3.41051 12.2354 -2.5
      vertex -3.43553 12.2726 -2.5
    endloop
  endfacet
  facet normal 0 0 1
    outer loop
      vertex -2.02499 13.1818 -2.5
      vertex -3.47506 12.3446 -2.5
      vertex -3.41051 12.2354 -2.5
    endloop
  endfacet
  facet normal 0 0 1
    outer loop
      vertex -2.30864 13.5064 -2.5
      vertex -3.61439 12.7526 -2.5
      vertex -3.58545 12.6389 -2.5
    endloop
  endfacet
  facet normal 0 0 1
    outer loop
      vertex -2.41119 13.5966 -2.5
      vertex -3.64122 12.8865 -2.5
      vertex -3.61439 12.7526 -2.5
    endloop
  endfacet
  facet normal 0 0 1
    outer loop
      vertex -3.67833 13.6865 -2.5
      vertex -3.34798 14.1474 -2.5
      vertex -3.64984 13.9731 -2.5
    endloop
  endfacet
  facet normal 0 0 1
    outer loop
      vertex -3.08549 14.0288 -2.5
      vertex -3.67833 13.6865 -2.5
      vertex -3.68646 13.4393 -2.5
    endloop
  endfacet
  facet normal 0 0 1
    outer loop
      vertex -2.53566 13.6948 -2.5
      vertex -3.66401 13.0433 -2.5
      vertex -3.64122 12.8865 -2.5
    endloop
  endfacet
  facet normal 0 0 1
    outer loop
      vertex -2.68605 13.8003 -2.5
      vertex -3.68021 13.2263 -2.5
      vertex -3.66401 13.0433 -2.5
    endloop
  endfacet
  facet normal 0 0 1
    outer loop
      vertex -2.86732 13.9122 -2.5
      vertex -3.68646 13.4393 -2.5
      vertex -3.68021 13.2263 -2.5
    endloop
  endfacet
  facet normal 0 0 1
    outer loop
      vertex -5.28611 10.1016 -2.5
      vertex -4.46313 11.5271 -2.5
      vertex -4.54304 11.5559 -2.5
    endloop
  endfacet
  facet normal 0 0 1
    outer loop
      vertex -5.35105 10.1564 -2.5
      vertex -4.54304 11.5559 -2.5
      vertex -4.63886 11.5854 -2.5
    endloop
  endfacet
  facet normal 0 0 1
    outer loop
      vertex -5.42452 10.2246 -2.5
      vertex -4.63886 11.5854 -2.5
      vertex -4.75255 11.6144 -2.5
    endloop
  endfacet
  facet normal 0 0 1
    outer loop
      vertex -5.50643 10.3086 -2.5
      vertex -4.75255 11.6144 -2.5
      vertex -4.88648 11.6412 -2.5
    endloop
  endfacet
  facet normal 0 0 1
    outer loop
      vertex -5.59663 10.4112 -2.5
      vertex -4.88648 11.6412 -2.5
      vertex -5.04335 11.664 -2.5
    endloop
  endfacet
  facet normal 0 0 1
    outer loop
      vertex -4.46313 11.5271 -2.5
      vertex -5.07127 9.9627 -2.5
      vertex -4.48283 9.73495 -2.5
    endloop
  endfacet
  facet normal 0 0 1
    outer loop
      vertex -4.46313 11.5271 -2.5
      vertex -5.18179 10.025 -2.5
      vertex -5.07127 9.9627 -2.5
    endloop
  endfacet
  facet normal -0 -0 1
    outer loop
      vertex -5.11154 9.98238 -2.5
      vertex -5.07127 9.9627 -2.5
      vertex -5.14238 10.0001 -2.5
    endloop
  endfacet
  facet normal -0 -0 1
    outer loop
      vertex -5.08931 9.97087 -2.5
      vertex -5.07127 9.9627 -2.5
      vertex -5.11154 9.98238 -2.5
    endloop
  endfacet
  facet normal 0 0 1
    outer loop
      vertex -5.07127 9.9627 -2.5
      vertex -5.08931 9.97087 -2.5
      vertex -5.07582 9.9646 -2.5
    endloop
  endfacet
  facet normal 0 0 1
    outer loop
      vertex -5.07127 9.9627 -2.5
      vertex -5.18179 10.025 -2.5
      vertex -5.14238 10.0001 -2.5
    endloop
  endfacet
  facet normal 0 0 1
    outer loop
      vertex -5.69479 10.5356 -2.5
      vertex -5.04335 11.664 -2.5
      vertex -5.22634 11.6802 -2.5
    endloop
  endfacet
  facet normal 0 0 1
    outer loop
      vertex -4.46313 11.5271 -2.5
      vertex -5.22969 10.0584 -2.5
      vertex -5.18179 10.025 -2.5
    endloop
  endfacet
  facet normal 0 0 1
    outer loop
      vertex -4.46313 11.5271 -2.5
      vertex -5.28611 10.1016 -2.5
      vertex -5.22969 10.0584 -2.5
    endloop
  endfacet
  facet normal 0 0 1
    outer loop
      vertex -4.54304 11.5559 -2.5
      vertex -5.35105 10.1564 -2.5
      vertex -5.28611 10.1016 -2.5
    endloop
  endfacet
  facet normal 0 0 1
    outer loop
      vertex -4.63886 11.5854 -2.5
      vertex -5.42452 10.2246 -2.5
      vertex -5.35105 10.1564 -2.5
    endloop
  endfacet
  facet normal 0 0 1
    outer loop
      vertex -5.80033 10.686 -2.5
      vertex -5.22634 11.6802 -2.5
      vertex -5.43928 11.6865 -2.5
    endloop
  endfacet
  facet normal 0 0 1
    outer loop
      vertex -4.75255 11.6144 -2.5
      vertex -5.50643 10.3086 -2.5
      vertex -5.42452 10.2246 -2.5
    endloop
  endfacet
  facet normal 0 0 1
    outer loop
      vertex -4.88648 11.6412 -2.5
      vertex -5.59663 10.4112 -2.5
      vertex -5.50643 10.3086 -2.5
    endloop
  endfacet
  facet normal 0 0 1
    outer loop
      vertex -5.91219 10.8673 -2.5
      vertex -5.43928 11.6865 -2.5
      vertex -5.68651 11.6783 -2.5
    endloop
  endfacet
  facet normal 0 0 1
    outer loop
      vertex -5.04335 11.664 -2.5
      vertex -5.69479 10.5356 -2.5
      vertex -5.59663 10.4112 -2.5
    endloop
  endfacet
  facet normal 0 0 1
    outer loop
      vertex -5.22634 11.6802 -2.5
      vertex -5.80033 10.686 -2.5
      vertex -5.69479 10.5356 -2.5
    endloop
  endfacet
  facet normal 0 0 1
    outer loop
      vertex -5.43928 11.6865 -2.5
      vertex -5.91219 10.8673 -2.5
      vertex -5.80033 10.686 -2.5
    endloop
  endfacet
  facet normal 0 0 1
    outer loop
      vertex -6.02878 11.0855 -2.5
      vertex -5.68651 11.6783 -2.5
      vertex -5.97315 11.6498 -2.5
    endloop
  endfacet
  facet normal 0 0 1
    outer loop
      vertex -5.68651 11.6783 -2.5
      vertex -6.02878 11.0855 -2.5
      vertex -5.91219 10.8673 -2.5
    endloop
  endfacet
  facet normal 0 -0 1
    outer loop
      vertex -6.02878 11.0855 -2.5
      vertex -5.97315 11.6498 -2.5
      vertex -6.14743 11.348 -2.5
    endloop
  endfacet
  facet normal 0 0 1
    outer loop
      vertex -3.01109 4.65585 -2.5
      vertex -3.42707 4.59173 -2.5
      vertex -3.0148 4.25602 -2.5
    endloop
  endfacet
  facet normal -0 0 1
    outer loop
      vertex -3.74393 4.98523 -2.5
      vertex -3.01109 4.65585 -2.5
      vertex -3.64058 5.35497 -2.5
    endloop
  endfacet
  facet normal 0 0 1
    outer loop
      vertex -3.01109 4.65585 -2.5
      vertex -3.74393 4.98523 -2.5
      vertex -3.42707 4.59173 -2.5
    endloop
  endfacet
  facet normal 0 0 1
    outer loop
      vertex -4.23537 4.58949 -2.5
      vertex -3.64058 5.35497 -2.5
      vertex -4.11095 6.16969 -2.5
    endloop
  endfacet
  facet normal 0 0 1
    outer loop
      vertex -3.64058 5.35497 -2.5
      vertex -4.23537 4.58949 -2.5
      vertex -3.74393 4.98523 -2.5
    endloop
  endfacet
  facet normal 0 0 1
    outer loop
      vertex -4.50498 6.25648 -2.5
      vertex -4.23537 4.58949 -2.5
      vertex -4.11095 6.16969 -2.5
    endloop
  endfacet
  facet normal -0 0 1
    outer loop
      vertex -5.07127 6.03731 -2.5
      vertex -4.23537 4.58949 -2.5
      vertex -4.50498 6.25648 -2.5
    endloop
  endfacet
  facet normal 0 -0 1
    outer loop
      vertex -4.3033 4.54661 -2.5
      vertex -4.23537 4.58949 -2.5
      vertex -5.07127 6.03731 -2.5
    endloop
  endfacet
  facet normal 0 -0 1
    outer loop
      vertex -4.27257 4.56447 -2.5
      vertex -4.23537 4.58949 -2.5
      vertex -4.3033 4.54661 -2.5
    endloop
  endfacet
  facet normal 0 0 1
    outer loop
      vertex -4.23537 4.58949 -2.5
      vertex -4.25148 4.57797 -2.5
      vertex -4.23931 4.58652 -2.5
    endloop
  endfacet
  facet normal 0 -0 1
    outer loop
      vertex -4.25148 4.57797 -2.5
      vertex -4.23537 4.58949 -2.5
      vertex -4.27257 4.56447 -2.5
    endloop
  endfacet
  facet normal -0 0 1
    outer loop
      vertex -4.51705 6.28031 -2.5
      vertex -4.11095 6.16969 -2.5
      vertex -4.40166 7.0644 -2.5
    endloop
  endfacet
  facet normal 0 0 1
    outer loop
      vertex -4.3033 4.54661 -2.5
      vertex -5.07127 6.03731 -2.5
      vertex -4.34459 4.52494 -2.5
    endloop
  endfacet
  facet normal -0 0 1
    outer loop
      vertex -4.77588 7.25703 -2.5
      vertex -4.40166 7.0644 -2.5
      vertex -4.5 8 -2.5
    endloop
  endfacet
  facet normal -0 0 1
    outer loop
      vertex -5.18178 5.97501 -2.5
      vertex -4.34459 4.52494 -2.5
      vertex -5.07127 6.03731 -2.5
    endloop
  endfacet
  facet normal 0 0 1
    outer loop
      vertex -4.34459 4.52494 -2.5
      vertex -5.18178 5.97501 -2.5
      vertex -4.39745 4.50015 -2.5
    endloop
  endfacet
  facet normal -0 0 1
    outer loop
      vertex -5.22969 5.94161 -2.5
      vertex -4.39745 4.50015 -2.5
      vertex -5.18178 5.97501 -2.5
    endloop
  endfacet
  facet normal 0 0 1
    outer loop
      vertex -4.39745 4.50015 -2.5
      vertex -5.22969 5.94161 -2.5
      vertex -4.46312 4.47291 -2.5
    endloop
  endfacet
  facet normal -0 0 1
    outer loop
      vertex -5.28611 5.89837 -2.5
      vertex -4.46312 4.47291 -2.5
      vertex -5.22969 5.94161 -2.5
    endloop
  endfacet
  facet normal 0 0 1
    outer loop
      vertex -4.46312 4.47291 -2.5
      vertex -5.28611 5.89837 -2.5
      vertex -4.54303 4.44405 -2.5
    endloop
  endfacet
  facet normal -0 0 1
    outer loop
      vertex -5.35106 5.84359 -2.5
      vertex -4.54303 4.44405 -2.5
      vertex -5.28611 5.89837 -2.5
    endloop
  endfacet
  facet normal 0 0 1
    outer loop
      vertex -5.0893 6.02913 -2.5
      vertex -5.07127 6.03731 -2.5
      vertex -5.07582 6.03539 -2.5
    endloop
  endfacet
  facet normal 0 0 1
    outer loop
      vertex -5.07127 6.03731 -2.5
      vertex -5.0893 6.02913 -2.5
      vertex -5.11154 6.01762 -2.5
    endloop
  endfacet
  facet normal 0 0 1
    outer loop
      vertex -5.07127 6.03731 -2.5
      vertex -5.11154 6.01762 -2.5
      vertex -5.14237 5.99993 -2.5
    endloop
  endfacet
  facet normal 0 0 1
    outer loop
      vertex -5.18178 5.97501 -2.5
      vertex -5.07127 6.03731 -2.5
      vertex -5.14237 5.99993 -2.5
    endloop
  endfacet
  facet normal 0 0 1
    outer loop
      vertex -4.54303 4.44405 -2.5
      vertex -5.35106 5.84359 -2.5
      vertex -4.63886 4.41455 -2.5
    endloop
  endfacet
  facet normal -0 0 1
    outer loop
      vertex -5.42452 5.77536 -2.5
      vertex -4.63886 4.41455 -2.5
      vertex -5.35106 5.84359 -2.5
    endloop
  endfacet
  facet normal 0 0 1
    outer loop
      vertex -4.63886 4.41455 -2.5
      vertex -5.42452 5.77536 -2.5
      vertex -4.75255 4.38561 -2.5
    endloop
  endfacet
  facet normal -0 0 1
    outer loop
      vertex -5.50642 5.69136 -2.5
      vertex -4.75255 4.38561 -2.5
      vertex -5.42452 5.77536 -2.5
    endloop
  endfacet
  facet normal 0 0 1
    outer loop
      vertex -4.75255 4.38561 -2.5
      vertex -5.50642 5.69136 -2.5
      vertex -4.88648 4.35878 -2.5
    endloop
  endfacet
  facet normal -0 0 1
    outer loop
      vertex -5.59663 5.58881 -2.5
      vertex -4.88648 4.35878 -2.5
      vertex -5.50642 5.69136 -2.5
    endloop
  endfacet
  facet normal 0 0 1
    outer loop
      vertex -4.88648 4.35878 -2.5
      vertex -5.59663 5.58881 -2.5
      vertex -5.04333 4.33599 -2.5
    endloop
  endfacet
  facet normal -0 0 1
    outer loop
      vertex -5.6948 5.46434 -2.5
      vertex -5.04333 4.33599 -2.5
      vertex -5.59663 5.58881 -2.5
    endloop
  endfacet
  facet normal 0 0 1
    outer loop
      vertex -5.04333 4.33599 -2.5
      vertex -5.6948 5.46434 -2.5
      vertex -5.22634 4.31979 -2.5
    endloop
  endfacet
  facet normal -0 0 1
    outer loop
      vertex -5.80031 5.31395 -2.5
      vertex -5.22634 4.31979 -2.5
      vertex -5.6948 5.46434 -2.5
    endloop
  endfacet
  facet normal 0 0 1
    outer loop
      vertex -5.22634 4.31979 -2.5
      vertex -5.80031 5.31395 -2.5
      vertex -5.43925 4.31354 -2.5
    endloop
  endfacet
  facet normal -0 0 1
    outer loop
      vertex -5.91221 5.13268 -2.5
      vertex -5.43925 4.31354 -2.5
      vertex -5.80031 5.31395 -2.5
    endloop
  endfacet
  facet normal 0 0 1
    outer loop
      vertex -5.43925 4.31354 -2.5
      vertex -5.91221 5.13268 -2.5
      vertex -5.6865 4.32167 -2.5
    endloop
  endfacet
  facet normal -0 0 1
    outer loop
      vertex -6.02878 4.91451 -2.5
      vertex -5.6865 4.32167 -2.5
      vertex -5.91221 5.13268 -2.5
    endloop
  endfacet
  facet normal 0 0 1
    outer loop
      vertex -5.6865 4.32167 -2.5
      vertex -6.02878 4.91451 -2.5
      vertex -5.97314 4.35016 -2.5
    endloop
  endfacet
  facet normal 0 0 1
    outer loop
      vertex -5.97314 4.35016 -2.5
      vertex -6.02878 4.91451 -2.5
      vertex -6.14742 4.65202 -2.5
    endloop
  endfacet
  facet normal 0 0 1
    outer loop
      vertex -0.837206 13.5001 -2.5
      vertex 0.83223 13.5582 -2.5
      vertex -0.832236 13.5582 -2.5
    endloop
  endfacet
  facet normal 0 0 1
    outer loop
      vertex 0.83719 13.5001 -2.5
      vertex -0.837206 13.5001 -2.5
      vertex 0.835893 13.3732 -2.5
    endloop
  endfacet
  facet normal 0 0 1
    outer loop
      vertex 0.470378 12.4753 -2.5
      vertex -0.835894 13.3732 -2.5
      vertex -0.470378 12.4753 -2.5
    endloop
  endfacet
  facet normal 0 0 1
    outer loop
      vertex 0.835893 13.3732 -2.5
      vertex -0.835894 13.3732 -2.5
      vertex 0.742551 12.7732 -2.5
    endloop
  endfacet
  facet normal 0 0 1
    outer loop
      vertex 0.742551 12.7732 -2.5
      vertex -0.835894 13.3732 -2.5
      vertex 0.470378 12.4753 -2.5
    endloop
  endfacet
  facet normal 0 0 1
    outer loop
      vertex -0.470378 12.4753 -2.5
      vertex -0.835894 13.3732 -2.5
      vertex -0.7389 12.7497 -2.5
    endloop
  endfacet
  facet normal 0 0 1
    outer loop
      vertex 0.835893 13.3732 -2.5
      vertex -0.837206 13.5001 -2.5
      vertex -0.835894 13.3732 -2.5
    endloop
  endfacet
  facet normal -0 0 1
    outer loop
      vertex -0.839085 13.4535 -2.5
      vertex -0.835894 13.3732 -2.5
      vertex -0.837206 13.5001 -2.5
    endloop
  endfacet
  facet normal -0 -0 1
    outer loop
      vertex -0.838975 13.4179 -2.5
      vertex -0.835894 13.3732 -2.5
      vertex -0.839085 13.4535 -2.5
    endloop
  endfacet
  facet normal 0 0 1
    outer loop
      vertex -0.835894 13.3732 -2.5
      vertex -0.837832 13.3929 -2.5
      vertex -0.836515 13.3781 -2.5
    endloop
  endfacet
  facet normal -0 -0 1
    outer loop
      vertex -0.837832 13.3929 -2.5
      vertex -0.835894 13.3732 -2.5
      vertex -0.838975 13.4179 -2.5
    endloop
  endfacet
  facet normal 0 0 1
    outer loop
      vertex 0.835894 2.62679 -2.5
      vertex 0.838975 2.58207 -2.5
      vertex 0.837832 2.60708 -2.5
    endloop
  endfacet
  facet normal 0 0 1
    outer loop
      vertex 0.838975 2.58207 -2.5
      vertex 0.835894 2.62679 -2.5
      vertex 0.839085 2.54653 -2.5
    endloop
  endfacet
  facet normal 0 0 1
    outer loop
      vertex 0.835894 2.62679 -2.5
      vertex 0.837832 2.60708 -2.5
      vertex 0.836515 2.6219 -2.5
    endloop
  endfacet
  facet normal 0 0 1
    outer loop
      vertex 0.839085 2.54653 -2.5
      vertex 0.835894 2.62679 -2.5
      vertex 0.837206 2.49994 -2.5
    endloop
  endfacet
  facet normal 0 0 1
    outer loop
      vertex -0.835893 2.6268 -2.5
      vertex 0.837206 2.49994 -2.5
      vertex 0.835894 2.62679 -2.5
    endloop
  endfacet
  facet normal 0 0 1
    outer loop
      vertex -0.83719 2.49994 -2.5
      vertex 0.837206 2.49994 -2.5
      vertex -0.835893 2.6268 -2.5
    endloop
  endfacet
  facet normal 0 0 1
    outer loop
      vertex 0.837206 2.49994 -2.5
      vertex -0.83719 2.49994 -2.5
      vertex 0.832236 2.44175 -2.5
    endloop
  endfacet
  facet normal 0 -0 1
    outer loop
      vertex -0.83223 2.44175 -2.5
      vertex 0.832236 2.44175 -2.5
      vertex -0.83719 2.49994 -2.5
    endloop
  endfacet
  facet normal 0 0 1
    outer loop
      vertex 0.832236 2.44175 -2.5
      vertex -0.83223 2.44175 -2.5
      vertex 0.822987 2.37127 -2.5
    endloop
  endfacet
  facet normal -0 0 1
    outer loop
      vertex -0.835893 2.6268 -2.5
      vertex 0.835894 2.62679 -2.5
      vertex 0.7389 3.25028 -2.5
    endloop
  endfacet
  facet normal 0 -0 1
    outer loop
      vertex -0.822978 2.37126 -2.5
      vertex 0.822987 2.37127 -2.5
      vertex -0.83223 2.44175 -2.5
    endloop
  endfacet
  facet normal 0 0 1
    outer loop
      vertex 0.651463 1.80034 -2.5
      vertex -0.65145 1.80033 -2.5
      vertex 0.573994 1.63374 -2.5
    endloop
  endfacet
  facet normal 0 0 1
    outer loop
      vertex 0.80803 2.28764 -2.5
      vertex -0.808022 2.28764 -2.5
      vertex 0.785665 2.1899 -2.5
    endloop
  endfacet
  facet normal 0 -0 1
    outer loop
      vertex -0.65145 1.80033 -2.5
      vertex 0.651463 1.80034 -2.5
      vertex -0.710151 1.94757 -2.5
    endloop
  endfacet
  facet normal 0 -0 1
    outer loop
      vertex -0.710151 1.94757 -2.5
      vertex 0.710155 1.94757 -2.5
      vertex -0.753861 2.07697 -2.5
    endloop
  endfacet
  facet normal 0 -0 1
    outer loop
      vertex -0.753861 2.07697 -2.5
      vertex 0.75388 2.07697 -2.5
      vertex -0.785654 2.18991 -2.5
    endloop
  endfacet
  facet normal 0 0 1
    outer loop
      vertex 0.785665 2.1899 -2.5
      vertex -0.785654 2.18991 -2.5
      vertex 0.75388 2.07697 -2.5
    endloop
  endfacet
  facet normal 0 0 1
    outer loop
      vertex -0.837814 2.60709 -2.5
      vertex -0.835893 2.6268 -2.5
      vertex -0.836505 2.6219 -2.5
    endloop
  endfacet
  facet normal 0 -0 1
    outer loop
      vertex -0.808022 2.28764 -2.5
      vertex 0.80803 2.28764 -2.5
      vertex -0.822978 2.37126 -2.5
    endloop
  endfacet
  facet normal 0 0 1
    outer loop
      vertex -0.835893 2.6268 -2.5
      vertex -0.837814 2.60709 -2.5
      vertex -0.838973 2.58208 -2.5
    endloop
  endfacet
  facet normal 0 0 1
    outer loop
      vertex -0.835893 2.6268 -2.5
      vertex -0.838973 2.58208 -2.5
      vertex -0.839079 2.54653 -2.5
    endloop
  endfacet
  facet normal 0 0 1
    outer loop
      vertex -0.835893 2.6268 -2.5
      vertex -0.839079 2.54653 -2.5
      vertex -0.83719 2.49994 -2.5
    endloop
  endfacet
  facet normal 0 0 1
    outer loop
      vertex -3.74783 11.052 -2.5
      vertex -3.01109 11.3442 -2.5
      vertex -3.03136 11.7645 -2.5
    endloop
  endfacet
  facet normal 0 0 1
    outer loop
      vertex -3.01109 11.3442 -2.5
      vertex -3.74783 11.052 -2.5
      vertex -3.64058 10.645 -2.5
    endloop
  endfacet
  facet normal -0 0 1
    outer loop
      vertex -3.76243 11.0297 -2.5
      vertex -3.64058 10.645 -2.5
      vertex -3.74783 11.052 -2.5
    endloop
  endfacet
  facet normal 0 0 1
    outer loop
      vertex -3.76243 11.0297 -2.5
      vertex -4.11095 9.83031 -2.5
      vertex -3.64058 10.645 -2.5
    endloop
  endfacet
  facet normal 0 0 1
    outer loop
      vertex -4.23537 11.4105 -2.5
      vertex -4.11095 9.83031 -2.5
      vertex -3.76243 11.0297 -2.5
    endloop
  endfacet
  facet normal 0 0 1
    outer loop
      vertex -4.25148 11.422 -2.5
      vertex -4.23537 11.4105 -2.5
      vertex -4.23931 11.4135 -2.5
    endloop
  endfacet
  facet normal 0 0 1
    outer loop
      vertex -4.23537 11.4105 -2.5
      vertex -4.25148 11.422 -2.5
      vertex -4.27256 11.4355 -2.5
    endloop
  endfacet
  facet normal 0 0 1
    outer loop
      vertex -4.23537 11.4105 -2.5
      vertex -4.27256 11.4355 -2.5
      vertex -4.30329 11.4534 -2.5
    endloop
  endfacet
  facet normal 0 0 1
    outer loop
      vertex -4.34459 11.4751 -2.5
      vertex -4.23537 11.4105 -2.5
      vertex -4.30329 11.4534 -2.5
    endloop
  endfacet
  facet normal 0 0 1
    outer loop
      vertex -4.23537 11.4105 -2.5
      vertex -4.34459 11.4751 -2.5
      vertex -4.48283 9.73495 -2.5
    endloop
  endfacet
  facet normal 0 0 1
    outer loop
      vertex -4.48283 9.73495 -2.5
      vertex -4.34459 11.4751 -2.5
      vertex -4.39746 11.4998 -2.5
    endloop
  endfacet
  facet normal 0 0 1
    outer loop
      vertex -4.23537 11.4105 -2.5
      vertex -4.48283 9.73495 -2.5
      vertex -4.11095 9.83031 -2.5
    endloop
  endfacet
  facet normal 0 0 1
    outer loop
      vertex -4.48283 9.73495 -2.5
      vertex -4.39746 11.4998 -2.5
      vertex -4.46313 11.5271 -2.5
    endloop
  endfacet
  facet normal 0 0 1
    outer loop
      vertex -4.11095 9.83031 -2.5
      vertex -4.48283 9.73495 -2.5
      vertex -4.40166 8.9356 -2.5
    endloop
  endfacet
  facet normal -0 0 1
    outer loop
      vertex -4.66518 9.26378 -2.5
      vertex -4.40166 8.9356 -2.5
      vertex -4.48283 9.73495 -2.5
    endloop
  endfacet
  facet normal 0 0 1
    outer loop
      vertex -4.11095 6.16969 -2.5
      vertex -4.51705 6.28031 -2.5
      vertex -4.50498 6.25648 -2.5
    endloop
  endfacet
  facet normal 0 0 1
    outer loop
      vertex -4.74979 8.7389 -2.5
      vertex -4.40166 8.9356 -2.5
      vertex -4.66518 9.26378 -2.5
    endloop
  endfacet
  facet normal 0 0 1
    outer loop
      vertex -4.40166 8.9356 -2.5
      vertex -4.74979 8.7389 -2.5
      vertex -4.5 8 -2.5
    endloop
  endfacet
  facet normal 0 0 1
    outer loop
      vertex -5.3732 8.83589 -2.5
      vertex -4.5 8 -2.5
      vertex -4.74979 8.7389 -2.5
    endloop
  endfacet
  facet normal 0 0 1
    outer loop
      vertex -4.40166 7.0644 -2.5
      vertex -4.77588 7.25703 -2.5
      vertex -4.51705 6.28031 -2.5
    endloop
  endfacet
  facet normal 0 0 1
    outer loop
      vertex -5.37321 7.16411 -2.5
      vertex -4.5 8 -2.5
      vertex -5.3732 8.83589 -2.5
    endloop
  endfacet
  facet normal 0 0 1
    outer loop
      vertex -4.5 8 -2.5
      vertex -5.37321 7.16411 -2.5
      vertex -4.77588 7.25703 -2.5
    endloop
  endfacet
  facet normal 0 0 1
    outer loop
      vertex -5.45347 8.83908 -2.5
      vertex -5.37321 7.16411 -2.5
      vertex -5.3732 8.83589 -2.5
    endloop
  endfacet
  facet normal 0 0 1
    outer loop
      vertex -5.39291 8.83781 -2.5
      vertex -5.3732 8.83589 -2.5
      vertex -5.3781 8.8365 -2.5
    endloop
  endfacet
  facet normal 0 0 1
    outer loop
      vertex -5.3732 8.83589 -2.5
      vertex -5.39291 8.83781 -2.5
      vertex -5.41792 8.83897 -2.5
    endloop
  endfacet
  facet normal 0 0 1
    outer loop
      vertex -5.3732 8.83589 -2.5
      vertex -5.41792 8.83897 -2.5
      vertex -5.45347 8.83908 -2.5
    endloop
  endfacet
  facet normal 0 0 1
    outer loop
      vertex -5.45347 7.16092 -2.5
      vertex -5.37321 7.16411 -2.5
      vertex -5.45347 8.83908 -2.5
    endloop
  endfacet
  facet normal 0 0 1
    outer loop
      vertex -5.37321 7.16411 -2.5
      vertex -5.39292 7.16217 -2.5
      vertex -5.3781 7.16348 -2.5
    endloop
  endfacet
  facet normal 0 -0 1
    outer loop
      vertex -5.41793 7.16103 -2.5
      vertex -5.37321 7.16411 -2.5
      vertex -5.45347 7.16092 -2.5
    endloop
  endfacet
  facet normal 0 -0 1
    outer loop
      vertex -5.39292 7.16217 -2.5
      vertex -5.37321 7.16411 -2.5
      vertex -5.41793 7.16103 -2.5
    endloop
  endfacet
  facet normal -0 0 1
    outer loop
      vertex -5.50006 8.83719 -2.5
      vertex -5.45347 7.16092 -2.5
      vertex -5.45347 8.83908 -2.5
    endloop
  endfacet
  facet normal 0 0 1
    outer loop
      vertex -5.50006 8.83719 -2.5
      vertex -5.50006 7.16279 -2.5
      vertex -5.45347 7.16092 -2.5
    endloop
  endfacet
  facet normal -0 0 1
    outer loop
      vertex -5.55825 8.83223 -2.5
      vertex -5.50006 7.16279 -2.5
      vertex -5.50006 8.83719 -2.5
    endloop
  endfacet
  facet normal 0 0 1
    outer loop
      vertex -5.55825 8.83223 -2.5
      vertex -5.55825 7.16776 -2.5
      vertex -5.50006 7.16279 -2.5
    endloop
  endfacet
  facet normal 0 0 1
    outer loop
      vertex -5.55825 8.83223 -2.5
      vertex -5.62873 7.17701 -2.5
      vertex -5.55825 7.16776 -2.5
    endloop
  endfacet
  facet normal -0 0 1
    outer loop
      vertex -5.62874 8.82298 -2.5
      vertex -5.62873 7.17701 -2.5
      vertex -5.55825 8.83223 -2.5
    endloop
  endfacet
  facet normal 0 0 1
    outer loop
      vertex -5.62874 8.82298 -2.5
      vertex -5.71236 7.19197 -2.5
      vertex -5.62873 7.17701 -2.5
    endloop
  endfacet
  facet normal -0 0 1
    outer loop
      vertex -5.71236 8.80802 -2.5
      vertex -5.71236 7.19197 -2.5
      vertex -5.62874 8.82298 -2.5
    endloop
  endfacet
  facet normal -0 0 1
    outer loop
      vertex -5.81009 8.78565 -2.5
      vertex -5.71236 7.19197 -2.5
      vertex -5.71236 8.80802 -2.5
    endloop
  endfacet
  facet normal 0 0 1
    outer loop
      vertex -5.81009 8.78565 -2.5
      vertex -5.8101 7.21434 -2.5
      vertex -5.71236 7.19197 -2.5
    endloop
  endfacet
  facet normal 0 0 1
    outer loop
      vertex -5.81009 8.78565 -2.5
      vertex -5.92303 7.24612 -2.5
      vertex -5.8101 7.21434 -2.5
    endloop
  endfacet
  facet normal -0 0 1
    outer loop
      vertex -5.92303 8.75386 -2.5
      vertex -5.92303 7.24612 -2.5
      vertex -5.81009 8.78565 -2.5
    endloop
  endfacet
  facet normal 0 0 1
    outer loop
      vertex -5.92303 8.75386 -2.5
      vertex -6.05243 7.28984 -2.5
      vertex -5.92303 7.24612 -2.5
    endloop
  endfacet
  facet normal -0 0 1
    outer loop
      vertex -6.05243 8.71015 -2.5
      vertex -6.05243 7.28984 -2.5
      vertex -5.92303 8.75386 -2.5
    endloop
  endfacet
  facet normal 0 0 1
    outer loop
      vertex -6.05243 8.71015 -2.5
      vertex -6.19966 7.34854 -2.5
      vertex -6.05243 7.28984 -2.5
    endloop
  endfacet
  facet normal -0 0 1
    outer loop
      vertex -6.19967 8.65145 -2.5
      vertex -6.19966 7.34854 -2.5
      vertex -6.05243 8.71015 -2.5
    endloop
  endfacet
  facet normal -0 0 1
    outer loop
      vertex -6.36626 8.57397 -2.5
      vertex -6.19966 7.34854 -2.5
      vertex -6.19967 8.65145 -2.5
    endloop
  endfacet
  facet normal 0 0 1
    outer loop
      vertex -6.36626 8.57397 -2.5
      vertex -6.36626 7.42601 -2.5
      vertex -6.19966 7.34854 -2.5
    endloop
  endfacet
  facet normal 0 0 1
    outer loop
      vertex -6.36626 8.57397 -2.5
      vertex -6.55378 7.52706 -2.5
      vertex -6.36626 7.42601 -2.5
    endloop
  endfacet
  facet normal -0 0 1
    outer loop
      vertex -6.55379 8.47293 -2.5
      vertex -6.55378 7.52706 -2.5
      vertex -6.36626 8.57397 -2.5
    endloop
  endfacet
  facet normal 0 0 1
    outer loop
      vertex -6.55379 8.47293 -2.5
      vertex -6.76383 7.65772 -2.5
      vertex -6.55378 7.52706 -2.5
    endloop
  endfacet
  facet normal -0 0 1
    outer loop
      vertex -6.76383 8.34227 -2.5
      vertex -6.76383 7.65772 -2.5
      vertex -6.55379 8.47293 -2.5
    endloop
  endfacet
  facet normal 0 0 1
    outer loop
      vertex -6.76383 8.34227 -2.5
      vertex -6.99782 7.82571 -2.5
      vertex -6.76383 7.65772 -2.5
    endloop
  endfacet
  facet normal 0 0 1
    outer loop
      vertex -6.99782 7.82571 -2.5
      vertex -6.76383 8.34227 -2.5
      vertex -6.99782 8.17427 -2.5
    endloop
  endfacet
  facet normal -0.81231 -0.583226 0
    outer loop
      vertex -0.174273 1.00218 -10.5
      vertex -0.342274 1.23617 -2.5
      vertex -0.342274 1.23617 -10.5
    endloop
  endfacet
  facet normal -0.81231 -0.583226 0
    outer loop
      vertex -0.342274 1.23617 -2.5
      vertex -0.174273 1.00218 -10.5
      vertex -0.174273 1.00218 -2.5
    endloop
  endfacet
  facet normal -0.849119 -0.528201 0
    outer loop
      vertex -0.342274 1.23617 -10.5
      vertex -0.472931 1.44621 -2.5
      vertex -0.472931 1.44621 -10.5
    endloop
  endfacet
  facet normal -0.849119 -0.528201 0
    outer loop
      vertex -0.472931 1.44621 -2.5
      vertex -0.342274 1.23617 -10.5
      vertex -0.342274 1.23617 -2.5
    endloop
  endfacet
  facet normal -0.880343 -0.474337 0
    outer loop
      vertex -0.472931 1.44621 -10.5
      vertex -0.573974 1.63374 -2.5
      vertex -0.573974 1.63374 -10.5
    endloop
  endfacet
  facet normal -0.880343 -0.474337 0
    outer loop
      vertex -0.573974 1.63374 -2.5
      vertex -0.472931 1.44621 -10.5
      vertex -0.472931 1.44621 -2.5
    endloop
  endfacet
  facet normal -0.906737 -0.421696 0
    outer loop
      vertex -0.573974 1.63374 -10.5
      vertex -0.65145 1.80033 -2.5
      vertex -0.65145 1.80033 -10.5
    endloop
  endfacet
  facet normal -0.906737 -0.421696 0
    outer loop
      vertex -0.65145 1.80033 -2.5
      vertex -0.573974 1.63374 -10.5
      vertex -0.573974 1.63374 -2.5
    endloop
  endfacet
  facet normal -0.9289 -0.37033 0
    outer loop
      vertex -0.65145 1.80033 -10.5
      vertex -0.710151 1.94757 -2.5
      vertex -0.710151 1.94757 -10.5
    endloop
  endfacet
  facet normal -0.9289 -0.37033 0
    outer loop
      vertex -0.710151 1.94757 -2.5
      vertex -0.65145 1.80033 -10.5
      vertex -0.65145 1.80033 -2.5
    endloop
  endfacet
  facet normal -0.947409 -0.320025 0
    outer loop
      vertex -0.710151 1.94757 -10.5
      vertex -0.753861 2.07697 -2.5
      vertex -0.753861 2.07697 -10.5
    endloop
  endfacet
  facet normal -0.947409 -0.320025 0
    outer loop
      vertex -0.753861 2.07697 -2.5
      vertex -0.710151 1.94757 -10.5
      vertex -0.710151 1.94757 -2.5
    endloop
  endfacet
  facet normal -0.962587 -0.270972 0
    outer loop
      vertex -0.753861 2.07697 -10.5
      vertex -0.785654 2.18991 -2.5
      vertex -0.785654 2.18991 -10.5
    endloop
  endfacet
  facet normal -0.962587 -0.270972 0
    outer loop
      vertex -0.785654 2.18991 -2.5
      vertex -0.753861 2.07697 -10.5
      vertex -0.753861 2.07697 -2.5
    endloop
  endfacet
  facet normal -0.974794 -0.223106 0
    outer loop
      vertex -0.785654 2.18991 -10.5
      vertex -0.808022 2.28764 -2.5
      vertex -0.808022 2.28764 -10.5
    endloop
  endfacet
  facet normal -0.974794 -0.223106 0
    outer loop
      vertex -0.808022 2.28764 -2.5
      vertex -0.785654 2.18991 -10.5
      vertex -0.785654 2.18991 -2.5
    endloop
  endfacet
  facet normal -0.984379 -0.176063 0
    outer loop
      vertex -0.808022 2.28764 -10.5
      vertex -0.822978 2.37126 -2.5
      vertex -0.822978 2.37126 -10.5
    endloop
  endfacet
  facet normal -0.984379 -0.176063 0
    outer loop
      vertex -0.822978 2.37126 -2.5
      vertex -0.808022 2.28764 -10.5
      vertex -0.808022 2.28764 -2.5
    endloop
  endfacet
  facet normal -0.991496 -0.130136 0
    outer loop
      vertex -0.822978 2.37126 -10.5
      vertex -0.83223 2.44175 -2.5
      vertex -0.83223 2.44175 -10.5
    endloop
  endfacet
  facet normal -0.991496 -0.130136 0
    outer loop
      vertex -0.83223 2.44175 -2.5
      vertex -0.822978 2.37126 -10.5
      vertex -0.822978 2.37126 -2.5
    endloop
  endfacet
  facet normal -0.996387 -0.08493 0
    outer loop
      vertex -0.83223 2.44175 -10.5
      vertex -0.83719 2.49994 -2.5
      vertex -0.83719 2.49994 -10.5
    endloop
  endfacet
  facet normal -0.996387 -0.08493 0
    outer loop
      vertex -0.83719 2.49994 -2.5
      vertex -0.83223 2.44175 -10.5
      vertex -0.83223 2.44175 -2.5
    endloop
  endfacet
  facet normal -0.999179 -0.0405119 0
    outer loop
      vertex -0.83719 2.49994 -10.5
      vertex -0.839079 2.54653 -2.5
      vertex -0.839079 2.54653 -10.5
    endloop
  endfacet
  facet normal -0.999179 -0.0405119 0
    outer loop
      vertex -0.839079 2.54653 -2.5
      vertex -0.83719 2.49994 -10.5
      vertex -0.83719 2.49994 -2.5
    endloop
  endfacet
  facet normal -0.999996 0.0029817 0
    outer loop
      vertex -0.839079 2.54653 -10.5
      vertex -0.838973 2.58208 -2.5
      vertex -0.838973 2.58208 -10.5
    endloop
  endfacet
  facet normal -0.999996 0.0029817 0
    outer loop
      vertex -0.838973 2.58208 -2.5
      vertex -0.839079 2.54653 -10.5
      vertex -0.839079 2.54653 -2.5
    endloop
  endfacet
  facet normal -0.998928 0.0462918 0
    outer loop
      vertex -0.838973 2.58208 -10.5
      vertex -0.837814 2.60709 -2.5
      vertex -0.837814 2.60709 -10.5
    endloop
  endfacet
  facet normal -0.998928 0.0462918 0
    outer loop
      vertex -0.837814 2.60709 -2.5
      vertex -0.838973 2.58208 -10.5
      vertex -0.838973 2.58208 -2.5
    endloop
  endfacet
  facet normal -0.996117 0.088043 0
    outer loop
      vertex -0.837814 2.60709 -10.5
      vertex -0.836505 2.6219 -2.5
      vertex -0.836505 2.6219 -10.5
    endloop
  endfacet
  facet normal -0.996117 0.088043 0
    outer loop
      vertex -0.836505 2.6219 -2.5
      vertex -0.837814 2.60709 -10.5
      vertex -0.837814 2.60709 -2.5
    endloop
  endfacet
  facet normal -0.99229 0.123935 0
    outer loop
      vertex -0.836505 2.6219 -10.5
      vertex -0.835893 2.6268 -2.5
      vertex -0.835893 2.6268 -10.5
    endloop
  endfacet
  facet normal -0.99229 0.123935 0
    outer loop
      vertex -0.835893 2.6268 -2.5
      vertex -0.836505 2.6219 -10.5
      vertex -0.836505 2.6219 -2.5
    endloop
  endfacet
  facet normal -0.988114 0.153721 0
    outer loop
      vertex -0.835893 2.6268 -10.5
      vertex -0.742551 3.2268 -2.5
      vertex -0.742551 3.2268 -10.5
    endloop
  endfacet
  facet normal -0.988114 0.153721 0
    outer loop
      vertex -0.742551 3.2268 -2.5
      vertex -0.835893 2.6268 -10.5
      vertex -0.835893 2.6268 -2.5
    endloop
  endfacet
  facet normal -0.0550428 -0.998484 0
    outer loop
      vertex -0.769217 3.22827 -10.5
      vertex -0.742551 3.2268 -2.5
      vertex -0.769217 3.22827 -2.5
    endloop
  endfacet
  facet normal -0.0550428 -0.998484 -0
    outer loop
      vertex -0.742551 3.2268 -2.5
      vertex -0.769217 3.22827 -10.5
      vertex -0.742551 3.2268 -10.5
    endloop
  endfacet
  facet normal -0.26149 -0.965206 0
    outer loop
      vertex -1.7445 3.49249 -10.5
      vertex -0.769217 3.22827 -2.5
      vertex -1.7445 3.49249 -2.5
    endloop
  endfacet
  facet normal -0.26149 -0.965206 -0
    outer loop
      vertex -0.769217 3.22827 -2.5
      vertex -1.7445 3.49249 -10.5
      vertex -0.769217 3.22827 -10.5
    endloop
  endfacet
  facet normal 0.932585 -0.360951 0
    outer loop
      vertex -1.9627 2.92873 -2.5
      vertex -1.7445 3.49249 -10.5
      vertex -1.7445 3.49249 -2.5
    endloop
  endfacet
  facet normal 0.932585 -0.360951 0
    outer loop
      vertex -1.7445 3.49249 -10.5
      vertex -1.9627 2.92873 -2.5
      vertex -1.9627 2.92873 -10.5
    endloop
  endfacet
  facet normal 0.922777 -0.385335 0
    outer loop
      vertex -1.9646 2.92418 -2.5
      vertex -1.9627 2.92873 -10.5
      vertex -1.9627 2.92873 -2.5
    endloop
  endfacet
  facet normal 0.922777 -0.385335 0
    outer loop
      vertex -1.9627 2.92873 -10.5
      vertex -1.9646 2.92418 -2.5
      vertex -1.9646 2.92418 -10.5
    endloop
  endfacet
  facet normal 0.906835 -0.421487 0
    outer loop
      vertex -1.97087 2.91069 -2.5
      vertex -1.9646 2.92418 -10.5
      vertex -1.9646 2.92418 -2.5
    endloop
  endfacet
  facet normal 0.906835 -0.421487 0
    outer loop
      vertex -1.9646 2.92418 -10.5
      vertex -1.97087 2.91069 -2.5
      vertex -1.97087 2.91069 -10.5
    endloop
  endfacet
  facet normal 0.888026 -0.459792 0
    outer loop
      vertex -1.98238 2.88846 -2.5
      vertex -1.97087 2.91069 -10.5
      vertex -1.97087 2.91069 -2.5
    endloop
  endfacet
  facet normal 0.888026 -0.459792 0
    outer loop
      vertex -1.97087 2.91069 -10.5
      vertex -1.98238 2.88846 -2.5
      vertex -1.98238 2.88846 -10.5
    endloop
  endfacet
  facet normal 0.86755 -0.49735 0
    outer loop
      vertex -2.00006 2.85762 -2.5
      vertex -1.98238 2.88846 -10.5
      vertex -1.98238 2.88846 -2.5
    endloop
  endfacet
  facet normal 0.86755 -0.49735 0
    outer loop
      vertex -1.98238 2.88846 -10.5
      vertex -2.00006 2.85762 -2.5
      vertex -2.00006 2.85762 -10.5
    endloop
  endfacet
  facet normal 0.845107 -0.534598 0
    outer loop
      vertex -2.02499 2.81821 -2.5
      vertex -2.00006 2.85762 -10.5
      vertex -2.00006 2.85762 -2.5
    endloop
  endfacet
  facet normal 0.845107 -0.534598 0
    outer loop
      vertex -2.00006 2.85762 -10.5
      vertex -2.02499 2.81821 -2.5
      vertex -2.02499 2.81821 -10.5
    endloop
  endfacet
  facet normal 0.820357 -0.571852 0
    outer loop
      vertex -2.05838 2.77031 -2.5
      vertex -2.02499 2.81821 -10.5
      vertex -2.02499 2.81821 -2.5
    endloop
  endfacet
  facet normal 0.820357 -0.571852 0
    outer loop
      vertex -2.02499 2.81821 -10.5
      vertex -2.05838 2.77031 -2.5
      vertex -2.05838 2.77031 -10.5
    endloop
  endfacet
  facet normal 0.793643 -0.608384 0
    outer loop
      vertex -2.10163 2.71389 -2.5
      vertex -2.05838 2.77031 -10.5
      vertex -2.05838 2.77031 -2.5
    endloop
  endfacet
  facet normal 0.793643 -0.608384 0
    outer loop
      vertex -2.05838 2.77031 -10.5
      vertex -2.10163 2.71389 -2.5
      vertex -2.10163 2.71389 -10.5
    endloop
  endfacet
  facet normal 0.764426 -0.644712 0
    outer loop
      vertex -2.1564 2.64895 -2.5
      vertex -2.10163 2.71389 -10.5
      vertex -2.10163 2.71389 -2.5
    endloop
  endfacet
  facet normal 0.764426 -0.644712 0
    outer loop
      vertex -2.10163 2.71389 -10.5
      vertex -2.1564 2.64895 -2.5
      vertex -2.1564 2.64895 -10.5
    endloop
  endfacet
  facet normal 0.732705 -0.680547 0
    outer loop
      vertex -2.22464 2.57548 -2.5
      vertex -2.1564 2.64895 -10.5
      vertex -2.1564 2.64895 -2.5
    endloop
  endfacet
  facet normal 0.732705 -0.680547 0
    outer loop
      vertex -2.1564 2.64895 -10.5
      vertex -2.22464 2.57548 -2.5
      vertex -2.22464 2.57548 -10.5
    endloop
  endfacet
  facet normal 0.698229 -0.715874 0
    outer loop
      vertex -2.30862 2.49357 -10.5
      vertex -2.22464 2.57548 -2.5
      vertex -2.30862 2.49357 -2.5
    endloop
  endfacet
  facet normal 0.698229 -0.715874 0
    outer loop
      vertex -2.22464 2.57548 -2.5
      vertex -2.30862 2.49357 -10.5
      vertex -2.22464 2.57548 -10.5
    endloop
  endfacet
  facet normal 0.660337 -0.750969 0
    outer loop
      vertex -2.4112 2.40337 -10.5
      vertex -2.30862 2.49357 -2.5
      vertex -2.4112 2.40337 -2.5
    endloop
  endfacet
  facet normal 0.660337 -0.750969 0
    outer loop
      vertex -2.30862 2.49357 -2.5
      vertex -2.4112 2.40337 -10.5
      vertex -2.30862 2.49357 -10.5
    endloop
  endfacet
  facet normal 0.619356 -0.78511 0
    outer loop
      vertex -2.53563 2.30521 -10.5
      vertex -2.4112 2.40337 -2.5
      vertex -2.53563 2.30521 -2.5
    endloop
  endfacet
  facet normal 0.619356 -0.78511 0
    outer loop
      vertex -2.4112 2.40337 -2.5
      vertex -2.53563 2.30521 -10.5
      vertex -2.4112 2.40337 -10.5
    endloop
  endfacet
  facet normal 0.574386 -0.818585 0
    outer loop
      vertex -2.68604 2.19967 -10.5
      vertex -2.53563 2.30521 -2.5
      vertex -2.68604 2.19967 -2.5
    endloop
  endfacet
  facet normal 0.574386 -0.818585 0
    outer loop
      vertex -2.53563 2.30521 -2.5
      vertex -2.68604 2.19967 -10.5
      vertex -2.53563 2.30521 -10.5
    endloop
  endfacet
  facet normal 0.525171 -0.850997 0
    outer loop
      vertex -2.8673 2.08781 -10.5
      vertex -2.68604 2.19967 -2.5
      vertex -2.8673 2.08781 -2.5
    endloop
  endfacet
  facet normal 0.525171 -0.850997 0
    outer loop
      vertex -2.68604 2.19967 -2.5
      vertex -2.8673 2.08781 -10.5
      vertex -2.68604 2.19967 -10.5
    endloop
  endfacet
  facet normal 0.471304 -0.881971 0
    outer loop
      vertex -3.08548 1.97122 -10.5
      vertex -2.8673 2.08781 -2.5
      vertex -3.08548 1.97122 -2.5
    endloop
  endfacet
  facet normal 0.471304 -0.881971 0
    outer loop
      vertex -2.8673 2.08781 -2.5
      vertex -3.08548 1.97122 -10.5
      vertex -2.8673 2.08781 -10.5
    endloop
  endfacet
  facet normal 0.411906 -0.911226 0
    outer loop
      vertex -3.34796 1.85257 -10.5
      vertex -3.08548 1.97122 -2.5
      vertex -3.34796 1.85257 -2.5
    endloop
  endfacet
  facet normal 0.411906 -0.911226 0
    outer loop
      vertex -3.08548 1.97122 -2.5
      vertex -3.34796 1.85257 -10.5
      vertex -3.08548 1.97122 -10.5
    endloop
  endfacet
  facet normal -0.49999 -0.866031 0
    outer loop
      vertex -3.64983 2.02685 -10.5
      vertex -3.34796 1.85257 -2.5
      vertex -3.64983 2.02685 -2.5
    endloop
  endfacet
  facet normal -0.49999 -0.866031 -0
    outer loop
      vertex -3.34796 1.85257 -2.5
      vertex -3.64983 2.02685 -10.5
      vertex -3.34796 1.85257 -10.5
    endloop
  endfacet
  facet normal -0.995093 -0.09894 0
    outer loop
      vertex -3.64983 2.02685 -10.5
      vertex -3.67833 2.31349 -2.5
      vertex -3.67833 2.31349 -10.5
    endloop
  endfacet
  facet normal -0.995093 -0.09894 0
    outer loop
      vertex -3.67833 2.31349 -2.5
      vertex -3.64983 2.02685 -10.5
      vertex -3.64983 2.02685 -2.5
    endloop
  endfacet
  facet normal -0.99946 -0.0328666 0
    outer loop
      vertex -3.67833 2.31349 -10.5
      vertex -3.68646 2.56072 -2.5
      vertex -3.68646 2.56072 -10.5
    endloop
  endfacet
  facet normal -0.99946 -0.0328666 0
    outer loop
      vertex -3.68646 2.56072 -2.5
      vertex -3.67833 2.31349 -10.5
      vertex -3.67833 2.31349 -2.5
    endloop
  endfacet
  facet normal -0.999567 0.0294322 0
    outer loop
      vertex -3.68646 2.56072 -10.5
      vertex -3.68019 2.77366 -2.5
      vertex -3.68019 2.77366 -10.5
    endloop
  endfacet
  facet normal -0.999567 0.0294322 0
    outer loop
      vertex -3.68019 2.77366 -2.5
      vertex -3.68646 2.56072 -10.5
      vertex -3.68646 2.56072 -2.5
    endloop
  endfacet
  facet normal -0.996109 0.0881305 0
    outer loop
      vertex -3.68019 2.77366 -10.5
      vertex -3.664 2.95665 -2.5
      vertex -3.664 2.95665 -10.5
    endloop
  endfacet
  facet normal -0.996109 0.0881305 0
    outer loop
      vertex -3.664 2.95665 -2.5
      vertex -3.68019 2.77366 -10.5
      vertex -3.68019 2.77366 -2.5
    endloop
  endfacet
  facet normal -0.989629 0.143647 0
    outer loop
      vertex -3.664 2.95665 -10.5
      vertex -3.64123 3.11352 -2.5
      vertex -3.64123 3.11352 -10.5
    endloop
  endfacet
  facet normal -0.989629 0.143647 0
    outer loop
      vertex -3.64123 3.11352 -2.5
      vertex -3.664 2.95665 -10.5
      vertex -3.664 2.95665 -2.5
    endloop
  endfacet
  facet normal -0.98049 0.196567 0
    outer loop
      vertex -3.64123 3.11352 -10.5
      vertex -3.61438 3.24745 -2.5
      vertex -3.61438 3.24745 -10.5
    endloop
  endfacet
  facet normal -0.98049 0.196567 0
    outer loop
      vertex -3.61438 3.24745 -2.5
      vertex -3.64123 3.11352 -10.5
      vertex -3.64123 3.11352 -2.5
    endloop
  endfacet
  facet normal -0.969096 0.246685 0
    outer loop
      vertex -3.61438 3.24745 -10.5
      vertex -3.58544 3.36114 -2.5
      vertex -3.58544 3.36114 -10.5
    endloop
  endfacet
  facet normal -0.969096 0.246685 0
    outer loop
      vertex -3.58544 3.36114 -2.5
      vertex -3.61438 3.24745 -10.5
      vertex -3.61438 3.24745 -2.5
    endloop
  endfacet
  facet normal -0.955732 0.29424 0
    outer loop
      vertex -3.58544 3.36114 -10.5
      vertex -3.55594 3.45696 -2.5
      vertex -3.55594 3.45696 -10.5
    endloop
  endfacet
  facet normal -0.955732 0.29424 0
    outer loop
      vertex -3.55594 3.45696 -2.5
      vertex -3.58544 3.36114 -10.5
      vertex -3.58544 3.36114 -2.5
    endloop
  endfacet
  facet normal -0.940578 0.339578 0
    outer loop
      vertex -3.55594 3.45696 -10.5
      vertex -3.52709 3.53687 -2.5
      vertex -3.52709 3.53687 -10.5
    endloop
  endfacet
  facet normal -0.940578 0.339578 0
    outer loop
      vertex -3.52709 3.53687 -2.5
      vertex -3.55594 3.45696 -10.5
      vertex -3.55594 3.45696 -2.5
    endloop
  endfacet
  facet normal -0.923638 0.383267 0
    outer loop
      vertex -3.52709 3.53687 -10.5
      vertex -3.49984 3.60254 -2.5
      vertex -3.49984 3.60254 -10.5
    endloop
  endfacet
  facet normal -0.923638 0.383267 0
    outer loop
      vertex -3.49984 3.60254 -2.5
      vertex -3.52709 3.53687 -10.5
      vertex -3.52709 3.53687 -2.5
    endloop
  endfacet
  facet normal -0.905412 0.424535 0
    outer loop
      vertex -3.49984 3.60254 -10.5
      vertex -3.47505 3.65541 -2.5
      vertex -3.47505 3.65541 -10.5
    endloop
  endfacet
  facet normal -0.905412 0.424535 0
    outer loop
      vertex -3.47505 3.65541 -2.5
      vertex -3.49984 3.60254 -10.5
      vertex -3.49984 3.60254 -2.5
    endloop
  endfacet
  facet normal -0.885596 0.464456 0
    outer loop
      vertex -3.47505 3.65541 -10.5
      vertex -3.45339 3.69671 -2.5
      vertex -3.45339 3.69671 -10.5
    endloop
  endfacet
  facet normal -0.885596 0.464456 0
    outer loop
      vertex -3.45339 3.69671 -2.5
      vertex -3.47505 3.65541 -10.5
      vertex -3.47505 3.65541 -2.5
    endloop
  endfacet
  facet normal -0.864584 0.502488 0
    outer loop
      vertex -3.45339 3.69671 -10.5
      vertex -3.43553 3.72744 -2.5
      vertex -3.43553 3.72744 -10.5
    endloop
  endfacet
  facet normal -0.864584 0.502488 0
    outer loop
      vertex -3.43553 3.72744 -2.5
      vertex -3.45339 3.69671 -10.5
      vertex -3.45339 3.69671 -2.5
    endloop
  endfacet
  facet normal -0.84193 0.539586 0
    outer loop
      vertex -3.43553 3.72744 -10.5
      vertex -3.42202 3.74852 -2.5
      vertex -3.42202 3.74852 -10.5
    endloop
  endfacet
  facet normal -0.84193 0.539586 0
    outer loop
      vertex -3.42202 3.74852 -2.5
      vertex -3.43553 3.72744 -10.5
      vertex -3.43553 3.72744 -2.5
    endloop
  endfacet
  facet normal -0.818568 0.57441 0
    outer loop
      vertex -3.42202 3.74852 -10.5
      vertex -3.41348 3.76069 -2.5
      vertex -3.41348 3.76069 -10.5
    endloop
  endfacet
  facet normal -0.818568 0.57441 0
    outer loop
      vertex -3.41348 3.76069 -2.5
      vertex -3.42202 3.74852 -10.5
      vertex -3.42202 3.74852 -2.5
    endloop
  endfacet
  facet normal -0.796591 0.604519 0
    outer loop
      vertex -3.41348 3.76069 -10.5
      vertex -3.41049 3.76463 -2.5
      vertex -3.41049 3.76463 -10.5
    endloop
  endfacet
  facet normal -0.796591 0.604519 0
    outer loop
      vertex -3.41049 3.76463 -2.5
      vertex -3.41348 3.76069 -10.5
      vertex -3.41348 3.76069 -2.5
    endloop
  endfacet
  facet normal -0.778872 0.627183 0
    outer loop
      vertex -3.41049 3.76463 -10.5
      vertex -3.0148 4.25602 -2.5
      vertex -3.0148 4.25602 -10.5
    endloop
  endfacet
  facet normal -0.778872 0.627183 0
    outer loop
      vertex -3.0148 4.25602 -2.5
      vertex -3.41049 3.76463 -10.5
      vertex -3.41049 3.76463 -2.5
    endloop
  endfacet
  facet normal -0.631431 -0.775432 0
    outer loop
      vertex -3.42707 4.59173 -10.5
      vertex -3.0148 4.25602 -2.5
      vertex -3.42707 4.59173 -2.5
    endloop
  endfacet
  facet normal -0.631431 -0.775432 -0
    outer loop
      vertex -3.0148 4.25602 -2.5
      vertex -3.42707 4.59173 -10.5
      vertex -3.0148 4.25602 -10.5
    endloop
  endfacet
  facet normal -0.778876 -0.627178 0
    outer loop
      vertex -3.42707 4.59173 -10.5
      vertex -3.74393 4.98523 -2.5
      vertex -3.74393 4.98523 -10.5
    endloop
  endfacet
  facet normal -0.778876 -0.627178 0
    outer loop
      vertex -3.74393 4.98523 -2.5
      vertex -3.42707 4.59173 -10.5
      vertex -3.42707 4.59173 -2.5
    endloop
  endfacet
  facet normal 0.627193 -0.778864 0
    outer loop
      vertex -4.23537 4.58949 -10.5
      vertex -3.74393 4.98523 -2.5
      vertex -4.23537 4.58949 -2.5
    endloop
  endfacet
  facet normal 0.627193 -0.778864 0
    outer loop
      vertex -3.74393 4.98523 -2.5
      vertex -4.23537 4.58949 -10.5
      vertex -3.74393 4.98523 -10.5
    endloop
  endfacet
  facet normal 0.601944 -0.798538 0
    outer loop
      vertex -4.23931 4.58652 -10.5
      vertex -4.23537 4.58949 -2.5
      vertex -4.23931 4.58652 -2.5
    endloop
  endfacet
  facet normal 0.601944 -0.798538 0
    outer loop
      vertex -4.23537 4.58949 -2.5
      vertex -4.23931 4.58652 -10.5
      vertex -4.23537 4.58949 -10.5
    endloop
  endfacet
  facet normal 0.57486 -0.818252 0
    outer loop
      vertex -4.25148 4.57797 -10.5
      vertex -4.23931 4.58652 -2.5
      vertex -4.25148 4.57797 -2.5
    endloop
  endfacet
  facet normal 0.57486 -0.818252 0
    outer loop
      vertex -4.23931 4.58652 -2.5
      vertex -4.25148 4.57797 -10.5
      vertex -4.23931 4.58652 -10.5
    endloop
  endfacet
  facet normal 0.539122 -0.842228 0
    outer loop
      vertex -4.27257 4.56447 -10.5
      vertex -4.25148 4.57797 -2.5
      vertex -4.27257 4.56447 -2.5
    endloop
  endfacet
  facet normal 0.539122 -0.842228 0
    outer loop
      vertex -4.25148 4.57797 -2.5
      vertex -4.27257 4.56447 -10.5
      vertex -4.25148 4.57797 -10.5
    endloop
  endfacet
  facet normal 0.502488 -0.864584 0
    outer loop
      vertex -4.3033 4.54661 -10.5
      vertex -4.27257 4.56447 -2.5
      vertex -4.3033 4.54661 -2.5
    endloop
  endfacet
  facet normal 0.502488 -0.864584 0
    outer loop
      vertex -4.27257 4.56447 -2.5
      vertex -4.3033 4.54661 -10.5
      vertex -4.27257 4.56447 -10.5
    endloop
  endfacet
  facet normal 0.464712 -0.885462 0
    outer loop
      vertex -4.34459 4.52494 -10.5
      vertex -4.3033 4.54661 -2.5
      vertex -4.34459 4.52494 -2.5
    endloop
  endfacet
  facet normal 0.464712 -0.885462 0
    outer loop
      vertex -4.3033 4.54661 -2.5
      vertex -4.34459 4.52494 -10.5
      vertex -4.3033 4.54661 -10.5
    endloop
  endfacet
  facet normal 0.424601 -0.905381 0
    outer loop
      vertex -4.39745 4.50015 -10.5
      vertex -4.34459 4.52494 -2.5
      vertex -4.39745 4.50015 -2.5
    endloop
  endfacet
  facet normal 0.424601 -0.905381 0
    outer loop
      vertex -4.34459 4.52494 -2.5
      vertex -4.39745 4.50015 -10.5
      vertex -4.34459 4.52494 -10.5
    endloop
  endfacet
  facet normal 0.383147 -0.923687 0
    outer loop
      vertex -4.46312 4.47291 -10.5
      vertex -4.39745 4.50015 -2.5
      vertex -4.46312 4.47291 -2.5
    endloop
  endfacet
  facet normal 0.383147 -0.923687 0
    outer loop
      vertex -4.39745 4.50015 -2.5
      vertex -4.46312 4.47291 -10.5
      vertex -4.39745 4.50015 -10.5
    endloop
  endfacet
  facet normal 0.339682 -0.94054 0
    outer loop
      vertex -4.54303 4.44405 -10.5
      vertex -4.46312 4.47291 -2.5
      vertex -4.54303 4.44405 -2.5
    endloop
  endfacet
  facet normal 0.339682 -0.94054 0
    outer loop
      vertex -4.46312 4.47291 -2.5
      vertex -4.54303 4.44405 -10.5
      vertex -4.46312 4.47291 -10.5
    endloop
  endfacet
  facet normal 0.294212 -0.95574 0
    outer loop
      vertex -4.63886 4.41455 -10.5
      vertex -4.54303 4.44405 -2.5
      vertex -4.63886 4.41455 -2.5
    endloop
  endfacet
  facet normal 0.294212 -0.95574 0
    outer loop
      vertex -4.54303 4.44405 -2.5
      vertex -4.63886 4.41455 -10.5
      vertex -4.54303 4.44405 -10.5
    endloop
  endfacet
  facet normal 0.246685 -0.969096 0
    outer loop
      vertex -4.75255 4.38561 -10.5
      vertex -4.63886 4.41455 -2.5
      vertex -4.75255 4.38561 -2.5
    endloop
  endfacet
  facet normal 0.246685 -0.969096 0
    outer loop
      vertex -4.63886 4.41455 -2.5
      vertex -4.75255 4.38561 -10.5
      vertex -4.63886 4.41455 -10.5
    endloop
  endfacet
  facet normal 0.196426 -0.980519 0
    outer loop
      vertex -4.88648 4.35878 -10.5
      vertex -4.75255 4.38561 -2.5
      vertex -4.88648 4.35878 -2.5
    endloop
  endfacet
  facet normal 0.196426 -0.980519 0
    outer loop
      vertex -4.75255 4.38561 -2.5
      vertex -4.88648 4.35878 -10.5
      vertex -4.75255 4.38561 -10.5
    endloop
  endfacet
  facet normal 0.143788 -0.989608 0
    outer loop
      vertex -5.04333 4.33599 -10.5
      vertex -4.88648 4.35878 -2.5
      vertex -5.04333 4.33599 -2.5
    endloop
  endfacet
  facet normal 0.143788 -0.989608 0
    outer loop
      vertex -4.88648 4.35878 -2.5
      vertex -5.04333 4.33599 -10.5
      vertex -4.88648 4.35878 -10.5
    endloop
  endfacet
  facet normal 0.088175 -0.996105 0
    outer loop
      vertex -5.22634 4.31979 -10.5
      vertex -5.04333 4.33599 -2.5
      vertex -5.22634 4.31979 -2.5
    endloop
  endfacet
  facet normal 0.088175 -0.996105 0
    outer loop
      vertex -5.04333 4.33599 -2.5
      vertex -5.22634 4.31979 -10.5
      vertex -5.04333 4.33599 -10.5
    endloop
  endfacet
  facet normal 0.0293425 -0.999569 0
    outer loop
      vertex -5.43925 4.31354 -10.5
      vertex -5.22634 4.31979 -2.5
      vertex -5.43925 4.31354 -2.5
    endloop
  endfacet
  facet normal 0.0293425 -0.999569 0
    outer loop
      vertex -5.22634 4.31979 -2.5
      vertex -5.43925 4.31354 -10.5
      vertex -5.22634 4.31979 -10.5
    endloop
  endfacet
  facet normal -0.0328639 -0.99946 0
    outer loop
      vertex -5.6865 4.32167 -10.5
      vertex -5.43925 4.31354 -2.5
      vertex -5.6865 4.32167 -2.5
    endloop
  endfacet
  facet normal -0.0328639 -0.99946 -0
    outer loop
      vertex -5.43925 4.31354 -2.5
      vertex -5.6865 4.32167 -10.5
      vertex -5.43925 4.31354 -10.5
    endloop
  endfacet
  facet normal -0.0989056 -0.995097 0
    outer loop
      vertex -5.97314 4.35016 -10.5
      vertex -5.6865 4.32167 -2.5
      vertex -5.97314 4.35016 -2.5
    endloop
  endfacet
  facet normal -0.0989056 -0.995097 -0
    outer loop
      vertex -5.6865 4.32167 -2.5
      vertex -5.97314 4.35016 -10.5
      vertex -5.6865 4.32167 -10.5
    endloop
  endfacet
  facet normal -0.866024 -0.500002 0
    outer loop
      vertex -5.97314 4.35016 -10.5
      vertex -6.14742 4.65202 -2.5
      vertex -6.14742 4.65202 -10.5
    endloop
  endfacet
  facet normal -0.866024 -0.500002 0
    outer loop
      vertex -6.14742 4.65202 -2.5
      vertex -5.97314 4.35016 -10.5
      vertex -5.97314 4.35016 -2.5
    endloop
  endfacet
  facet normal -0.911245 0.411864 0
    outer loop
      vertex -6.14742 4.65202 -10.5
      vertex -6.02878 4.91451 -2.5
      vertex -6.02878 4.91451 -10.5
    endloop
  endfacet
  facet normal -0.911245 0.411864 0
    outer loop
      vertex -6.02878 4.91451 -2.5
      vertex -6.14742 4.65202 -10.5
      vertex -6.14742 4.65202 -2.5
    endloop
  endfacet
  facet normal -0.881996 0.471257 0
    outer loop
      vertex -6.02878 4.91451 -10.5
      vertex -5.91221 5.13268 -2.5
      vertex -5.91221 5.13268 -10.5
    endloop
  endfacet
  facet normal -0.881996 0.471257 0
    outer loop
      vertex -5.91221 5.13268 -2.5
      vertex -6.02878 4.91451 -10.5
      vertex -6.02878 4.91451 -2.5
    endloop
  endfacet
  facet normal -0.850926 0.525286 0
    outer loop
      vertex -5.91221 5.13268 -10.5
      vertex -5.80031 5.31395 -2.5
      vertex -5.80031 5.31395 -10.5
    endloop
  endfacet
  facet normal -0.850926 0.525286 0
    outer loop
      vertex -5.80031 5.31395 -2.5
      vertex -5.91221 5.13268 -10.5
      vertex -5.91221 5.13268 -2.5
    endloop
  endfacet
  facet normal -0.818625 0.574328 0
    outer loop
      vertex -5.80031 5.31395 -10.5
      vertex -5.6948 5.46434 -2.5
      vertex -5.6948 5.46434 -10.5
    endloop
  endfacet
  facet normal -0.818625 0.574328 0
    outer loop
      vertex -5.6948 5.46434 -2.5
      vertex -5.80031 5.31395 -10.5
      vertex -5.80031 5.31395 -2.5
    endloop
  endfacet
  facet normal -0.785177 0.619272 0
    outer loop
      vertex -5.6948 5.46434 -10.5
      vertex -5.59663 5.58881 -2.5
      vertex -5.59663 5.58881 -10.5
    endloop
  endfacet
  facet normal -0.785177 0.619272 0
    outer loop
      vertex -5.59663 5.58881 -2.5
      vertex -5.6948 5.46434 -10.5
      vertex -5.6948 5.46434 -2.5
    endloop
  endfacet
  facet normal -0.750837 0.660488 0
    outer loop
      vertex -5.59663 5.58881 -10.5
      vertex -5.50642 5.69136 -2.5
      vertex -5.50642 5.69136 -10.5
    endloop
  endfacet
  facet normal -0.750837 0.660488 0
    outer loop
      vertex -5.50642 5.69136 -2.5
      vertex -5.59663 5.58881 -10.5
      vertex -5.59663 5.58881 -2.5
    endloop
  endfacet
  facet normal -0.716 0.6981 0
    outer loop
      vertex -5.50642 5.69136 -10.5
      vertex -5.42452 5.77536 -2.5
      vertex -5.42452 5.77536 -10.5
    endloop
  endfacet
  facet normal -0.716 0.6981 0
    outer loop
      vertex -5.42452 5.77536 -2.5
      vertex -5.50642 5.69136 -10.5
      vertex -5.50642 5.69136 -2.5
    endloop
  endfacet
  facet normal -0.680543 0.732708 0
    outer loop
      vertex -5.35106 5.84359 -10.5
      vertex -5.42452 5.77536 -2.5
      vertex -5.35106 5.84359 -2.5
    endloop
  endfacet
  facet normal -0.680543 0.732708 0
    outer loop
      vertex -5.42452 5.77536 -2.5
      vertex -5.35106 5.84359 -10.5
      vertex -5.42452 5.77536 -10.5
    endloop
  endfacet
  facet normal -0.644723 0.764417 0
    outer loop
      vertex -5.28611 5.89837 -10.5
      vertex -5.35106 5.84359 -2.5
      vertex -5.28611 5.89837 -2.5
    endloop
  endfacet
  facet normal -0.644723 0.764417 0
    outer loop
      vertex -5.35106 5.84359 -2.5
      vertex -5.28611 5.89837 -10.5
      vertex -5.35106 5.84359 -10.5
    endloop
  endfacet
  facet normal -0.608296 0.793711 0
    outer loop
      vertex -5.22969 5.94161 -10.5
      vertex -5.28611 5.89837 -2.5
      vertex -5.22969 5.94161 -2.5
    endloop
  endfacet
  facet normal -0.608296 0.793711 0
    outer loop
      vertex -5.28611 5.89837 -2.5
      vertex -5.22969 5.94161 -10.5
      vertex -5.28611 5.89837 -10.5
    endloop
  endfacet
  facet normal -0.571887 0.820332 0
    outer loop
      vertex -5.18178 5.97501 -10.5
      vertex -5.22969 5.94161 -2.5
      vertex -5.18178 5.97501 -2.5
    endloop
  endfacet
  facet normal -0.571887 0.820332 0
    outer loop
      vertex -5.22969 5.94161 -2.5
      vertex -5.18178 5.97501 -10.5
      vertex -5.22969 5.94161 -10.5
    endloop
  endfacet
  facet normal -0.534445 0.845203 0
    outer loop
      vertex -5.14237 5.99993 -10.5
      vertex -5.18178 5.97501 -2.5
      vertex -5.14237 5.99993 -2.5
    endloop
  endfacet
  facet normal -0.534445 0.845203 0
    outer loop
      vertex -5.18178 5.97501 -2.5
      vertex -5.14237 5.99993 -10.5
      vertex -5.18178 5.97501 -10.5
    endloop
  endfacet
  facet normal -0.497683 0.867359 0
    outer loop
      vertex -5.11154 6.01762 -10.5
      vertex -5.14237 5.99993 -2.5
      vertex -5.11154 6.01762 -2.5
    endloop
  endfacet
  facet normal -0.497683 0.867359 0
    outer loop
      vertex -5.14237 5.99993 -2.5
      vertex -5.11154 6.01762 -10.5
      vertex -5.14237 5.99993 -10.5
    endloop
  endfacet
  facet normal -0.459629 0.888111 0
    outer loop
      vertex -5.0893 6.02913 -10.5
      vertex -5.11154 6.01762 -2.5
      vertex -5.0893 6.02913 -2.5
    endloop
  endfacet
  facet normal -0.459629 0.888111 0
    outer loop
      vertex -5.11154 6.01762 -2.5
      vertex -5.0893 6.02913 -10.5
      vertex -5.11154 6.01762 -10.5
    endloop
  endfacet
  facet normal -0.42119 0.906972 0
    outer loop
      vertex -5.07582 6.03539 -10.5
      vertex -5.0893 6.02913 -2.5
      vertex -5.07582 6.03539 -2.5
    endloop
  endfacet
  facet normal -0.42119 0.906972 0
    outer loop
      vertex -5.0893 6.02913 -2.5
      vertex -5.07582 6.03539 -10.5
      vertex -5.0893 6.02913 -10.5
    endloop
  endfacet
  facet normal -0.388781 0.92133 0
    outer loop
      vertex -5.07127 6.03731 -10.5
      vertex -5.07582 6.03539 -2.5
      vertex -5.07127 6.03731 -2.5
    endloop
  endfacet
  facet normal -0.388781 0.92133 0
    outer loop
      vertex -5.07582 6.03539 -2.5
      vertex -5.07127 6.03731 -10.5
      vertex -5.07582 6.03539 -10.5
    endloop
  endfacet
  facet normal -0.360938 0.93259 0
    outer loop
      vertex -4.50498 6.25648 -10.5
      vertex -5.07127 6.03731 -2.5
      vertex -4.50498 6.25648 -2.5
    endloop
  endfacet
  facet normal -0.360938 0.93259 0
    outer loop
      vertex -5.07127 6.03731 -2.5
      vertex -4.50498 6.25648 -10.5
      vertex -5.07127 6.03731 -10.5
    endloop
  endfacet
  facet normal -0.892094 -0.45185 0
    outer loop
      vertex -4.50498 6.25648 -10.5
      vertex -4.51705 6.28031 -2.5
      vertex -4.51705 6.28031 -10.5
    endloop
  endfacet
  facet normal -0.892094 -0.45185 0
    outer loop
      vertex -4.51705 6.28031 -2.5
      vertex -4.50498 6.25648 -10.5
      vertex -4.50498 6.25648 -2.5
    endloop
  endfacet
  facet normal -0.966635 -0.256157 0
    outer loop
      vertex -4.51705 6.28031 -10.5
      vertex -4.77588 7.25703 -2.5
      vertex -4.77588 7.25703 -10.5
    endloop
  endfacet
  facet normal -0.966635 -0.256157 0
    outer loop
      vertex -4.77588 7.25703 -2.5
      vertex -4.51705 6.28031 -10.5
      vertex -4.51705 6.28031 -2.5
    endloop
  endfacet
  facet normal 0.15371 -0.988116 0
    outer loop
      vertex -5.37321 7.16411 -10.5
      vertex -4.77588 7.25703 -2.5
      vertex -5.37321 7.16411 -2.5
    endloop
  endfacet
  facet normal 0.15371 -0.988116 0
    outer loop
      vertex -4.77588 7.25703 -2.5
      vertex -5.37321 7.16411 -10.5
      vertex -4.77588 7.25703 -10.5
    endloop
  endfacet
  facet normal 0.127778 -0.991803 0
    outer loop
      vertex -5.3781 7.16348 -10.5
      vertex -5.37321 7.16411 -2.5
      vertex -5.3781 7.16348 -2.5
    endloop
  endfacet
  facet normal 0.127778 -0.991803 0
    outer loop
      vertex -5.37321 7.16411 -2.5
      vertex -5.3781 7.16348 -10.5
      vertex -5.37321 7.16411 -10.5
    endloop
  endfacet
  facet normal 0.0880507 -0.996116 0
    outer loop
      vertex -5.39292 7.16217 -10.5
      vertex -5.3781 7.16348 -2.5
      vertex -5.39292 7.16217 -2.5
    endloop
  endfacet
  facet normal 0.0880507 -0.996116 0
    outer loop
      vertex -5.3781 7.16348 -2.5
      vertex -5.39292 7.16217 -10.5
      vertex -5.3781 7.16348 -10.5
    endloop
  endfacet
  facet normal 0.0455345 -0.998963 0
    outer loop
      vertex -5.41793 7.16103 -10.5
      vertex -5.39292 7.16217 -2.5
      vertex -5.41793 7.16103 -2.5
    endloop
  endfacet
  facet normal 0.0455345 -0.998963 0
    outer loop
      vertex -5.39292 7.16217 -2.5
      vertex -5.41793 7.16103 -10.5
      vertex -5.39292 7.16217 -10.5
    endloop
  endfacet
  facet normal 0.00309509 -0.999995 0
    outer loop
      vertex -5.45347 7.16092 -10.5
      vertex -5.41793 7.16103 -2.5
      vertex -5.45347 7.16092 -2.5
    endloop
  endfacet
  facet normal 0.00309509 -0.999995 0
    outer loop
      vertex -5.41793 7.16103 -2.5
      vertex -5.45347 7.16092 -10.5
      vertex -5.41793 7.16103 -10.5
    endloop
  endfacet
  facet normal -0.0401051 -0.999195 0
    outer loop
      vertex -5.50006 7.16279 -10.5
      vertex -5.45347 7.16092 -2.5
      vertex -5.50006 7.16279 -2.5
    endloop
  endfacet
  facet normal -0.0401051 -0.999195 -0
    outer loop
      vertex -5.45347 7.16092 -2.5
      vertex -5.50006 7.16279 -10.5
      vertex -5.45347 7.16092 -10.5
    endloop
  endfacet
  facet normal -0.0851 -0.996372 0
    outer loop
      vertex -5.55825 7.16776 -10.5
      vertex -5.50006 7.16279 -2.5
      vertex -5.55825 7.16776 -2.5
    endloop
  endfacet
  facet normal -0.0851 -0.996372 -0
    outer loop
      vertex -5.50006 7.16279 -2.5
      vertex -5.55825 7.16776 -10.5
      vertex -5.50006 7.16279 -10.5
    endloop
  endfacet
  facet normal -0.130127 -0.991497 0
    outer loop
      vertex -5.62873 7.17701 -10.5
      vertex -5.55825 7.16776 -2.5
      vertex -5.62873 7.17701 -2.5
    endloop
  endfacet
  facet normal -0.130127 -0.991497 -0
    outer loop
      vertex -5.55825 7.16776 -2.5
      vertex -5.62873 7.17701 -10.5
      vertex -5.55825 7.16776 -10.5
    endloop
  endfacet
  facet normal -0.176088 -0.984374 0
    outer loop
      vertex -5.71236 7.19197 -10.5
      vertex -5.62873 7.17701 -2.5
      vertex -5.71236 7.19197 -2.5
    endloop
  endfacet
  facet normal -0.176088 -0.984374 -0
    outer loop
      vertex -5.62873 7.17701 -2.5
      vertex -5.71236 7.19197 -10.5
      vertex -5.62873 7.17701 -10.5
    endloop
  endfacet
  facet normal -0.223104 -0.974795 0
    outer loop
      vertex -5.8101 7.21434 -10.5
      vertex -5.71236 7.19197 -2.5
      vertex -5.8101 7.21434 -2.5
    endloop
  endfacet
  facet normal -0.223104 -0.974795 -0
    outer loop
      vertex -5.71236 7.19197 -2.5
      vertex -5.8101 7.21434 -10.5
      vertex -5.71236 7.19197 -10.5
    endloop
  endfacet
  facet normal -0.270891 -0.96261 0
    outer loop
      vertex -5.92303 7.24612 -10.5
      vertex -5.8101 7.21434 -2.5
      vertex -5.92303 7.24612 -2.5
    endloop
  endfacet
  facet normal -0.270891 -0.96261 -0
    outer loop
      vertex -5.8101 7.21434 -2.5
      vertex -5.92303 7.24612 -10.5
      vertex -5.8101 7.21434 -10.5
    endloop
  endfacet
  facet normal -0.320091 -0.947387 0
    outer loop
      vertex -6.05243 7.28984 -10.5
      vertex -5.92303 7.24612 -2.5
      vertex -6.05243 7.28984 -2.5
    endloop
  endfacet
  facet normal -0.320091 -0.947387 -0
    outer loop
      vertex -5.92303 7.24612 -2.5
      vertex -6.05243 7.28984 -10.5
      vertex -5.92303 7.24612 -10.5
    endloop
  endfacet
  facet normal -0.370346 -0.928894 0
    outer loop
      vertex -6.19966 7.34854 -10.5
      vertex -6.05243 7.28984 -2.5
      vertex -6.19966 7.34854 -2.5
    endloop
  endfacet
  facet normal -0.370346 -0.928894 -0
    outer loop
      vertex -6.05243 7.28984 -2.5
      vertex -6.19966 7.34854 -10.5
      vertex -6.05243 7.28984 -10.5
    endloop
  endfacet
  facet normal -0.421649 -0.906759 0
    outer loop
      vertex -6.36626 7.42601 -10.5
      vertex -6.19966 7.34854 -2.5
      vertex -6.36626 7.42601 -2.5
    endloop
  endfacet
  facet normal -0.421649 -0.906759 -0
    outer loop
      vertex -6.19966 7.34854 -2.5
      vertex -6.36626 7.42601 -10.5
      vertex -6.19966 7.34854 -10.5
    endloop
  endfacet
  facet normal -0.474383 -0.880319 0
    outer loop
      vertex -6.55378 7.52706 -10.5
      vertex -6.36626 7.42601 -2.5
      vertex -6.55378 7.52706 -2.5
    endloop
  endfacet
  facet normal -0.474383 -0.880319 -0
    outer loop
      vertex -6.36626 7.42601 -2.5
      vertex -6.55378 7.52706 -10.5
      vertex -6.36626 7.42601 -10.5
    endloop
  endfacet
  facet normal -0.528192 -0.849125 0
    outer loop
      vertex -6.76383 7.65772 -10.5
      vertex -6.55378 7.52706 -2.5
      vertex -6.76383 7.65772 -2.5
    endloop
  endfacet
  facet normal -0.528192 -0.849125 -0
    outer loop
      vertex -6.55378 7.52706 -2.5
      vertex -6.76383 7.65772 -10.5
      vertex -6.55378 7.52706 -10.5
    endloop
  endfacet
  facet normal -0.5832 -0.812328 0
    outer loop
      vertex -6.99782 7.82571 -10.5
      vertex -6.76383 7.65772 -2.5
      vertex -6.99782 7.82571 -2.5
    endloop
  endfacet
  facet normal -0.5832 -0.812328 -0
    outer loop
      vertex -6.76383 7.65772 -2.5
      vertex -6.99782 7.82571 -10.5
      vertex -6.76383 7.65772 -10.5
    endloop
  endfacet
  facet normal -1 0 0
    outer loop
      vertex -6.99782 7.82571 -10.5
      vertex -6.99782 8.17427 -2.5
      vertex -6.99782 8.17427 -10.5
    endloop
  endfacet
  facet normal -1 -0 0
    outer loop
      vertex -6.99782 8.17427 -2.5
      vertex -6.99782 7.82571 -10.5
      vertex -6.99782 7.82571 -2.5
    endloop
  endfacet
  facet normal -0.583223 0.812312 0
    outer loop
      vertex -6.76383 8.34227 -10.5
      vertex -6.99782 8.17427 -2.5
      vertex -6.76383 8.34227 -2.5
    endloop
  endfacet
  facet normal -0.583223 0.812312 0
    outer loop
      vertex -6.99782 8.17427 -2.5
      vertex -6.76383 8.34227 -10.5
      vertex -6.99782 8.17427 -10.5
    endloop
  endfacet
  facet normal -0.52821 0.849114 0
    outer loop
      vertex -6.55379 8.47293 -10.5
      vertex -6.76383 8.34227 -2.5
      vertex -6.55379 8.47293 -2.5
    endloop
  endfacet
  facet normal -0.52821 0.849114 0
    outer loop
      vertex -6.76383 8.34227 -2.5
      vertex -6.55379 8.47293 -10.5
      vertex -6.76383 8.34227 -10.5
    endloop
  endfacet
  facet normal -0.474327 0.880349 0
    outer loop
      vertex -6.36626 8.57397 -10.5
      vertex -6.55379 8.47293 -2.5
      vertex -6.36626 8.57397 -2.5
    endloop
  endfacet
  facet normal -0.474327 0.880349 0
    outer loop
      vertex -6.55379 8.47293 -2.5
      vertex -6.36626 8.57397 -10.5
      vertex -6.55379 8.47293 -10.5
    endloop
  endfacet
  facet normal -0.421714 0.906729 0
    outer loop
      vertex -6.19967 8.65145 -10.5
      vertex -6.36626 8.57397 -2.5
      vertex -6.19967 8.65145 -2.5
    endloop
  endfacet
  facet normal -0.421714 0.906729 0
    outer loop
      vertex -6.36626 8.57397 -2.5
      vertex -6.19967 8.65145 -10.5
      vertex -6.36626 8.57397 -10.5
    endloop
  endfacet
  facet normal -0.370324 0.928902 0
    outer loop
      vertex -6.05243 8.71015 -10.5
      vertex -6.19967 8.65145 -2.5
      vertex -6.05243 8.71015 -2.5
    endloop
  endfacet
  facet normal -0.370324 0.928902 0
    outer loop
      vertex -6.19967 8.65145 -2.5
      vertex -6.05243 8.71015 -10.5
      vertex -6.19967 8.65145 -10.5
    endloop
  endfacet
  facet normal -0.320025 0.947409 0
    outer loop
      vertex -5.92303 8.75386 -10.5
      vertex -6.05243 8.71015 -2.5
      vertex -5.92303 8.75386 -2.5
    endloop
  endfacet
  facet normal -0.320025 0.947409 0
    outer loop
      vertex -6.05243 8.71015 -2.5
      vertex -5.92303 8.75386 -10.5
      vertex -6.05243 8.71015 -10.5
    endloop
  endfacet
  facet normal -0.270948 0.962594 0
    outer loop
      vertex -5.81009 8.78565 -10.5
      vertex -5.92303 8.75386 -2.5
      vertex -5.81009 8.78565 -2.5
    endloop
  endfacet
  facet normal -0.270948 0.962594 0
    outer loop
      vertex -5.92303 8.75386 -2.5
      vertex -5.81009 8.78565 -10.5
      vertex -5.92303 8.75386 -10.5
    endloop
  endfacet
  facet normal -0.223125 0.97479 0
    outer loop
      vertex -5.71236 8.80802 -10.5
      vertex -5.81009 8.78565 -2.5
      vertex -5.71236 8.80802 -2.5
    endloop
  endfacet
  facet normal -0.223125 0.97479 0
    outer loop
      vertex -5.81009 8.78565 -2.5
      vertex -5.71236 8.80802 -10.5
      vertex -5.81009 8.78565 -10.5
    endloop
  endfacet
  facet normal -0.176108 0.984371 0
    outer loop
      vertex -5.62874 8.82298 -10.5
      vertex -5.71236 8.80802 -2.5
      vertex -5.62874 8.82298 -2.5
    endloop
  endfacet
  facet normal -0.176108 0.984371 0
    outer loop
      vertex -5.71236 8.80802 -2.5
      vertex -5.62874 8.82298 -10.5
      vertex -5.71236 8.80802 -10.5
    endloop
  endfacet
  facet normal -0.130109 0.9915 0
    outer loop
      vertex -5.55825 8.83223 -10.5
      vertex -5.62874 8.82298 -2.5
      vertex -5.55825 8.83223 -2.5
    endloop
  endfacet
  facet normal -0.130109 0.9915 0
    outer loop
      vertex -5.62874 8.82298 -2.5
      vertex -5.55825 8.83223 -10.5
      vertex -5.62874 8.82298 -10.5
    endloop
  endfacet
  facet normal -0.08493 0.996387 0
    outer loop
      vertex -5.50006 8.83719 -10.5
      vertex -5.55825 8.83223 -2.5
      vertex -5.50006 8.83719 -2.5
    endloop
  endfacet
  facet normal -0.08493 0.996387 0
    outer loop
      vertex -5.55825 8.83223 -2.5
      vertex -5.50006 8.83719 -10.5
      vertex -5.55825 8.83223 -10.5
    endloop
  endfacet
  facet normal -0.0405333 0.999178 0
    outer loop
      vertex -5.45347 8.83908 -10.5
      vertex -5.50006 8.83719 -2.5
      vertex -5.45347 8.83908 -2.5
    endloop
  endfacet
  facet normal -0.0405333 0.999178 0
    outer loop
      vertex -5.50006 8.83719 -2.5
      vertex -5.45347 8.83908 -10.5
      vertex -5.50006 8.83719 -10.5
    endloop
  endfacet
  facet normal 0.00309422 0.999995 -0
    outer loop
      vertex -5.41792 8.83897 -10.5
      vertex -5.45347 8.83908 -2.5
      vertex -5.41792 8.83897 -2.5
    endloop
  endfacet
  facet normal 0.00309422 0.999995 0
    outer loop
      vertex -5.45347 8.83908 -2.5
      vertex -5.41792 8.83897 -10.5
      vertex -5.45347 8.83908 -10.5
    endloop
  endfacet
  facet normal 0.0463316 0.998926 -0
    outer loop
      vertex -5.39291 8.83781 -10.5
      vertex -5.41792 8.83897 -2.5
      vertex -5.39291 8.83781 -2.5
    endloop
  endfacet
  facet normal 0.0463316 0.998926 0
    outer loop
      vertex -5.41792 8.83897 -2.5
      vertex -5.39291 8.83781 -10.5
      vertex -5.41792 8.83897 -10.5
    endloop
  endfacet
  facet normal 0.0881097 0.996111 -0
    outer loop
      vertex -5.3781 8.8365 -10.5
      vertex -5.39291 8.83781 -2.5
      vertex -5.3781 8.8365 -2.5
    endloop
  endfacet
  facet normal 0.0881097 0.996111 0
    outer loop
      vertex -5.39291 8.83781 -2.5
      vertex -5.3781 8.8365 -10.5
      vertex -5.39291 8.83781 -10.5
    endloop
  endfacet
  facet normal 0.123536 0.99234 -0
    outer loop
      vertex -5.3732 8.83589 -10.5
      vertex -5.3781 8.8365 -2.5
      vertex -5.3732 8.83589 -2.5
    endloop
  endfacet
  facet normal 0.123536 0.99234 0
    outer loop
      vertex -5.3781 8.8365 -2.5
      vertex -5.3732 8.83589 -10.5
      vertex -5.3781 8.8365 -10.5
    endloop
  endfacet
  facet normal 0.15373 0.988113 -0
    outer loop
      vertex -4.74979 8.7389 -10.5
      vertex -5.3732 8.83589 -2.5
      vertex -4.74979 8.7389 -2.5
    endloop
  endfacet
  facet normal 0.15373 0.988113 0
    outer loop
      vertex -5.3732 8.83589 -2.5
      vertex -4.74979 8.7389 -10.5
      vertex -5.3732 8.83589 -10.5
    endloop
  endfacet
  facet normal -0.987255 0.159144 0
    outer loop
      vertex -4.74979 8.7389 -10.5
      vertex -4.66518 9.26378 -2.5
      vertex -4.66518 9.26378 -10.5
    endloop
  endfacet
  facet normal -0.987255 0.159144 0
    outer loop
      vertex -4.66518 9.26378 -2.5
      vertex -4.74979 8.7389 -10.5
      vertex -4.74979 8.7389 -2.5
    endloop
  endfacet
  facet normal -0.932594 0.360928 0
    outer loop
      vertex -4.66518 9.26378 -10.5
      vertex -4.48283 9.73495 -2.5
      vertex -4.48283 9.73495 -10.5
    endloop
  endfacet
  facet normal -0.932594 0.360928 0
    outer loop
      vertex -4.48283 9.73495 -2.5
      vertex -4.66518 9.26378 -10.5
      vertex -4.66518 9.26378 -2.5
    endloop
  endfacet
  facet normal -0.360948 -0.932586 0
    outer loop
      vertex -5.07127 9.9627 -10.5
      vertex -4.48283 9.73495 -2.5
      vertex -5.07127 9.9627 -2.5
    endloop
  endfacet
  facet normal -0.360948 -0.932586 -0
    outer loop
      vertex -4.48283 9.73495 -2.5
      vertex -5.07127 9.9627 -10.5
      vertex -4.48283 9.73495 -10.5
    endloop
  endfacet
  facet normal -0.385335 -0.922777 0
    outer loop
      vertex -5.07582 9.9646 -10.5
      vertex -5.07127 9.9627 -2.5
      vertex -5.07582 9.9646 -2.5
    endloop
  endfacet
  facet normal -0.385335 -0.922777 -0
    outer loop
      vertex -5.07127 9.9627 -2.5
      vertex -5.07582 9.9646 -10.5
      vertex -5.07127 9.9627 -10.5
    endloop
  endfacet
  facet normal -0.421487 -0.906835 0
    outer loop
      vertex -5.08931 9.97087 -10.5
      vertex -5.07582 9.9646 -2.5
      vertex -5.08931 9.97087 -2.5
    endloop
  endfacet
  facet normal -0.421487 -0.906835 -0
    outer loop
      vertex -5.07582 9.9646 -2.5
      vertex -5.08931 9.97087 -10.5
      vertex -5.07582 9.9646 -10.5
    endloop
  endfacet
  facet normal -0.459792 -0.888026 0
    outer loop
      vertex -5.11154 9.98238 -10.5
      vertex -5.08931 9.97087 -2.5
      vertex -5.11154 9.98238 -2.5
    endloop
  endfacet
  facet normal -0.459792 -0.888026 -0
    outer loop
      vertex -5.08931 9.97087 -2.5
      vertex -5.11154 9.98238 -10.5
      vertex -5.08931 9.97087 -10.5
    endloop
  endfacet
  facet normal -0.498196 -0.867064 0
    outer loop
      vertex -5.14238 10.0001 -10.5
      vertex -5.11154 9.98238 -2.5
      vertex -5.14238 10.0001 -2.5
    endloop
  endfacet
  facet normal -0.498196 -0.867064 -0
    outer loop
      vertex -5.11154 9.98238 -2.5
      vertex -5.14238 10.0001 -10.5
      vertex -5.11154 9.98238 -10.5
    endloop
  endfacet
  facet normal -0.534138 -0.845397 0
    outer loop
      vertex -5.18179 10.025 -10.5
      vertex -5.14238 10.0001 -2.5
      vertex -5.18179 10.025 -2.5
    endloop
  endfacet
  facet normal -0.534138 -0.845397 -0
    outer loop
      vertex -5.14238 10.0001 -2.5
      vertex -5.18179 10.025 -10.5
      vertex -5.14238 10.0001 -10.5
    endloop
  endfacet
  facet normal -0.571967 -0.820276 0
    outer loop
      vertex -5.22969 10.0584 -10.5
      vertex -5.18179 10.025 -2.5
      vertex -5.22969 10.0584 -2.5
    endloop
  endfacet
  facet normal -0.571967 -0.820276 -0
    outer loop
      vertex -5.18179 10.025 -2.5
      vertex -5.22969 10.0584 -10.5
      vertex -5.18179 10.025 -10.5
    endloop
  endfacet
  facet normal -0.607941 -0.793982 0
    outer loop
      vertex -5.28611 10.1016 -10.5
      vertex -5.22969 10.0584 -2.5
      vertex -5.28611 10.1016 -2.5
    endloop
  endfacet
  facet normal -0.607941 -0.793982 -0
    outer loop
      vertex -5.22969 10.0584 -2.5
      vertex -5.28611 10.1016 -10.5
      vertex -5.22969 10.0584 -10.5
    endloop
  endfacet
  facet normal -0.644918 -0.764252 0
    outer loop
      vertex -5.35105 10.1564 -10.5
      vertex -5.28611 10.1016 -2.5
      vertex -5.35105 10.1564 -2.5
    endloop
  endfacet
  facet normal -0.644918 -0.764252 -0
    outer loop
      vertex -5.28611 10.1016 -2.5
      vertex -5.35105 10.1564 -10.5
      vertex -5.28611 10.1016 -10.5
    endloop
  endfacet
  facet normal -0.680332 -0.732904 0
    outer loop
      vertex -5.42452 10.2246 -10.5
      vertex -5.35105 10.1564 -2.5
      vertex -5.42452 10.2246 -2.5
    endloop
  endfacet
  facet normal -0.680332 -0.732904 -0
    outer loop
      vertex -5.35105 10.1564 -2.5
      vertex -5.42452 10.2246 -10.5
      vertex -5.35105 10.1564 -10.5
    endloop
  endfacet
  facet normal -0.715958 -0.698144 0
    outer loop
      vertex -5.42452 10.2246 -10.5
      vertex -5.50643 10.3086 -2.5
      vertex -5.50643 10.3086 -10.5
    endloop
  endfacet
  facet normal -0.715958 -0.698144 0
    outer loop
      vertex -5.50643 10.3086 -2.5
      vertex -5.42452 10.2246 -10.5
      vertex -5.42452 10.2246 -2.5
    endloop
  endfacet
  facet normal -0.751033 -0.660265 0
    outer loop
      vertex -5.50643 10.3086 -10.5
      vertex -5.59663 10.4112 -2.5
      vertex -5.59663 10.4112 -10.5
    endloop
  endfacet
  facet normal -0.751033 -0.660265 0
    outer loop
      vertex -5.59663 10.4112 -2.5
      vertex -5.50643 10.3086 -10.5
      vertex -5.50643 10.3086 -2.5
    endloop
  endfacet
  facet normal -0.785038 -0.619448 0
    outer loop
      vertex -5.59663 10.4112 -10.5
      vertex -5.69479 10.5356 -2.5
      vertex -5.69479 10.5356 -10.5
    endloop
  endfacet
  facet normal -0.785038 -0.619448 0
    outer loop
      vertex -5.69479 10.5356 -2.5
      vertex -5.59663 10.4112 -10.5
      vertex -5.59663 10.4112 -2.5
    endloop
  endfacet
  facet normal -0.818567 -0.574412 0
    outer loop
      vertex -5.69479 10.5356 -10.5
      vertex -5.80033 10.686 -2.5
      vertex -5.80033 10.686 -10.5
    endloop
  endfacet
  facet normal -0.818567 -0.574412 0
    outer loop
      vertex -5.80033 10.686 -2.5
      vertex -5.69479 10.5356 -10.5
      vertex -5.69479 10.5356 -2.5
    endloop
  endfacet
  facet normal -0.851049 -0.525087 0
    outer loop
      vertex -5.80033 10.686 -10.5
      vertex -5.91219 10.8673 -2.5
      vertex -5.91219 10.8673 -10.5
    endloop
  endfacet
  facet normal -0.851049 -0.525087 0
    outer loop
      vertex -5.91219 10.8673 -2.5
      vertex -5.80033 10.686 -10.5
      vertex -5.80033 10.686 -2.5
    endloop
  endfacet
  facet normal -0.881989 -0.47127 0
    outer loop
      vertex -5.91219 10.8673 -10.5
      vertex -6.02878 11.0855 -2.5
      vertex -6.02878 11.0855 -10.5
    endloop
  endfacet
  facet normal -0.881989 -0.47127 0
    outer loop
      vertex -6.02878 11.0855 -2.5
      vertex -5.91219 10.8673 -10.5
      vertex -5.91219 10.8673 -2.5
    endloop
  endfacet
  facet normal -0.911238 -0.41188 0
    outer loop
      vertex -6.02878 11.0855 -10.5
      vertex -6.14743 11.348 -2.5
      vertex -6.14743 11.348 -10.5
    endloop
  endfacet
  facet normal -0.911238 -0.41188 0
    outer loop
      vertex -6.14743 11.348 -2.5
      vertex -6.02878 11.0855 -10.5
      vertex -6.02878 11.0855 -2.5
    endloop
  endfacet
  facet normal -0.865981 0.500077 0
    outer loop
      vertex -6.14743 11.348 -10.5
      vertex -5.97315 11.6498 -2.5
      vertex -5.97315 11.6498 -10.5
    endloop
  endfacet
  facet normal -0.865981 0.500077 0
    outer loop
      vertex -5.97315 11.6498 -2.5
      vertex -6.14743 11.348 -10.5
      vertex -6.14743 11.348 -2.5
    endloop
  endfacet
  facet normal -0.09894 0.995093 0
    outer loop
      vertex -5.68651 11.6783 -10.5
      vertex -5.97315 11.6498 -2.5
      vertex -5.68651 11.6783 -2.5
    endloop
  endfacet
  facet normal -0.09894 0.995093 0
    outer loop
      vertex -5.97315 11.6498 -2.5
      vertex -5.68651 11.6783 -10.5
      vertex -5.97315 11.6498 -10.5
    endloop
  endfacet
  facet normal -0.0331493 0.99945 0
    outer loop
      vertex -5.43928 11.6865 -10.5
      vertex -5.68651 11.6783 -2.5
      vertex -5.43928 11.6865 -2.5
    endloop
  endfacet
  facet normal -0.0331493 0.99945 0
    outer loop
      vertex -5.68651 11.6783 -2.5
      vertex -5.43928 11.6865 -10.5
      vertex -5.68651 11.6783 -10.5
    endloop
  endfacet
  facet normal 0.0295729 0.999563 -0
    outer loop
      vertex -5.22634 11.6802 -10.5
      vertex -5.43928 11.6865 -2.5
      vertex -5.22634 11.6802 -2.5
    endloop
  endfacet
  facet normal 0.0295729 0.999563 0
    outer loop
      vertex -5.43928 11.6865 -2.5
      vertex -5.22634 11.6802 -10.5
      vertex -5.43928 11.6865 -10.5
    endloop
  endfacet
  facet normal 0.0881845 0.996104 -0
    outer loop
      vertex -5.04335 11.664 -10.5
      vertex -5.22634 11.6802 -2.5
      vertex -5.04335 11.664 -2.5
    endloop
  endfacet
  facet normal 0.0881845 0.996104 0
    outer loop
      vertex -5.22634 11.6802 -2.5
      vertex -5.04335 11.664 -10.5
      vertex -5.22634 11.6802 -10.5
    endloop
  endfacet
  facet normal 0.143832 0.989602 -0
    outer loop
      vertex -4.88648 11.6412 -10.5
      vertex -5.04335 11.664 -2.5
      vertex -4.88648 11.6412 -2.5
    endloop
  endfacet
  facet normal 0.143832 0.989602 0
    outer loop
      vertex -5.04335 11.664 -2.5
      vertex -4.88648 11.6412 -10.5
      vertex -5.04335 11.664 -10.5
    endloop
  endfacet
  facet normal 0.196215 0.980561 -0
    outer loop
      vertex -4.75255 11.6144 -10.5
      vertex -4.88648 11.6412 -2.5
      vertex -4.75255 11.6144 -2.5
    endloop
  endfacet
  facet normal 0.196215 0.980561 0
    outer loop
      vertex -4.88648 11.6412 -2.5
      vertex -4.75255 11.6144 -10.5
      vertex -4.88648 11.6412 -10.5
    endloop
  endfacet
  facet normal 0.247165 0.968973 -0
    outer loop
      vertex -4.63886 11.5854 -10.5
      vertex -4.75255 11.6144 -2.5
      vertex -4.63886 11.5854 -2.5
    endloop
  endfacet
  facet normal 0.247165 0.968973 0
    outer loop
      vertex -4.75255 11.6144 -2.5
      vertex -4.63886 11.5854 -10.5
      vertex -4.75255 11.6144 -10.5
    endloop
  endfacet
  facet normal 0.29424 0.955732 -0
    outer loop
      vertex -4.54304 11.5559 -10.5
      vertex -4.63886 11.5854 -2.5
      vertex -4.54304 11.5559 -2.5
    endloop
  endfacet
  facet normal 0.29424 0.955732 0
    outer loop
      vertex -4.63886 11.5854 -2.5
      vertex -4.54304 11.5559 -10.5
      vertex -4.63886 11.5854 -10.5
    endloop
  endfacet
  facet normal 0.339057 0.940766 -0
    outer loop
      vertex -4.46313 11.5271 -10.5
      vertex -4.54304 11.5559 -2.5
      vertex -4.46313 11.5271 -2.5
    endloop
  endfacet
  facet normal 0.339057 0.940766 0
    outer loop
      vertex -4.54304 11.5559 -2.5
      vertex -4.46313 11.5271 -10.5
      vertex -4.54304 11.5559 -10.5
    endloop
  endfacet
  facet normal 0.383866 0.923389 -0
    outer loop
      vertex -4.39746 11.4998 -10.5
      vertex -4.46313 11.5271 -2.5
      vertex -4.39746 11.4998 -2.5
    endloop
  endfacet
  facet normal 0.383866 0.923389 0
    outer loop
      vertex -4.46313 11.5271 -2.5
      vertex -4.39746 11.4998 -10.5
      vertex -4.46313 11.5271 -10.5
    endloop
  endfacet
  facet normal 0.42327 0.906004 -0
    outer loop
      vertex -4.34459 11.4751 -10.5
      vertex -4.39746 11.4998 -2.5
      vertex -4.34459 11.4751 -2.5
    endloop
  endfacet
  facet normal 0.42327 0.906004 0
    outer loop
      vertex -4.39746 11.4998 -2.5
      vertex -4.34459 11.4751 -10.5
      vertex -4.39746 11.4998 -10.5
    endloop
  endfacet
  facet normal 0.465128 0.885243 -0
    outer loop
      vertex -4.30329 11.4534 -10.5
      vertex -4.34459 11.4751 -2.5
      vertex -4.30329 11.4534 -2.5
    endloop
  endfacet
  facet normal 0.465128 0.885243 0
    outer loop
      vertex -4.34459 11.4751 -2.5
      vertex -4.30329 11.4534 -10.5
      vertex -4.34459 11.4751 -10.5
    endloop
  endfacet
  facet normal 0.503329 0.864095 -0
    outer loop
      vertex -4.27256 11.4355 -10.5
      vertex -4.30329 11.4534 -2.5
      vertex -4.27256 11.4355 -2.5
    endloop
  endfacet
  facet normal 0.503329 0.864095 0
    outer loop
      vertex -4.30329 11.4534 -2.5
      vertex -4.27256 11.4355 -10.5
      vertex -4.30329 11.4534 -10.5
    endloop
  endfacet
  facet normal 0.539303 0.842112 -0
    outer loop
      vertex -4.25148 11.422 -10.5
      vertex -4.27256 11.4355 -2.5
      vertex -4.25148 11.422 -2.5
    endloop
  endfacet
  facet normal 0.539303 0.842112 0
    outer loop
      vertex -4.27256 11.4355 -2.5
      vertex -4.25148 11.422 -10.5
      vertex -4.27256 11.4355 -10.5
    endloop
  endfacet
  facet normal 0.572603 0.819833 -0
    outer loop
      vertex -4.23931 11.4135 -10.5
      vertex -4.25148 11.422 -2.5
      vertex -4.23931 11.4135 -2.5
    endloop
  endfacet
  facet normal 0.572603 0.819833 0
    outer loop
      vertex -4.25148 11.422 -2.5
      vertex -4.23931 11.4135 -10.5
      vertex -4.25148 11.422 -10.5
    endloop
  endfacet
  facet normal 0.6058 0.795617 -0
    outer loop
      vertex -4.23537 11.4105 -10.5
      vertex -4.23931 11.4135 -2.5
      vertex -4.23537 11.4105 -2.5
    endloop
  endfacet
  facet normal 0.6058 0.795617 0
    outer loop
      vertex -4.23931 11.4135 -2.5
      vertex -4.23537 11.4105 -10.5
      vertex -4.23931 11.4135 -10.5
    endloop
  endfacet
  facet normal 0.62715 0.778898 -0
    outer loop
      vertex -3.76243 11.0297 -10.5
      vertex -4.23537 11.4105 -2.5
      vertex -3.76243 11.0297 -2.5
    endloop
  endfacet
  facet normal 0.62715 0.778898 0
    outer loop
      vertex -4.23537 11.4105 -2.5
      vertex -3.76243 11.0297 -10.5
      vertex -4.23537 11.4105 -10.5
    endloop
  endfacet
  facet normal -0.836639 0.547755 0
    outer loop
      vertex -3.76243 11.0297 -10.5
      vertex -3.74783 11.052 -2.5
      vertex -3.74783 11.052 -10.5
    endloop
  endfacet
  facet normal -0.836639 0.547755 0
    outer loop
      vertex -3.74783 11.052 -2.5
      vertex -3.76243 11.0297 -10.5
      vertex -3.76243 11.0297 -2.5
    endloop
  endfacet
  facet normal -0.70514 0.709069 0
    outer loop
      vertex -3.03136 11.7645 -10.5
      vertex -3.74783 11.052 -2.5
      vertex -3.03136 11.7645 -2.5
    endloop
  endfacet
  facet normal -0.70514 0.709069 0
    outer loop
      vertex -3.74783 11.052 -2.5
      vertex -3.03136 11.7645 -10.5
      vertex -3.74783 11.052 -10.5
    endloop
  endfacet
  facet normal -0.778904 -0.627143 0
    outer loop
      vertex -3.03136 11.7645 -10.5
      vertex -3.41051 12.2354 -2.5
      vertex -3.41051 12.2354 -10.5
    endloop
  endfacet
  facet normal -0.778904 -0.627143 0
    outer loop
      vertex -3.41051 12.2354 -2.5
      vertex -3.03136 11.7645 -10.5
      vertex -3.03136 11.7645 -2.5
    endloop
  endfacet
  facet normal -0.795572 -0.605859 0
    outer loop
      vertex -3.41051 12.2354 -10.5
      vertex -3.41348 12.2393 -2.5
      vertex -3.41348 12.2393 -10.5
    endloop
  endfacet
  facet normal -0.795572 -0.605859 0
    outer loop
      vertex -3.41348 12.2393 -2.5
      vertex -3.41051 12.2354 -10.5
      vertex -3.41051 12.2354 -2.5
    endloop
  endfacet
  facet normal -0.818916 -0.573913 0
    outer loop
      vertex -3.41348 12.2393 -10.5
      vertex -3.42203 12.2515 -2.5
      vertex -3.42203 12.2515 -10.5
    endloop
  endfacet
  facet normal -0.818916 -0.573913 0
    outer loop
      vertex -3.42203 12.2515 -2.5
      vertex -3.41348 12.2393 -10.5
      vertex -3.41348 12.2393 -2.5
    endloop
  endfacet
  facet normal -0.842344 -0.53894 0
    outer loop
      vertex -3.42203 12.2515 -10.5
      vertex -3.43553 12.2726 -2.5
      vertex -3.43553 12.2726 -10.5
    endloop
  endfacet
  facet normal -0.842344 -0.53894 0
    outer loop
      vertex -3.43553 12.2726 -2.5
      vertex -3.42203 12.2515 -10.5
      vertex -3.42203 12.2515 -2.5
    endloop
  endfacet
  facet normal -0.864371 -0.502855 0
    outer loop
      vertex -3.43553 12.2726 -10.5
      vertex -3.45339 12.3033 -2.5
      vertex -3.45339 12.3033 -10.5
    endloop
  endfacet
  facet normal -0.864371 -0.502855 0
    outer loop
      vertex -3.45339 12.3033 -2.5
      vertex -3.43553 12.2726 -10.5
      vertex -3.43553 12.2726 -2.5
    endloop
  endfacet
  facet normal -0.885508 -0.464624 0
    outer loop
      vertex -3.45339 12.3033 -10.5
      vertex -3.47506 12.3446 -2.5
      vertex -3.47506 12.3446 -10.5
    endloop
  endfacet
  facet normal -0.885508 -0.464624 0
    outer loop
      vertex -3.47506 12.3446 -2.5
      vertex -3.45339 12.3033 -10.5
      vertex -3.45339 12.3033 -2.5
    endloop
  endfacet
  facet normal -0.905504 -0.424337 0
    outer loop
      vertex -3.47506 12.3446 -10.5
      vertex -3.49985 12.3975 -2.5
      vertex -3.49985 12.3975 -10.5
    endloop
  endfacet
  facet normal -0.905504 -0.424337 0
    outer loop
      vertex -3.49985 12.3975 -2.5
      vertex -3.47506 12.3446 -10.5
      vertex -3.47506 12.3446 -2.5
    endloop
  endfacet
  facet normal -0.923543 -0.383495 0
    outer loop
      vertex -3.49985 12.3975 -10.5
      vertex -3.52709 12.4631 -2.5
      vertex -3.52709 12.4631 -10.5
    endloop
  endfacet
  facet normal -0.923543 -0.383495 0
    outer loop
      vertex -3.52709 12.4631 -2.5
      vertex -3.49985 12.3975 -10.5
      vertex -3.49985 12.3975 -2.5
    endloop
  endfacet
  facet normal -0.940527 -0.33972 0
    outer loop
      vertex -3.52709 12.4631 -10.5
      vertex -3.55595 12.543 -2.5
      vertex -3.55595 12.543 -10.5
    endloop
  endfacet
  facet normal -0.940527 -0.33972 0
    outer loop
      vertex -3.55595 12.543 -2.5
      vertex -3.52709 12.4631 -10.5
      vertex -3.52709 12.4631 -2.5
    endloop
  endfacet
  facet normal -0.955801 -0.294016 0
    outer loop
      vertex -3.55595 12.543 -10.5
      vertex -3.58545 12.6389 -2.5
      vertex -3.58545 12.6389 -10.5
    endloop
  endfacet
  facet normal -0.955801 -0.294016 0
    outer loop
      vertex -3.58545 12.6389 -2.5
      vertex -3.55595 12.543 -10.5
      vertex -3.55595 12.543 -2.5
    endloop
  endfacet
  facet normal -0.969101 -0.246665 0
    outer loop
      vertex -3.58545 12.6389 -10.5
      vertex -3.61439 12.7526 -2.5
      vertex -3.61439 12.7526 -10.5
    endloop
  endfacet
  facet normal -0.969101 -0.246665 0
    outer loop
      vertex -3.61439 12.7526 -2.5
      vertex -3.58545 12.6389 -10.5
      vertex -3.58545 12.6389 -2.5
    endloop
  endfacet
  facet normal -0.98051 -0.196468 0
    outer loop
      vertex -3.61439 12.7526 -10.5
      vertex -3.64122 12.8865 -2.5
      vertex -3.64122 12.8865 -10.5
    endloop
  endfacet
  facet normal -0.98051 -0.196468 0
    outer loop
      vertex -3.64122 12.8865 -2.5
      vertex -3.61439 12.7526 -10.5
      vertex -3.61439 12.7526 -2.5
    endloop
  endfacet
  facet normal -0.989602 -0.143833 0
    outer loop
      vertex -3.64122 12.8865 -10.5
      vertex -3.66401 13.0433 -2.5
      vertex -3.66401 13.0433 -10.5
    endloop
  endfacet
  facet normal -0.989602 -0.143833 0
    outer loop
      vertex -3.66401 13.0433 -2.5
      vertex -3.64122 12.8865 -10.5
      vertex -3.64122 12.8865 -2.5
    endloop
  endfacet
  facet normal -0.996105 -0.0881797 0
    outer loop
      vertex -3.66401 13.0433 -10.5
      vertex -3.68021 13.2263 -2.5
      vertex -3.68021 13.2263 -10.5
    endloop
  endfacet
  facet normal -0.996105 -0.0881797 0
    outer loop
      vertex -3.68021 13.2263 -2.5
      vertex -3.66401 13.0433 -10.5
      vertex -3.66401 13.0433 -2.5
    endloop
  endfacet
  facet normal -0.99957 -0.0293301 0
    outer loop
      vertex -3.68021 13.2263 -10.5
      vertex -3.68646 13.4393 -2.5
      vertex -3.68646 13.4393 -10.5
    endloop
  endfacet
  facet normal -0.99957 -0.0293301 0
    outer loop
      vertex -3.68646 13.4393 -2.5
      vertex -3.68021 13.2263 -10.5
      vertex -3.68021 13.2263 -2.5
    endloop
  endfacet
  facet normal -0.99946 0.0328706 0
    outer loop
      vertex -3.68646 13.4393 -10.5
      vertex -3.67833 13.6865 -2.5
      vertex -3.67833 13.6865 -10.5
    endloop
  endfacet
  facet normal -0.99946 0.0328706 0
    outer loop
      vertex -3.67833 13.6865 -2.5
      vertex -3.68646 13.4393 -10.5
      vertex -3.68646 13.4393 -2.5
    endloop
  endfacet
  facet normal -0.995095 0.0989193 0
    outer loop
      vertex -3.67833 13.6865 -10.5
      vertex -3.64984 13.9731 -2.5
      vertex -3.64984 13.9731 -10.5
    endloop
  endfacet
  facet normal -0.995095 0.0989193 0
    outer loop
      vertex -3.64984 13.9731 -2.5
      vertex -3.67833 13.6865 -10.5
      vertex -3.67833 13.6865 -2.5
    endloop
  endfacet
  facet normal -0.500045 0.865999 0
    outer loop
      vertex -3.34798 14.1474 -10.5
      vertex -3.64984 13.9731 -2.5
      vertex -3.34798 14.1474 -2.5
    endloop
  endfacet
  facet normal -0.500045 0.865999 0
    outer loop
      vertex -3.64984 13.9731 -2.5
      vertex -3.34798 14.1474 -10.5
      vertex -3.64984 13.9731 -10.5
    endloop
  endfacet
  facet normal 0.411749 0.911297 -0
    outer loop
      vertex -3.08549 14.0288 -10.5
      vertex -3.34798 14.1474 -2.5
      vertex -3.08549 14.0288 -2.5
    endloop
  endfacet
  facet normal 0.411749 0.911297 0
    outer loop
      vertex -3.34798 14.1474 -2.5
      vertex -3.08549 14.0288 -10.5
      vertex -3.34798 14.1474 -10.5
    endloop
  endfacet
  facet normal 0.471352 0.881945 -0
    outer loop
      vertex -2.86732 13.9122 -10.5
      vertex -3.08549 14.0288 -2.5
      vertex -2.86732 13.9122 -2.5
    endloop
  endfacet
  facet normal 0.471352 0.881945 0
    outer loop
      vertex -3.08549 14.0288 -2.5
      vertex -2.86732 13.9122 -10.5
      vertex -3.08549 14.0288 -10.5
    endloop
  endfacet
  facet normal 0.525286 0.850926 -0
    outer loop
      vertex -2.68605 13.8003 -10.5
      vertex -2.86732 13.9122 -2.5
      vertex -2.68605 13.8003 -2.5
    endloop
  endfacet
  facet normal 0.525286 0.850926 0
    outer loop
      vertex -2.86732 13.9122 -2.5
      vertex -2.68605 13.8003 -10.5
      vertex -2.86732 13.9122 -10.5
    endloop
  endfacet
  facet normal 0.574291 0.818651 -0
    outer loop
      vertex -2.53566 13.6948 -10.5
      vertex -2.68605 13.8003 -2.5
      vertex -2.53566 13.6948 -2.5
    endloop
  endfacet
  facet normal 0.574291 0.818651 0
    outer loop
      vertex -2.68605 13.8003 -2.5
      vertex -2.53566 13.6948 -10.5
      vertex -2.68605 13.8003 -10.5
    endloop
  endfacet
  facet normal 0.619389 0.785085 -0
    outer loop
      vertex -2.41119 13.5966 -10.5
      vertex -2.53566 13.6948 -2.5
      vertex -2.41119 13.5966 -2.5
    endloop
  endfacet
  facet normal 0.619389 0.785085 0
    outer loop
      vertex -2.53566 13.6948 -2.5
      vertex -2.41119 13.5966 -10.5
      vertex -2.53566 13.6948 -10.5
    endloop
  endfacet
  facet normal 0.660446 0.750873 -0
    outer loop
      vertex -2.30864 13.5064 -10.5
      vertex -2.41119 13.5966 -2.5
      vertex -2.30864 13.5064 -2.5
    endloop
  endfacet
  facet normal 0.660446 0.750873 0
    outer loop
      vertex -2.41119 13.5966 -2.5
      vertex -2.30864 13.5064 -10.5
      vertex -2.41119 13.5966 -10.5
    endloop
  endfacet
  facet normal 0.6981 0.716 -0
    outer loop
      vertex -2.22464 13.4245 -10.5
      vertex -2.30864 13.5064 -2.5
      vertex -2.22464 13.4245 -2.5
    endloop
  endfacet
  facet normal 0.6981 0.716 0
    outer loop
      vertex -2.30864 13.5064 -2.5
      vertex -2.22464 13.4245 -10.5
      vertex -2.30864 13.5064 -10.5
    endloop
  endfacet
  facet normal 0.732431 0.680841 0
    outer loop
      vertex -2.15641 13.3511 -2.5
      vertex -2.22464 13.4245 -10.5
      vertex -2.22464 13.4245 -2.5
    endloop
  endfacet
  facet normal 0.732431 0.680841 0
    outer loop
      vertex -2.22464 13.4245 -10.5
      vertex -2.15641 13.3511 -2.5
      vertex -2.15641 13.3511 -10.5
    endloop
  endfacet
  facet normal 0.764661 0.644433 0
    outer loop
      vertex -2.10163 13.2861 -2.5
      vertex -2.15641 13.3511 -10.5
      vertex -2.15641 13.3511 -2.5
    endloop
  endfacet
  facet normal 0.764661 0.644433 0
    outer loop
      vertex -2.15641 13.3511 -10.5
      vertex -2.10163 13.2861 -2.5
      vertex -2.10163 13.2861 -10.5
    endloop
  endfacet
  facet normal 0.793606 0.608432 0
    outer loop
      vertex -2.05839 13.2297 -2.5
      vertex -2.10163 13.2861 -10.5
      vertex -2.10163 13.2861 -2.5
    endloop
  endfacet
  facet normal 0.793606 0.608432 0
    outer loop
      vertex -2.10163 13.2861 -10.5
      vertex -2.05839 13.2297 -2.5
      vertex -2.05839 13.2297 -10.5
    endloop
  endfacet
  facet normal 0.820276 0.571967 0
    outer loop
      vertex -2.02499 13.1818 -2.5
      vertex -2.05839 13.2297 -10.5
      vertex -2.05839 13.2297 -2.5
    endloop
  endfacet
  facet normal 0.820276 0.571967 0
    outer loop
      vertex -2.05839 13.2297 -10.5
      vertex -2.02499 13.1818 -2.5
      vertex -2.02499 13.1818 -10.5
    endloop
  endfacet
  facet normal 0.845142 0.534542 0
    outer loop
      vertex -2.00007 13.1424 -2.5
      vertex -2.02499 13.1818 -10.5
      vertex -2.02499 13.1818 -2.5
    endloop
  endfacet
  facet normal 0.845142 0.534542 0
    outer loop
      vertex -2.02499 13.1818 -10.5
      vertex -2.00007 13.1424 -2.5
      vertex -2.00007 13.1424 -10.5
    endloop
  endfacet
  facet normal 0.867845 0.496834 0
    outer loop
      vertex -1.98238 13.1115 -2.5
      vertex -2.00007 13.1424 -10.5
      vertex -2.00007 13.1424 -2.5
    endloop
  endfacet
  facet normal 0.867845 0.496834 0
    outer loop
      vertex -2.00007 13.1424 -10.5
      vertex -1.98238 13.1115 -2.5
      vertex -1.98238 13.1115 -10.5
    endloop
  endfacet
  facet normal 0.887773 0.460282 0
    outer loop
      vertex -1.97087 13.0893 -2.5
      vertex -1.98238 13.1115 -10.5
      vertex -1.98238 13.1115 -2.5
    endloop
  endfacet
  facet normal 0.887773 0.460282 0
    outer loop
      vertex -1.98238 13.1115 -10.5
      vertex -1.97087 13.0893 -2.5
      vertex -1.97087 13.0893 -10.5
    endloop
  endfacet
  facet normal 0.907211 0.420677 0
    outer loop
      vertex -1.96461 13.0758 -2.5
      vertex -1.97087 13.0893 -10.5
      vertex -1.97087 13.0893 -2.5
    endloop
  endfacet
  facet normal 0.907211 0.420677 0
    outer loop
      vertex -1.97087 13.0893 -10.5
      vertex -1.96461 13.0758 -2.5
      vertex -1.96461 13.0758 -10.5
    endloop
  endfacet
  facet normal 0.919778 0.392439 0
    outer loop
      vertex -1.96269 13.0713 -2.5
      vertex -1.96461 13.0758 -10.5
      vertex -1.96461 13.0758 -2.5
    endloop
  endfacet
  facet normal 0.919778 0.392439 0
    outer loop
      vertex -1.96461 13.0758 -10.5
      vertex -1.96269 13.0713 -2.5
      vertex -1.96269 13.0713 -10.5
    endloop
  endfacet
  facet normal 0.932599 0.360915 0
    outer loop
      vertex -1.73498 12.4829 -2.5
      vertex -1.96269 13.0713 -10.5
      vertex -1.96269 13.0713 -2.5
    endloop
  endfacet
  facet normal 0.932599 0.360915 0
    outer loop
      vertex -1.96269 13.0713 -10.5
      vertex -1.73498 12.4829 -2.5
      vertex -1.73498 12.4829 -10.5
    endloop
  endfacet
  facet normal -0.355858 0.93454 0
    outer loop
      vertex -1.23811 12.6721 -10.5
      vertex -1.73498 12.4829 -2.5
      vertex -1.23811 12.6721 -2.5
    endloop
  endfacet
  facet normal -0.355858 0.93454 0
    outer loop
      vertex -1.73498 12.4829 -2.5
      vertex -1.23811 12.6721 -10.5
      vertex -1.73498 12.4829 -10.5
    endloop
  endfacet
  facet normal -0.153601 0.988133 0
    outer loop
      vertex -0.7389 12.7497 -10.5
      vertex -1.23811 12.6721 -2.5
      vertex -0.7389 12.7497 -2.5
    endloop
  endfacet
  facet normal -0.153601 0.988133 0
    outer loop
      vertex -1.23811 12.6721 -2.5
      vertex -0.7389 12.7497 -10.5
      vertex -1.23811 12.6721 -10.5
    endloop
  endfacet
  facet normal -0.988115 -0.153715 0
    outer loop
      vertex -0.7389 12.7497 -10.5
      vertex -0.835894 13.3732 -2.5
      vertex -0.835894 13.3732 -10.5
    endloop
  endfacet
  facet normal -0.988115 -0.153715 0
    outer loop
      vertex -0.835894 13.3732 -2.5
      vertex -0.7389 12.7497 -10.5
      vertex -0.7389 12.7497 -2.5
    endloop
  endfacet
  facet normal -0.992065 -0.125729 0
    outer loop
      vertex -0.835894 13.3732 -10.5
      vertex -0.836515 13.3781 -2.5
      vertex -0.836515 13.3781 -10.5
    endloop
  endfacet
  facet normal -0.992065 -0.125729 0
    outer loop
      vertex -0.836515 13.3781 -2.5
      vertex -0.835894 13.3732 -10.5
      vertex -0.835894 13.3732 -2.5
    endloop
  endfacet
  facet normal -0.996064 -0.0886362 0
    outer loop
      vertex -0.836515 13.3781 -10.5
      vertex -0.837832 13.3929 -2.5
      vertex -0.837832 13.3929 -10.5
    endloop
  endfacet
  facet normal -0.996064 -0.0886362 0
    outer loop
      vertex -0.837832 13.3929 -2.5
      vertex -0.836515 13.3781 -10.5
      vertex -0.836515 13.3781 -2.5
    endloop
  endfacet
  facet normal -0.998956 -0.0456723 0
    outer loop
      vertex -0.837832 13.3929 -10.5
      vertex -0.838975 13.4179 -2.5
      vertex -0.838975 13.4179 -10.5
    endloop
  endfacet
  facet normal -0.998956 -0.0456723 0
    outer loop
      vertex -0.838975 13.4179 -2.5
      vertex -0.837832 13.3929 -10.5
      vertex -0.837832 13.3929 -2.5
    endloop
  endfacet
  facet normal -0.999995 -0.00308987 0
    outer loop
      vertex -0.838975 13.4179 -10.5
      vertex -0.839085 13.4535 -2.5
      vertex -0.839085 13.4535 -10.5
    endloop
  endfacet
  facet normal -0.999995 -0.00308987 0
    outer loop
      vertex -0.839085 13.4535 -2.5
      vertex -0.838975 13.4179 -10.5
      vertex -0.838975 13.4179 -2.5
    endloop
  endfacet
  facet normal -0.999188 0.0402891 0
    outer loop
      vertex -0.839085 13.4535 -10.5
      vertex -0.837206 13.5001 -2.5
      vertex -0.837206 13.5001 -10.5
    endloop
  endfacet
  facet normal -0.999188 0.0402891 0
    outer loop
      vertex -0.837206 13.5001 -2.5
      vertex -0.839085 13.4535 -10.5
      vertex -0.839085 13.4535 -2.5
    endloop
  endfacet
  facet normal -0.996361 0.0852309 0
    outer loop
      vertex -0.837206 13.5001 -10.5
      vertex -0.832236 13.5582 -2.5
      vertex -0.832236 13.5582 -10.5
    endloop
  endfacet
  facet normal -0.996361 0.0852309 0
    outer loop
      vertex -0.832236 13.5582 -2.5
      vertex -0.837206 13.5001 -10.5
      vertex -0.837206 13.5001 -2.5
    endloop
  endfacet
  facet normal -0.991504 0.130077 0
    outer loop
      vertex -0.832236 13.5582 -10.5
      vertex -0.822987 13.6287 -2.5
      vertex -0.822987 13.6287 -10.5
    endloop
  endfacet
  facet normal -0.991504 0.130077 0
    outer loop
      vertex -0.822987 13.6287 -2.5
      vertex -0.832236 13.5582 -10.5
      vertex -0.832236 13.5582 -2.5
    endloop
  endfacet
  facet normal -0.984406 0.175911 0
    outer loop
      vertex -0.822987 13.6287 -10.5
      vertex -0.80803 13.7124 -2.5
      vertex -0.80803 13.7124 -10.5
    endloop
  endfacet
  facet normal -0.984406 0.175911 0
    outer loop
      vertex -0.80803 13.7124 -2.5
      vertex -0.822987 13.6287 -10.5
      vertex -0.822987 13.6287 -2.5
    endloop
  endfacet
  facet normal -0.974786 0.223143 0
    outer loop
      vertex -0.80803 13.7124 -10.5
      vertex -0.785665 13.8101 -2.5
      vertex -0.785665 13.8101 -10.5
    endloop
  endfacet
  facet normal -0.974786 0.223143 0
    outer loop
      vertex -0.785665 13.8101 -2.5
      vertex -0.80803 13.7124 -10.5
      vertex -0.80803 13.7124 -2.5
    endloop
  endfacet
  facet normal -0.96258 0.270997 0
    outer loop
      vertex -0.785665 13.8101 -10.5
      vertex -0.75388 13.923 -2.5
      vertex -0.75388 13.923 -10.5
    endloop
  endfacet
  facet normal -0.96258 0.270997 0
    outer loop
      vertex -0.75388 13.923 -2.5
      vertex -0.785665 13.8101 -10.5
      vertex -0.785665 13.8101 -2.5
    endloop
  endfacet
  facet normal -0.947376 0.320124 0
    outer loop
      vertex -0.75388 13.923 -10.5
      vertex -0.710155 14.0524 -2.5
      vertex -0.710155 14.0524 -10.5
    endloop
  endfacet
  facet normal -0.947376 0.320124 0
    outer loop
      vertex -0.710155 14.0524 -2.5
      vertex -0.75388 13.923 -10.5
      vertex -0.75388 13.923 -2.5
    endloop
  endfacet
  facet normal -0.928972 0.370151 0
    outer loop
      vertex -0.710155 14.0524 -10.5
      vertex -0.651463 14.1997 -2.5
      vertex -0.651463 14.1997 -10.5
    endloop
  endfacet
  facet normal -0.928972 0.370151 0
    outer loop
      vertex -0.651463 14.1997 -2.5
      vertex -0.710155 14.0524 -10.5
      vertex -0.710155 14.0524 -2.5
    endloop
  endfacet
  facet normal -0.906761 0.421644 0
    outer loop
      vertex -0.651463 14.1997 -10.5
      vertex -0.573994 14.3663 -2.5
      vertex -0.573994 14.3663 -10.5
    endloop
  endfacet
  facet normal -0.906761 0.421644 0
    outer loop
      vertex -0.573994 14.3663 -2.5
      vertex -0.651463 14.1997 -10.5
      vertex -0.651463 14.1997 -2.5
    endloop
  endfacet
  facet normal -0.880288 0.47444 0
    outer loop
      vertex -0.573994 14.3663 -10.5
      vertex -0.472939 14.5538 -2.5
      vertex -0.472939 14.5538 -10.5
    endloop
  endfacet
  facet normal -0.880288 0.47444 0
    outer loop
      vertex -0.472939 14.5538 -2.5
      vertex -0.573994 14.3663 -10.5
      vertex -0.573994 14.3663 -2.5
    endloop
  endfacet
  facet normal -0.849076 0.528271 0
    outer loop
      vertex -0.472939 14.5538 -10.5
      vertex -0.342283 14.7638 -2.5
      vertex -0.342283 14.7638 -10.5
    endloop
  endfacet
  facet normal -0.849076 0.528271 0
    outer loop
      vertex -0.342283 14.7638 -2.5
      vertex -0.472939 14.5538 -10.5
      vertex -0.472939 14.5538 -2.5
    endloop
  endfacet
  facet normal -0.812335 0.583191 0
    outer loop
      vertex -0.342283 14.7638 -10.5
      vertex -0.17429 14.9978 -2.5
      vertex -0.17429 14.9978 -10.5
    endloop
  endfacet
  facet normal -0.812335 0.583191 0
    outer loop
      vertex -0.17429 14.9978 -2.5
      vertex -0.342283 14.7638 -10.5
      vertex -0.342283 14.7638 -2.5
    endloop
  endfacet
  facet normal 0 1 -0
    outer loop
      vertex 0.174273 14.9978 -10.5
      vertex -0.17429 14.9978 -2.5
      vertex 0.174273 14.9978 -2.5
    endloop
  endfacet
  facet normal 0 1 0
    outer loop
      vertex -0.17429 14.9978 -2.5
      vertex 0.174273 14.9978 -10.5
      vertex -0.17429 14.9978 -10.5
    endloop
  endfacet
  facet normal 0.812322 0.583209 0
    outer loop
      vertex 0.342274 14.7638 -2.5
      vertex 0.174273 14.9978 -10.5
      vertex 0.174273 14.9978 -2.5
    endloop
  endfacet
  facet normal 0.812322 0.583209 0
    outer loop
      vertex 0.174273 14.9978 -10.5
      vertex 0.342274 14.7638 -2.5
      vertex 0.342274 14.7638 -10.5
    endloop
  endfacet
  facet normal 0.849074 0.528274 0
    outer loop
      vertex 0.472931 14.5538 -2.5
      vertex 0.342274 14.7638 -10.5
      vertex 0.342274 14.7638 -2.5
    endloop
  endfacet
  facet normal 0.849074 0.528274 0
    outer loop
      vertex 0.342274 14.7638 -10.5
      vertex 0.472931 14.5538 -2.5
      vertex 0.472931 14.5538 -10.5
    endloop
  endfacet
  facet normal 0.880311 0.474396 0
    outer loop
      vertex 0.573974 14.3663 -2.5
      vertex 0.472931 14.5538 -10.5
      vertex 0.472931 14.5538 -2.5
    endloop
  endfacet
  facet normal 0.880311 0.474396 0
    outer loop
      vertex 0.472931 14.5538 -10.5
      vertex 0.573974 14.3663 -2.5
      vertex 0.573974 14.3663 -10.5
    endloop
  endfacet
  facet normal 0.906747 0.421675 0
    outer loop
      vertex 0.65145 14.1997 -2.5
      vertex 0.573974 14.3663 -10.5
      vertex 0.573974 14.3663 -2.5
    endloop
  endfacet
  facet normal 0.906747 0.421675 0
    outer loop
      vertex 0.573974 14.3663 -10.5
      vertex 0.65145 14.1997 -2.5
      vertex 0.65145 14.1997 -10.5
    endloop
  endfacet
  facet normal 0.928952 0.3702 0
    outer loop
      vertex 0.710151 14.0524 -2.5
      vertex 0.65145 14.1997 -10.5
      vertex 0.65145 14.1997 -2.5
    endloop
  endfacet
  facet normal 0.928952 0.3702 0
    outer loop
      vertex 0.65145 14.1997 -10.5
      vertex 0.710151 14.0524 -2.5
      vertex 0.710151 14.0524 -10.5
    endloop
  endfacet
  facet normal 0.947409 0.320025 0
    outer loop
      vertex 0.753861 13.923 -2.5
      vertex 0.710151 14.0524 -10.5
      vertex 0.710151 14.0524 -2.5
    endloop
  endfacet
  facet normal 0.947409 0.320025 0
    outer loop
      vertex 0.710151 14.0524 -10.5
      vertex 0.753861 13.923 -2.5
      vertex 0.753861 13.923 -10.5
    endloop
  endfacet
  facet normal 0.962562 0.271061 0
    outer loop
      vertex 0.785654 13.8101 -2.5
      vertex 0.753861 13.923 -10.5
      vertex 0.753861 13.923 -2.5
    endloop
  endfacet
  facet normal 0.962562 0.271061 0
    outer loop
      vertex 0.753861 13.923 -10.5
      vertex 0.785654 13.8101 -2.5
      vertex 0.785654 13.8101 -10.5
    endloop
  endfacet
  facet normal 0.974779 0.223172 0
    outer loop
      vertex 0.808022 13.7124 -2.5
      vertex 0.785654 13.8101 -10.5
      vertex 0.785654 13.8101 -2.5
    endloop
  endfacet
  facet normal 0.974779 0.223172 0
    outer loop
      vertex 0.785654 13.8101 -10.5
      vertex 0.808022 13.7124 -2.5
      vertex 0.808022 13.7124 -10.5
    endloop
  endfacet
  facet normal 0.984408 0.1759 0
    outer loop
      vertex 0.822978 13.6287 -2.5
      vertex 0.808022 13.7124 -10.5
      vertex 0.808022 13.7124 -2.5
    endloop
  endfacet
  facet normal 0.984408 0.1759 0
    outer loop
      vertex 0.808022 13.7124 -10.5
      vertex 0.822978 13.6287 -2.5
      vertex 0.822978 13.6287 -10.5
    endloop
  endfacet
  facet normal 0.991498 0.130118 0
    outer loop
      vertex 0.83223 13.5582 -2.5
      vertex 0.822978 13.6287 -10.5
      vertex 0.822978 13.6287 -2.5
    endloop
  endfacet
  facet normal 0.991498 0.130118 0
    outer loop
      vertex 0.822978 13.6287 -10.5
      vertex 0.83223 13.5582 -2.5
      vertex 0.83223 13.5582 -10.5
    endloop
  endfacet
  facet normal 0.996376 0.0850607 0
    outer loop
      vertex 0.83719 13.5001 -2.5
      vertex 0.83223 13.5582 -10.5
      vertex 0.83223 13.5582 -2.5
    endloop
  endfacet
  facet normal 0.996376 0.0850607 0
    outer loop
      vertex 0.83223 13.5582 -10.5
      vertex 0.83719 13.5001 -2.5
      vertex 0.83719 13.5001 -10.5
    endloop
  endfacet
  facet normal 0.999179 0.0405032 0
    outer loop
      vertex 0.839079 13.4535 -2.5
      vertex 0.83719 13.5001 -10.5
      vertex 0.83719 13.5001 -2.5
    endloop
  endfacet
  facet normal 0.999179 0.0405032 0
    outer loop
      vertex 0.83719 13.5001 -10.5
      vertex 0.839079 13.4535 -2.5
      vertex 0.839079 13.4535 -10.5
    endloop
  endfacet
  facet normal 0.999996 -0.00297751 0
    outer loop
      vertex 0.838973 13.4179 -2.5
      vertex 0.839079 13.4535 -10.5
      vertex 0.839079 13.4535 -2.5
    endloop
  endfacet
  facet normal 0.999996 -0.00297751 0
    outer loop
      vertex 0.839079 13.4535 -10.5
      vertex 0.838973 13.4179 -2.5
      vertex 0.838973 13.4179 -10.5
    endloop
  endfacet
  facet normal 0.998927 -0.0463103 0
    outer loop
      vertex 0.837814 13.3929 -2.5
      vertex 0.838973 13.4179 -10.5
      vertex 0.838973 13.4179 -2.5
    endloop
  endfacet
  facet normal 0.998927 -0.0463103 0
    outer loop
      vertex 0.838973 13.4179 -10.5
      vertex 0.837814 13.3929 -2.5
      vertex 0.837814 13.3929 -10.5
    endloop
  endfacet
  facet normal 0.996111 -0.088102 0
    outer loop
      vertex 0.836505 13.3781 -2.5
      vertex 0.837814 13.3929 -10.5
      vertex 0.837814 13.3929 -2.5
    endloop
  endfacet
  facet normal 0.996111 -0.088102 0
    outer loop
      vertex 0.837814 13.3929 -10.5
      vertex 0.836505 13.3781 -2.5
      vertex 0.836505 13.3781 -10.5
    endloop
  endfacet
  facet normal 0.99229 -0.123935 0
    outer loop
      vertex 0.835893 13.3732 -2.5
      vertex 0.836505 13.3781 -10.5
      vertex 0.836505 13.3781 -2.5
    endloop
  endfacet
  facet normal 0.99229 -0.123935 0
    outer loop
      vertex 0.836505 13.3781 -10.5
      vertex 0.835893 13.3732 -2.5
      vertex 0.835893 13.3732 -10.5
    endloop
  endfacet
  facet normal 0.988114 -0.153721 0
    outer loop
      vertex 0.742551 12.7732 -2.5
      vertex 0.835893 13.3732 -10.5
      vertex 0.835893 13.3732 -2.5
    endloop
  endfacet
  facet normal 0.988114 -0.153721 0
    outer loop
      vertex 0.835893 13.3732 -10.5
      vertex 0.742551 12.7732 -2.5
      vertex 0.742551 12.7732 -10.5
    endloop
  endfacet
  facet normal 0.0561626 0.998422 -0
    outer loop
      vertex 0.769217 12.7717 -10.5
      vertex 0.742551 12.7732 -2.5
      vertex 0.769217 12.7717 -2.5
    endloop
  endfacet
  facet normal 0.0561626 0.998422 0
    outer loop
      vertex 0.742551 12.7732 -2.5
      vertex 0.769217 12.7717 -10.5
      vertex 0.742551 12.7732 -10.5
    endloop
  endfacet
  facet normal 0.261472 0.965211 -0
    outer loop
      vertex 1.7445 12.5075 -10.5
      vertex 0.769217 12.7717 -2.5
      vertex 1.7445 12.5075 -2.5
    endloop
  endfacet
  facet normal 0.261472 0.965211 0
    outer loop
      vertex 0.769217 12.7717 -2.5
      vertex 1.7445 12.5075 -10.5
      vertex 0.769217 12.7717 -10.5
    endloop
  endfacet
  facet normal -0.932593 0.360929 0
    outer loop
      vertex 1.7445 12.5075 -10.5
      vertex 1.9627 13.0713 -2.5
      vertex 1.9627 13.0713 -10.5
    endloop
  endfacet
  facet normal -0.932593 0.360929 0
    outer loop
      vertex 1.9627 13.0713 -2.5
      vertex 1.7445 12.5075 -10.5
      vertex 1.7445 12.5075 -2.5
    endloop
  endfacet
  facet normal -0.92125 0.388972 0
    outer loop
      vertex 1.9627 13.0713 -10.5
      vertex 1.9646 13.0758 -2.5
      vertex 1.9646 13.0758 -10.5
    endloop
  endfacet
  facet normal -0.92125 0.388972 0
    outer loop
      vertex 1.9646 13.0758 -2.5
      vertex 1.9627 13.0713 -10.5
      vertex 1.9627 13.0713 -2.5
    endloop
  endfacet
  facet normal -0.906954 0.42123 0
    outer loop
      vertex 1.9646 13.0758 -10.5
      vertex 1.97087 13.0893 -2.5
      vertex 1.97087 13.0893 -10.5
    endloop
  endfacet
  facet normal -0.906954 0.42123 0
    outer loop
      vertex 1.97087 13.0893 -2.5
      vertex 1.9646 13.0758 -10.5
      vertex 1.9646 13.0758 -2.5
    endloop
  endfacet
  facet normal -0.887773 0.460282 0
    outer loop
      vertex 1.97087 13.0893 -10.5
      vertex 1.98238 13.1115 -2.5
      vertex 1.98238 13.1115 -10.5
    endloop
  endfacet
  facet normal -0.887773 0.460282 0
    outer loop
      vertex 1.98238 13.1115 -2.5
      vertex 1.97087 13.0893 -10.5
      vertex 1.97087 13.0893 -2.5
    endloop
  endfacet
  facet normal -0.867966 0.496623 0
    outer loop
      vertex 1.98238 13.1115 -10.5
      vertex 2.00006 13.1424 -2.5
      vertex 2.00006 13.1424 -10.5
    endloop
  endfacet
  facet normal -0.867966 0.496623 0
    outer loop
      vertex 2.00006 13.1424 -2.5
      vertex 1.98238 13.1115 -10.5
      vertex 1.98238 13.1115 -2.5
    endloop
  endfacet
  facet normal -0.845045 0.534695 0
    outer loop
      vertex 2.00006 13.1424 -10.5
      vertex 2.02499 13.1818 -2.5
      vertex 2.02499 13.1818 -10.5
    endloop
  endfacet
  facet normal -0.845045 0.534695 0
    outer loop
      vertex 2.02499 13.1818 -2.5
      vertex 2.00006 13.1424 -10.5
      vertex 2.00006 13.1424 -2.5
    endloop
  endfacet
  facet normal -0.820357 0.571852 0
    outer loop
      vertex 2.02499 13.1818 -10.5
      vertex 2.05838 13.2297 -2.5
      vertex 2.05838 13.2297 -10.5
    endloop
  endfacet
  facet normal -0.820357 0.571852 0
    outer loop
      vertex 2.05838 13.2297 -2.5
      vertex 2.02499 13.1818 -10.5
      vertex 2.02499 13.1818 -2.5
    endloop
  endfacet
  facet normal -0.793538 0.60852 0
    outer loop
      vertex 2.05838 13.2297 -10.5
      vertex 2.10163 13.2861 -2.5
      vertex 2.10163 13.2861 -10.5
    endloop
  endfacet
  facet normal -0.793538 0.60852 0
    outer loop
      vertex 2.10163 13.2861 -2.5
      vertex 2.05838 13.2297 -10.5
      vertex 2.05838 13.2297 -2.5
    endloop
  endfacet
  facet normal -0.764719 0.644364 0
    outer loop
      vertex 2.10163 13.2861 -10.5
      vertex 2.1564 13.3511 -2.5
      vertex 2.1564 13.3511 -10.5
    endloop
  endfacet
  facet normal -0.764719 0.644364 0
    outer loop
      vertex 2.1564 13.3511 -2.5
      vertex 2.10163 13.2861 -10.5
      vertex 2.10163 13.2861 -2.5
    endloop
  endfacet
  facet normal -0.732381 0.680895 0
    outer loop
      vertex 2.1564 13.3511 -10.5
      vertex 2.22464 13.4245 -2.5
      vertex 2.22464 13.4245 -10.5
    endloop
  endfacet
  facet normal -0.732381 0.680895 0
    outer loop
      vertex 2.22464 13.4245 -2.5
      vertex 2.1564 13.3511 -10.5
      vertex 2.1564 13.3511 -2.5
    endloop
  endfacet
  facet normal -0.698185 0.715917 0
    outer loop
      vertex 2.30862 13.5064 -10.5
      vertex 2.22464 13.4245 -2.5
      vertex 2.30862 13.5064 -2.5
    endloop
  endfacet
  facet normal -0.698185 0.715917 0
    outer loop
      vertex 2.22464 13.4245 -2.5
      vertex 2.30862 13.5064 -10.5
      vertex 2.22464 13.4245 -10.5
    endloop
  endfacet
  facet normal -0.660337 0.750969 0
    outer loop
      vertex 2.4112 13.5966 -10.5
      vertex 2.30862 13.5064 -2.5
      vertex 2.4112 13.5966 -2.5
    endloop
  endfacet
  facet normal -0.660337 0.750969 0
    outer loop
      vertex 2.30862 13.5064 -2.5
      vertex 2.4112 13.5966 -10.5
      vertex 2.30862 13.5064 -10.5
    endloop
  endfacet
  facet normal -0.619511 0.784988 0
    outer loop
      vertex 2.53563 13.6948 -10.5
      vertex 2.4112 13.5966 -2.5
      vertex 2.53563 13.6948 -2.5
    endloop
  endfacet
  facet normal -0.619511 0.784988 0
    outer loop
      vertex 2.4112 13.5966 -2.5
      vertex 2.53563 13.6948 -10.5
      vertex 2.4112 13.5966 -10.5
    endloop
  endfacet
  facet normal -0.57424 0.818687 0
    outer loop
      vertex 2.68604 13.8003 -10.5
      vertex 2.53563 13.6948 -2.5
      vertex 2.68604 13.8003 -2.5
    endloop
  endfacet
  facet normal -0.57424 0.818687 0
    outer loop
      vertex 2.53563 13.6948 -2.5
      vertex 2.68604 13.8003 -10.5
      vertex 2.53563 13.6948 -10.5
    endloop
  endfacet
  facet normal -0.525307 0.850913 0
    outer loop
      vertex 2.8673 13.9122 -10.5
      vertex 2.68604 13.8003 -2.5
      vertex 2.8673 13.9122 -2.5
    endloop
  endfacet
  facet normal -0.525307 0.850913 0
    outer loop
      vertex 2.68604 13.8003 -2.5
      vertex 2.8673 13.9122 -10.5
      vertex 2.68604 13.8003 -10.5
    endloop
  endfacet
  facet normal -0.471335 0.881954 0
    outer loop
      vertex 3.08548 14.0288 -10.5
      vertex 2.8673 13.9122 -2.5
      vertex 3.08548 14.0288 -2.5
    endloop
  endfacet
  facet normal -0.471335 0.881954 0
    outer loop
      vertex 2.8673 13.9122 -2.5
      vertex 3.08548 14.0288 -10.5
      vertex 2.8673 13.9122 -10.5
    endloop
  endfacet
  facet normal -0.411762 0.911292 0
    outer loop
      vertex 3.34796 14.1474 -10.5
      vertex 3.08548 14.0288 -2.5
      vertex 3.34796 14.1474 -2.5
    endloop
  endfacet
  facet normal -0.411762 0.911292 0
    outer loop
      vertex 3.08548 14.0288 -2.5
      vertex 3.34796 14.1474 -10.5
      vertex 3.08548 14.0288 -10.5
    endloop
  endfacet
  facet normal 0.500033 0.866006 -0
    outer loop
      vertex 3.64983 13.9731 -10.5
      vertex 3.34796 14.1474 -2.5
      vertex 3.64983 13.9731 -2.5
    endloop
  endfacet
  facet normal 0.500033 0.866006 0
    outer loop
      vertex 3.34796 14.1474 -2.5
      vertex 3.64983 13.9731 -10.5
      vertex 3.34796 14.1474 -10.5
    endloop
  endfacet
  facet normal 0.995092 0.0989537 0
    outer loop
      vertex 3.67833 13.6865 -2.5
      vertex 3.64983 13.9731 -10.5
      vertex 3.64983 13.9731 -2.5
    endloop
  endfacet
  facet normal 0.995092 0.0989537 0
    outer loop
      vertex 3.64983 13.9731 -10.5
      vertex 3.67833 13.6865 -2.5
      vertex 3.67833 13.6865 -10.5
    endloop
  endfacet
  facet normal 0.99946 0.0328706 0
    outer loop
      vertex 3.68646 13.4393 -2.5
      vertex 3.67833 13.6865 -10.5
      vertex 3.67833 13.6865 -2.5
    endloop
  endfacet
  facet normal 0.99946 0.0328706 0
    outer loop
      vertex 3.67833 13.6865 -10.5
      vertex 3.68646 13.4393 -2.5
      vertex 3.68646 13.4393 -10.5
    endloop
  endfacet
  facet normal 0.999567 -0.0294239 0
    outer loop
      vertex 3.68019 13.2263 -2.5
      vertex 3.68646 13.4393 -10.5
      vertex 3.68646 13.4393 -2.5
    endloop
  endfacet
  facet normal 0.999567 -0.0294239 0
    outer loop
      vertex 3.68646 13.4393 -10.5
      vertex 3.68019 13.2263 -2.5
      vertex 3.68019 13.2263 -10.5
    endloop
  endfacet
  facet normal 0.996109 -0.0881257 0
    outer loop
      vertex 3.664 13.0433 -2.5
      vertex 3.68019 13.2263 -10.5
      vertex 3.68019 13.2263 -2.5
    endloop
  endfacet
  facet normal 0.996109 -0.0881257 0
    outer loop
      vertex 3.68019 13.2263 -10.5
      vertex 3.664 13.0433 -2.5
      vertex 3.664 13.0433 -10.5
    endloop
  endfacet
  facet normal 0.98962 -0.143709 0
    outer loop
      vertex 3.64123 12.8865 -2.5
      vertex 3.664 13.0433 -10.5
      vertex 3.664 13.0433 -2.5
    endloop
  endfacet
  facet normal 0.98962 -0.143709 0
    outer loop
      vertex 3.664 13.0433 -10.5
      vertex 3.64123 12.8865 -2.5
      vertex 3.64123 12.8865 -10.5
    endloop
  endfacet
  facet normal 0.980482 -0.196609 0
    outer loop
      vertex 3.61438 12.7526 -2.5
      vertex 3.64123 12.8865 -10.5
      vertex 3.64123 12.8865 -2.5
    endloop
  endfacet
  facet normal 0.980482 -0.196609 0
    outer loop
      vertex 3.64123 12.8865 -10.5
      vertex 3.61438 12.7526 -2.5
      vertex 3.61438 12.7526 -10.5
    endloop
  endfacet
  facet normal 0.969101 -0.246665 0
    outer loop
      vertex 3.58544 12.6389 -2.5
      vertex 3.61438 12.7526 -10.5
      vertex 3.61438 12.7526 -2.5
    endloop
  endfacet
  facet normal 0.969101 -0.246665 0
    outer loop
      vertex 3.61438 12.7526 -10.5
      vertex 3.58544 12.6389 -2.5
      vertex 3.58544 12.6389 -10.5
    endloop
  endfacet
  facet normal 0.955801 -0.294016 0
    outer loop
      vertex 3.55594 12.543 -2.5
      vertex 3.58544 12.6389 -10.5
      vertex 3.58544 12.6389 -2.5
    endloop
  endfacet
  facet normal 0.955801 -0.294016 0
    outer loop
      vertex 3.58544 12.6389 -10.5
      vertex 3.55594 12.543 -2.5
      vertex 3.55594 12.543 -10.5
    endloop
  endfacet
  facet normal 0.940564 -0.339616 0
    outer loop
      vertex 3.52709 12.4631 -2.5
      vertex 3.55594 12.543 -10.5
      vertex 3.55594 12.543 -2.5
    endloop
  endfacet
  facet normal 0.940564 -0.339616 0
    outer loop
      vertex 3.55594 12.543 -10.5
      vertex 3.52709 12.4631 -2.5
      vertex 3.52709 12.4631 -10.5
    endloop
  endfacet
  facet normal 0.923493 -0.383616 0
    outer loop
      vertex 3.49984 12.3975 -2.5
      vertex 3.52709 12.4631 -10.5
      vertex 3.52709 12.4631 -2.5
    endloop
  endfacet
  facet normal 0.923493 -0.383616 0
    outer loop
      vertex 3.52709 12.4631 -10.5
      vertex 3.49984 12.3975 -2.5
      vertex 3.49984 12.3975 -10.5
    endloop
  endfacet
  facet normal 0.905504 -0.424337 0
    outer loop
      vertex 3.47505 12.3446 -2.5
      vertex 3.49984 12.3975 -10.5
      vertex 3.49984 12.3975 -2.5
    endloop
  endfacet
  facet normal 0.905504 -0.424337 0
    outer loop
      vertex 3.49984 12.3975 -10.5
      vertex 3.47505 12.3446 -2.5
      vertex 3.47505 12.3446 -10.5
    endloop
  endfacet
  facet normal 0.885596 -0.464456 0
    outer loop
      vertex 3.45339 12.3033 -2.5
      vertex 3.47505 12.3446 -10.5
      vertex 3.47505 12.3446 -2.5
    endloop
  endfacet
  facet normal 0.885596 -0.464456 0
    outer loop
      vertex 3.47505 12.3446 -10.5
      vertex 3.45339 12.3033 -2.5
      vertex 3.45339 12.3033 -10.5
    endloop
  endfacet
  facet normal 0.864371 -0.502855 0
    outer loop
      vertex 3.43553 12.2726 -2.5
      vertex 3.45339 12.3033 -10.5
      vertex 3.45339 12.3033 -2.5
    endloop
  endfacet
  facet normal 0.864371 -0.502855 0
    outer loop
      vertex 3.45339 12.3033 -10.5
      vertex 3.43553 12.2726 -2.5
      vertex 3.43553 12.2726 -10.5
    endloop
  endfacet
  facet normal 0.842163 -0.539224 0
    outer loop
      vertex 3.42202 12.2515 -2.5
      vertex 3.43553 12.2726 -10.5
      vertex 3.43553 12.2726 -2.5
    endloop
  endfacet
  facet normal 0.842163 -0.539224 0
    outer loop
      vertex 3.43553 12.2726 -10.5
      vertex 3.42202 12.2515 -2.5
      vertex 3.42202 12.2515 -10.5
    endloop
  endfacet
  facet normal 0.819232 -0.573462 0
    outer loop
      vertex 3.41348 12.2393 -2.5
      vertex 3.42202 12.2515 -10.5
      vertex 3.42202 12.2515 -2.5
    endloop
  endfacet
  facet normal 0.819232 -0.573462 0
    outer loop
      vertex 3.42202 12.2515 -10.5
      vertex 3.41348 12.2393 -2.5
      vertex 3.41348 12.2393 -10.5
    endloop
  endfacet
  facet normal 0.793606 -0.608432 0
    outer loop
      vertex 3.41049 12.2354 -2.5
      vertex 3.41348 12.2393 -10.5
      vertex 3.41348 12.2393 -2.5
    endloop
  endfacet
  facet normal 0.793606 -0.608432 0
    outer loop
      vertex 3.41348 12.2393 -10.5
      vertex 3.41049 12.2354 -2.5
      vertex 3.41049 12.2354 -10.5
    endloop
  endfacet
  facet normal 0.778878 -0.627176 0
    outer loop
      vertex 3.0148 11.744 -2.5
      vertex 3.41049 12.2354 -10.5
      vertex 3.41049 12.2354 -2.5
    endloop
  endfacet
  facet normal 0.778878 -0.627176 0
    outer loop
      vertex 3.41049 12.2354 -10.5
      vertex 3.0148 11.744 -2.5
      vertex 3.0148 11.744 -10.5
    endloop
  endfacet
  facet normal 0.63142 0.775441 -0
    outer loop
      vertex 3.42707 11.4083 -10.5
      vertex 3.0148 11.744 -2.5
      vertex 3.42707 11.4083 -2.5
    endloop
  endfacet
  facet normal 0.63142 0.775441 0
    outer loop
      vertex 3.0148 11.744 -2.5
      vertex 3.42707 11.4083 -10.5
      vertex 3.0148 11.744 -10.5
    endloop
  endfacet
  facet normal 0.778876 0.627178 0
    outer loop
      vertex 3.74393 11.0148 -2.5
      vertex 3.42707 11.4083 -10.5
      vertex 3.42707 11.4083 -2.5
    endloop
  endfacet
  facet normal 0.778876 0.627178 0
    outer loop
      vertex 3.42707 11.4083 -10.5
      vertex 3.74393 11.0148 -2.5
      vertex 3.74393 11.0148 -10.5
    endloop
  endfacet
  facet normal -0.627154 0.778895 0
    outer loop
      vertex 4.23537 11.4105 -10.5
      vertex 3.74393 11.0148 -2.5
      vertex 4.23537 11.4105 -2.5
    endloop
  endfacet
  facet normal -0.627154 0.778895 0
    outer loop
      vertex 3.74393 11.0148 -2.5
      vertex 4.23537 11.4105 -10.5
      vertex 3.74393 11.0148 -10.5
    endloop
  endfacet
  facet normal -0.6058 0.795617 0
    outer loop
      vertex 4.23931 11.4135 -10.5
      vertex 4.23537 11.4105 -2.5
      vertex 4.23931 11.4135 -2.5
    endloop
  endfacet
  facet normal -0.6058 0.795617 0
    outer loop
      vertex 4.23537 11.4105 -2.5
      vertex 4.23931 11.4135 -10.5
      vertex 4.23537 11.4105 -10.5
    endloop
  endfacet
  facet normal -0.572603 0.819833 0
    outer loop
      vertex 4.25148 11.422 -10.5
      vertex 4.23931 11.4135 -2.5
      vertex 4.25148 11.422 -2.5
    endloop
  endfacet
  facet normal -0.572603 0.819833 0
    outer loop
      vertex 4.23931 11.4135 -2.5
      vertex 4.25148 11.422 -10.5
      vertex 4.23931 11.4135 -10.5
    endloop
  endfacet
  facet normal -0.539122 0.842228 0
    outer loop
      vertex 4.27257 11.4355 -10.5
      vertex 4.25148 11.422 -2.5
      vertex 4.27257 11.4355 -2.5
    endloop
  endfacet
  facet normal -0.539122 0.842228 0
    outer loop
      vertex 4.25148 11.422 -2.5
      vertex 4.27257 11.4355 -10.5
      vertex 4.25148 11.422 -10.5
    endloop
  endfacet
  facet normal -0.503329 0.864095 0
    outer loop
      vertex 4.3033 11.4534 -10.5
      vertex 4.27257 11.4355 -2.5
      vertex 4.3033 11.4534 -2.5
    endloop
  endfacet
  facet normal -0.503329 0.864095 0
    outer loop
      vertex 4.27257 11.4355 -2.5
      vertex 4.3033 11.4534 -10.5
      vertex 4.27257 11.4355 -10.5
    endloop
  endfacet
  facet normal -0.465216 0.885197 0
    outer loop
      vertex 4.34459 11.4751 -10.5
      vertex 4.3033 11.4534 -2.5
      vertex 4.34459 11.4751 -2.5
    endloop
  endfacet
  facet normal -0.465216 0.885197 0
    outer loop
      vertex 4.3033 11.4534 -2.5
      vertex 4.34459 11.4751 -10.5
      vertex 4.3033 11.4534 -10.5
    endloop
  endfacet
  facet normal -0.424741 0.905315 0
    outer loop
      vertex 4.39745 11.4999 -10.5
      vertex 4.34459 11.4751 -2.5
      vertex 4.39745 11.4999 -2.5
    endloop
  endfacet
  facet normal -0.424741 0.905315 0
    outer loop
      vertex 4.34459 11.4751 -2.5
      vertex 4.39745 11.4999 -10.5
      vertex 4.34459 11.4751 -10.5
    endloop
  endfacet
  facet normal -0.382667 0.923887 0
    outer loop
      vertex 4.46312 11.5271 -10.5
      vertex 4.39745 11.4999 -2.5
      vertex 4.46312 11.5271 -2.5
    endloop
  endfacet
  facet normal -0.382667 0.923887 0
    outer loop
      vertex 4.39745 11.4999 -2.5
      vertex 4.46312 11.5271 -10.5
      vertex 4.39745 11.4999 -10.5
    endloop
  endfacet
  facet normal -0.339057 0.940766 0
    outer loop
      vertex 4.54303 11.5559 -10.5
      vertex 4.46312 11.5271 -2.5
      vertex 4.54303 11.5559 -2.5
    endloop
  endfacet
  facet normal -0.339057 0.940766 0
    outer loop
      vertex 4.46312 11.5271 -2.5
      vertex 4.54303 11.5559 -10.5
      vertex 4.46312 11.5271 -10.5
    endloop
  endfacet
  facet normal -0.294212 0.95574 0
    outer loop
      vertex 4.63886 11.5854 -10.5
      vertex 4.54303 11.5559 -2.5
      vertex 4.63886 11.5854 -2.5
    endloop
  endfacet
  facet normal -0.294212 0.95574 0
    outer loop
      vertex 4.54303 11.5559 -2.5
      vertex 4.63886 11.5854 -10.5
      vertex 4.54303 11.5559 -10.5
    endloop
  endfacet
  facet normal -0.247165 0.968973 0
    outer loop
      vertex 4.75255 11.6144 -10.5
      vertex 4.63886 11.5854 -2.5
      vertex 4.75255 11.6144 -2.5
    endloop
  endfacet
  facet normal -0.247165 0.968973 0
    outer loop
      vertex 4.63886 11.5854 -2.5
      vertex 4.75255 11.6144 -10.5
      vertex 4.63886 11.5854 -10.5
    endloop
  endfacet
  facet normal -0.196215 0.980561 0
    outer loop
      vertex 4.88648 11.6412 -10.5
      vertex 4.75255 11.6144 -2.5
      vertex 4.88648 11.6412 -2.5
    endloop
  endfacet
  facet normal -0.196215 0.980561 0
    outer loop
      vertex 4.75255 11.6144 -2.5
      vertex 4.88648 11.6412 -10.5
      vertex 4.75255 11.6144 -10.5
    endloop
  endfacet
  facet normal -0.14385 0.9896 0
    outer loop
      vertex 5.04333 11.664 -10.5
      vertex 4.88648 11.6412 -2.5
      vertex 5.04333 11.664 -2.5
    endloop
  endfacet
  facet normal -0.14385 0.9896 0
    outer loop
      vertex 4.88648 11.6412 -2.5
      vertex 5.04333 11.664 -10.5
      vertex 4.88648 11.6412 -10.5
    endloop
  endfacet
  facet normal -0.088175 0.996105 0
    outer loop
      vertex 5.22634 11.6802 -10.5
      vertex 5.04333 11.664 -2.5
      vertex 5.22634 11.6802 -2.5
    endloop
  endfacet
  facet normal -0.088175 0.996105 0
    outer loop
      vertex 5.04333 11.664 -2.5
      vertex 5.22634 11.6802 -10.5
      vertex 5.04333 11.664 -10.5
    endloop
  endfacet
  facet normal -0.029577 0.999563 0
    outer loop
      vertex 5.43925 11.6865 -10.5
      vertex 5.22634 11.6802 -2.5
      vertex 5.43925 11.6865 -2.5
    endloop
  endfacet
  facet normal -0.029577 0.999563 0
    outer loop
      vertex 5.22634 11.6802 -2.5
      vertex 5.43925 11.6865 -10.5
      vertex 5.22634 11.6802 -10.5
    endloop
  endfacet
  facet normal 0.0331466 0.999451 -0
    outer loop
      vertex 5.6865 11.6783 -10.5
      vertex 5.43925 11.6865 -2.5
      vertex 5.6865 11.6783 -2.5
    endloop
  endfacet
  facet normal 0.0331466 0.999451 0
    outer loop
      vertex 5.43925 11.6865 -2.5
      vertex 5.6865 11.6783 -10.5
      vertex 5.43925 11.6865 -10.5
    endloop
  endfacet
  facet normal 0.09894 0.995093 -0
    outer loop
      vertex 5.97314 11.6498 -10.5
      vertex 5.6865 11.6783 -2.5
      vertex 5.97314 11.6498 -2.5
    endloop
  endfacet
  facet normal 0.09894 0.995093 0
    outer loop
      vertex 5.6865 11.6783 -2.5
      vertex 5.97314 11.6498 -10.5
      vertex 5.6865 11.6783 -10.5
    endloop
  endfacet
  facet normal 0.865981 0.500077 0
    outer loop
      vertex 6.14742 11.348 -2.5
      vertex 5.97314 11.6498 -10.5
      vertex 5.97314 11.6498 -2.5
    endloop
  endfacet
  facet normal 0.865981 0.500077 0
    outer loop
      vertex 5.97314 11.6498 -10.5
      vertex 6.14742 11.348 -2.5
      vertex 6.14742 11.348 -10.5
    endloop
  endfacet
  facet normal 0.911251 -0.411851 0
    outer loop
      vertex 6.02878 11.0855 -2.5
      vertex 6.14742 11.348 -10.5
      vertex 6.14742 11.348 -2.5
    endloop
  endfacet
  facet normal 0.911251 -0.411851 0
    outer loop
      vertex 6.14742 11.348 -10.5
      vertex 6.02878 11.0855 -2.5
      vertex 6.02878 11.0855 -10.5
    endloop
  endfacet
  facet normal 0.882023 -0.471207 0
    outer loop
      vertex 5.91221 10.8673 -2.5
      vertex 6.02878 11.0855 -10.5
      vertex 6.02878 11.0855 -2.5
    endloop
  endfacet
  facet normal 0.882023 -0.471207 0
    outer loop
      vertex 6.02878 11.0855 -10.5
      vertex 5.91221 10.8673 -2.5
      vertex 5.91221 10.8673 -10.5
    endloop
  endfacet
  facet normal 0.850965 -0.525223 0
    outer loop
      vertex 5.80031 10.686 -2.5
      vertex 5.91221 10.8673 -10.5
      vertex 5.91221 10.8673 -2.5
    endloop
  endfacet
  facet normal 0.850965 -0.525223 0
    outer loop
      vertex 5.91221 10.8673 -10.5
      vertex 5.80031 10.686 -2.5
      vertex 5.80031 10.686 -10.5
    endloop
  endfacet
  facet normal 0.818464 -0.574558 0
    outer loop
      vertex 5.6948 10.5357 -2.5
      vertex 5.80031 10.686 -10.5
      vertex 5.80031 10.686 -2.5
    endloop
  endfacet
  facet normal 0.818464 -0.574558 0
    outer loop
      vertex 5.80031 10.686 -10.5
      vertex 5.6948 10.5357 -2.5
      vertex 5.6948 10.5357 -10.5
    endloop
  endfacet
  facet normal 0.785249 -0.61918 0
    outer loop
      vertex 5.59663 10.4112 -2.5
      vertex 5.6948 10.5357 -10.5
      vertex 5.6948 10.5357 -2.5
    endloop
  endfacet
  facet normal 0.785249 -0.61918 0
    outer loop
      vertex 5.6948 10.5357 -10.5
      vertex 5.59663 10.4112 -2.5
      vertex 5.59663 10.4112 -10.5
    endloop
  endfacet
  facet normal 0.750997 -0.660306 0
    outer loop
      vertex 5.50642 10.3086 -2.5
      vertex 5.59663 10.4112 -10.5
      vertex 5.59663 10.4112 -2.5
    endloop
  endfacet
  facet normal 0.750997 -0.660306 0
    outer loop
      vertex 5.59663 10.4112 -10.5
      vertex 5.50642 10.3086 -2.5
      vertex 5.50642 10.3086 -10.5
    endloop
  endfacet
  facet normal 0.716 -0.6981 0
    outer loop
      vertex 5.42452 10.2246 -2.5
      vertex 5.50642 10.3086 -10.5
      vertex 5.50642 10.3086 -2.5
    endloop
  endfacet
  facet normal 0.716 -0.6981 0
    outer loop
      vertex 5.50642 10.3086 -10.5
      vertex 5.42452 10.2246 -2.5
      vertex 5.42452 10.2246 -10.5
    endloop
  endfacet
  facet normal 0.680382 -0.732857 0
    outer loop
      vertex 5.35106 10.1564 -10.5
      vertex 5.42452 10.2246 -2.5
      vertex 5.35106 10.1564 -2.5
    endloop
  endfacet
  facet normal 0.680382 -0.732857 0
    outer loop
      vertex 5.42452 10.2246 -2.5
      vertex 5.35106 10.1564 -10.5
      vertex 5.42452 10.2246 -10.5
    endloop
  endfacet
  facet normal 0.64486 -0.764301 0
    outer loop
      vertex 5.28611 10.1016 -10.5
      vertex 5.35106 10.1564 -2.5
      vertex 5.28611 10.1016 -2.5
    endloop
  endfacet
  facet normal 0.64486 -0.764301 0
    outer loop
      vertex 5.35106 10.1564 -2.5
      vertex 5.28611 10.1016 -10.5
      vertex 5.35106 10.1564 -10.5
    endloop
  endfacet
  facet normal 0.607941 -0.793982 0
    outer loop
      vertex 5.22969 10.0584 -10.5
      vertex 5.28611 10.1016 -2.5
      vertex 5.22969 10.0584 -2.5
    endloop
  endfacet
  facet normal 0.607941 -0.793982 0
    outer loop
      vertex 5.28611 10.1016 -2.5
      vertex 5.22969 10.0584 -10.5
      vertex 5.28611 10.1016 -10.5
    endloop
  endfacet
  facet normal 0.571887 -0.820332 0
    outer loop
      vertex 5.18178 10.025 -10.5
      vertex 5.22969 10.0584 -2.5
      vertex 5.18178 10.025 -2.5
    endloop
  endfacet
  facet normal 0.571887 -0.820332 0
    outer loop
      vertex 5.22969 10.0584 -2.5
      vertex 5.18178 10.025 -10.5
      vertex 5.22969 10.0584 -10.5
    endloop
  endfacet
  facet normal 0.534138 -0.845397 0
    outer loop
      vertex 5.14237 10.0001 -10.5
      vertex 5.18178 10.025 -2.5
      vertex 5.14237 10.0001 -2.5
    endloop
  endfacet
  facet normal 0.534138 -0.845397 0
    outer loop
      vertex 5.18178 10.025 -2.5
      vertex 5.14237 10.0001 -10.5
      vertex 5.18178 10.025 -10.5
    endloop
  endfacet
  facet normal 0.498318 -0.866994 0
    outer loop
      vertex 5.11154 9.98238 -10.5
      vertex 5.14237 10.0001 -2.5
      vertex 5.11154 9.98238 -2.5
    endloop
  endfacet
  facet normal 0.498318 -0.866994 0
    outer loop
      vertex 5.14237 10.0001 -2.5
      vertex 5.11154 9.98238 -10.5
      vertex 5.14237 10.0001 -10.5
    endloop
  endfacet
  facet normal 0.459629 -0.888111 0
    outer loop
      vertex 5.0893 9.97087 -10.5
      vertex 5.11154 9.98238 -2.5
      vertex 5.0893 9.97087 -2.5
    endloop
  endfacet
  facet normal 0.459629 -0.888111 0
    outer loop
      vertex 5.11154 9.98238 -2.5
      vertex 5.0893 9.97087 -10.5
      vertex 5.11154 9.98238 -10.5
    endloop
  endfacet
  facet normal 0.42119 -0.906972 0
    outer loop
      vertex 5.07582 9.96461 -10.5
      vertex 5.0893 9.97087 -2.5
      vertex 5.07582 9.96461 -2.5
    endloop
  endfacet
  facet normal 0.42119 -0.906972 0
    outer loop
      vertex 5.0893 9.97087 -2.5
      vertex 5.07582 9.96461 -10.5
      vertex 5.0893 9.97087 -10.5
    endloop
  endfacet
  facet normal 0.388781 -0.92133 0
    outer loop
      vertex 5.07127 9.96269 -10.5
      vertex 5.07582 9.96461 -2.5
      vertex 5.07127 9.96269 -2.5
    endloop
  endfacet
  facet normal 0.388781 -0.92133 0
    outer loop
      vertex 5.07582 9.96461 -2.5
      vertex 5.07127 9.96269 -10.5
      vertex 5.07582 9.96461 -10.5
    endloop
  endfacet
  facet normal 0.360938 -0.93259 0
    outer loop
      vertex 4.50498 9.74352 -10.5
      vertex 5.07127 9.96269 -2.5
      vertex 4.50498 9.74352 -2.5
    endloop
  endfacet
  facet normal 0.360938 -0.93259 0
    outer loop
      vertex 5.07127 9.96269 -2.5
      vertex 4.50498 9.74352 -10.5
      vertex 5.07127 9.96269 -10.5
    endloop
  endfacet
  facet normal 0.892094 0.45185 0
    outer loop
      vertex 4.51705 9.71969 -2.5
      vertex 4.50498 9.74352 -10.5
      vertex 4.50498 9.74352 -2.5
    endloop
  endfacet
  facet normal 0.892094 0.45185 0
    outer loop
      vertex 4.50498 9.74352 -10.5
      vertex 4.51705 9.71969 -2.5
      vertex 4.51705 9.71969 -10.5
    endloop
  endfacet
  facet normal 0.966635 0.256157 0
    outer loop
      vertex 4.77588 8.74297 -2.5
      vertex 4.51705 9.71969 -10.5
      vertex 4.51705 9.71969 -2.5
    endloop
  endfacet
  facet normal 0.966635 0.256157 0
    outer loop
      vertex 4.51705 9.71969 -10.5
      vertex 4.77588 8.74297 -2.5
      vertex 4.77588 8.74297 -10.5
    endloop
  endfacet
  facet normal -0.15371 0.988116 0
    outer loop
      vertex 5.37321 8.83589 -10.5
      vertex 4.77588 8.74297 -2.5
      vertex 5.37321 8.83589 -2.5
    endloop
  endfacet
  facet normal -0.15371 0.988116 0
    outer loop
      vertex 4.77588 8.74297 -2.5
      vertex 5.37321 8.83589 -10.5
      vertex 4.77588 8.74297 -10.5
    endloop
  endfacet
  facet normal -0.127778 0.991803 0
    outer loop
      vertex 5.3781 8.83652 -10.5
      vertex 5.37321 8.83589 -2.5
      vertex 5.3781 8.83652 -2.5
    endloop
  endfacet
  facet normal -0.127778 0.991803 0
    outer loop
      vertex 5.37321 8.83589 -2.5
      vertex 5.3781 8.83652 -10.5
      vertex 5.37321 8.83589 -10.5
    endloop
  endfacet
  facet normal -0.0880507 0.996116 0
    outer loop
      vertex 5.39292 8.83783 -10.5
      vertex 5.3781 8.83652 -2.5
      vertex 5.39292 8.83783 -2.5
    endloop
  endfacet
  facet normal -0.0880507 0.996116 0
    outer loop
      vertex 5.3781 8.83652 -2.5
      vertex 5.39292 8.83783 -10.5
      vertex 5.3781 8.83652 -10.5
    endloop
  endfacet
  facet normal -0.0455345 0.998963 0
    outer loop
      vertex 5.41793 8.83897 -10.5
      vertex 5.39292 8.83783 -2.5
      vertex 5.41793 8.83897 -2.5
    endloop
  endfacet
  facet normal -0.0455345 0.998963 0
    outer loop
      vertex 5.39292 8.83783 -2.5
      vertex 5.41793 8.83897 -10.5
      vertex 5.39292 8.83783 -10.5
    endloop
  endfacet
  facet normal -0.00309509 0.999995 0
    outer loop
      vertex 5.45347 8.83908 -10.5
      vertex 5.41793 8.83897 -2.5
      vertex 5.45347 8.83908 -2.5
    endloop
  endfacet
  facet normal -0.00309509 0.999995 0
    outer loop
      vertex 5.41793 8.83897 -2.5
      vertex 5.45347 8.83908 -10.5
      vertex 5.41793 8.83897 -10.5
    endloop
  endfacet
  facet normal 0.0401051 0.999195 -0
    outer loop
      vertex 5.50006 8.83721 -10.5
      vertex 5.45347 8.83908 -2.5
      vertex 5.50006 8.83721 -2.5
    endloop
  endfacet
  facet normal 0.0401051 0.999195 0
    outer loop
      vertex 5.45347 8.83908 -2.5
      vertex 5.50006 8.83721 -10.5
      vertex 5.45347 8.83908 -10.5
    endloop
  endfacet
  facet normal 0.0851 0.996372 -0
    outer loop
      vertex 5.55825 8.83224 -10.5
      vertex 5.50006 8.83721 -2.5
      vertex 5.55825 8.83224 -2.5
    endloop
  endfacet
  facet normal 0.0851 0.996372 0
    outer loop
      vertex 5.50006 8.83721 -2.5
      vertex 5.55825 8.83224 -10.5
      vertex 5.50006 8.83721 -10.5
    endloop
  endfacet
  facet normal 0.130127 0.991497 -0
    outer loop
      vertex 5.62873 8.82299 -10.5
      vertex 5.55825 8.83224 -2.5
      vertex 5.62873 8.82299 -2.5
    endloop
  endfacet
  facet normal 0.130127 0.991497 0
    outer loop
      vertex 5.55825 8.83224 -2.5
      vertex 5.62873 8.82299 -10.5
      vertex 5.55825 8.83224 -10.5
    endloop
  endfacet
  facet normal 0.176088 0.984374 -0
    outer loop
      vertex 5.71236 8.80803 -10.5
      vertex 5.62873 8.82299 -2.5
      vertex 5.71236 8.80803 -2.5
    endloop
  endfacet
  facet normal 0.176088 0.984374 0
    outer loop
      vertex 5.62873 8.82299 -2.5
      vertex 5.71236 8.80803 -10.5
      vertex 5.62873 8.82299 -10.5
    endloop
  endfacet
  facet normal 0.223104 0.974795 -0
    outer loop
      vertex 5.8101 8.78566 -10.5
      vertex 5.71236 8.80803 -2.5
      vertex 5.8101 8.78566 -2.5
    endloop
  endfacet
  facet normal 0.223104 0.974795 0
    outer loop
      vertex 5.71236 8.80803 -2.5
      vertex 5.8101 8.78566 -10.5
      vertex 5.71236 8.80803 -10.5
    endloop
  endfacet
  facet normal 0.270891 0.96261 -0
    outer loop
      vertex 5.92303 8.75388 -10.5
      vertex 5.8101 8.78566 -2.5
      vertex 5.92303 8.75388 -2.5
    endloop
  endfacet
  facet normal 0.270891 0.96261 0
    outer loop
      vertex 5.8101 8.78566 -2.5
      vertex 5.92303 8.75388 -10.5
      vertex 5.8101 8.78566 -10.5
    endloop
  endfacet
  facet normal 0.320091 0.947387 -0
    outer loop
      vertex 6.05243 8.71016 -10.5
      vertex 5.92303 8.75388 -2.5
      vertex 6.05243 8.71016 -2.5
    endloop
  endfacet
  facet normal 0.320091 0.947387 0
    outer loop
      vertex 5.92303 8.75388 -2.5
      vertex 6.05243 8.71016 -10.5
      vertex 5.92303 8.75388 -10.5
    endloop
  endfacet
  facet normal 0.370346 0.928894 -0
    outer loop
      vertex 6.19966 8.65146 -10.5
      vertex 6.05243 8.71016 -2.5
      vertex 6.19966 8.65146 -2.5
    endloop
  endfacet
  facet normal 0.370346 0.928894 0
    outer loop
      vertex 6.05243 8.71016 -2.5
      vertex 6.19966 8.65146 -10.5
      vertex 6.05243 8.71016 -10.5
    endloop
  endfacet
  facet normal 0.421649 0.906759 -0
    outer loop
      vertex 6.36626 8.57399 -10.5
      vertex 6.19966 8.65146 -2.5
      vertex 6.36626 8.57399 -2.5
    endloop
  endfacet
  facet normal 0.421649 0.906759 0
    outer loop
      vertex 6.19966 8.65146 -2.5
      vertex 6.36626 8.57399 -10.5
      vertex 6.19966 8.65146 -10.5
    endloop
  endfacet
  facet normal 0.474383 0.880319 -0
    outer loop
      vertex 6.55378 8.47294 -10.5
      vertex 6.36626 8.57399 -2.5
      vertex 6.55378 8.47294 -2.5
    endloop
  endfacet
  facet normal 0.474383 0.880319 0
    outer loop
      vertex 6.36626 8.57399 -2.5
      vertex 6.55378 8.47294 -10.5
      vertex 6.36626 8.57399 -10.5
    endloop
  endfacet
  facet normal 0.528192 0.849125 -0
    outer loop
      vertex 6.76383 8.34228 -10.5
      vertex 6.55378 8.47294 -2.5
      vertex 6.76383 8.34228 -2.5
    endloop
  endfacet
  facet normal 0.528192 0.849125 0
    outer loop
      vertex 6.55378 8.47294 -2.5
      vertex 6.76383 8.34228 -10.5
      vertex 6.55378 8.47294 -10.5
    endloop
  endfacet
  facet normal 0.5832 0.812328 -0
    outer loop
      vertex 6.99782 8.17429 -10.5
      vertex 6.76383 8.34228 -2.5
      vertex 6.99782 8.17429 -2.5
    endloop
  endfacet
  facet normal 0.5832 0.812328 0
    outer loop
      vertex 6.76383 8.34228 -2.5
      vertex 6.99782 8.17429 -10.5
      vertex 6.76383 8.34228 -10.5
    endloop
  endfacet
  facet normal 1 -0 0
    outer loop
      vertex 6.99782 7.82573 -2.5
      vertex 6.99782 8.17429 -10.5
      vertex 6.99782 8.17429 -2.5
    endloop
  endfacet
  facet normal 1 0 0
    outer loop
      vertex 6.99782 8.17429 -10.5
      vertex 6.99782 7.82573 -2.5
      vertex 6.99782 7.82573 -10.5
    endloop
  endfacet
  facet normal 0.583223 -0.812312 0
    outer loop
      vertex 6.76383 7.65773 -10.5
      vertex 6.99782 7.82573 -2.5
      vertex 6.76383 7.65773 -2.5
    endloop
  endfacet
  facet normal 0.583223 -0.812312 0
    outer loop
      vertex 6.99782 7.82573 -2.5
      vertex 6.76383 7.65773 -10.5
      vertex 6.99782 7.82573 -10.5
    endloop
  endfacet
  facet normal 0.52821 -0.849114 0
    outer loop
      vertex 6.55379 7.52707 -10.5
      vertex 6.76383 7.65773 -2.5
      vertex 6.55379 7.52707 -2.5
    endloop
  endfacet
  facet normal 0.52821 -0.849114 0
    outer loop
      vertex 6.76383 7.65773 -2.5
      vertex 6.55379 7.52707 -10.5
      vertex 6.76383 7.65773 -10.5
    endloop
  endfacet
  facet normal 0.474327 -0.880349 0
    outer loop
      vertex 6.36626 7.42603 -10.5
      vertex 6.55379 7.52707 -2.5
      vertex 6.36626 7.42603 -2.5
    endloop
  endfacet
  facet normal 0.474327 -0.880349 0
    outer loop
      vertex 6.55379 7.52707 -2.5
      vertex 6.36626 7.42603 -10.5
      vertex 6.55379 7.52707 -10.5
    endloop
  endfacet
  facet normal 0.421714 -0.906729 0
    outer loop
      vertex 6.19967 7.34855 -10.5
      vertex 6.36626 7.42603 -2.5
      vertex 6.19967 7.34855 -2.5
    endloop
  endfacet
  facet normal 0.421714 -0.906729 0
    outer loop
      vertex 6.36626 7.42603 -2.5
      vertex 6.19967 7.34855 -10.5
      vertex 6.36626 7.42603 -10.5
    endloop
  endfacet
  facet normal 0.370324 -0.928902 0
    outer loop
      vertex 6.05243 7.28985 -10.5
      vertex 6.19967 7.34855 -2.5
      vertex 6.05243 7.28985 -2.5
    endloop
  endfacet
  facet normal 0.370324 -0.928902 0
    outer loop
      vertex 6.19967 7.34855 -2.5
      vertex 6.05243 7.28985 -10.5
      vertex 6.19967 7.34855 -10.5
    endloop
  endfacet
  facet normal 0.320025 -0.947409 0
    outer loop
      vertex 5.92303 7.24614 -10.5
      vertex 6.05243 7.28985 -2.5
      vertex 5.92303 7.24614 -2.5
    endloop
  endfacet
  facet normal 0.320025 -0.947409 0
    outer loop
      vertex 6.05243 7.28985 -2.5
      vertex 5.92303 7.24614 -10.5
      vertex 6.05243 7.28985 -10.5
    endloop
  endfacet
  facet normal 0.270948 -0.962594 0
    outer loop
      vertex 5.81009 7.21435 -10.5
      vertex 5.92303 7.24614 -2.5
      vertex 5.81009 7.21435 -2.5
    endloop
  endfacet
  facet normal 0.270948 -0.962594 0
    outer loop
      vertex 5.92303 7.24614 -2.5
      vertex 5.81009 7.21435 -10.5
      vertex 5.92303 7.24614 -10.5
    endloop
  endfacet
  facet normal 0.223125 -0.97479 0
    outer loop
      vertex 5.71236 7.19198 -10.5
      vertex 5.81009 7.21435 -2.5
      vertex 5.71236 7.19198 -2.5
    endloop
  endfacet
  facet normal 0.223125 -0.97479 0
    outer loop
      vertex 5.81009 7.21435 -2.5
      vertex 5.71236 7.19198 -10.5
      vertex 5.81009 7.21435 -10.5
    endloop
  endfacet
  facet normal 0.176108 -0.984371 0
    outer loop
      vertex 5.62874 7.17702 -10.5
      vertex 5.71236 7.19198 -2.5
      vertex 5.62874 7.17702 -2.5
    endloop
  endfacet
  facet normal 0.176108 -0.984371 0
    outer loop
      vertex 5.71236 7.19198 -2.5
      vertex 5.62874 7.17702 -10.5
      vertex 5.71236 7.19198 -10.5
    endloop
  endfacet
  facet normal 0.130109 -0.9915 0
    outer loop
      vertex 5.55825 7.16777 -10.5
      vertex 5.62874 7.17702 -2.5
      vertex 5.55825 7.16777 -2.5
    endloop
  endfacet
  facet normal 0.130109 -0.9915 0
    outer loop
      vertex 5.62874 7.17702 -2.5
      vertex 5.55825 7.16777 -10.5
      vertex 5.62874 7.17702 -10.5
    endloop
  endfacet
  facet normal 0.08493 -0.996387 0
    outer loop
      vertex 5.50006 7.16281 -10.5
      vertex 5.55825 7.16777 -2.5
      vertex 5.50006 7.16281 -2.5
    endloop
  endfacet
  facet normal 0.08493 -0.996387 0
    outer loop
      vertex 5.55825 7.16777 -2.5
      vertex 5.50006 7.16281 -10.5
      vertex 5.55825 7.16777 -10.5
    endloop
  endfacet
  facet normal 0.0405333 -0.999178 0
    outer loop
      vertex 5.45347 7.16092 -10.5
      vertex 5.50006 7.16281 -2.5
      vertex 5.45347 7.16092 -2.5
    endloop
  endfacet
  facet normal 0.0405333 -0.999178 0
    outer loop
      vertex 5.50006 7.16281 -2.5
      vertex 5.45347 7.16092 -10.5
      vertex 5.50006 7.16281 -10.5
    endloop
  endfacet
  facet normal -0.00309422 -0.999995 0
    outer loop
      vertex 5.41792 7.16103 -10.5
      vertex 5.45347 7.16092 -2.5
      vertex 5.41792 7.16103 -2.5
    endloop
  endfacet
  facet normal -0.00309422 -0.999995 -0
    outer loop
      vertex 5.45347 7.16092 -2.5
      vertex 5.41792 7.16103 -10.5
      vertex 5.45347 7.16092 -10.5
    endloop
  endfacet
  facet normal -0.0463316 -0.998926 0
    outer loop
      vertex 5.39291 7.16219 -10.5
      vertex 5.41792 7.16103 -2.5
      vertex 5.39291 7.16219 -2.5
    endloop
  endfacet
  facet normal -0.0463316 -0.998926 -0
    outer loop
      vertex 5.41792 7.16103 -2.5
      vertex 5.39291 7.16219 -10.5
      vertex 5.41792 7.16103 -10.5
    endloop
  endfacet
  facet normal -0.0881097 -0.996111 0
    outer loop
      vertex 5.3781 7.1635 -10.5
      vertex 5.39291 7.16219 -2.5
      vertex 5.3781 7.1635 -2.5
    endloop
  endfacet
  facet normal -0.0881097 -0.996111 -0
    outer loop
      vertex 5.39291 7.16219 -2.5
      vertex 5.3781 7.1635 -10.5
      vertex 5.39291 7.16219 -10.5
    endloop
  endfacet
  facet normal -0.123536 -0.99234 0
    outer loop
      vertex 5.3732 7.16411 -10.5
      vertex 5.3781 7.1635 -2.5
      vertex 5.3732 7.16411 -2.5
    endloop
  endfacet
  facet normal -0.123536 -0.99234 -0
    outer loop
      vertex 5.3781 7.1635 -2.5
      vertex 5.3732 7.16411 -10.5
      vertex 5.3781 7.1635 -10.5
    endloop
  endfacet
  facet normal -0.15373 -0.988113 0
    outer loop
      vertex 4.74979 7.2611 -10.5
      vertex 5.3732 7.16411 -2.5
      vertex 4.74979 7.2611 -2.5
    endloop
  endfacet
  facet normal -0.15373 -0.988113 -0
    outer loop
      vertex 5.3732 7.16411 -2.5
      vertex 4.74979 7.2611 -10.5
      vertex 5.3732 7.16411 -10.5
    endloop
  endfacet
  facet normal 0.987255 -0.159144 0
    outer loop
      vertex 4.66518 6.73622 -2.5
      vertex 4.74979 7.2611 -10.5
      vertex 4.74979 7.2611 -2.5
    endloop
  endfacet
  facet normal 0.987255 -0.159144 0
    outer loop
      vertex 4.74979 7.2611 -10.5
      vertex 4.66518 6.73622 -2.5
      vertex 4.66518 6.73622 -10.5
    endloop
  endfacet
  facet normal 0.932594 -0.360928 0
    outer loop
      vertex 4.48283 6.26505 -2.5
      vertex 4.66518 6.73622 -10.5
      vertex 4.66518 6.73622 -2.5
    endloop
  endfacet
  facet normal 0.932594 -0.360928 0
    outer loop
      vertex 4.66518 6.73622 -10.5
      vertex 4.48283 6.26505 -2.5
      vertex 4.48283 6.26505 -10.5
    endloop
  endfacet
  facet normal 0.360948 0.932586 -0
    outer loop
      vertex 5.07127 6.0373 -10.5
      vertex 4.48283 6.26505 -2.5
      vertex 5.07127 6.0373 -2.5
    endloop
  endfacet
  facet normal 0.360948 0.932586 0
    outer loop
      vertex 4.48283 6.26505 -2.5
      vertex 5.07127 6.0373 -10.5
      vertex 4.48283 6.26505 -10.5
    endloop
  endfacet
  facet normal 0.385335 0.922777 -0
    outer loop
      vertex 5.07582 6.0354 -10.5
      vertex 5.07127 6.0373 -2.5
      vertex 5.07582 6.0354 -2.5
    endloop
  endfacet
  facet normal 0.385335 0.922777 0
    outer loop
      vertex 5.07127 6.0373 -2.5
      vertex 5.07582 6.0354 -10.5
      vertex 5.07127 6.0373 -10.5
    endloop
  endfacet
  facet normal 0.421487 0.906835 -0
    outer loop
      vertex 5.08931 6.02913 -10.5
      vertex 5.07582 6.0354 -2.5
      vertex 5.08931 6.02913 -2.5
    endloop
  endfacet
  facet normal 0.421487 0.906835 0
    outer loop
      vertex 5.07582 6.0354 -2.5
      vertex 5.08931 6.02913 -10.5
      vertex 5.07582 6.0354 -10.5
    endloop
  endfacet
  facet normal 0.459792 0.888026 -0
    outer loop
      vertex 5.11154 6.01762 -10.5
      vertex 5.08931 6.02913 -2.5
      vertex 5.11154 6.01762 -2.5
    endloop
  endfacet
  facet normal 0.459792 0.888026 0
    outer loop
      vertex 5.08931 6.02913 -2.5
      vertex 5.11154 6.01762 -10.5
      vertex 5.08931 6.02913 -10.5
    endloop
  endfacet
  facet normal 0.49735 0.86755 -0
    outer loop
      vertex 5.14238 5.99994 -10.5
      vertex 5.11154 6.01762 -2.5
      vertex 5.14238 5.99994 -2.5
    endloop
  endfacet
  facet normal 0.49735 0.86755 0
    outer loop
      vertex 5.11154 6.01762 -2.5
      vertex 5.14238 5.99994 -10.5
      vertex 5.11154 6.01762 -10.5
    endloop
  endfacet
  facet normal 0.534598 0.845107 -0
    outer loop
      vertex 5.18179 5.97501 -10.5
      vertex 5.14238 5.99994 -2.5
      vertex 5.18179 5.97501 -2.5
    endloop
  endfacet
  facet normal 0.534598 0.845107 0
    outer loop
      vertex 5.14238 5.99994 -2.5
      vertex 5.18179 5.97501 -10.5
      vertex 5.14238 5.99994 -10.5
    endloop
  endfacet
  facet normal 0.571852 0.820357 -0
    outer loop
      vertex 5.22969 5.94162 -10.5
      vertex 5.18179 5.97501 -2.5
      vertex 5.22969 5.94162 -2.5
    endloop
  endfacet
  facet normal 0.571852 0.820357 0
    outer loop
      vertex 5.18179 5.97501 -2.5
      vertex 5.22969 5.94162 -10.5
      vertex 5.18179 5.97501 -10.5
    endloop
  endfacet
  facet normal 0.608384 0.793643 -0
    outer loop
      vertex 5.28611 5.89837 -10.5
      vertex 5.22969 5.94162 -2.5
      vertex 5.28611 5.89837 -2.5
    endloop
  endfacet
  facet normal 0.608384 0.793643 0
    outer loop
      vertex 5.22969 5.94162 -2.5
      vertex 5.28611 5.89837 -10.5
      vertex 5.22969 5.94162 -10.5
    endloop
  endfacet
  facet normal 0.644712 0.764426 -0
    outer loop
      vertex 5.35105 5.8436 -10.5
      vertex 5.28611 5.89837 -2.5
      vertex 5.35105 5.8436 -2.5
    endloop
  endfacet
  facet normal 0.644712 0.764426 0
    outer loop
      vertex 5.28611 5.89837 -2.5
      vertex 5.35105 5.8436 -10.5
      vertex 5.28611 5.89837 -10.5
    endloop
  endfacet
  facet normal 0.680547 0.732705 -0
    outer loop
      vertex 5.42452 5.77536 -10.5
      vertex 5.35105 5.8436 -2.5
      vertex 5.42452 5.77536 -2.5
    endloop
  endfacet
  facet normal 0.680547 0.732705 0
    outer loop
      vertex 5.35105 5.8436 -2.5
      vertex 5.42452 5.77536 -10.5
      vertex 5.35105 5.8436 -10.5
    endloop
  endfacet
  facet normal 0.715874 0.698229 0
    outer loop
      vertex 5.50643 5.69138 -2.5
      vertex 5.42452 5.77536 -10.5
      vertex 5.42452 5.77536 -2.5
    endloop
  endfacet
  facet normal 0.715874 0.698229 0
    outer loop
      vertex 5.42452 5.77536 -10.5
      vertex 5.50643 5.69138 -2.5
      vertex 5.50643 5.69138 -10.5
    endloop
  endfacet
  facet normal 0.750969 0.660337 0
    outer loop
      vertex 5.59663 5.5888 -2.5
      vertex 5.50643 5.69138 -10.5
      vertex 5.50643 5.69138 -2.5
    endloop
  endfacet
  facet normal 0.750969 0.660337 0
    outer loop
      vertex 5.50643 5.69138 -10.5
      vertex 5.59663 5.5888 -2.5
      vertex 5.59663 5.5888 -10.5
    endloop
  endfacet
  facet normal 0.78511 0.619356 0
    outer loop
      vertex 5.69479 5.46437 -2.5
      vertex 5.59663 5.5888 -10.5
      vertex 5.59663 5.5888 -2.5
    endloop
  endfacet
  facet normal 0.78511 0.619356 0
    outer loop
      vertex 5.59663 5.5888 -10.5
      vertex 5.69479 5.46437 -2.5
      vertex 5.69479 5.46437 -10.5
    endloop
  endfacet
  facet normal 0.818585 0.574386 0
    outer loop
      vertex 5.80033 5.31396 -2.5
      vertex 5.69479 5.46437 -10.5
      vertex 5.69479 5.46437 -2.5
    endloop
  endfacet
  facet normal 0.818585 0.574386 0
    outer loop
      vertex 5.69479 5.46437 -10.5
      vertex 5.80033 5.31396 -2.5
      vertex 5.80033 5.31396 -10.5
    endloop
  endfacet
  facet normal 0.850997 0.525171 0
    outer loop
      vertex 5.91219 5.1327 -2.5
      vertex 5.80033 5.31396 -10.5
      vertex 5.80033 5.31396 -2.5
    endloop
  endfacet
  facet normal 0.850997 0.525171 0
    outer loop
      vertex 5.80033 5.31396 -10.5
      vertex 5.91219 5.1327 -2.5
      vertex 5.91219 5.1327 -10.5
    endloop
  endfacet
  facet normal 0.881971 0.471304 0
    outer loop
      vertex 6.02878 4.91452 -2.5
      vertex 5.91219 5.1327 -10.5
      vertex 5.91219 5.1327 -2.5
    endloop
  endfacet
  facet normal 0.881971 0.471304 0
    outer loop
      vertex 5.91219 5.1327 -10.5
      vertex 6.02878 4.91452 -2.5
      vertex 6.02878 4.91452 -10.5
    endloop
  endfacet
  facet normal 0.911226 0.411906 0
    outer loop
      vertex 6.14743 4.65204 -2.5
      vertex 6.02878 4.91452 -10.5
      vertex 6.02878 4.91452 -2.5
    endloop
  endfacet
  facet normal 0.911226 0.411906 0
    outer loop
      vertex 6.02878 4.91452 -10.5
      vertex 6.14743 4.65204 -2.5
      vertex 6.14743 4.65204 -10.5
    endloop
  endfacet
  facet normal 0.866031 -0.49999 0
    outer loop
      vertex 5.97315 4.35017 -2.5
      vertex 6.14743 4.65204 -10.5
      vertex 6.14743 4.65204 -2.5
    endloop
  endfacet
  facet normal 0.866031 -0.49999 0
    outer loop
      vertex 6.14743 4.65204 -10.5
      vertex 5.97315 4.35017 -2.5
      vertex 5.97315 4.35017 -10.5
    endloop
  endfacet
  facet normal 0.09894 -0.995093 0
    outer loop
      vertex 5.68651 4.32167 -10.5
      vertex 5.97315 4.35017 -2.5
      vertex 5.68651 4.32167 -2.5
    endloop
  endfacet
  facet normal 0.09894 -0.995093 0
    outer loop
      vertex 5.97315 4.35017 -2.5
      vertex 5.68651 4.32167 -10.5
      vertex 5.97315 4.35017 -10.5
    endloop
  endfacet
  facet normal 0.0328666 -0.99946 0
    outer loop
      vertex 5.43928 4.31354 -10.5
      vertex 5.68651 4.32167 -2.5
      vertex 5.43928 4.31354 -2.5
    endloop
  endfacet
  facet normal 0.0328666 -0.99946 0
    outer loop
      vertex 5.68651 4.32167 -2.5
      vertex 5.43928 4.31354 -10.5
      vertex 5.68651 4.32167 -10.5
    endloop
  endfacet
  facet normal -0.0294322 -0.999567 0
    outer loop
      vertex 5.22634 4.31981 -10.5
      vertex 5.43928 4.31354 -2.5
      vertex 5.22634 4.31981 -2.5
    endloop
  endfacet
  facet normal -0.0294322 -0.999567 -0
    outer loop
      vertex 5.43928 4.31354 -2.5
      vertex 5.22634 4.31981 -10.5
      vertex 5.43928 4.31354 -10.5
    endloop
  endfacet
  facet normal -0.0881305 -0.996109 0
    outer loop
      vertex 5.04335 4.336 -10.5
      vertex 5.22634 4.31981 -2.5
      vertex 5.04335 4.336 -2.5
    endloop
  endfacet
  facet normal -0.0881305 -0.996109 -0
    outer loop
      vertex 5.22634 4.31981 -2.5
      vertex 5.04335 4.336 -10.5
      vertex 5.22634 4.31981 -10.5
    endloop
  endfacet
  facet normal -0.143647 -0.989629 0
    outer loop
      vertex 4.88648 4.35877 -10.5
      vertex 5.04335 4.336 -2.5
      vertex 4.88648 4.35877 -2.5
    endloop
  endfacet
  facet normal -0.143647 -0.989629 -0
    outer loop
      vertex 5.04335 4.336 -2.5
      vertex 4.88648 4.35877 -10.5
      vertex 5.04335 4.336 -10.5
    endloop
  endfacet
  facet normal -0.196567 -0.98049 0
    outer loop
      vertex 4.75255 4.38562 -10.5
      vertex 4.88648 4.35877 -2.5
      vertex 4.75255 4.38562 -2.5
    endloop
  endfacet
  facet normal -0.196567 -0.98049 -0
    outer loop
      vertex 4.88648 4.35877 -2.5
      vertex 4.75255 4.38562 -10.5
      vertex 4.88648 4.35877 -10.5
    endloop
  endfacet
  facet normal -0.246685 -0.969096 0
    outer loop
      vertex 4.63886 4.41456 -10.5
      vertex 4.75255 4.38562 -2.5
      vertex 4.63886 4.41456 -2.5
    endloop
  endfacet
  facet normal -0.246685 -0.969096 -0
    outer loop
      vertex 4.75255 4.38562 -2.5
      vertex 4.63886 4.41456 -10.5
      vertex 4.75255 4.38562 -10.5
    endloop
  endfacet
  facet normal -0.29424 -0.955732 0
    outer loop
      vertex 4.54304 4.44406 -10.5
      vertex 4.63886 4.41456 -2.5
      vertex 4.54304 4.44406 -2.5
    endloop
  endfacet
  facet normal -0.29424 -0.955732 -0
    outer loop
      vertex 4.63886 4.41456 -2.5
      vertex 4.54304 4.44406 -10.5
      vertex 4.63886 4.41456 -10.5
    endloop
  endfacet
  facet normal -0.339578 -0.940578 0
    outer loop
      vertex 4.46313 4.47291 -10.5
      vertex 4.54304 4.44406 -2.5
      vertex 4.46313 4.47291 -2.5
    endloop
  endfacet
  facet normal -0.339578 -0.940578 -0
    outer loop
      vertex 4.54304 4.44406 -2.5
      vertex 4.46313 4.47291 -10.5
      vertex 4.54304 4.44406 -10.5
    endloop
  endfacet
  facet normal -0.383267 -0.923638 0
    outer loop
      vertex 4.39746 4.50016 -10.5
      vertex 4.46313 4.47291 -2.5
      vertex 4.39746 4.50016 -2.5
    endloop
  endfacet
  facet normal -0.383267 -0.923638 -0
    outer loop
      vertex 4.46313 4.47291 -2.5
      vertex 4.39746 4.50016 -10.5
      vertex 4.46313 4.47291 -10.5
    endloop
  endfacet
  facet normal -0.424535 -0.905412 0
    outer loop
      vertex 4.34459 4.52495 -10.5
      vertex 4.39746 4.50016 -2.5
      vertex 4.34459 4.52495 -2.5
    endloop
  endfacet
  facet normal -0.424535 -0.905412 -0
    outer loop
      vertex 4.39746 4.50016 -2.5
      vertex 4.34459 4.52495 -10.5
      vertex 4.39746 4.50016 -10.5
    endloop
  endfacet
  facet normal -0.464456 -0.885596 0
    outer loop
      vertex 4.30329 4.54661 -10.5
      vertex 4.34459 4.52495 -2.5
      vertex 4.30329 4.54661 -2.5
    endloop
  endfacet
  facet normal -0.464456 -0.885596 -0
    outer loop
      vertex 4.34459 4.52495 -2.5
      vertex 4.30329 4.54661 -10.5
      vertex 4.34459 4.52495 -10.5
    endloop
  endfacet
  facet normal -0.502488 -0.864584 0
    outer loop
      vertex 4.27256 4.56447 -10.5
      vertex 4.30329 4.54661 -2.5
      vertex 4.27256 4.56447 -2.5
    endloop
  endfacet
  facet normal -0.502488 -0.864584 -0
    outer loop
      vertex 4.30329 4.54661 -2.5
      vertex 4.27256 4.56447 -10.5
      vertex 4.30329 4.54661 -10.5
    endloop
  endfacet
  facet normal -0.539586 -0.84193 0
    outer loop
      vertex 4.25148 4.57798 -10.5
      vertex 4.27256 4.56447 -2.5
      vertex 4.25148 4.57798 -2.5
    endloop
  endfacet
  facet normal -0.539586 -0.84193 -0
    outer loop
      vertex 4.27256 4.56447 -2.5
      vertex 4.25148 4.57798 -10.5
      vertex 4.27256 4.56447 -10.5
    endloop
  endfacet
  facet normal -0.57441 -0.818568 0
    outer loop
      vertex 4.23931 4.58652 -10.5
      vertex 4.25148 4.57798 -2.5
      vertex 4.23931 4.58652 -2.5
    endloop
  endfacet
  facet normal -0.57441 -0.818568 -0
    outer loop
      vertex 4.25148 4.57798 -2.5
      vertex 4.23931 4.58652 -10.5
      vertex 4.25148 4.57798 -10.5
    endloop
  endfacet
  facet normal -0.604519 -0.796591 0
    outer loop
      vertex 4.23537 4.58951 -10.5
      vertex 4.23931 4.58652 -2.5
      vertex 4.23537 4.58951 -2.5
    endloop
  endfacet
  facet normal -0.604519 -0.796591 -0
    outer loop
      vertex 4.23931 4.58652 -2.5
      vertex 4.23537 4.58951 -10.5
      vertex 4.23931 4.58652 -10.5
    endloop
  endfacet
  facet normal -0.62718 -0.778874 0
    outer loop
      vertex 3.76243 4.97034 -10.5
      vertex 4.23537 4.58951 -2.5
      vertex 3.76243 4.97034 -2.5
    endloop
  endfacet
  facet normal -0.62718 -0.778874 -0
    outer loop
      vertex 4.23537 4.58951 -2.5
      vertex 3.76243 4.97034 -10.5
      vertex 4.23537 4.58951 -10.5
    endloop
  endfacet
  facet normal 0.837312 -0.546725 0
    outer loop
      vertex 3.74783 4.94798 -2.5
      vertex 3.76243 4.97034 -10.5
      vertex 3.76243 4.97034 -2.5
    endloop
  endfacet
  facet normal 0.837312 -0.546725 0
    outer loop
      vertex 3.76243 4.97034 -10.5
      vertex 3.74783 4.94798 -2.5
      vertex 3.74783 4.94798 -10.5
    endloop
  endfacet
  facet normal 0.70515 -0.709059 0
    outer loop
      vertex 3.03136 4.23546 -10.5
      vertex 3.74783 4.94798 -2.5
      vertex 3.03136 4.23546 -2.5
    endloop
  endfacet
  facet normal 0.70515 -0.709059 0
    outer loop
      vertex 3.74783 4.94798 -2.5
      vertex 3.03136 4.23546 -10.5
      vertex 3.74783 4.94798 -10.5
    endloop
  endfacet
  facet normal 0.778859 0.627199 0
    outer loop
      vertex 3.41051 3.76463 -2.5
      vertex 3.03136 4.23546 -10.5
      vertex 3.03136 4.23546 -2.5
    endloop
  endfacet
  facet normal 0.778859 0.627199 0
    outer loop
      vertex 3.03136 4.23546 -10.5
      vertex 3.41051 3.76463 -2.5
      vertex 3.41051 3.76463 -10.5
    endloop
  endfacet
  facet normal 0.798538 0.601944 0
    outer loop
      vertex 3.41348 3.76069 -2.5
      vertex 3.41051 3.76463 -10.5
      vertex 3.41051 3.76463 -2.5
    endloop
  endfacet
  facet normal 0.798538 0.601944 0
    outer loop
      vertex 3.41051 3.76463 -10.5
      vertex 3.41348 3.76069 -2.5
      vertex 3.41348 3.76069 -10.5
    endloop
  endfacet
  facet normal 0.818252 0.57486 0
    outer loop
      vertex 3.42203 3.74852 -2.5
      vertex 3.41348 3.76069 -10.5
      vertex 3.41348 3.76069 -2.5
    endloop
  endfacet
  facet normal 0.818252 0.57486 0
    outer loop
      vertex 3.41348 3.76069 -10.5
      vertex 3.42203 3.74852 -2.5
      vertex 3.42203 3.74852 -10.5
    endloop
  endfacet
  facet normal 0.842228 0.539122 0
    outer loop
      vertex 3.43553 3.72743 -2.5
      vertex 3.42203 3.74852 -10.5
      vertex 3.42203 3.74852 -2.5
    endloop
  endfacet
  facet normal 0.842228 0.539122 0
    outer loop
      vertex 3.42203 3.74852 -10.5
      vertex 3.43553 3.72743 -2.5
      vertex 3.43553 3.72743 -10.5
    endloop
  endfacet
  facet normal 0.864584 0.502488 0
    outer loop
      vertex 3.45339 3.6967 -2.5
      vertex 3.43553 3.72743 -10.5
      vertex 3.43553 3.72743 -2.5
    endloop
  endfacet
  facet normal 0.864584 0.502488 0
    outer loop
      vertex 3.43553 3.72743 -10.5
      vertex 3.45339 3.6967 -2.5
      vertex 3.45339 3.6967 -10.5
    endloop
  endfacet
  facet normal 0.885462 0.464712 0
    outer loop
      vertex 3.47506 3.65541 -2.5
      vertex 3.45339 3.6967 -10.5
      vertex 3.45339 3.6967 -2.5
    endloop
  endfacet
  facet normal 0.885462 0.464712 0
    outer loop
      vertex 3.45339 3.6967 -10.5
      vertex 3.47506 3.65541 -2.5
      vertex 3.47506 3.65541 -10.5
    endloop
  endfacet
  facet normal 0.905381 0.424601 0
    outer loop
      vertex 3.49985 3.60255 -2.5
      vertex 3.47506 3.65541 -10.5
      vertex 3.47506 3.65541 -2.5
    endloop
  endfacet
  facet normal 0.905381 0.424601 0
    outer loop
      vertex 3.47506 3.65541 -10.5
      vertex 3.49985 3.60255 -2.5
      vertex 3.49985 3.60255 -10.5
    endloop
  endfacet
  facet normal 0.923687 0.383147 0
    outer loop
      vertex 3.52709 3.53688 -2.5
      vertex 3.49985 3.60255 -10.5
      vertex 3.49985 3.60255 -2.5
    endloop
  endfacet
  facet normal 0.923687 0.383147 0
    outer loop
      vertex 3.49985 3.60255 -10.5
      vertex 3.52709 3.53688 -2.5
      vertex 3.52709 3.53688 -10.5
    endloop
  endfacet
  facet normal 0.94054 0.339682 0
    outer loop
      vertex 3.55595 3.45697 -2.5
      vertex 3.52709 3.53688 -10.5
      vertex 3.52709 3.53688 -2.5
    endloop
  endfacet
  facet normal 0.94054 0.339682 0
    outer loop
      vertex 3.52709 3.53688 -10.5
      vertex 3.55595 3.45697 -2.5
      vertex 3.55595 3.45697 -10.5
    endloop
  endfacet
  facet normal 0.95574 0.294212 0
    outer loop
      vertex 3.58545 3.36114 -2.5
      vertex 3.55595 3.45697 -10.5
      vertex 3.55595 3.45697 -2.5
    endloop
  endfacet
  facet normal 0.95574 0.294212 0
    outer loop
      vertex 3.55595 3.45697 -10.5
      vertex 3.58545 3.36114 -2.5
      vertex 3.58545 3.36114 -10.5
    endloop
  endfacet
  facet normal 0.969096 0.246685 0
    outer loop
      vertex 3.61439 3.24745 -2.5
      vertex 3.58545 3.36114 -10.5
      vertex 3.58545 3.36114 -2.5
    endloop
  endfacet
  facet normal 0.969096 0.246685 0
    outer loop
      vertex 3.58545 3.36114 -10.5
      vertex 3.61439 3.24745 -2.5
      vertex 3.61439 3.24745 -10.5
    endloop
  endfacet
  facet normal 0.980519 0.196426 0
    outer loop
      vertex 3.64122 3.11352 -2.5
      vertex 3.61439 3.24745 -10.5
      vertex 3.61439 3.24745 -2.5
    endloop
  endfacet
  facet normal 0.980519 0.196426 0
    outer loop
      vertex 3.61439 3.24745 -10.5
      vertex 3.64122 3.11352 -2.5
      vertex 3.64122 3.11352 -10.5
    endloop
  endfacet
  facet normal 0.989608 0.143788 0
    outer loop
      vertex 3.66401 2.95667 -2.5
      vertex 3.64122 3.11352 -10.5
      vertex 3.64122 3.11352 -2.5
    endloop
  endfacet
  facet normal 0.989608 0.143788 0
    outer loop
      vertex 3.64122 3.11352 -10.5
      vertex 3.66401 2.95667 -2.5
      vertex 3.66401 2.95667 -10.5
    endloop
  endfacet
  facet normal 0.996105 0.088175 0
    outer loop
      vertex 3.68021 2.77366 -2.5
      vertex 3.66401 2.95667 -10.5
      vertex 3.66401 2.95667 -2.5
    endloop
  endfacet
  facet normal 0.996105 0.088175 0
    outer loop
      vertex 3.66401 2.95667 -10.5
      vertex 3.68021 2.77366 -2.5
      vertex 3.68021 2.77366 -10.5
    endloop
  endfacet
  facet normal 0.999569 0.0293425 0
    outer loop
      vertex 3.68646 2.56075 -2.5
      vertex 3.68021 2.77366 -10.5
      vertex 3.68021 2.77366 -2.5
    endloop
  endfacet
  facet normal 0.999569 0.0293425 0
    outer loop
      vertex 3.68021 2.77366 -10.5
      vertex 3.68646 2.56075 -2.5
      vertex 3.68646 2.56075 -10.5
    endloop
  endfacet
  facet normal 0.99946 -0.0328639 0
    outer loop
      vertex 3.67833 2.3135 -2.5
      vertex 3.68646 2.56075 -10.5
      vertex 3.68646 2.56075 -2.5
    endloop
  endfacet
  facet normal 0.99946 -0.0328639 0
    outer loop
      vertex 3.68646 2.56075 -10.5
      vertex 3.67833 2.3135 -2.5
      vertex 3.67833 2.3135 -10.5
    endloop
  endfacet
  facet normal 0.995097 -0.0989056 0
    outer loop
      vertex 3.64984 2.02686 -2.5
      vertex 3.67833 2.3135 -10.5
      vertex 3.67833 2.3135 -2.5
    endloop
  endfacet
  facet normal 0.995097 -0.0989056 0
    outer loop
      vertex 3.67833 2.3135 -10.5
      vertex 3.64984 2.02686 -2.5
      vertex 3.64984 2.02686 -10.5
    endloop
  endfacet
  facet normal 0.500002 -0.866024 0
    outer loop
      vertex 3.34798 1.85258 -10.5
      vertex 3.64984 2.02686 -2.5
      vertex 3.34798 1.85258 -2.5
    endloop
  endfacet
  facet normal 0.500002 -0.866024 0
    outer loop
      vertex 3.64984 2.02686 -2.5
      vertex 3.34798 1.85258 -10.5
      vertex 3.64984 2.02686 -10.5
    endloop
  endfacet
  facet normal -0.411864 -0.911245 0
    outer loop
      vertex 3.08549 1.97122 -10.5
      vertex 3.34798 1.85258 -2.5
      vertex 3.08549 1.97122 -2.5
    endloop
  endfacet
  facet normal -0.411864 -0.911245 -0
    outer loop
      vertex 3.34798 1.85258 -2.5
      vertex 3.08549 1.97122 -10.5
      vertex 3.34798 1.85258 -10.5
    endloop
  endfacet
  facet normal -0.471257 -0.881996 0
    outer loop
      vertex 2.86732 2.08779 -10.5
      vertex 3.08549 1.97122 -2.5
      vertex 2.86732 2.08779 -2.5
    endloop
  endfacet
  facet normal -0.471257 -0.881996 -0
    outer loop
      vertex 3.08549 1.97122 -2.5
      vertex 2.86732 2.08779 -10.5
      vertex 3.08549 1.97122 -10.5
    endloop
  endfacet
  facet normal -0.525286 -0.850926 0
    outer loop
      vertex 2.68605 2.19969 -10.5
      vertex 2.86732 2.08779 -2.5
      vertex 2.68605 2.19969 -2.5
    endloop
  endfacet
  facet normal -0.525286 -0.850926 -0
    outer loop
      vertex 2.86732 2.08779 -2.5
      vertex 2.68605 2.19969 -10.5
      vertex 2.86732 2.08779 -10.5
    endloop
  endfacet
  facet normal -0.574328 -0.818625 0
    outer loop
      vertex 2.53566 2.3052 -10.5
      vertex 2.68605 2.19969 -2.5
      vertex 2.53566 2.3052 -2.5
    endloop
  endfacet
  facet normal -0.574328 -0.818625 -0
    outer loop
      vertex 2.68605 2.19969 -2.5
      vertex 2.53566 2.3052 -10.5
      vertex 2.68605 2.19969 -10.5
    endloop
  endfacet
  facet normal -0.619272 -0.785177 0
    outer loop
      vertex 2.41119 2.40337 -10.5
      vertex 2.53566 2.3052 -2.5
      vertex 2.41119 2.40337 -2.5
    endloop
  endfacet
  facet normal -0.619272 -0.785177 -0
    outer loop
      vertex 2.53566 2.3052 -2.5
      vertex 2.41119 2.40337 -10.5
      vertex 2.53566 2.3052 -10.5
    endloop
  endfacet
  facet normal -0.660488 -0.750837 0
    outer loop
      vertex 2.30864 2.49358 -10.5
      vertex 2.41119 2.40337 -2.5
      vertex 2.30864 2.49358 -2.5
    endloop
  endfacet
  facet normal -0.660488 -0.750837 -0
    outer loop
      vertex 2.41119 2.40337 -2.5
      vertex 2.30864 2.49358 -10.5
      vertex 2.41119 2.40337 -10.5
    endloop
  endfacet
  facet normal -0.6981 -0.716 0
    outer loop
      vertex 2.22464 2.57548 -10.5
      vertex 2.30864 2.49358 -2.5
      vertex 2.22464 2.57548 -2.5
    endloop
  endfacet
  facet normal -0.6981 -0.716 -0
    outer loop
      vertex 2.30864 2.49358 -2.5
      vertex 2.22464 2.57548 -10.5
      vertex 2.30864 2.49358 -10.5
    endloop
  endfacet
  facet normal -0.732708 -0.680543 0
    outer loop
      vertex 2.22464 2.57548 -10.5
      vertex 2.15641 2.64894 -2.5
      vertex 2.15641 2.64894 -10.5
    endloop
  endfacet
  facet normal -0.732708 -0.680543 0
    outer loop
      vertex 2.15641 2.64894 -2.5
      vertex 2.22464 2.57548 -10.5
      vertex 2.22464 2.57548 -2.5
    endloop
  endfacet
  facet normal -0.764417 -0.644723 0
    outer loop
      vertex 2.15641 2.64894 -10.5
      vertex 2.10163 2.71389 -2.5
      vertex 2.10163 2.71389 -10.5
    endloop
  endfacet
  facet normal -0.764417 -0.644723 0
    outer loop
      vertex 2.10163 2.71389 -2.5
      vertex 2.15641 2.64894 -10.5
      vertex 2.15641 2.64894 -2.5
    endloop
  endfacet
  facet normal -0.793711 -0.608296 0
    outer loop
      vertex 2.10163 2.71389 -10.5
      vertex 2.05839 2.77031 -2.5
      vertex 2.05839 2.77031 -10.5
    endloop
  endfacet
  facet normal -0.793711 -0.608296 0
    outer loop
      vertex 2.05839 2.77031 -2.5
      vertex 2.10163 2.71389 -10.5
      vertex 2.10163 2.71389 -2.5
    endloop
  endfacet
  facet normal -0.820332 -0.571887 0
    outer loop
      vertex 2.05839 2.77031 -10.5
      vertex 2.02499 2.81822 -2.5
      vertex 2.02499 2.81822 -10.5
    endloop
  endfacet
  facet normal -0.820332 -0.571887 0
    outer loop
      vertex 2.02499 2.81822 -2.5
      vertex 2.05839 2.77031 -10.5
      vertex 2.05839 2.77031 -2.5
    endloop
  endfacet
  facet normal -0.845203 -0.534445 0
    outer loop
      vertex 2.02499 2.81822 -10.5
      vertex 2.00007 2.85763 -2.5
      vertex 2.00007 2.85763 -10.5
    endloop
  endfacet
  facet normal -0.845203 -0.534445 0
    outer loop
      vertex 2.00007 2.85763 -2.5
      vertex 2.02499 2.81822 -10.5
      vertex 2.02499 2.81822 -2.5
    endloop
  endfacet
  facet normal -0.867359 -0.497683 0
    outer loop
      vertex 2.00007 2.85763 -10.5
      vertex 1.98238 2.88846 -2.5
      vertex 1.98238 2.88846 -10.5
    endloop
  endfacet
  facet normal -0.867359 -0.497683 0
    outer loop
      vertex 1.98238 2.88846 -2.5
      vertex 2.00007 2.85763 -10.5
      vertex 2.00007 2.85763 -2.5
    endloop
  endfacet
  facet normal -0.888111 -0.459629 0
    outer loop
      vertex 1.98238 2.88846 -10.5
      vertex 1.97087 2.9107 -2.5
      vertex 1.97087 2.9107 -10.5
    endloop
  endfacet
  facet normal -0.888111 -0.459629 0
    outer loop
      vertex 1.97087 2.9107 -2.5
      vertex 1.98238 2.88846 -10.5
      vertex 1.98238 2.88846 -2.5
    endloop
  endfacet
  facet normal -0.906972 -0.42119 0
    outer loop
      vertex 1.97087 2.9107 -10.5
      vertex 1.96461 2.92418 -2.5
      vertex 1.96461 2.92418 -10.5
    endloop
  endfacet
  facet normal -0.906972 -0.42119 0
    outer loop
      vertex 1.96461 2.92418 -2.5
      vertex 1.97087 2.9107 -10.5
      vertex 1.97087 2.9107 -2.5
    endloop
  endfacet
  facet normal -0.92133 -0.388781 0
    outer loop
      vertex 1.96461 2.92418 -10.5
      vertex 1.96269 2.92873 -2.5
      vertex 1.96269 2.92873 -10.5
    endloop
  endfacet
  facet normal -0.92133 -0.388781 0
    outer loop
      vertex 1.96269 2.92873 -2.5
      vertex 1.96461 2.92418 -10.5
      vertex 1.96461 2.92418 -2.5
    endloop
  endfacet
  facet normal -0.932593 -0.360931 0
    outer loop
      vertex 1.96269 2.92873 -10.5
      vertex 1.73498 3.5171 -2.5
      vertex 1.73498 3.5171 -10.5
    endloop
  endfacet
  facet normal -0.932593 -0.360931 0
    outer loop
      vertex 1.73498 3.5171 -2.5
      vertex 1.96269 2.92873 -10.5
      vertex 1.96269 2.92873 -2.5
    endloop
  endfacet
  facet normal 0.355792 -0.934565 0
    outer loop
      vertex 1.23811 3.32794 -10.5
      vertex 1.73498 3.5171 -2.5
      vertex 1.23811 3.32794 -2.5
    endloop
  endfacet
  facet normal 0.355792 -0.934565 0
    outer loop
      vertex 1.73498 3.5171 -2.5
      vertex 1.23811 3.32794 -10.5
      vertex 1.73498 3.5171 -10.5
    endloop
  endfacet
  facet normal 0.153717 -0.988115 0
    outer loop
      vertex 0.7389 3.25028 -10.5
      vertex 1.23811 3.32794 -2.5
      vertex 0.7389 3.25028 -2.5
    endloop
  endfacet
  facet normal 0.153717 -0.988115 0
    outer loop
      vertex 1.23811 3.32794 -2.5
      vertex 0.7389 3.25028 -10.5
      vertex 1.23811 3.32794 -10.5
    endloop
  endfacet
  facet normal 0.988115 0.153717 0
    outer loop
      vertex 0.835894 2.62679 -2.5
      vertex 0.7389 3.25028 -10.5
      vertex 0.7389 3.25028 -2.5
    endloop
  endfacet
  facet normal 0.988115 0.153717 0
    outer loop
      vertex 0.7389 3.25028 -10.5
      vertex 0.835894 2.62679 -2.5
      vertex 0.835894 2.62679 -10.5
    endloop
  endfacet
  facet normal 0.992033 0.125982 0
    outer loop
      vertex 0.836515 2.6219 -2.5
      vertex 0.835894 2.62679 -10.5
      vertex 0.835894 2.62679 -2.5
    endloop
  endfacet
  facet normal 0.992033 0.125982 0
    outer loop
      vertex 0.835894 2.62679 -10.5
      vertex 0.836515 2.6219 -2.5
      vertex 0.836515 2.6219 -10.5
    endloop
  endfacet
  facet normal 0.996075 0.0885176 0
    outer loop
      vertex 0.837832 2.60708 -2.5
      vertex 0.836515 2.6219 -10.5
      vertex 0.836515 2.6219 -2.5
    endloop
  endfacet
  facet normal 0.996075 0.0885176 0
    outer loop
      vertex 0.836515 2.6219 -10.5
      vertex 0.837832 2.60708 -2.5
      vertex 0.837832 2.60708 -10.5
    endloop
  endfacet
  facet normal 0.998957 0.0456541 0
    outer loop
      vertex 0.838975 2.58207 -2.5
      vertex 0.837832 2.60708 -10.5
      vertex 0.837832 2.60708 -2.5
    endloop
  endfacet
  facet normal 0.998957 0.0456541 0
    outer loop
      vertex 0.837832 2.60708 -10.5
      vertex 0.838975 2.58207 -2.5
      vertex 0.838975 2.58207 -10.5
    endloop
  endfacet
  facet normal 0.999995 0.00309509 0
    outer loop
      vertex 0.839085 2.54653 -2.5
      vertex 0.838975 2.58207 -10.5
      vertex 0.838975 2.58207 -2.5
    endloop
  endfacet
  facet normal 0.999995 0.00309509 0
    outer loop
      vertex 0.838975 2.58207 -10.5
      vertex 0.839085 2.54653 -2.5
      vertex 0.839085 2.54653 -10.5
    endloop
  endfacet
  facet normal 0.999188 -0.0402978 0
    outer loop
      vertex 0.837206 2.49994 -2.5
      vertex 0.839085 2.54653 -10.5
      vertex 0.839085 2.54653 -2.5
    endloop
  endfacet
  facet normal 0.999188 -0.0402978 0
    outer loop
      vertex 0.839085 2.54653 -10.5
      vertex 0.837206 2.49994 -2.5
      vertex 0.837206 2.49994 -10.5
    endloop
  endfacet
  facet normal 0.996372 -0.0851 0
    outer loop
      vertex 0.832236 2.44175 -2.5
      vertex 0.837206 2.49994 -10.5
      vertex 0.837206 2.49994 -2.5
    endloop
  endfacet
  facet normal 0.996372 -0.0851 0
    outer loop
      vertex 0.837206 2.49994 -10.5
      vertex 0.832236 2.44175 -2.5
      vertex 0.832236 2.44175 -10.5
    endloop
  endfacet
  facet normal 0.991499 -0.130113 0
    outer loop
      vertex 0.822987 2.37127 -2.5
      vertex 0.832236 2.44175 -10.5
      vertex 0.832236 2.44175 -2.5
    endloop
  endfacet
  facet normal 0.991499 -0.130113 0
    outer loop
      vertex 0.832236 2.44175 -10.5
      vertex 0.822987 2.37127 -2.5
      vertex 0.822987 2.37127 -10.5
    endloop
  endfacet
  facet normal 0.984381 -0.176054 0
    outer loop
      vertex 0.80803 2.28764 -2.5
      vertex 0.822987 2.37127 -10.5
      vertex 0.822987 2.37127 -2.5
    endloop
  endfacet
  facet normal 0.984381 -0.176054 0
    outer loop
      vertex 0.822987 2.37127 -10.5
      vertex 0.80803 2.28764 -2.5
      vertex 0.80803 2.28764 -10.5
    endloop
  endfacet
  facet normal 0.974806 -0.223056 0
    outer loop
      vertex 0.785665 2.1899 -2.5
      vertex 0.80803 2.28764 -10.5
      vertex 0.80803 2.28764 -2.5
    endloop
  endfacet
  facet normal 0.974806 -0.223056 0
    outer loop
      vertex 0.80803 2.28764 -10.5
      vertex 0.785665 2.1899 -2.5
      vertex 0.785665 2.1899 -10.5
    endloop
  endfacet
  facet normal 0.962599 -0.270931 0
    outer loop
      vertex 0.75388 2.07697 -2.5
      vertex 0.785665 2.1899 -10.5
      vertex 0.785665 2.1899 -2.5
    endloop
  endfacet
  facet normal 0.962599 -0.270931 0
    outer loop
      vertex 0.785665 2.1899 -10.5
      vertex 0.75388 2.07697 -2.5
      vertex 0.75388 2.07697 -10.5
    endloop
  endfacet
  facet normal 0.947376 -0.320124 0
    outer loop
      vertex 0.710155 1.94757 -2.5
      vertex 0.75388 2.07697 -10.5
      vertex 0.75388 2.07697 -2.5
    endloop
  endfacet
  facet normal 0.947376 -0.320124 0
    outer loop
      vertex 0.75388 2.07697 -10.5
      vertex 0.710155 1.94757 -2.5
      vertex 0.710155 1.94757 -10.5
    endloop
  endfacet
  facet normal 0.928911 -0.370303 0
    outer loop
      vertex 0.651463 1.80034 -2.5
      vertex 0.710155 1.94757 -10.5
      vertex 0.710155 1.94757 -2.5
    endloop
  endfacet
  facet normal 0.928911 -0.370303 0
    outer loop
      vertex 0.710155 1.94757 -10.5
      vertex 0.651463 1.80034 -2.5
      vertex 0.651463 1.80034 -10.5
    endloop
  endfacet
  facet normal 0.906761 -0.421644 0
    outer loop
      vertex 0.573994 1.63374 -2.5
      vertex 0.651463 1.80034 -10.5
      vertex 0.651463 1.80034 -2.5
    endloop
  endfacet
  facet normal 0.906761 -0.421644 0
    outer loop
      vertex 0.651463 1.80034 -10.5
      vertex 0.573994 1.63374 -2.5
      vertex 0.573994 1.63374 -10.5
    endloop
  endfacet
  facet normal 0.880309 -0.474401 0
    outer loop
      vertex 0.472939 1.44622 -2.5
      vertex 0.573994 1.63374 -10.5
      vertex 0.573994 1.63374 -2.5
    endloop
  endfacet
  facet normal 0.880309 -0.474401 0
    outer loop
      vertex 0.573994 1.63374 -10.5
      vertex 0.472939 1.44622 -2.5
      vertex 0.472939 1.44622 -10.5
    endloop
  endfacet
  facet normal 0.849132 -0.52818 0
    outer loop
      vertex 0.342283 1.23617 -2.5
      vertex 0.472939 1.44622 -10.5
      vertex 0.472939 1.44622 -2.5
    endloop
  endfacet
  facet normal 0.849132 -0.52818 0
    outer loop
      vertex 0.472939 1.44622 -10.5
      vertex 0.342283 1.23617 -2.5
      vertex 0.342283 1.23617 -10.5
    endloop
  endfacet
  facet normal 0.812323 -0.583207 0
    outer loop
      vertex 0.17429 1.00218 -2.5
      vertex 0.342283 1.23617 -10.5
      vertex 0.342283 1.23617 -2.5
    endloop
  endfacet
  facet normal 0.812323 -0.583207 0
    outer loop
      vertex 0.342283 1.23617 -10.5
      vertex 0.17429 1.00218 -2.5
      vertex 0.17429 1.00218 -10.5
    endloop
  endfacet
  facet normal 0 -1 0
    outer loop
      vertex -0.174273 1.00218 -10.5
      vertex 0.17429 1.00218 -2.5
      vertex -0.174273 1.00218 -2.5
    endloop
  endfacet
  facet normal 0 -1 -0
    outer loop
      vertex 0.17429 1.00218 -2.5
      vertex -0.174273 1.00218 -10.5
      vertex 0.17429 1.00218 -10.5
    endloop
  endfacet
  facet normal -0.973885 -0.227044 0
    outer loop
      vertex 2.55004 8.50723 -10.5
      vertex 2.51141 8.67293 2
      vertex 2.51141 8.67293 -10.5
    endloop
  endfacet
  facet normal -0.973885 -0.227044 0
    outer loop
      vertex 2.51141 8.67293 2
      vertex 2.55004 8.50723 -10.5
      vertex 2.55004 8.50723 2
    endloop
  endfacet
  facet normal -0.773056 0.634337 0
    outer loop
      vertex 2.04859 6.4 -10.5
      vertex 2.06272 6.41722 2
      vertex 2.06272 6.41722 -10.5
    endloop
  endfacet
  facet normal -0.773056 0.634337 0
    outer loop
      vertex 2.06272 6.41722 2
      vertex 2.04859 6.4 -10.5
      vertex 2.04859 6.4 2
    endloop
  endfacet
  facet normal 0.995188 -0.0979789 0
    outer loop
      vertex -2.59443 8.17005 2
      vertex -2.57776 8.33937 -10.5
      vertex -2.57776 8.33937 2
    endloop
  endfacet
  facet normal 0.995188 -0.0979789 0
    outer loop
      vertex -2.57776 8.33937 -10.5
      vertex -2.59443 8.17005 2
      vertex -2.59443 8.17005 -10.5
    endloop
  endfacet
  facet normal 0.999464 -0.0327375 0
    outer loop
      vertex -2.6 8 2
      vertex -2.59443 8.17005 -10.5
      vertex -2.59443 8.17005 2
    endloop
  endfacet
  facet normal 0.999464 -0.0327375 0
    outer loop
      vertex -2.59443 8.17005 -10.5
      vertex -2.6 8 2
      vertex -2.6 8 -10.5
    endloop
  endfacet
  facet normal 0.999464 0.0327375 0
    outer loop
      vertex -2.59443 7.82995 2
      vertex -2.6 8 -10.5
      vertex -2.6 8 2
    endloop
  endfacet
  facet normal 0.999464 0.0327375 0
    outer loop
      vertex -2.6 8 -10.5
      vertex -2.59443 7.82995 2
      vertex -2.59443 7.82995 -10.5
    endloop
  endfacet
  facet normal 0.973885 -0.227044 0
    outer loop
      vertex -2.55004 8.50723 2
      vertex -2.51141 8.67293 -10.5
      vertex -2.51141 8.67293 2
    endloop
  endfacet
  facet normal 0.973885 -0.227044 0
    outer loop
      vertex -2.51141 8.67293 -10.5
      vertex -2.55004 8.50723 2
      vertex -2.55004 8.50723 -10.5
    endloop
  endfacet
  facet normal 0.956937 0.290296 0
    outer loop
      vertex -2.46202 7.16426 2
      vertex -2.51141 7.32707 -10.5
      vertex -2.51141 7.32707 2
    endloop
  endfacet
  facet normal 0.956937 0.290296 0
    outer loop
      vertex -2.51141 7.32707 -10.5
      vertex -2.46202 7.16426 2
      vertex -2.46202 7.16426 -10.5
    endloop
  endfacet
  facet normal -0.910855 0.412727 0
    outer loop
      vertex 2.33187 6.85005 -10.5
      vertex 2.40209 7.00502 2
      vertex 2.40209 7.00502 -10.5
    endloop
  endfacet
  facet normal -0.910855 0.412727 0
    outer loop
      vertex 2.40209 7.00502 2
      vertex 2.33187 6.85005 -10.5
      vertex 2.33187 6.85005 2
    endloop
  endfacet
  facet normal 0.812859 -0.582461 0
    outer loop
      vertex -2.16182 9.44448 2
      vertex -2.06272 9.58278 -10.5
      vertex -2.06272 9.58278 2
    endloop
  endfacet
  facet normal 0.812859 -0.582461 0
    outer loop
      vertex -2.06272 9.58278 -10.5
      vertex -2.16182 9.44448 2
      vertex -2.16182 9.44448 -10.5
    endloop
  endfacet
  facet normal -0.88193 -0.471381 0
    outer loop
      vertex 2.33187 9.14995 -10.5
      vertex 2.25167 9.3 2
      vertex 2.25167 9.3 -10.5
    endloop
  endfacet
  facet normal -0.88193 -0.471381 0
    outer loop
      vertex 2.25167 9.3 2
      vertex 2.33187 9.14995 -10.5
      vertex 2.33187 9.14995 2
    endloop
  endfacet
  facet normal -0.999464 -0.0327375 0
    outer loop
      vertex 2.6 8 -10.5
      vertex 2.59443 8.17005 2
      vertex 2.59443 8.17005 -10.5
    endloop
  endfacet
  facet normal -0.999464 -0.0327375 0
    outer loop
      vertex 2.59443 8.17005 2
      vertex 2.6 8 -10.5
      vertex 2.6 8 2
    endloop
  endfacet
  facet normal -0.812859 0.582461 0
    outer loop
      vertex 2.06272 6.41722 -10.5
      vertex 2.16182 6.55552 2
      vertex 2.16182 6.55552 -10.5
    endloop
  endfacet
  facet normal -0.812859 0.582461 0
    outer loop
      vertex 2.16182 6.55552 2
      vertex 2.06272 6.41722 -10.5
      vertex 2.06272 6.41722 2
    endloop
  endfacet
  facet normal 0.773056 0.634337 0
    outer loop
      vertex -2.04859 6.4 2
      vertex -2.06272 6.41722 -10.5
      vertex -2.06272 6.41722 2
    endloop
  endfacet
  facet normal 0.773056 0.634337 0
    outer loop
      vertex -2.06272 6.41722 -10.5
      vertex -2.04859 6.4 2
      vertex -2.04859 6.4 -10.5
    endloop
  endfacet
  facet normal -0.995188 0.0979789 0
    outer loop
      vertex 2.57776 7.66063 -10.5
      vertex 2.59443 7.82995 2
      vertex 2.59443 7.82995 -10.5
    endloop
  endfacet
  facet normal -0.995188 0.0979789 0
    outer loop
      vertex 2.59443 7.82995 2
      vertex 2.57776 7.66063 -10.5
      vertex 2.57776 7.66063 2
    endloop
  endfacet
  facet normal 0.995188 0.0979789 0
    outer loop
      vertex -2.57776 7.66063 2
      vertex -2.59443 7.82995 -10.5
      vertex -2.59443 7.82995 2
    endloop
  endfacet
  facet normal 0.995188 0.0979789 0
    outer loop
      vertex -2.59443 7.82995 -10.5
      vertex -2.57776 7.66063 2
      vertex -2.57776 7.66063 -10.5
    endloop
  endfacet
  facet normal 0.986637 0.162931 0
    outer loop
      vertex -2.55004 7.49277 2
      vertex -2.57776 7.66063 -10.5
      vertex -2.57776 7.66063 2
    endloop
  endfacet
  facet normal 0.986637 0.162931 0
    outer loop
      vertex -2.57776 7.66063 -10.5
      vertex -2.55004 7.49277 2
      vertex -2.55004 7.49277 -10.5
    endloop
  endfacet
  facet normal 0.88193 -0.471381 0
    outer loop
      vertex -2.33187 9.14995 2
      vertex -2.25167 9.3 -10.5
      vertex -2.25167 9.3 2
    endloop
  endfacet
  facet normal 0.88193 -0.471381 0
    outer loop
      vertex -2.25167 9.3 -10.5
      vertex -2.33187 9.14995 2
      vertex -2.33187 9.14995 -10.5
    endloop
  endfacet
  facet normal 0.986637 -0.162931 0
    outer loop
      vertex -2.57776 8.33937 2
      vertex -2.55004 8.50723 -10.5
      vertex -2.55004 8.50723 2
    endloop
  endfacet
  facet normal 0.986637 -0.162931 0
    outer loop
      vertex -2.55004 8.50723 -10.5
      vertex -2.57776 8.33937 2
      vertex -2.57776 8.33937 -10.5
    endloop
  endfacet
  facet normal -0.956937 -0.290296 0
    outer loop
      vertex 2.51141 8.67293 -10.5
      vertex 2.46202 8.83574 2
      vertex 2.46202 8.83574 -10.5
    endloop
  endfacet
  facet normal -0.956937 -0.290296 0
    outer loop
      vertex 2.46202 8.83574 2
      vertex 2.51141 8.67293 -10.5
      vertex 2.51141 8.67293 2
    endloop
  endfacet
  facet normal 0.956937 -0.290296 0
    outer loop
      vertex -2.51141 8.67293 2
      vertex -2.46202 8.83574 -10.5
      vertex -2.46202 8.83574 2
    endloop
  endfacet
  facet normal 0.956937 -0.290296 0
    outer loop
      vertex -2.46202 8.83574 -10.5
      vertex -2.51141 8.67293 2
      vertex -2.51141 8.67293 -10.5
    endloop
  endfacet
  facet normal -0.910855 -0.412727 0
    outer loop
      vertex 2.40209 8.99498 -10.5
      vertex 2.33187 9.14995 2
      vertex 2.33187 9.14995 -10.5
    endloop
  endfacet
  facet normal -0.910855 -0.412727 0
    outer loop
      vertex 2.33187 9.14995 2
      vertex 2.40209 8.99498 -10.5
      vertex 2.40209 8.99498 2
    endloop
  endfacet
  facet normal -0.956937 0.290296 0
    outer loop
      vertex 2.46202 7.16426 -10.5
      vertex 2.51141 7.32707 2
      vertex 2.51141 7.32707 -10.5
    endloop
  endfacet
  facet normal -0.956937 0.290296 0
    outer loop
      vertex 2.51141 7.32707 2
      vertex 2.46202 7.16426 -10.5
      vertex 2.46202 7.16426 2
    endloop
  endfacet
  facet normal 0.849185 -0.528096 0
    outer loop
      vertex -2.25167 9.3 2
      vertex -2.16182 9.44448 -10.5
      vertex -2.16182 9.44448 2
    endloop
  endfacet
  facet normal 0.849185 -0.528096 0
    outer loop
      vertex -2.16182 9.44448 -10.5
      vertex -2.25167 9.3 2
      vertex -2.25167 9.3 -10.5
    endloop
  endfacet
  facet normal -0.849185 0.528096 0
    outer loop
      vertex 2.16182 6.55552 -10.5
      vertex 2.25167 6.7 2
      vertex 2.25167 6.7 -10.5
    endloop
  endfacet
  facet normal -0.849185 0.528096 0
    outer loop
      vertex 2.25167 6.7 2
      vertex 2.16182 6.55552 -10.5
      vertex 2.16182 6.55552 2
    endloop
  endfacet
  facet normal -0.849185 -0.528096 0
    outer loop
      vertex 2.25167 9.3 -10.5
      vertex 2.16182 9.44448 2
      vertex 2.16182 9.44448 -10.5
    endloop
  endfacet
  facet normal -0.849185 -0.528096 0
    outer loop
      vertex 2.16182 9.44448 2
      vertex 2.25167 9.3 -10.5
      vertex 2.25167 9.3 2
    endloop
  endfacet
  facet normal 0.812859 0.582461 0
    outer loop
      vertex -2.06272 6.41722 2
      vertex -2.16182 6.55552 -10.5
      vertex -2.16182 6.55552 2
    endloop
  endfacet
  facet normal 0.812859 0.582461 0
    outer loop
      vertex -2.16182 6.55552 -10.5
      vertex -2.06272 6.41722 2
      vertex -2.06272 6.41722 -10.5
    endloop
  endfacet
  facet normal 0.773056 -0.634337 0
    outer loop
      vertex -2.06272 9.58278 2
      vertex -2.04859 9.6 -10.5
      vertex -2.04859 9.6 2
    endloop
  endfacet
  facet normal 0.773056 -0.634337 0
    outer loop
      vertex -2.04859 9.6 -10.5
      vertex -2.06272 9.58278 2
      vertex -2.06272 9.58278 -10.5
    endloop
  endfacet
  facet normal -0.986637 -0.162931 0
    outer loop
      vertex 2.57776 8.33937 -10.5
      vertex 2.55004 8.50723 2
      vertex 2.55004 8.50723 -10.5
    endloop
  endfacet
  facet normal -0.986637 -0.162931 0
    outer loop
      vertex 2.55004 8.50723 2
      vertex 2.57776 8.33937 -10.5
      vertex 2.57776 8.33937 2
    endloop
  endfacet
  facet normal 0.910855 -0.412727 0
    outer loop
      vertex -2.40209 8.99498 2
      vertex -2.33187 9.14995 -10.5
      vertex -2.33187 9.14995 2
    endloop
  endfacet
  facet normal 0.910855 -0.412727 0
    outer loop
      vertex -2.33187 9.14995 -10.5
      vertex -2.40209 8.99498 2
      vertex -2.40209 8.99498 -10.5
    endloop
  endfacet
  facet normal 0.88193 0.471381 0
    outer loop
      vertex -2.25167 6.7 2
      vertex -2.33187 6.85005 -10.5
      vertex -2.33187 6.85005 2
    endloop
  endfacet
  facet normal 0.88193 0.471381 0
    outer loop
      vertex -2.33187 6.85005 -10.5
      vertex -2.25167 6.7 2
      vertex -2.25167 6.7 -10.5
    endloop
  endfacet
  facet normal 0.935913 -0.352231 0
    outer loop
      vertex -2.46202 8.83574 2
      vertex -2.40209 8.99498 -10.5
      vertex -2.40209 8.99498 2
    endloop
  endfacet
  facet normal 0.935913 -0.352231 0
    outer loop
      vertex -2.40209 8.99498 -10.5
      vertex -2.46202 8.83574 2
      vertex -2.46202 8.83574 -10.5
    endloop
  endfacet
  facet normal -0.986637 0.162931 0
    outer loop
      vertex 2.55004 7.49277 -10.5
      vertex 2.57776 7.66063 2
      vertex 2.57776 7.66063 -10.5
    endloop
  endfacet
  facet normal -0.986637 0.162931 0
    outer loop
      vertex 2.57776 7.66063 2
      vertex 2.55004 7.49277 -10.5
      vertex 2.55004 7.49277 2
    endloop
  endfacet
  facet normal 0.973885 0.227044 0
    outer loop
      vertex -2.51141 7.32707 2
      vertex -2.55004 7.49277 -10.5
      vertex -2.55004 7.49277 2
    endloop
  endfacet
  facet normal 0.973885 0.227044 0
    outer loop
      vertex -2.55004 7.49277 -10.5
      vertex -2.51141 7.32707 2
      vertex -2.51141 7.32707 -10.5
    endloop
  endfacet
  facet normal -0.773056 -0.634337 0
    outer loop
      vertex 2.06272 9.58278 -10.5
      vertex 2.04859 9.6 2
      vertex 2.04859 9.6 -10.5
    endloop
  endfacet
  facet normal -0.773056 -0.634337 0
    outer loop
      vertex 2.04859 9.6 2
      vertex 2.06272 9.58278 -10.5
      vertex 2.06272 9.58278 2
    endloop
  endfacet
  facet normal 0.910855 0.412727 0
    outer loop
      vertex -2.33187 6.85005 2
      vertex -2.40209 7.00502 -10.5
      vertex -2.40209 7.00502 2
    endloop
  endfacet
  facet normal 0.910855 0.412727 0
    outer loop
      vertex -2.40209 7.00502 -10.5
      vertex -2.33187 6.85005 2
      vertex -2.33187 6.85005 -10.5
    endloop
  endfacet
  facet normal -0.935913 0.352231 0
    outer loop
      vertex 2.40209 7.00502 -10.5
      vertex 2.46202 7.16426 2
      vertex 2.46202 7.16426 -10.5
    endloop
  endfacet
  facet normal -0.935913 0.352231 0
    outer loop
      vertex 2.46202 7.16426 2
      vertex 2.40209 7.00502 -10.5
      vertex 2.40209 7.00502 2
    endloop
  endfacet
  facet normal -0.999464 0.0327375 0
    outer loop
      vertex 2.59443 7.82995 -10.5
      vertex 2.6 8 2
      vertex 2.6 8 -10.5
    endloop
  endfacet
  facet normal -0.999464 0.0327375 0
    outer loop
      vertex 2.6 8 2
      vertex 2.59443 7.82995 -10.5
      vertex 2.59443 7.82995 2
    endloop
  endfacet
  facet normal 0.935913 0.352231 0
    outer loop
      vertex -2.40209 7.00502 2
      vertex -2.46202 7.16426 -10.5
      vertex -2.46202 7.16426 2
    endloop
  endfacet
  facet normal 0.935913 0.352231 0
    outer loop
      vertex -2.46202 7.16426 -10.5
      vertex -2.40209 7.00502 2
      vertex -2.40209 7.00502 -10.5
    endloop
  endfacet
  facet normal -0.973885 0.227044 0
    outer loop
      vertex 2.51141 7.32707 -10.5
      vertex 2.55004 7.49277 2
      vertex 2.55004 7.49277 -10.5
    endloop
  endfacet
  facet normal -0.973885 0.227044 0
    outer loop
      vertex 2.55004 7.49277 2
      vertex 2.51141 7.32707 -10.5
      vertex 2.51141 7.32707 2
    endloop
  endfacet
  facet normal -0.935913 -0.352231 0
    outer loop
      vertex 2.46202 8.83574 -10.5
      vertex 2.40209 8.99498 2
      vertex 2.40209 8.99498 -10.5
    endloop
  endfacet
  facet normal -0.935913 -0.352231 0
    outer loop
      vertex 2.40209 8.99498 2
      vertex 2.46202 8.83574 -10.5
      vertex 2.46202 8.83574 2
    endloop
  endfacet
  facet normal -0.995188 -0.0979789 0
    outer loop
      vertex 2.59443 8.17005 -10.5
      vertex 2.57776 8.33937 2
      vertex 2.57776 8.33937 -10.5
    endloop
  endfacet
  facet normal -0.995188 -0.0979789 0
    outer loop
      vertex 2.57776 8.33937 2
      vertex 2.59443 8.17005 -10.5
      vertex 2.59443 8.17005 2
    endloop
  endfacet
  facet normal 0.849185 0.528096 0
    outer loop
      vertex -2.16182 6.55552 2
      vertex -2.25167 6.7 -10.5
      vertex -2.25167 6.7 2
    endloop
  endfacet
  facet normal 0.849185 0.528096 0
    outer loop
      vertex -2.25167 6.7 -10.5
      vertex -2.16182 6.55552 2
      vertex -2.16182 6.55552 -10.5
    endloop
  endfacet
  facet normal -0.812859 -0.582461 0
    outer loop
      vertex 2.16182 9.44448 -10.5
      vertex 2.06272 9.58278 2
      vertex 2.06272 9.58278 -10.5
    endloop
  endfacet
  facet normal -0.812859 -0.582461 0
    outer loop
      vertex 2.06272 9.58278 2
      vertex 2.16182 9.44448 -10.5
      vertex 2.16182 9.44448 2
    endloop
  endfacet
  facet normal -0.88193 0.471381 0
    outer loop
      vertex 2.25167 6.7 -10.5
      vertex 2.33187 6.85005 2
      vertex 2.33187 6.85005 -10.5
    endloop
  endfacet
  facet normal -0.88193 0.471381 0
    outer loop
      vertex 2.33187 6.85005 2
      vertex 2.25167 6.7 -10.5
      vertex 2.25167 6.7 2
    endloop
  endfacet
  facet normal 0 -1 0
    outer loop
      vertex -2.04859 9.6 -10.5
      vertex 2.04859 9.6 2
      vertex -2.04859 9.6 2
    endloop
  endfacet
  facet normal 0 -1 -0
    outer loop
      vertex 2.04859 9.6 2
      vertex -2.04859 9.6 -10.5
      vertex 2.04859 9.6 -10.5
    endloop
  endfacet
  facet normal 0 1 -0
    outer loop
      vertex 2.04859 6.4 -10.5
      vertex -2.04859 6.4 2
      vertex 2.04859 6.4 2
    endloop
  endfacet
  facet normal 0 1 0
    outer loop
      vertex -2.04859 6.4 2
      vertex 2.04859 6.4 -10.5
      vertex -2.04859 6.4 -10.5
    endloop
  endfacet
  facet normal -0 0 1
    outer loop
      vertex 2.57776 8.33937 2
      vertex 4.5 8 2
      vertex 4.40166 8.9356 2
    endloop
  endfacet
  facet normal 0 0 1
    outer loop
      vertex 2.46202 8.83574 2
      vertex 4.40166 8.9356 2
      vertex 4.11095 9.83031 2
    endloop
  endfacet
  facet normal 0 0 1
    outer loop
      vertex 4.5 8 2
      vertex 2.57776 8.33937 2
      vertex 2.59443 8.17005 2
    endloop
  endfacet
  facet normal 0 0 1
    outer loop
      vertex 2.25167 9.3 2
      vertex 4.11095 9.83031 2
      vertex 3.64058 10.645 2
    endloop
  endfacet
  facet normal 0 0 1
    outer loop
      vertex 4.5 8 2
      vertex 2.59443 8.17005 2
      vertex 2.6 8 2
    endloop
  endfacet
  facet normal 0 0 1
    outer loop
      vertex 2.04859 9.6 2
      vertex 3.64058 10.645 2
      vertex 3.01109 11.3442 2
    endloop
  endfacet
  facet normal 0 0 1
    outer loop
      vertex 2.57776 7.66063 2
      vertex 4.5 8 2
      vertex 2.59443 7.82995 2
    endloop
  endfacet
  facet normal -0 0 1
    outer loop
      vertex 2.55004 7.49277 2
      vertex 4.40166 7.0644 2
      vertex 2.57776 7.66063 2
    endloop
  endfacet
  facet normal 0 0 1
    outer loop
      vertex 4.5 8 2
      vertex 2.57776 7.66063 2
      vertex 4.40166 7.0644 2
    endloop
  endfacet
  facet normal 0 0 1
    outer loop
      vertex 2.59443 7.82995 2
      vertex 4.5 8 2
      vertex 2.6 8 2
    endloop
  endfacet
  facet normal 0 0 1
    outer loop
      vertex 4.40166 8.9356 2
      vertex 2.55004 8.50723 2
      vertex 2.57776 8.33937 2
    endloop
  endfacet
  facet normal 0 0 1
    outer loop
      vertex 4.40166 8.9356 2
      vertex 2.51141 8.67293 2
      vertex 2.55004 8.50723 2
    endloop
  endfacet
  facet normal 0 0 1
    outer loop
      vertex 4.40166 8.9356 2
      vertex 2.46202 8.83574 2
      vertex 2.51141 8.67293 2
    endloop
  endfacet
  facet normal 0 0 1
    outer loop
      vertex 4.11095 9.83031 2
      vertex 2.40209 8.99498 2
      vertex 2.46202 8.83574 2
    endloop
  endfacet
  facet normal 0 0 1
    outer loop
      vertex 4.11095 9.83031 2
      vertex 2.33187 9.14995 2
      vertex 2.40209 8.99498 2
    endloop
  endfacet
  facet normal 0 0 1
    outer loop
      vertex 4.11095 9.83031 2
      vertex 2.25167 9.3 2
      vertex 2.33187 9.14995 2
    endloop
  endfacet
  facet normal 0 0 1
    outer loop
      vertex 2.04859 9.6 2
      vertex 3.01109 11.3442 2
      vertex 2.25 11.8971 2
    endloop
  endfacet
  facet normal 0 0 1
    outer loop
      vertex 3.64058 10.645 2
      vertex 2.16182 9.44448 2
      vertex 2.25167 9.3 2
    endloop
  endfacet
  facet normal 0 0 1
    outer loop
      vertex 3.64058 10.645 2
      vertex 2.06272 9.58278 2
      vertex 2.16182 9.44448 2
    endloop
  endfacet
  facet normal 0 0 1
    outer loop
      vertex 3.64058 10.645 2
      vertex 2.04859 9.6 2
      vertex 2.06272 9.58278 2
    endloop
  endfacet
  facet normal 0 0 1
    outer loop
      vertex 1.39058 12.2798 2
      vertex 2.04859 9.6 2
      vertex 2.25 11.8971 2
    endloop
  endfacet
  facet normal 0 0 1
    outer loop
      vertex 0.470378 12.4753 2
      vertex 2.04859 9.6 2
      vertex 1.39058 12.2798 2
    endloop
  endfacet
  facet normal -0 0 1
    outer loop
      vertex -0.470378 12.4753 2
      vertex 2.04859 9.6 2
      vertex 0.470378 12.4753 2
    endloop
  endfacet
  facet normal 0 0 1
    outer loop
      vertex -2.04859 9.6 2
      vertex -0.470378 12.4753 2
      vertex -1.39058 12.2798 2
    endloop
  endfacet
  facet normal 0 0 1
    outer loop
      vertex -0.470378 12.4753 2
      vertex -2.04859 9.6 2
      vertex 2.04859 9.6 2
    endloop
  endfacet
  facet normal -0 0 1
    outer loop
      vertex -2.25 11.8971 2
      vertex -2.04859 9.6 2
      vertex -1.39058 12.2798 2
    endloop
  endfacet
  facet normal -0 0 1
    outer loop
      vertex -3.01109 11.3442 2
      vertex -2.04859 9.6 2
      vertex -2.25 11.8971 2
    endloop
  endfacet
  facet normal -0 0 1
    outer loop
      vertex -3.64058 10.645 2
      vertex -2.04859 9.6 2
      vertex -3.01109 11.3442 2
    endloop
  endfacet
  facet normal 0 0 1
    outer loop
      vertex -2.04859 9.6 2
      vertex -3.64058 10.645 2
      vertex -2.06272 9.58278 2
    endloop
  endfacet
  facet normal 0 0 1
    outer loop
      vertex -2.06272 9.58278 2
      vertex -3.64058 10.645 2
      vertex -2.16182 9.44448 2
    endloop
  endfacet
  facet normal 0 0 1
    outer loop
      vertex -2.16182 9.44448 2
      vertex -3.64058 10.645 2
      vertex -2.25167 9.3 2
    endloop
  endfacet
  facet normal -0 0 1
    outer loop
      vertex -4.11095 9.83031 2
      vertex -2.25167 9.3 2
      vertex -3.64058 10.645 2
    endloop
  endfacet
  facet normal 0 0 1
    outer loop
      vertex -2.25167 9.3 2
      vertex -4.11095 9.83031 2
      vertex -2.33187 9.14995 2
    endloop
  endfacet
  facet normal 0 0 1
    outer loop
      vertex -2.33187 9.14995 2
      vertex -4.11095 9.83031 2
      vertex -2.40209 8.99498 2
    endloop
  endfacet
  facet normal 0 0 1
    outer loop
      vertex -2.40209 8.99498 2
      vertex -4.11095 9.83031 2
      vertex -2.46202 8.83574 2
    endloop
  endfacet
  facet normal -0 0 1
    outer loop
      vertex -4.40166 8.9356 2
      vertex -2.46202 8.83574 2
      vertex -4.11095 9.83031 2
    endloop
  endfacet
  facet normal 0 0 1
    outer loop
      vertex -2.51141 8.67293 2
      vertex -4.40166 8.9356 2
      vertex -2.55004 8.50723 2
    endloop
  endfacet
  facet normal 0 0 1
    outer loop
      vertex -2.46202 8.83574 2
      vertex -4.40166 8.9356 2
      vertex -2.51141 8.67293 2
    endloop
  endfacet
  facet normal -0 0 1
    outer loop
      vertex 2.51141 7.32707 2
      vertex 4.40166 7.0644 2
      vertex 2.55004 7.49277 2
    endloop
  endfacet
  facet normal -0 0 1
    outer loop
      vertex 2.46202 7.16426 2
      vertex 4.40166 7.0644 2
      vertex 2.51141 7.32707 2
    endloop
  endfacet
  facet normal 0 0 1
    outer loop
      vertex 4.40166 7.0644 2
      vertex 2.46202 7.16426 2
      vertex 4.11095 6.16969 2
    endloop
  endfacet
  facet normal -0 0 1
    outer loop
      vertex 2.40209 7.00502 2
      vertex 4.11095 6.16969 2
      vertex 2.46202 7.16426 2
    endloop
  endfacet
  facet normal -0 0 1
    outer loop
      vertex 2.33187 6.85005 2
      vertex 4.11095 6.16969 2
      vertex 2.40209 7.00502 2
    endloop
  endfacet
  facet normal -0 0 1
    outer loop
      vertex 2.25167 6.7 2
      vertex 4.11095 6.16969 2
      vertex 2.33187 6.85005 2
    endloop
  endfacet
  facet normal 0 0 1
    outer loop
      vertex 4.11095 6.16969 2
      vertex 2.25167 6.7 2
      vertex 3.64058 5.35497 2
    endloop
  endfacet
  facet normal -0 0 1
    outer loop
      vertex 2.16182 6.55552 2
      vertex 3.64058 5.35497 2
      vertex 2.25167 6.7 2
    endloop
  endfacet
  facet normal -0 0 1
    outer loop
      vertex 2.06272 6.41722 2
      vertex 3.64058 5.35497 2
      vertex 2.16182 6.55552 2
    endloop
  endfacet
  facet normal -0 0 1
    outer loop
      vertex 2.04859 6.4 2
      vertex 3.64058 5.35497 2
      vertex 2.06272 6.41722 2
    endloop
  endfacet
  facet normal 0 0 1
    outer loop
      vertex 3.64058 5.35497 2
      vertex 2.04859 6.4 2
      vertex 3.01109 4.65585 2
    endloop
  endfacet
  facet normal 0 0 1
    outer loop
      vertex 3.01109 4.65585 2
      vertex 2.04859 6.4 2
      vertex 2.25 4.10289 2
    endloop
  endfacet
  facet normal 0 0 1
    outer loop
      vertex 2.04859 6.4 2
      vertex 1.39058 3.72025 2
      vertex 2.25 4.10289 2
    endloop
  endfacet
  facet normal 0 0 1
    outer loop
      vertex 2.04859 6.4 2
      vertex 0.470378 3.52465 2
      vertex 1.39058 3.72025 2
    endloop
  endfacet
  facet normal 0 0 1
    outer loop
      vertex 2.04859 6.4 2
      vertex -0.470378 3.52465 2
      vertex 0.470378 3.52465 2
    endloop
  endfacet
  facet normal -0 0 1
    outer loop
      vertex -2.04859 6.4 2
      vertex -0.470378 3.52465 2
      vertex 2.04859 6.4 2
    endloop
  endfacet
  facet normal 0 0 1
    outer loop
      vertex -0.470378 3.52465 2
      vertex -2.04859 6.4 2
      vertex -1.39058 3.72025 2
    endloop
  endfacet
  facet normal 0 0 1
    outer loop
      vertex -3.64058 5.35497 2
      vertex -2.04859 6.4 2
      vertex -2.06272 6.41722 2
    endloop
  endfacet
  facet normal 0 0 1
    outer loop
      vertex -3.64058 5.35497 2
      vertex -2.06272 6.41722 2
      vertex -2.16182 6.55552 2
    endloop
  endfacet
  facet normal 0 0 1
    outer loop
      vertex -2.04859 6.4 2
      vertex -2.25 4.10289 2
      vertex -1.39058 3.72025 2
    endloop
  endfacet
  facet normal 0 0 1
    outer loop
      vertex -3.64058 5.35497 2
      vertex -2.16182 6.55552 2
      vertex -2.25167 6.7 2
    endloop
  endfacet
  facet normal 0 0 1
    outer loop
      vertex -4.11095 6.16969 2
      vertex -2.25167 6.7 2
      vertex -2.33187 6.85005 2
    endloop
  endfacet
  facet normal 0 0 1
    outer loop
      vertex -4.11095 6.16969 2
      vertex -2.33187 6.85005 2
      vertex -2.40209 7.00502 2
    endloop
  endfacet
  facet normal 0 0 1
    outer loop
      vertex -4.11095 6.16969 2
      vertex -2.40209 7.00502 2
      vertex -2.46202 7.16426 2
    endloop
  endfacet
  facet normal 0 0 1
    outer loop
      vertex -4.40166 7.0644 2
      vertex -2.46202 7.16426 2
      vertex -2.51141 7.32707 2
    endloop
  endfacet
  facet normal 0 0 1
    outer loop
      vertex -4.40166 7.0644 2
      vertex -2.51141 7.32707 2
      vertex -2.55004 7.49277 2
    endloop
  endfacet
  facet normal 0 0 1
    outer loop
      vertex -4.40166 7.0644 2
      vertex -2.55004 7.49277 2
      vertex -2.57776 7.66063 2
    endloop
  endfacet
  facet normal 0 0 1
    outer loop
      vertex -4.5 8 2
      vertex -2.57776 7.66063 2
      vertex -2.59443 7.82995 2
    endloop
  endfacet
  facet normal 0 0 1
    outer loop
      vertex -2.55004 8.50723 2
      vertex -4.40166 8.9356 2
      vertex -2.57776 8.33937 2
    endloop
  endfacet
  facet normal 0 0 1
    outer loop
      vertex -4.5 8 2
      vertex -2.57776 8.33937 2
      vertex -4.40166 8.9356 2
    endloop
  endfacet
  facet normal 0 0 1
    outer loop
      vertex -2.04859 6.4 2
      vertex -3.01109 4.65585 2
      vertex -2.25 4.10289 2
    endloop
  endfacet
  facet normal 0 0 1
    outer loop
      vertex -2.57776 8.33937 2
      vertex -4.5 8 2
      vertex -2.59443 8.17005 2
    endloop
  endfacet
  facet normal 0 0 1
    outer loop
      vertex -2.04859 6.4 2
      vertex -3.64058 5.35497 2
      vertex -3.01109 4.65585 2
    endloop
  endfacet
  facet normal 0 0 1
    outer loop
      vertex -2.59443 8.17005 2
      vertex -4.5 8 2
      vertex -2.6 8 2
    endloop
  endfacet
  facet normal 0 0 1
    outer loop
      vertex -2.25167 6.7 2
      vertex -4.11095 6.16969 2
      vertex -3.64058 5.35497 2
    endloop
  endfacet
  facet normal 0 0 1
    outer loop
      vertex -2.6 8 2
      vertex -4.5 8 2
      vertex -2.59443 7.82995 2
    endloop
  endfacet
  facet normal 0 0 1
    outer loop
      vertex -2.46202 7.16426 2
      vertex -4.40166 7.0644 2
      vertex -4.11095 6.16969 2
    endloop
  endfacet
  facet normal 0 0 1
    outer loop
      vertex -2.57776 7.66063 2
      vertex -4.5 8 2
      vertex -4.40166 7.0644 2
    endloop
  endfacet
  facet normal -0.951056 0.309018 0
    outer loop
      vertex -4.40166 8.9356 -2.5
      vertex -4.11095 9.83031 2
      vertex -4.11095 9.83031 -2.5
    endloop
  endfacet
  facet normal -0.951056 0.309018 0
    outer loop
      vertex -4.11095 9.83031 2
      vertex -4.40166 8.9356 -2.5
      vertex -4.40166 8.9356 2
    endloop
  endfacet
  facet normal -0.994521 0.104533 0
    outer loop
      vertex -4.5 8 -2.5
      vertex -4.40166 8.9356 2
      vertex -4.40166 8.9356 -2.5
    endloop
  endfacet
  facet normal -0.994521 0.104533 0
    outer loop
      vertex -4.40166 8.9356 2
      vertex -4.5 8 -2.5
      vertex -4.5 8 2
    endloop
  endfacet
  facet normal -0.994521 -0.104533 0
    outer loop
      vertex -4.40166 7.0644 -2.5
      vertex -4.5 8 2
      vertex -4.5 8 -2.5
    endloop
  endfacet
  facet normal -0.994521 -0.104533 0
    outer loop
      vertex -4.5 8 2
      vertex -4.40166 7.0644 -2.5
      vertex -4.40166 7.0644 2
    endloop
  endfacet
  facet normal -0.406791 0.913521 0
    outer loop
      vertex -1.39058 12.2798 -2.5
      vertex -2.25 11.8971 2
      vertex -1.39058 12.2798 2
    endloop
  endfacet
  facet normal -0.406791 0.913521 0
    outer loop
      vertex -2.25 11.8971 2
      vertex -1.39058 12.2798 -2.5
      vertex -2.25 11.8971 -2.5
    endloop
  endfacet
  facet normal -0.406738 -0.913545 0
    outer loop
      vertex -2.25 4.10289 -2.5
      vertex -1.39058 3.72025 2
      vertex -2.25 4.10289 2
    endloop
  endfacet
  facet normal -0.406738 -0.913545 -0
    outer loop
      vertex -1.39058 3.72025 2
      vertex -2.25 4.10289 -2.5
      vertex -1.39058 3.72025 -2.5
    endloop
  endfacet
  facet normal 0 -1 0
    outer loop
      vertex -0.470378 3.52465 -2.5
      vertex 0.470378 3.52465 2
      vertex -0.470378 3.52465 2
    endloop
  endfacet
  facet normal 0 -1 -0
    outer loop
      vertex 0.470378 3.52465 2
      vertex -0.470378 3.52465 -2.5
      vertex 0.470378 3.52465 -2.5
    endloop
  endfacet
  facet normal 0.587741 0.809049 -0
    outer loop
      vertex 3.01109 11.3442 -2.5
      vertex 2.25 11.8971 2
      vertex 3.01109 11.3442 2
    endloop
  endfacet
  facet normal 0.587741 0.809049 0
    outer loop
      vertex 2.25 11.8971 2
      vertex 3.01109 11.3442 -2.5
      vertex 2.25 11.8971 -2.5
    endloop
  endfacet
  facet normal 0.207815 0.978168 -0
    outer loop
      vertex 1.39058 12.2798 -2.5
      vertex 0.470378 12.4753 2
      vertex 1.39058 12.2798 2
    endloop
  endfacet
  facet normal 0.207815 0.978168 0
    outer loop
      vertex 0.470378 12.4753 2
      vertex 1.39058 12.2798 -2.5
      vertex 0.470378 12.4753 -2.5
    endloop
  endfacet
  facet normal 0.743183 0.669088 0
    outer loop
      vertex 3.64058 10.645 2
      vertex 3.01109 11.3442 -2.5
      vertex 3.01109 11.3442 2
    endloop
  endfacet
  facet normal 0.743183 0.669088 0
    outer loop
      vertex 3.01109 11.3442 -2.5
      vertex 3.64058 10.645 2
      vertex 3.64058 10.645 -2.5
    endloop
  endfacet
  facet normal 0.406738 -0.913545 0
    outer loop
      vertex 1.39058 3.72025 -2.5
      vertex 2.25 4.10289 2
      vertex 1.39058 3.72025 2
    endloop
  endfacet
  facet normal 0.406738 -0.913545 0
    outer loop
      vertex 2.25 4.10289 2
      vertex 1.39058 3.72025 -2.5
      vertex 2.25 4.10289 -2.5
    endloop
  endfacet
  facet normal 0.207917 -0.978147 0
    outer loop
      vertex 0.470378 3.52465 -2.5
      vertex 1.39058 3.72025 2
      vertex 0.470378 3.52465 2
    endloop
  endfacet
  facet normal 0.207917 -0.978147 0
    outer loop
      vertex 1.39058 3.72025 2
      vertex 0.470378 3.52465 -2.5
      vertex 1.39058 3.72025 -2.5
    endloop
  endfacet
  facet normal 0.951056 0.309018 0
    outer loop
      vertex 4.40166 8.9356 2
      vertex 4.11095 9.83031 -2.5
      vertex 4.11095 9.83031 2
    endloop
  endfacet
  facet normal 0.951056 0.309018 0
    outer loop
      vertex 4.11095 9.83031 -2.5
      vertex 4.40166 8.9356 2
      vertex 4.40166 8.9356 -2.5
    endloop
  endfacet
  facet normal -0.743145 -0.66913 0
    outer loop
      vertex -3.01109 4.65585 -2.5
      vertex -3.64058 5.35497 2
      vertex -3.64058 5.35497 -2.5
    endloop
  endfacet
  facet normal -0.743145 -0.66913 0
    outer loop
      vertex -3.64058 5.35497 2
      vertex -3.01109 4.65585 -2.5
      vertex -3.01109 4.65585 2
    endloop
  endfacet
  facet normal -0.866029 -0.499993 0
    outer loop
      vertex -3.64058 5.35497 -2.5
      vertex -4.11095 6.16969 2
      vertex -4.11095 6.16969 -2.5
    endloop
  endfacet
  facet normal -0.866029 -0.499993 0
    outer loop
      vertex -4.11095 6.16969 2
      vertex -3.64058 5.35497 -2.5
      vertex -3.64058 5.35497 2
    endloop
  endfacet
  facet normal -0.587782 -0.809019 0
    outer loop
      vertex -3.01109 4.65585 -2.5
      vertex -2.25 4.10289 2
      vertex -3.01109 4.65585 2
    endloop
  endfacet
  facet normal -0.587782 -0.809019 -0
    outer loop
      vertex -2.25 4.10289 2
      vertex -3.01109 4.65585 -2.5
      vertex -2.25 4.10289 -2.5
    endloop
  endfacet
  facet normal 0 1 -0
    outer loop
      vertex 0.470378 12.4753 -2.5
      vertex -0.470378 12.4753 2
      vertex 0.470378 12.4753 2
    endloop
  endfacet
  facet normal 0 1 0
    outer loop
      vertex -0.470378 12.4753 2
      vertex 0.470378 12.4753 -2.5
      vertex -0.470378 12.4753 -2.5
    endloop
  endfacet
  facet normal -0.951056 -0.309018 0
    outer loop
      vertex -4.11095 6.16969 -2.5
      vertex -4.40166 7.0644 2
      vertex -4.40166 7.0644 -2.5
    endloop
  endfacet
  facet normal -0.951056 -0.309018 0
    outer loop
      vertex -4.40166 7.0644 2
      vertex -4.11095 6.16969 -2.5
      vertex -4.11095 6.16969 2
    endloop
  endfacet
  facet normal -0.587741 0.809049 0
    outer loop
      vertex -2.25 11.8971 -2.5
      vertex -3.01109 11.3442 2
      vertex -2.25 11.8971 2
    endloop
  endfacet
  facet normal -0.587741 0.809049 0
    outer loop
      vertex -3.01109 11.3442 2
      vertex -2.25 11.8971 -2.5
      vertex -3.01109 11.3442 -2.5
    endloop
  endfacet
  facet normal 0.406791 0.913521 -0
    outer loop
      vertex 2.25 11.8971 -2.5
      vertex 1.39058 12.2798 2
      vertex 2.25 11.8971 2
    endloop
  endfacet
  facet normal 0.406791 0.913521 0
    outer loop
      vertex 1.39058 12.2798 2
      vertex 2.25 11.8971 -2.5
      vertex 1.39058 12.2798 -2.5
    endloop
  endfacet
  facet normal -0.743183 0.669088 0
    outer loop
      vertex -3.64058 10.645 -2.5
      vertex -3.01109 11.3442 2
      vertex -3.01109 11.3442 -2.5
    endloop
  endfacet
  facet normal -0.743183 0.669088 0
    outer loop
      vertex -3.01109 11.3442 2
      vertex -3.64058 10.645 -2.5
      vertex -3.64058 10.645 2
    endloop
  endfacet
  facet normal -0.866021 0.500007 0
    outer loop
      vertex -4.11095 9.83031 -2.5
      vertex -3.64058 10.645 2
      vertex -3.64058 10.645 -2.5
    endloop
  endfacet
  facet normal -0.866021 0.500007 0
    outer loop
      vertex -3.64058 10.645 2
      vertex -4.11095 9.83031 -2.5
      vertex -4.11095 9.83031 2
    endloop
  endfacet
  facet normal 0.951056 -0.309018 0
    outer loop
      vertex 4.11095 6.16969 2
      vertex 4.40166 7.0644 -2.5
      vertex 4.40166 7.0644 2
    endloop
  endfacet
  facet normal 0.951056 -0.309018 0
    outer loop
      vertex 4.40166 7.0644 -2.5
      vertex 4.11095 6.16969 2
      vertex 4.11095 6.16969 -2.5
    endloop
  endfacet
  facet normal -0.207917 -0.978147 0
    outer loop
      vertex -1.39058 3.72025 -2.5
      vertex -0.470378 3.52465 2
      vertex -1.39058 3.72025 2
    endloop
  endfacet
  facet normal -0.207917 -0.978147 -0
    outer loop
      vertex -0.470378 3.52465 2
      vertex -1.39058 3.72025 -2.5
      vertex -0.470378 3.52465 -2.5
    endloop
  endfacet
  facet normal 0.866029 -0.499993 0
    outer loop
      vertex 3.64058 5.35497 2
      vertex 4.11095 6.16969 -2.5
      vertex 4.11095 6.16969 2
    endloop
  endfacet
  facet normal 0.866029 -0.499993 0
    outer loop
      vertex 4.11095 6.16969 -2.5
      vertex 3.64058 5.35497 2
      vertex 3.64058 5.35497 -2.5
    endloop
  endfacet
  facet normal 0.994521 -0.104533 0
    outer loop
      vertex 4.40166 7.0644 2
      vertex 4.5 8 -2.5
      vertex 4.5 8 2
    endloop
  endfacet
  facet normal 0.994521 -0.104533 0
    outer loop
      vertex 4.5 8 -2.5
      vertex 4.40166 7.0644 2
      vertex 4.40166 7.0644 -2.5
    endloop
  endfacet
  facet normal 0.743145 -0.66913 0
    outer loop
      vertex 3.01109 4.65585 2
      vertex 3.64058 5.35497 -2.5
      vertex 3.64058 5.35497 2
    endloop
  endfacet
  facet normal 0.743145 -0.66913 0
    outer loop
      vertex 3.64058 5.35497 -2.5
      vertex 3.01109 4.65585 2
      vertex 3.01109 4.65585 -2.5
    endloop
  endfacet
  facet normal 0.994521 0.104533 0
    outer loop
      vertex 4.5 8 2
      vertex 4.40166 8.9356 -2.5
      vertex 4.40166 8.9356 2
    endloop
  endfacet
  facet normal 0.994521 0.104533 0
    outer loop
      vertex 4.40166 8.9356 -2.5
      vertex 4.5 8 2
      vertex 4.5 8 -2.5
    endloop
  endfacet
  facet normal -0.207815 0.978168 0
    outer loop
      vertex -0.470378 12.4753 -2.5
      vertex -1.39058 12.2798 2
      vertex -0.470378 12.4753 2
    endloop
  endfacet
  facet normal -0.207815 0.978168 0
    outer loop
      vertex -1.39058 12.2798 2
      vertex -0.470378 12.4753 -2.5
      vertex -1.39058 12.2798 -2.5
    endloop
  endfacet
  facet normal 0.587782 -0.809019 0
    outer loop
      vertex 2.25 4.10289 -2.5
      vertex 3.01109 4.65585 2
      vertex 2.25 4.10289 2
    endloop
  endfacet
  facet normal 0.587782 -0.809019 0
    outer loop
      vertex 3.01109 4.65585 2
      vertex 2.25 4.10289 -2.5
      vertex 3.01109 4.65585 -2.5
    endloop
  endfacet
  facet normal 0.866021 0.500007 0
    outer loop
      vertex 4.11095 9.83031 2
      vertex 3.64058 10.645 -2.5
      vertex 3.64058 10.645 2
    endloop
  endfacet
  facet normal 0.866021 0.500007 0
    outer loop
      vertex 3.64058 10.645 -2.5
      vertex 4.11095 9.83031 2
      vertex 4.11095 9.83031 -2.5
    endloop
  endfacet
endsolid OpenSCAD_Model
