solid OpenSCAD_Model
  facet normal -0.866024 0 -0.500003
    outer loop
      vertex -5.61803 -36.5 -14.1756
      vertex -5.82709 1 -13.8135
      vertex -5.61803 1 -14.1756
    endloop
  endfacet
  facet normal -0.866024 -0 -0.500003
    outer loop
      vertex -5.82709 1 -13.8135
      vertex -5.61803 -36.5 -14.1756
      vertex -5.82709 -36.5 -13.8135
    endloop
  endfacet
  facet normal 0.743211 0.669057 0
    outer loop
      vertex 15.618 -28.3244 1.95
      vertex 15.3383 -28.0137 -13
      vertex 15.3383 -28.0137 1.95
    endloop
  endfacet
  facet normal 0.743211 0.669057 0
    outer loop
      vertex 15.3383 -28.0137 -13
      vertex 15.618 -28.3244 1.95
      vertex 15.618 -28.3244 -13
    endloop
  endfacet
  facet normal -0.387043 -0.307448 0.869294
    outer loop
      vertex -4.60453 -36.9158 -5.13945
      vertex -4.97815 -36.9158 -5.3058
      vertex -4.91354 -37.3135 -5.41769
    endloop
  endfacet
  facet normal 0.352862 0.497843 -0.792237
    outer loop
      vertex 14.9135 -28.6865 -14.5823
      vertex 14.5646 -28.6865 -14.7377
      vertex 14.809 -28.3244 -14.4013
    endloop
  endfacet
  facet normal 0.945921 -0.103925 -0.307299
    outer loop
      vertex 15.9563 -36.5 -13.4158
      vertex 15.7872 -36.9158 -13.7957
      vertex 15.8271 -36.5 -13.8135
    endloop
  endfacet
  facet normal 0.207829 0.977921 -0.0218342
    outer loop
      vertex 14.6045 -27.5979 -13.1285
      vertex 14.2091 -27.511 -13
      vertex 14.618 -27.5979 -13
    endloop
  endfacet
  facet normal -1 -0 0
    outer loop
      vertex -6 -4 -7
      vertex -6 -8.01707 -7.95959
      vertex -6 -4 3.53039
    endloop
  endfacet
  facet normal -1 0 0
    outer loop
      vertex -6 -6 8
      vertex -6 -6.48824 25.3362
      vertex -6 -6.45 25.7
    endloop
  endfacet
  facet normal -1 -0 0
    outer loop
      vertex -6 -4 3.53039
      vertex -6 -8.01707 -7.95959
      vertex -6 -4.01478 3.54113
    endloop
  endfacet
  facet normal -1 0 0
    outer loop
      vertex -6 -6 8
      vertex -6 -6.60129 24.9882
      vertex -6 -6.48824 25.3362
    endloop
  endfacet
  facet normal -1 0 0
    outer loop
      vertex -6 -8.38292 -7.95959
      vertex -6 -4.01478 3.54113
      vertex -6 -8.01707 -7.95959
    endloop
  endfacet
  facet normal -1 0 0
    outer loop
      vertex -6 -6 8
      vertex -6 -6.78422 24.6714
      vertex -6 -6.60129 24.9882
    endloop
  endfacet
  facet normal -1 0 0
    outer loop
      vertex -6 -12 -7
      vertex -6 -4.01478 3.54113
      vertex -6 -8.38292 -7.95959
    endloop
  endfacet
  facet normal -1 0 0
    outer loop
      vertex -6 -6 8
      vertex -6 -7.02902 24.3995
      vertex -6 -6.78422 24.6714
    endloop
  endfacet
  facet normal -1 -0 0
    outer loop
      vertex -6 -4.01478 3.54113
      vertex -6 -12 -7
      vertex -6 -4.8541 4.47329
    endloop
  endfacet
  facet normal -1 0 0
    outer loop
      vertex -6 -6 8
      vertex -6 -7.325 24.1845
      vertex -6 -7.02902 24.3995
    endloop
  endfacet
  facet normal -1 -0 0
    outer loop
      vertex -6 -4.8541 4.47329
      vertex -6 -12 -7
      vertex -6 -5.48127 5.55958
    endloop
  endfacet
  facet normal -1 0 0
    outer loop
      vertex -6 -6 8
      vertex -6 -7.65922 24.0357
      vertex -6 -7.325 24.1845
    endloop
  endfacet
  facet normal -1 -0 0
    outer loop
      vertex -6 -5.86889 6.75253
      vertex -6 -12 -7
      vertex -6 -6 8
    endloop
  endfacet
  facet normal -1 0 0
    outer loop
      vertex -6 -6 8
      vertex -6 -8.01707 23.9596
      vertex -6 -7.65922 24.0357
    endloop
  endfacet
  facet normal -1 -0 0
    outer loop
      vertex -6 -5.48127 5.55958
      vertex -6 -12 -7
      vertex -6 -5.86889 6.75253
    endloop
  endfacet
  facet normal -1 0 -0
    outer loop
      vertex -6 -9.61578 24.6714
      vertex -6 -6 8
      vertex -6 -12 -7
    endloop
  endfacet
  facet normal -1 0 0
    outer loop
      vertex -6 -12 -7
      vertex -6 -8.38292 -7.95959
      vertex -6 -8.74078 -8.03565
    endloop
  endfacet
  facet normal -1 0 0
    outer loop
      vertex -6 -6 8
      vertex -6 -8.38292 23.9596
      vertex -6 -8.01707 23.9596
    endloop
  endfacet
  facet normal -1 0 0
    outer loop
      vertex -6 -12 -7
      vertex -6 -8.74078 -8.03565
      vertex -6 -9.075 -8.18445
    endloop
  endfacet
  facet normal -1 0 0
    outer loop
      vertex -6 -6 8
      vertex -6 -8.74078 24.0357
      vertex -6 -8.38292 23.9596
    endloop
  endfacet
  facet normal -1 0 0
    outer loop
      vertex -6 -12 -7
      vertex -6 -9.075 -8.18445
      vertex -6 -9.37098 -8.3995
    endloop
  endfacet
  facet normal -1 0 0
    outer loop
      vertex -6 -6 8
      vertex -6 -9.075 24.1845
      vertex -6 -8.74078 24.0357
    endloop
  endfacet
  facet normal -1 0 0
    outer loop
      vertex -6 -12 -7
      vertex -6 -9.37098 -8.3995
      vertex -6 -9.61578 -8.67138
    endloop
  endfacet
  facet normal -1 0 0
    outer loop
      vertex -6 -6 8
      vertex -6 -9.37098 24.3995
      vertex -6 -9.075 24.1845
    endloop
  endfacet
  facet normal -1 0 0
    outer loop
      vertex -6 -12 -7
      vertex -6 -9.61578 -8.67138
      vertex -6 -9.7987 -8.98821
    endloop
  endfacet
  facet normal -1 0 0
    outer loop
      vertex -6 -6 8
      vertex -6 -9.61578 24.6714
      vertex -6 -9.37098 24.3995
    endloop
  endfacet
  facet normal -1 0 0
    outer loop
      vertex -6 -12 -7
      vertex -6 -9.7987 -8.98821
      vertex -6 -9.91176 -9.33615
    endloop
  endfacet
  facet normal -1 -0 0
    outer loop
      vertex -6 -9.61578 24.6714
      vertex -6 -12 -7
      vertex -6 -9.7987 24.9882
    endloop
  endfacet
  facet normal -1 0 0
    outer loop
      vertex -6 -12 -7
      vertex -6 -9.91176 -9.33615
      vertex -6 -9.95 -9.7
    endloop
  endfacet
  facet normal -1 0 0
    outer loop
      vertex -6 -12 29
      vertex -6 -9.7987 24.9882
      vertex -6 -12 -7
    endloop
  endfacet
  facet normal -1 0 0
    outer loop
      vertex -6 1 -13
      vertex -6 -4 -7
      vertex -6 1 -7
    endloop
  endfacet
  facet normal -1 0 0
    outer loop
      vertex -6 -7.65922 -8.03565
      vertex -6 -4 -7
      vertex -6 -7.325 -8.18445
    endloop
  endfacet
  facet normal -1 0 0
    outer loop
      vertex -6 -6.78422 -8.67138
      vertex -6 -4 -7
      vertex -6 -6.60129 -8.98821
    endloop
  endfacet
  facet normal -1 0 0
    outer loop
      vertex -6 -6.48824 -9.33615
      vertex -6 -4 -7
      vertex -6 -6.45 -9.7
    endloop
  endfacet
  facet normal -1 0 0
    outer loop
      vertex -6 -6.60129 -8.98821
      vertex -6 -4 -7
      vertex -6 -6.48824 -9.33615
    endloop
  endfacet
  facet normal -1 0 0
    outer loop
      vertex -6 -7.325 -8.18445
      vertex -6 -4 -7
      vertex -6 -7.02902 -8.3995
    endloop
  endfacet
  facet normal -1 0 0
    outer loop
      vertex -6 -7.02902 -8.3995
      vertex -6 -4 -7
      vertex -6 -6.78422 -8.67138
    endloop
  endfacet
  facet normal -1 0 0
    outer loop
      vertex -6 -6.48824 -10.0638
      vertex -6 -4 -7
      vertex -6 1 -13
    endloop
  endfacet
  facet normal -1 0 0
    outer loop
      vertex -6 -4 -7
      vertex -6 -6.48824 -10.0638
      vertex -6 -6.45 -9.7
    endloop
  endfacet
  facet normal -1 0 0
    outer loop
      vertex -6 1 -13
      vertex -6 -6.60129 -10.4118
      vertex -6 -6.48824 -10.0638
    endloop
  endfacet
  facet normal -1 0 0
    outer loop
      vertex -6 1 -13
      vertex -6 -6.78422 -10.7286
      vertex -6 -6.60129 -10.4118
    endloop
  endfacet
  facet normal -1 0 0
    outer loop
      vertex -6 1 -13
      vertex -6 -7.02902 -11.0005
      vertex -6 -6.78422 -10.7286
    endloop
  endfacet
  facet normal -1 0 0
    outer loop
      vertex -6 1 -13
      vertex -6 -7.325 -11.2155
      vertex -6 -7.02902 -11.0005
    endloop
  endfacet
  facet normal -1 0 0
    outer loop
      vertex -6 1 -13
      vertex -6 -7.65922 -11.3643
      vertex -6 -7.325 -11.2155
    endloop
  endfacet
  facet normal -1 0 0
    outer loop
      vertex -6 1 -13
      vertex -6 -8.01707 -11.4404
      vertex -6 -7.65922 -11.3643
    endloop
  endfacet
  facet normal -1 0 0
    outer loop
      vertex -6 1 -13
      vertex -6 -8.38292 -11.4404
      vertex -6 -8.01707 -11.4404
    endloop
  endfacet
  facet normal -1 0 0
    outer loop
      vertex -6 -9.7987 24.9882
      vertex -6 -12 29
      vertex -6 -9.91176 25.3362
    endloop
  endfacet
  facet normal -1 0 0
    outer loop
      vertex -6 -9.91176 -10.0638
      vertex -6 -12 -7
      vertex -6 -9.95 -9.7
    endloop
  endfacet
  facet normal -1 0 0
    outer loop
      vertex -6 -9.7987 -10.4118
      vertex -6 -12 -7
      vertex -6 -9.91176 -10.0638
    endloop
  endfacet
  facet normal -1 0 0
    outer loop
      vertex -6 -36.5 -13
      vertex -6 -9.7987 -10.4118
      vertex -6 -9.61578 -10.7286
    endloop
  endfacet
  facet normal -1 0 0
    outer loop
      vertex -6 -36.5 -13
      vertex -6 -8.38292 -11.4404
      vertex -6 1 -13
    endloop
  endfacet
  facet normal -1 0 0
    outer loop
      vertex -6 -36.5 -13
      vertex -6 -8.74078 -11.3643
      vertex -6 -8.38292 -11.4404
    endloop
  endfacet
  facet normal -1 0 0
    outer loop
      vertex -6 -36.5 -13
      vertex -6 -9.075 -11.2155
      vertex -6 -8.74078 -11.3643
    endloop
  endfacet
  facet normal -1 0 0
    outer loop
      vertex -6 -36.5 -13
      vertex -6 -9.37098 -11.0005
      vertex -6 -9.075 -11.2155
    endloop
  endfacet
  facet normal -1 0 0
    outer loop
      vertex -6 -36.5 -13
      vertex -6 -9.61578 -10.7286
      vertex -6 -9.37098 -11.0005
    endloop
  endfacet
  facet normal -1 -0 0
    outer loop
      vertex -6 -9.7987 -10.4118
      vertex -6 -36.5 -13
      vertex -6 -12 -7
    endloop
  endfacet
  facet normal -1 -0 0
    outer loop
      vertex -6 -12 -7
      vertex -6 -36.5 -13
      vertex -6 -36.5 -7
    endloop
  endfacet
  facet normal -1 0 0
    outer loop
      vertex -6 -6.45 25.7
      vertex -6 -4 12.4696
      vertex -6 -4.01478 12.4589
    endloop
  endfacet
  facet normal -1 0 0
    outer loop
      vertex -6 -6.45 25.7
      vertex -6 -4.01478 12.4589
      vertex -6 -4.8541 11.5267
    endloop
  endfacet
  facet normal -1 0 0
    outer loop
      vertex -6 -6.45 25.7
      vertex -6 -4.8541 11.5267
      vertex -6 -5.48127 10.4404
    endloop
  endfacet
  facet normal -1 0 0
    outer loop
      vertex -6 -6.45 25.7
      vertex -6 -5.48127 10.4404
      vertex -6 -5.86889 9.24747
    endloop
  endfacet
  facet normal -1 0 0
    outer loop
      vertex -6 -6.45 25.7
      vertex -6 -5.86889 9.24747
      vertex -6 -6 8
    endloop
  endfacet
  facet normal -1 0 0
    outer loop
      vertex -6 -8.01707 -7.95959
      vertex -6 -4 -7
      vertex -6 -7.65922 -8.03565
    endloop
  endfacet
  facet normal -1 0 0
    outer loop
      vertex -6 -4 12.4696
      vertex -6 -6.45 25.7
      vertex -6 -4 29
    endloop
  endfacet
  facet normal -1 0 0
    outer loop
      vertex -6 -6.48824 26.0638
      vertex -6 -4 29
      vertex -6 -6.45 25.7
    endloop
  endfacet
  facet normal -1 0 0
    outer loop
      vertex -6 -6.60129 26.4118
      vertex -6 -4 29
      vertex -6 -6.48824 26.0638
    endloop
  endfacet
  facet normal -1 0 0
    outer loop
      vertex -6 -6.78422 26.7286
      vertex -6 -4 29
      vertex -6 -6.60129 26.4118
    endloop
  endfacet
  facet normal -1 0 0
    outer loop
      vertex -6 -7.02902 27.0005
      vertex -6 -4 29
      vertex -6 -6.78422 26.7286
    endloop
  endfacet
  facet normal -1 0 0
    outer loop
      vertex -6 -7.325 27.2155
      vertex -6 -4 29
      vertex -6 -7.02902 27.0005
    endloop
  endfacet
  facet normal -1 0 0
    outer loop
      vertex -6 -7.65922 27.3643
      vertex -6 -4 29
      vertex -6 -7.325 27.2155
    endloop
  endfacet
  facet normal -1 0 0
    outer loop
      vertex -6 -8.01707 27.4404
      vertex -6 -4 29
      vertex -6 -7.65922 27.3643
    endloop
  endfacet
  facet normal -1 0 0
    outer loop
      vertex -6 -12 29
      vertex -6 -8.01707 27.4404
      vertex -6 -8.38292 27.4404
    endloop
  endfacet
  facet normal -1 0 0
    outer loop
      vertex -6 -12 29
      vertex -6 -8.38292 27.4404
      vertex -6 -8.74078 27.3643
    endloop
  endfacet
  facet normal -1 0 0
    outer loop
      vertex -6 -8.01707 27.4404
      vertex -6 -12 29
      vertex -6 -4 29
    endloop
  endfacet
  facet normal -1 0 0
    outer loop
      vertex -6 -9.075 27.2155
      vertex -6 -12 29
      vertex -6 -8.74078 27.3643
    endloop
  endfacet
  facet normal -1 0 0
    outer loop
      vertex -6 -9.37098 27.0005
      vertex -6 -12 29
      vertex -6 -9.075 27.2155
    endloop
  endfacet
  facet normal -1 0 0
    outer loop
      vertex -6 -9.61578 26.7286
      vertex -6 -12 29
      vertex -6 -9.37098 27.0005
    endloop
  endfacet
  facet normal -1 0 0
    outer loop
      vertex -6 -9.7987 26.4118
      vertex -6 -12 29
      vertex -6 -9.61578 26.7286
    endloop
  endfacet
  facet normal -1 0 0
    outer loop
      vertex -6 -9.91176 26.0638
      vertex -6 -12 29
      vertex -6 -9.7987 26.4118
    endloop
  endfacet
  facet normal -1 0 0
    outer loop
      vertex -6 -9.95 25.7
      vertex -6 -12 29
      vertex -6 -9.91176 26.0638
    endloop
  endfacet
  facet normal -1 0 0
    outer loop
      vertex -6 -9.91176 25.3362
      vertex -6 -12 29
      vertex -6 -9.95 25.7
    endloop
  endfacet
  facet normal -0.587785 0 0.809017
    outer loop
      vertex -5.33826 1 -5.51371
      vertex -5 -2.26795 -5.26795
      vertex -5 1 -5.26795
    endloop
  endfacet
  facet normal -0.587785 0 0.809017
    outer loop
      vertex -5 -2.26795 -5.26795
      vertex -5.33826 1 -5.51371
      vertex -5.33826 -2.51371 -5.51371
    endloop
  endfacet
  facet normal -0.587785 0 0.809017
    outer loop
      vertex -5.33826 -36.5 -5.51371
      vertex -5 -13.732 -5.26795
      vertex -5.33826 -13.4863 -5.51371
    endloop
  endfacet
  facet normal -0.587785 0 0.809017
    outer loop
      vertex -5 -13.732 -5.26795
      vertex -5.33826 -36.5 -5.51371
      vertex -5 -36.5 -5.26795
    endloop
  endfacet
  facet normal -0.388675 -0.912677 0.1263
    outer loop
      vertex -4.5646 -38.4021 -6.74862
      vertex -4.97815 -38.232 -6.79209
      vertex -4.60453 -38.4021 -6.8715
    endloop
  endfacet
  facet normal 0.509602 0.498006 -0.701638
    outer loop
      vertex 15.2226 -28.6865 -14.3578
      vertex 14.9135 -28.6865 -14.5823
      vertex 15.0827 -28.3244 -14.2024
    endloop
  endfacet
  facet normal 0.989134 -0.103957 -0.103957
    outer loop
      vertex 15.9563 -36.9158 -13
      vertex 15.9563 -36.5 -13.4158
      vertex 16 -36.5 -13
    endloop
  endfacet
  facet normal 0.207829 -0.977921 -0.0218342
    outer loop
      vertex 14.618 -38.4021 -13
      vertex 14.2091 -38.489 -13
      vertex 14.6045 -38.4021 -13.1285
    endloop
  endfacet
  facet normal 0 0.977947 -0.208854
    outer loop
      vertex 14.0219 -27.511 -13.2079
      vertex 3.9563 -27.5554 -13.4158
      vertex 3.97815 -27.511 -13.2079
    endloop
  endfacet
  facet normal 2.15248e-06 0.977925 -0.208954
    outer loop
      vertex 14.0646 -27.5979 -13.6146
      vertex 3.9563 -27.5554 -13.4158
      vertex 14.0219 -27.511 -13.2079
    endloop
  endfacet
  facet normal 0 0.977903 -0.209059
    outer loop
      vertex 3.9563 -27.5554 -13.4158
      vertex 14.0646 -27.5979 -13.6146
      vertex 3.89169 -27.5979 -13.6146
    endloop
  endfacet
  facet normal 0.510841 0.80756 -0.29477
    outer loop
      vertex 15.0827 -28.0137 -13.7866
      vertex 14.809 -27.768 -13.5878
      vertex 14.9135 -27.768 -13.4067
    endloop
  endfacet
  facet normal 0.946398 0.307265 -0.0995963
    outer loop
      vertex 15.9135 -29.0842 -13.4067
      vertex 15.7872 -28.6865 -13.3799
      vertex 15.9563 -29.0842 -13
    endloop
  endfacet
  facet normal 0.197827 0.307266 -0.930834
    outer loop
      vertex 14.6045 -29.0842 -14.8605
      vertex 14.191 -28.6865 -14.8171
      vertex 14.5646 -28.6865 -14.7377
    endloop
  endfacet
  facet normal -0.387144 -0.30729 -0.869305
    outer loop
      vertex -4.5646 -37.3135 -14.7377
      vertex -4.91354 -37.3135 -14.5823
      vertex -4.60453 -36.9158 -14.8605
    endloop
  endfacet
  facet normal -0.708482 -0.667127 0.230207
    outer loop
      vertex -5.47815 -37.6756 -6.34189
      vertex -5.58268 -37.6756 -6.66359
      vertex -5.22256 -37.9863 -6.45568
    endloop
  endfacet
  facet normal 0.122441 0.807557 -0.57694
    outer loop
      vertex 14.1399 -28.0137 -14.3309
      vertex 14.1045 -27.768 -13.9945
      vertex 14.309 -27.768 -13.9511
    endloop
  endfacet
  facet normal 0.989106 0.104091 -0.104091
    outer loop
      vertex 15.9563 -29.5 -13.4158
      vertex 15.9135 -29.0842 -13.4067
      vertex 15.9563 -29.0842 -13
    endloop
  endfacet
  facet normal 0 0 1
    outer loop
      vertex 0 -12 -5.01096
      vertex 2.20906 -3.98904 -5.01096
      vertex 1.79094 -3.98904 -5.01096
    endloop
  endfacet
  facet normal 0 0 1
    outer loop
      vertex -0.043705 -12.4158 -5.01096
      vertex 2.20906 -3.98904 -5.01096
      vertex 0 -12 -5.01096
    endloop
  endfacet
  facet normal 0 0 1
    outer loop
      vertex 0 -4 -5.01096
      vertex 1.79094 -3.98904 -5.01096
      vertex 1.38197 -3.90211 -5.01096
    endloop
  endfacet
  facet normal 0 0 1
    outer loop
      vertex 2.20906 -3.98904 -5.01096
      vertex -0.043705 -12.4158 -5.01096
      vertex 2.20906 -27.511 -5.01096
    endloop
  endfacet
  facet normal 0 0 1
    outer loop
      vertex 0 -4 -5.01096
      vertex 1.38197 -3.90211 -5.01096
      vertex 1 -3.73205 -5.01096
    endloop
  endfacet
  facet normal -0 0 1
    outer loop
      vertex -0.17291 -12.8135 -5.01096
      vertex 2.20906 -27.511 -5.01096
      vertex -0.043705 -12.4158 -5.01096
    endloop
  endfacet
  facet normal 0 0 1
    outer loop
      vertex 0 -4 -5.01096
      vertex 1 -3.73205 -5.01096
      vertex 0.661739 -3.48629 -5.01096
    endloop
  endfacet
  facet normal -0 0 1
    outer loop
      vertex -0.381967 -13.1756 -5.01096
      vertex 2.20906 -27.511 -5.01096
      vertex -0.17291 -12.8135 -5.01096
    endloop
  endfacet
  facet normal 0 0 1
    outer loop
      vertex -0.043705 -3.58418 -5.01096
      vertex 0.661739 -3.48629 -5.01096
      vertex 0.381967 -3.17557 -5.01096
    endloop
  endfacet
  facet normal -0 0 1
    outer loop
      vertex -0.661739 -13.4863 -5.01096
      vertex 2.20906 -27.511 -5.01096
      vertex -0.381967 -13.1756 -5.01096
    endloop
  endfacet
  facet normal 0 0 1
    outer loop
      vertex -0.17291 -3.18653 -5.01096
      vertex 0.381967 -3.17557 -5.01096
      vertex 0.17291 -2.81347 -5.01096
    endloop
  endfacet
  facet normal -0 0 1
    outer loop
      vertex -1 -13.732 -5.01096
      vertex 2.20906 -27.511 -5.01096
      vertex -0.661739 -13.4863 -5.01096
    endloop
  endfacet
  facet normal 0 0 1
    outer loop
      vertex -0.381967 -2.82443 -5.01096
      vertex 0.17291 -2.81347 -5.01096
      vertex 0.043705 -2.41582 -5.01096
    endloop
  endfacet
  facet normal 0 0 1
    outer loop
      vertex 2.20906 -27.511 -5.01096
      vertex -1 -13.732 -5.01096
      vertex 1.79094 -27.511 -5.01096
    endloop
  endfacet
  facet normal 0 0 1
    outer loop
      vertex -0.661739 -2.51371 -5.01096
      vertex 0.043705 -2.41582 -5.01096
      vertex 0 -2 -5.01096
    endloop
  endfacet
  facet normal 0 0 1
    outer loop
      vertex 1.79094 -3.98904 -5.01096
      vertex 0 -4 -5.01096
      vertex 0 -12 -5.01096
    endloop
  endfacet
  facet normal -0 0 1
    outer loop
      vertex -1.38197 -13.9021 -5.01096
      vertex 1.79094 -27.511 -5.01096
      vertex -1 -13.732 -5.01096
    endloop
  endfacet
  facet normal 0 0 1
    outer loop
      vertex 1.79094 -27.511 -5.01096
      vertex -1.38197 -13.9021 -5.01096
      vertex 1.38197 -27.5979 -5.01096
    endloop
  endfacet
  facet normal -0 0 1
    outer loop
      vertex -1.79094 -13.989 -5.01096
      vertex 1.38197 -27.5979 -5.01096
      vertex -1.38197 -13.9021 -5.01096
    endloop
  endfacet
  facet normal 0 0 1
    outer loop
      vertex 1.38197 -27.5979 -5.01096
      vertex -1.79094 -13.989 -5.01096
      vertex 1 -27.768 -5.01096
    endloop
  endfacet
  facet normal -0 0 1
    outer loop
      vertex -4.20906 -13.989 -5.01096
      vertex 1 -27.768 -5.01096
      vertex -1.79094 -13.989 -5.01096
    endloop
  endfacet
  facet normal 0 0 1
    outer loop
      vertex 1 -27.768 -5.01096
      vertex -4.20906 -13.989 -5.01096
      vertex 0.661739 -28.0137 -5.01096
    endloop
  endfacet
  facet normal 0 0 1
    outer loop
      vertex 0.661739 -28.0137 -5.01096
      vertex -4.20906 -13.989 -5.01096
      vertex 0.381967 -28.3244 -5.01096
    endloop
  endfacet
  facet normal 0 0 1
    outer loop
      vertex 0.381967 -28.3244 -5.01096
      vertex -4.20906 -13.989 -5.01096
      vertex 0.17291 -28.6865 -5.01096
    endloop
  endfacet
  facet normal 0 0 1
    outer loop
      vertex 0.17291 -28.6865 -5.01096
      vertex -4.20906 -13.989 -5.01096
      vertex 0.043705 -29.0842 -5.01096
    endloop
  endfacet
  facet normal 0 0 1
    outer loop
      vertex -4.20906 -36.5 -5.01096
      vertex 0.043705 -29.0842 -5.01096
      vertex -4.20906 -13.989 -5.01096
    endloop
  endfacet
  facet normal 0 0 1
    outer loop
      vertex 0.043705 -29.0842 -5.01096
      vertex -4.20906 -36.5 -5.01096
      vertex 0 -29.5 -5.01096
    endloop
  endfacet
  facet normal 0 0 1
    outer loop
      vertex 0 -29.5 -5.01096
      vertex -4.20906 -36.5 -5.01096
      vertex 0 -36.5 -5.01096
    endloop
  endfacet
  facet normal 0 0 1
    outer loop
      vertex -1.38197 -2.09789 -5.01096
      vertex 0 -2 -5.01096
      vertex 0 1 -5.01096
    endloop
  endfacet
  facet normal 0 0 1
    outer loop
      vertex 0.661739 -3.48629 -5.01096
      vertex -0.043705 -3.58418 -5.01096
      vertex 0 -4 -5.01096
    endloop
  endfacet
  facet normal 0 0 1
    outer loop
      vertex 0.381967 -3.17557 -5.01096
      vertex -0.17291 -3.18653 -5.01096
      vertex -0.043705 -3.58418 -5.01096
    endloop
  endfacet
  facet normal 0 0 1
    outer loop
      vertex 0.17291 -2.81347 -5.01096
      vertex -0.381967 -2.82443 -5.01096
      vertex -0.17291 -3.18653 -5.01096
    endloop
  endfacet
  facet normal 0 0 1
    outer loop
      vertex 0.043705 -2.41582 -5.01096
      vertex -0.661739 -2.51371 -5.01096
      vertex -0.381967 -2.82443 -5.01096
    endloop
  endfacet
  facet normal 0 0 1
    outer loop
      vertex 0 -2 -5.01096
      vertex -1 -2.26795 -5.01096
      vertex -0.661739 -2.51371 -5.01096
    endloop
  endfacet
  facet normal 0 0 1
    outer loop
      vertex 0 -2 -5.01096
      vertex -1.38197 -2.09789 -5.01096
      vertex -1 -2.26795 -5.01096
    endloop
  endfacet
  facet normal 0 0 1
    outer loop
      vertex 0 1 -5.01096
      vertex -1.79094 -2.01096 -5.01096
      vertex -1.38197 -2.09789 -5.01096
    endloop
  endfacet
  facet normal -0 0 1
    outer loop
      vertex -4.20906 1 -5.01096
      vertex -1.79094 -2.01096 -5.01096
      vertex 0 1 -5.01096
    endloop
  endfacet
  facet normal 0 0 1
    outer loop
      vertex -1.79094 -2.01096 -5.01096
      vertex -4.20906 1 -5.01096
      vertex -4.20906 -2.01096 -5.01096
    endloop
  endfacet
  facet normal -0.38704 -0.307452 0.869295
    outer loop
      vertex -4.60453 -36.9158 -5.13945
      vertex -4.91354 -37.3135 -5.41769
      vertex -4.5646 -37.3135 -5.26233
    endloop
  endfacet
  facet normal 0.122441 -0.807557 -0.57694
    outer loop
      vertex 14.309 -38.232 -13.9511
      vertex 14.1045 -38.232 -13.9945
      vertex 14.1399 -37.9863 -14.3309
    endloop
  endfacet
  facet normal 0 0 -1
    outer loop
      vertex 14.2091 -36.5 -14.989
      vertex 2.20906 -29.5 -14.989
      vertex 14.2091 -29.5 -14.989
    endloop
  endfacet
  facet normal 0 0 -1
    outer loop
      vertex -4.20906 1 -14.989
      vertex 2.20906 -2 -14.989
      vertex 2.20906 -29.5 -14.989
    endloop
  endfacet
  facet normal 0 0 -1
    outer loop
      vertex -4.20906 -36.5 -14.989
      vertex 2.20906 -29.5 -14.989
      vertex 14.2091 -36.5 -14.989
    endloop
  endfacet
  facet normal 0 0 -1
    outer loop
      vertex -4.20906 1 -14.989
      vertex 2.20906 -29.5 -14.989
      vertex -4.20906 -36.5 -14.989
    endloop
  endfacet
  facet normal 0 0 -1
    outer loop
      vertex 2.20906 -2 -14.989
      vertex -4.20906 1 -14.989
      vertex 1.79094 1 -14.989
    endloop
  endfacet
  facet normal 0 0 -1
    outer loop
      vertex 1.79094 1 -14.989
      vertex 14.2091 -2 -14.989
      vertex 2.20906 -2 -14.989
    endloop
  endfacet
  facet normal 0 0 -1
    outer loop
      vertex 14.2091 -2 -14.989
      vertex 1.79094 1 -14.989
      vertex 14.2091 9 -14.989
    endloop
  endfacet
  facet normal -0 0 -1
    outer loop
      vertex 14.2091 9 -14.989
      vertex 1.79094 1 -14.989
      vertex 1.79094 9 -14.989
    endloop
  endfacet
  facet normal 0.180908 0.977929 -0.104535
    outer loop
      vertex 14.5646 -27.5979 -13.2514
      vertex 14.1691 -27.511 -13.1229
      vertex 14.191 -27.511 -13.085
    endloop
  endfacet
  facet normal 0.406411 0.912692 -0.0426969
    outer loop
      vertex 15 -27.768 -13
      vertex 14.6045 -27.5979 -13.1285
      vertex 14.618 -27.5979 -13
    endloop
  endfacet
  facet normal 0.207879 0.978155 -0
    outer loop
      vertex 14.618 -27.5979 -13
      vertex 14.2091 -27.511 1.95
      vertex 14.618 -27.5979 1.95
    endloop
  endfacet
  facet normal 0.207879 0.978155 0
    outer loop
      vertex 14.2091 -27.511 1.95
      vertex 14.618 -27.5979 -13
      vertex 14.2091 -27.511 -13
    endloop
  endfacet
  facet normal 0.0847659 0.912678 -0.399791
    outer loop
      vertex 14.309 -27.768 -13.9511
      vertex 14.0646 -27.5979 -13.6146
      vertex 14.191 -27.5979 -13.5878
    endloop
  endfacet
  facet normal 0 -0.497936 0.867214
    outer loop
      vertex 0.17291 -37.3135 -5.18292
      vertex -4.16913 -37.6756 -5.39083
      vertex 0.381967 -37.6756 -5.39083
    endloop
  endfacet
  facet normal 0 -0.497936 0.867214
    outer loop
      vertex -4.16913 -37.6756 -5.39083
      vertex 0.17291 -37.3135 -5.18292
      vertex -4.19098 -37.3135 -5.18292
    endloop
  endfacet
  facet normal 0.946361 0.307443 -0.0993941
    outer loop
      vertex 15.9563 -29.0842 -13
      vertex 15.7872 -28.6865 -13.3799
      vertex 15.8271 -28.6865 -13
    endloop
  endfacet
  facet normal 0.740792 0.667188 -0.0780201
    outer loop
      vertex 15.5827 -28.3244 -13.3364
      vertex 15.309 -28.0137 -13.2782
      vertex 15.3383 -28.0137 -13
    endloop
  endfacet
  facet normal -0.0850374 -0.977932 -0.190833
    outer loop
      vertex -4.10453 -38.489 -13.181
      vertex -4.30902 -38.4021 -13.5352
      vertex -4.19098 -38.4021 -13.5878
    endloop
  endfacet
  facet normal -0.207845 -0.978162 0
    outer loop
      vertex -4.61803 -38.4021 -13
      vertex -4.20906 -38.489 -7
      vertex -4.61803 -38.4021 -7
    endloop
  endfacet
  facet normal -0.207845 -0.978162 -0
    outer loop
      vertex -4.20906 -38.489 -7
      vertex -4.61803 -38.4021 -13
      vertex -4.20906 -38.489 -13
    endloop
  endfacet
  facet normal -0.352716 -0.497946 0.792238
    outer loop
      vertex -4.5646 -37.3135 -5.26233
      vertex -4.80902 -37.6756 -5.59874
      vertex -4.5 -37.6756 -5.46116
    endloop
  endfacet
  facet normal -0.739123 -0.103955 0.665501
    outer loop
      vertex -5.33826 -36.5 -5.51371
      vertex -5.61803 -36.5 -5.82443
      vertex -5.58268 -36.9158 -5.85012
    endloop
  endfacet
  facet normal 0.206968 -0.10383 -0.972822
    outer loop
      vertex 14.6045 -36.9158 -14.8605
      vertex 14.2045 -36.9158 -14.9456
      vertex 14.2091 -36.5 -14.989
    endloop
  endfacet
  facet normal 0.946398 -0.307265 -0.0995963
    outer loop
      vertex 15.9563 -36.9158 -13
      vertex 15.7872 -37.3135 -13.3799
      vertex 15.9135 -36.9158 -13.4067
    endloop
  endfacet
  facet normal 0.198731 0.977928 -0.0645189
    outer loop
      vertex 14.5646 -27.5979 -13.2514
      vertex 14.191 -27.511 -13.085
      vertex 14.6045 -27.5979 -13.1285
    endloop
  endfacet
  facet normal 0.166324 0.912679 -0.373301
    outer loop
      vertex 14.309 -27.768 -13.9511
      vertex 14.191 -27.5979 -13.5878
      vertex 14.5 -27.768 -13.866
    endloop
  endfacet
  facet normal -0.180306 -0.497947 0.848256
    outer loop
      vertex -4.16913 -37.6756 -5.39083
      vertex -4.5646 -37.3135 -5.26233
      vertex -4.5 -37.6756 -5.46116
    endloop
  endfacet
  facet normal 0 -0.103955 0.994582
    outer loop
      vertex 0 -36.5 -5.01096
      vertex -4.20449 -36.9158 -5.05442
      vertex 0.043705 -36.9158 -5.05442
    endloop
  endfacet
  facet normal 0 -0.103955 0.994582
    outer loop
      vertex -4.20449 -36.9158 -5.05442
      vertex 0 -36.5 -5.01096
      vertex -4.20906 -36.5 -5.01096
    endloop
  endfacet
  facet normal 0 -0.807549 0.589801
    outer loop
      vertex -4.10453 -38.232 -6.00548
      vertex 0.661739 -37.9863 -5.66907
      vertex -4.13989 -37.9863 -5.66907
    endloop
  endfacet
  facet normal 0 -0.807549 0.589801
    outer loop
      vertex 0.661739 -37.9863 -5.66907
      vertex -4.10453 -38.232 -6.00548
      vertex 1 -38.232 -6.00548
    endloop
  endfacet
  facet normal 0.122777 0.977932 -0.169041
    outer loop
      vertex 14.309 -27.5979 -13.5352
      vertex 14.1045 -27.511 -13.181
      vertex 14.4135 -27.5979 -13.4593
    endloop
  endfacet
  facet normal 0.586523 -0.807573 -0.0617838
    outer loop
      vertex 15 -38.232 -13
      vertex 14.9781 -38.232 -13.2079
      vertex 15.3383 -37.9863 -13
    endloop
  endfacet
  facet normal 0.989106 -0.104091 -0.104091
    outer loop
      vertex 15.9563 -36.9158 -13
      vertex 15.9135 -36.9158 -13.4067
      vertex 15.9563 -36.5 -13.4158
    endloop
  endfacet
  facet normal 0.904992 0.307234 -0.294272
    outer loop
      vertex 15.9135 -29.0842 -13.4067
      vertex 15.6691 -28.6865 -13.7431
      vertex 15.7872 -28.6865 -13.3799
    endloop
  endfacet
  facet normal 0.861299 0.103863 -0.49737
    outer loop
      vertex 15.618 -29.5 -14.1756
      vertex 15.5827 -29.0842 -14.1499
      vertex 15.8271 -29.5 -13.8135
    endloop
  endfacet
  facet normal 0.560943 0.807571 -0.182133
    outer loop
      vertex 15.2226 -28.0137 -13.5443
      vertex 14.9781 -27.768 -13.2079
      vertex 15.309 -28.0137 -13.2782
    endloop
  endfacet
  facet normal 0.302855 0.667133 -0.680597
    outer loop
      vertex 14.809 -28.3244 -14.4013
      vertex 14.5 -28.3244 -14.5388
      vertex 14.6691 -28.0137 -14.159
    endloop
  endfacet
  facet normal 0.346739 0.807566 -0.477084
    outer loop
      vertex 14.6691 -28.0137 -14.159
      vertex 14.5 -27.768 -13.866
      vertex 14.6691 -27.768 -13.7431
    endloop
  endfacet
  facet normal 0.73919 -0.103884 -0.665437
    outer loop
      vertex 15.5827 -36.9158 -14.1499
      vertex 15.3383 -36.5 -14.4863
      vertex 15.618 -36.5 -14.1756
    endloop
  endfacet
  facet normal 0.862429 0.498022 -0.0904986
    outer loop
      vertex 15.8271 -28.6865 -13
      vertex 15.5827 -28.3244 -13.3364
      vertex 15.618 -28.3244 -13
    endloop
  endfacet
  facet normal 0.0848362 0.912691 -0.399747
    outer loop
      vertex 14.1045 -27.768 -13.9945
      vertex 14.0646 -27.5979 -13.6146
      vertex 14.309 -27.768 -13.9511
    endloop
  endfacet
  facet normal 0.0433343 0.977931 -0.204383
    outer loop
      vertex 14.191 -27.5979 -13.5878
      vertex 14.0646 -27.5979 -13.6146
      vertex 14.0646 -27.511 -13.1988
    endloop
  endfacet
  facet normal 0.207879 -0.978155 0
    outer loop
      vertex 14.2091 -38.489 -13
      vertex 14.618 -38.4021 1.95
      vertex 14.2091 -38.489 1.95
    endloop
  endfacet
  facet normal 0.207879 -0.978155 0
    outer loop
      vertex 14.618 -38.4021 1.95
      vertex 14.2091 -38.489 -13
      vertex 14.618 -38.4021 -13
    endloop
  endfacet
  facet normal 0.302855 -0.667133 -0.680597
    outer loop
      vertex 14.6691 -37.9863 -14.159
      vertex 14.5 -37.6756 -14.5388
      vertex 14.809 -37.6756 -14.4013
    endloop
  endfacet
  facet normal 0.0435565 -0.977922 -0.204381
    outer loop
      vertex 14.0646 -38.489 -13.1988
      vertex 14.0219 -38.489 -13.2079
      vertex 14.0646 -38.4021 -13.6146
    endloop
  endfacet
  facet normal 0 -0.103813 -0.994597
    outer loop
      vertex -4.20449 -36.9158 -14.9456
      vertex 14.2091 -36.5 -14.989
      vertex 14.2045 -36.9158 -14.9456
    endloop
  endfacet
  facet normal -0 -0.103813 -0.994597
    outer loop
      vertex 14.2091 -36.5 -14.989
      vertex -4.20449 -36.9158 -14.9456
      vertex -4.20906 -36.5 -14.989
    endloop
  endfacet
  facet normal -0.951053 0 0.309029
    outer loop
      vertex -5.9563 1 -6.58418
      vertex -5.82709 -3.18653 -6.18653
      vertex -5.82709 1 -6.18653
    endloop
  endfacet
  facet normal -0.951053 0 0.309029
    outer loop
      vertex -5.82709 -3.18653 -6.18653
      vertex -5.9563 1 -6.58418
      vertex -5.9563 -3.58418 -6.58418
    endloop
  endfacet
  facet normal -0.951053 0 0.309029
    outer loop
      vertex -5.9563 -36.5 -6.58418
      vertex -5.82709 -12.8135 -6.18653
      vertex -5.9563 -12.4158 -6.58418
    endloop
  endfacet
  facet normal -0.951053 0 0.309029
    outer loop
      vertex -5.82709 -12.8135 -6.18653
      vertex -5.9563 -36.5 -6.58418
      vertex -5.82709 -36.5 -6.18653
    endloop
  endfacet
  facet normal -0.155021 -0.66719 -0.728578
    outer loop
      vertex -4.13989 -37.9863 -14.3309
      vertex -4.5 -37.6756 -14.5388
      vertex -4.16913 -37.6756 -14.6092
    endloop
  endfacet
  facet normal 0.644488 0.497798 -0.580373
    outer loop
      vertex 15.4781 -28.6865 -14.0739
      vertex 15.0827 -28.3244 -14.2024
      vertex 15.309 -28.3244 -13.9511
    endloop
  endfacet
  facet normal -0.587691 0 -0.809086
    outer loop
      vertex -5.33826 -36.5 -14.4863
      vertex -5 1 -14.732
      vertex -5 -36.5 -14.732
    endloop
  endfacet
  facet normal -0.587691 0 -0.809086
    outer loop
      vertex -5 1 -14.732
      vertex -5.33826 -36.5 -14.4863
      vertex -5.33826 1 -14.4863
    endloop
  endfacet
  facet normal 0.559315 0.307349 -0.769872
    outer loop
      vertex 15.309 -29.0842 -14.4538
      vertex 14.9781 -29.0842 -14.6942
      vertex 15.2226 -28.6865 -14.3578
    endloop
  endfacet
  facet normal -0.708477 -0.667136 -0.230195
    outer loop
      vertex -5.30902 -37.9863 -13.2782
      vertex -5.58268 -37.6756 -13.3364
      vertex -5.22256 -37.9863 -13.5443
    endloop
  endfacet
  facet normal 0.0848362 -0.912691 -0.399747
    outer loop
      vertex 14.309 -38.232 -13.9511
      vertex 14.0646 -38.4021 -13.6146
      vertex 14.1045 -38.232 -13.9945
    endloop
  endfacet
  facet normal -0.239906 -0.80754 -0.538818
    outer loop
      vertex -4.30902 -38.232 -13.9511
      vertex -4.66913 -37.9863 -14.159
      vertex -4.41354 -37.9863 -14.2728
    endloop
  endfacet
  facet normal 0.154761 -0.667023 -0.728786
    outer loop
      vertex 14.4135 -37.9863 -14.2728
      vertex 14.1399 -37.9863 -14.3309
      vertex 14.5 -37.6756 -14.5388
    endloop
  endfacet
  facet normal -0.388682 -0.912677 -0.126282
    outer loop
      vertex -4.60453 -38.4021 -13.1285
      vertex -4.97815 -38.232 -13.2079
      vertex -4.5646 -38.4021 -13.2514
    endloop
  endfacet
  facet normal -0.866024 0 0.500003
    outer loop
      vertex -5.82709 1 -6.18653
      vertex -5.61803 -2.82443 -5.82443
      vertex -5.61803 1 -5.82443
    endloop
  endfacet
  facet normal -0.866024 0 0.500003
    outer loop
      vertex -5.61803 -2.82443 -5.82443
      vertex -5.82709 1 -6.18653
      vertex -5.82709 -3.18653 -6.18653
    endloop
  endfacet
  facet normal -0.866024 0 0.500003
    outer loop
      vertex -5.82709 -36.5 -6.18653
      vertex -5.61803 -13.1756 -5.82443
      vertex -5.82709 -12.8135 -6.18653
    endloop
  endfacet
  facet normal -0.866024 0 0.500003
    outer loop
      vertex -5.61803 -13.1756 -5.82443
      vertex -5.82709 -36.5 -6.18653
      vertex -5.61803 -36.5 -5.82443
    endloop
  endfacet
  facet normal -0.180292 -0.497935 0.848266
    outer loop
      vertex -4.19098 -37.3135 -5.18292
      vertex -4.5646 -37.3135 -5.26233
      vertex -4.16913 -37.6756 -5.39083
    endloop
  endfacet
  facet normal -0.206787 -0.103952 0.972848
    outer loop
      vertex -4.20906 -36.5 -5.01096
      vertex -4.61803 -36.5 -5.09789
      vertex -4.60453 -36.9158 -5.13945
    endloop
  endfacet
  facet normal -0.644458 -0.497937 0.580287
    outer loop
      vertex -5.08268 -37.6756 -5.79757
      vertex -5.47815 -37.3135 -5.92606
      vertex -5.30902 -37.6756 -6.04894
    endloop
  endfacet
  facet normal -0.166238 -0.912681 0.373333
    outer loop
      vertex -4.30902 -38.232 -6.04894
      vertex -4.5 -38.232 -6.13398
      vertex -4.19098 -38.4021 -6.41222
    endloop
  endfacet
  facet normal -0.122611 -0.80755 0.576914
    outer loop
      vertex -4.13989 -37.9863 -5.66907
      vertex -4.30902 -38.232 -6.04894
      vertex -4.10453 -38.232 -6.00548
    endloop
  endfacet
  facet normal -0.0434511 -0.977929 0.204367
    outer loop
      vertex -4.0646 -38.4021 -6.38535
      vertex -4.19098 -38.4021 -6.41222
      vertex -4.0646 -38.489 -6.80118
    endloop
  endfacet
  facet normal 0.587645 0.809119 -0
    outer loop
      vertex 15.3383 -28.0137 -13
      vertex 15 -27.768 1.95
      vertex 15.3383 -28.0137 1.95
    endloop
  endfacet
  facet normal 0.587645 0.809119 0
    outer loop
      vertex 15 -27.768 1.95
      vertex 15.3383 -28.0137 -13
      vertex 15 -27.768 -13
    endloop
  endfacet
  facet normal 0.352862 -0.497843 -0.792237
    outer loop
      vertex 14.809 -37.6756 -14.4013
      vertex 14.5646 -37.3135 -14.7377
      vertex 14.9135 -37.3135 -14.5823
    endloop
  endfacet
  facet normal 0.586519 -0.807577 -0.0617721
    outer loop
      vertex 15.3383 -37.9863 -13
      vertex 14.9781 -38.232 -13.2079
      vertex 15.309 -37.9863 -13.2782
    endloop
  endfacet
  facet normal 0.509602 -0.498006 -0.701638
    outer loop
      vertex 15.0827 -37.6756 -14.2024
      vertex 14.9135 -37.3135 -14.5823
      vertex 15.2226 -37.3135 -14.3578
    endloop
  endfacet
  facet normal 0.865982 0.500074 0
    outer loop
      vertex 15.8271 -28.6865 1.95
      vertex 15.618 -28.3244 -13
      vertex 15.618 -28.3244 1.95
    endloop
  endfacet
  facet normal 0.865982 0.500074 0
    outer loop
      vertex 15.618 -28.3244 -13
      vertex 15.8271 -28.6865 1.95
      vertex 15.8271 -28.6865 -13
    endloop
  endfacet
  facet normal 0.994522 0 -0.104523
    outer loop
      vertex 16 -36.5 -13
      vertex 15.9563 -29.5 -13.4158
      vertex 16 -29.5 -13
    endloop
  endfacet
  facet normal 0.994522 0 -0.104523
    outer loop
      vertex 15.9563 -29.5 -13.4158
      vertex 16 -36.5 -13
      vertex 15.9563 -36.5 -13.4158
    endloop
  endfacet
  facet normal 0.154761 0.667023 -0.728786
    outer loop
      vertex 14.5 -28.3244 -14.5388
      vertex 14.1399 -28.0137 -14.3309
      vertex 14.4135 -28.0137 -14.2728
    endloop
  endfacet
  facet normal 0.739026 0.1041 -0.665585
    outer loop
      vertex 15.3383 -29.5 -14.4863
      vertex 15.309 -29.0842 -14.4538
      vertex 15.5827 -29.0842 -14.1499
    endloop
  endfacet
  facet normal 0.584462 -0.103941 -0.804736
    outer loop
      vertex 15.3383 -36.5 -14.4863
      vertex 14.9781 -36.9158 -14.6942
      vertex 15 -36.5 -14.732
    endloop
  endfacet
  facet normal 0.707256 0.307652 -0.636505
    outer loop
      vertex 15.5827 -29.0842 -14.1499
      vertex 15.2226 -28.6865 -14.3578
      vertex 15.4781 -28.6865 -14.0739
    endloop
  endfacet
  facet normal 0.353952 0.912669 -0.204337
    outer loop
      vertex 14.809 -27.768 -13.5878
      vertex 14.5 -27.5979 -13.3633
      vertex 14.5646 -27.5979 -13.2514
    endloop
  endfacet
  facet normal 0.388719 0.912673 -0.126199
    outer loop
      vertex 14.9781 -27.768 -13.2079
      vertex 14.5646 -27.5979 -13.2514
      vertex 14.6045 -27.5979 -13.1285
    endloop
  endfacet
  facet normal 0.406441 0.912673 -0.0428141
    outer loop
      vertex 14.9781 -27.768 -13.2079
      vertex 14.6045 -27.5979 -13.1285
      vertex 15 -27.768 -13
    endloop
  endfacet
  facet normal 0 -0.912677 0.408683
    outer loop
      vertex -4.0646 -38.4021 -6.38535
      vertex 1 -38.232 -6.00548
      vertex -4.10453 -38.232 -6.00548
    endloop
  endfacet
  facet normal 0 -0.912677 0.408683
    outer loop
      vertex 1 -38.232 -6.00548
      vertex -4.0646 -38.4021 -6.38535
      vertex 1.38197 -38.4021 -6.38535
    endloop
  endfacet
  facet normal -0.946353 -0.307434 -0.0994985
    outer loop
      vertex -5.78716 -37.3135 -13.3799
      vertex -5.9563 -36.9158 -13
      vertex -5.91354 -36.9158 -13.4067
    endloop
  endfacet
  facet normal -0.645149 -0.667125 0.37246
    outer loop
      vertex -5.08268 -37.9863 -6.21339
      vertex -5.47815 -37.6756 -6.34189
      vertex -5.22256 -37.9863 -6.45568
    endloop
  endfacet
  facet normal -0.122636 -0.807542 0.57692
    outer loop
      vertex -4.13989 -37.9863 -5.66907
      vertex -4.41354 -37.9863 -5.72724
      vertex -4.30902 -38.232 -6.04894
    endloop
  endfacet
  facet normal -0.904991 -0.307404 -0.294097
    outer loop
      vertex -5.78716 -37.3135 -13.3799
      vertex -5.91354 -36.9158 -13.4067
      vertex -5.66913 -37.3135 -13.7431
    endloop
  endfacet
  facet normal -0.989127 -0.103991 0.103986
    outer loop
      vertex -5.9563 -36.5 -6.58418
      vertex -5.9563 -36.9158 -7
      vertex -5.91354 -36.9158 -6.59326
    endloop
  endfacet
  facet normal 0 -0.497918 -0.867224
    outer loop
      vertex -4.16913 -37.6756 -14.6092
      vertex 14.191 -37.3135 -14.8171
      vertex 14.1691 -37.6756 -14.6092
    endloop
  endfacet
  facet normal -0 -0.497918 -0.867224
    outer loop
      vertex 14.191 -37.3135 -14.8171
      vertex -4.16913 -37.6756 -14.6092
      vertex -4.19098 -37.3135 -14.8171
    endloop
  endfacet
  facet normal -0.994522 0 -0.104523
    outer loop
      vertex -5.9563 -36.5 -13.4158
      vertex -6 1 -13
      vertex -5.9563 1 -13.4158
    endloop
  endfacet
  facet normal -0.994522 -0 -0.104523
    outer loop
      vertex -6 1 -13
      vertex -5.9563 -36.5 -13.4158
      vertex -6 -36.5 -13
    endloop
  endfacet
  facet normal 0.15546 0.977918 -0.139675
    outer loop
      vertex 14.4135 -27.5979 -13.4593
      vertex 14.1399 -27.511 -13.1554
      vertex 14.1691 -27.511 -13.1229
    endloop
  endfacet
  facet normal 0 0.807541 -0.589812
    outer loop
      vertex 14.1399 -28.0137 -14.3309
      vertex 3.72256 -27.768 -13.9945
      vertex 14.1045 -27.768 -13.9945
    endloop
  endfacet
  facet normal 1.01668e-05 0.807691 -0.589607
    outer loop
      vertex 3.72256 -27.768 -13.9945
      vertex 14.1399 -28.0137 -14.3309
      vertex 3.61803 -27.9002 -14.1756
    endloop
  endfacet
  facet normal 0 0.807363 -0.590056
    outer loop
      vertex 3.61803 -27.9002 -14.1756
      vertex 14.1399 -28.0137 -14.3309
      vertex 3.47815 -28.0137 -14.3309
    endloop
  endfacet
  facet normal -0.154736 -0.66701 -0.728803
    outer loop
      vertex -4.41354 -37.9863 -14.2728
      vertex -4.5 -37.6756 -14.5388
      vertex -4.13989 -37.9863 -14.3309
    endloop
  endfacet
  facet normal -0.406442 -0.912678 -0.0427165
    outer loop
      vertex -4.60453 -38.4021 -13.1285
      vertex -5 -38.232 -13
      vertex -4.97815 -38.232 -13.2079
    endloop
  endfacet
  facet normal -0.743128 -0.66915 0
    outer loop
      vertex -5.33826 -37.9863 -13
      vertex -5.61803 -37.6756 -7
      vertex -5.61803 -37.6756 -13
    endloop
  endfacet
  facet normal -0.743128 -0.66915 0
    outer loop
      vertex -5.61803 -37.6756 -7
      vertex -5.33826 -37.9863 -13
      vertex -5.33826 -37.9863 -7
    endloop
  endfacet
  facet normal -0.24003 -0.8076 -0.538672
    outer loop
      vertex -4.5 -38.232 -13.866
      vertex -4.66913 -37.9863 -14.159
      vertex -4.30902 -38.232 -13.9511
    endloop
  endfacet
  facet normal -0.198704 -0.977931 -0.0645585
    outer loop
      vertex -4.19098 -38.489 -13.085
      vertex -4.60453 -38.4021 -13.1285
      vertex -4.5646 -38.4021 -13.2514
    endloop
  endfacet
  facet normal 0.198717 0.977923 -0.0646429
    outer loop
      vertex 14.6045 -27.5979 -13.1285
      vertex 14.191 -27.511 -13.085
      vertex 14.2045 -27.511 -13.0435
    endloop
  endfacet
  facet normal -0.154887 -0.66712 0.728671
    outer loop
      vertex -4.16913 -37.6756 -5.39083
      vertex -4.5 -37.6756 -5.46116
      vertex -4.13989 -37.9863 -5.66907
    endloop
  endfacet
  facet normal -0.707147 -0.307462 0.636718
    outer loop
      vertex -5.30902 -36.9158 -5.54619
      vertex -5.58268 -36.9158 -5.85012
      vertex -5.22256 -37.3135 -5.64221
    endloop
  endfacet
  facet normal 0.862429 -0.498022 -0.0904986
    outer loop
      vertex 15.618 -37.6756 -13
      vertex 15.5827 -37.6756 -13.3364
      vertex 15.8271 -37.3135 -13
    endloop
  endfacet
  facet normal 0 -0.307457 0.951562
    outer loop
      vertex 0.043705 -36.9158 -5.05442
      vertex -4.19098 -37.3135 -5.18292
      vertex 0.17291 -37.3135 -5.18292
    endloop
  endfacet
  facet normal 0 -0.307457 0.951562
    outer loop
      vertex -4.19098 -37.3135 -5.18292
      vertex 0.043705 -36.9158 -5.05442
      vertex -4.20449 -36.9158 -5.05442
    endloop
  endfacet
  facet normal 0.740961 0.667032 -0.0777524
    outer loop
      vertex 15.5827 -28.3244 -13.3364
      vertex 15.3383 -28.0137 -13
      vertex 15.618 -28.3244 -13
    endloop
  endfacet
  facet normal 0.353952 -0.912669 -0.204337
    outer loop
      vertex 14.5646 -38.4021 -13.2514
      vertex 14.5 -38.4021 -13.3633
      vertex 14.809 -38.232 -13.5878
    endloop
  endfacet
  facet normal -0.0433411 -0.977931 -0.204382
    outer loop
      vertex -4.0646 -38.489 -13.1988
      vertex -4.19098 -38.4021 -13.5878
      vertex -4.0646 -38.4021 -13.6146
    endloop
  endfacet
  facet normal 0.122777 -0.977932 -0.169041
    outer loop
      vertex 14.4135 -38.4021 -13.4593
      vertex 14.1045 -38.489 -13.181
      vertex 14.309 -38.4021 -13.5352
    endloop
  endfacet
  facet normal 0 -0.807541 -0.589812
    outer loop
      vertex -4.13989 -37.9863 -14.3309
      vertex 14.1045 -38.232 -13.9945
      vertex -4.10453 -38.232 -13.9945
    endloop
  endfacet
  facet normal 0 -0.807541 -0.589812
    outer loop
      vertex 14.1045 -38.232 -13.9945
      vertex -4.13989 -37.9863 -14.3309
      vertex 14.1399 -37.9863 -14.3309
    endloop
  endfacet
  facet normal 0.55357 -0.667126 -0.4985
    outer loop
      vertex 15.0827 -37.9863 -13.7866
      vertex 15.0827 -37.6756 -14.2024
      vertex 15.309 -37.6756 -13.9511
    endloop
  endfacet
  facet normal 0.946361 -0.307443 -0.0993941
    outer loop
      vertex 15.8271 -37.3135 -13
      vertex 15.7872 -37.3135 -13.3799
      vertex 15.9563 -36.9158 -13
    endloop
  endfacet
  facet normal 0.751017 -0.497936 -0.433628
    outer loop
      vertex 15.4781 -37.6756 -13.6581
      vertex 15.4781 -37.3135 -14.0739
      vertex 15.6691 -37.3135 -13.7431
    endloop
  endfacet
  facet normal 0.865982 -0.500074 0
    outer loop
      vertex 15.618 -37.6756 1.95
      vertex 15.8271 -37.3135 -13
      vertex 15.8271 -37.3135 1.95
    endloop
  endfacet
  facet normal 0.865982 -0.500074 0
    outer loop
      vertex 15.8271 -37.3135 -13
      vertex 15.618 -37.6756 1.95
      vertex 15.618 -37.6756 -13
    endloop
  endfacet
  facet normal 0.303636 0.912664 -0.273588
    outer loop
      vertex 14.809 -27.768 -13.5878
      vertex 14.4135 -27.5979 -13.4593
      vertex 14.5 -27.5979 -13.3633
    endloop
  endfacet
  facet normal 0.559192 0.307462 -0.769917
    outer loop
      vertex 14.9781 -29.0842 -14.6942
      vertex 14.9135 -28.6865 -14.5823
      vertex 15.2226 -28.6865 -14.3578
    endloop
  endfacet
  facet normal 0.951071 0 -0.308973
    outer loop
      vertex 15.9563 -36.5 -13.4158
      vertex 15.8271 -29.5 -13.8135
      vertex 15.9563 -29.5 -13.4158
    endloop
  endfacet
  facet normal 0.951071 0 -0.308973
    outer loop
      vertex 15.8271 -29.5 -13.8135
      vertex 15.9563 -36.5 -13.4158
      vertex 15.8271 -36.5 -13.8135
    endloop
  endfacet
  facet normal 0.824702 0.497959 -0.26815
    outer loop
      vertex 15.6691 -28.6865 -13.7431
      vertex 15.4781 -28.3244 -13.6581
      vertex 15.5827 -28.3244 -13.3364
    endloop
  endfacet
  facet normal 0.989134 0.103957 -0.103957
    outer loop
      vertex 16 -29.5 -13
      vertex 15.9563 -29.5 -13.4158
      vertex 15.9563 -29.0842 -13
    endloop
  endfacet
  facet normal 0.437926 0.667138 -0.602617
    outer loop
      vertex 14.809 -28.3244 -14.4013
      vertex 14.6691 -28.0137 -14.159
      vertex 15.0827 -28.3244 -14.2024
    endloop
  endfacet
  facet normal 0.122519 0.807532 -0.576958
    outer loop
      vertex 14.4135 -28.0137 -14.2728
      vertex 14.1399 -28.0137 -14.3309
      vertex 14.309 -27.768 -13.9511
    endloop
  endfacet
  facet normal 0.15501 0.66718 -0.72859
    outer loop
      vertex 14.1691 -28.3244 -14.6092
      vertex 14.1399 -28.0137 -14.3309
      vertex 14.5 -28.3244 -14.5388
    endloop
  endfacet
  facet normal 0.510698 0.807614 -0.294869
    outer loop
      vertex 15.0827 -28.0137 -13.7866
      vertex 14.9135 -27.768 -13.4067
      vertex 15.2226 -28.0137 -13.5443
    endloop
  endfacet
  facet normal 0.586523 0.807573 -0.0617838
    outer loop
      vertex 15.3383 -28.0137 -13
      vertex 14.9781 -27.768 -13.2079
      vertex 15 -27.768 -13
    endloop
  endfacet
  facet normal 0.586519 0.807577 -0.0617721
    outer loop
      vertex 15.309 -28.0137 -13.2782
      vertex 14.9781 -27.768 -13.2079
      vertex 15.3383 -28.0137 -13
    endloop
  endfacet
  facet normal 0.388724 0.912654 -0.126316
    outer loop
      vertex 14.9135 -27.768 -13.4067
      vertex 14.5646 -27.5979 -13.2514
      vertex 14.9781 -27.768 -13.2079
    endloop
  endfacet
  facet normal 0.560838 0.807619 -0.182244
    outer loop
      vertex 15.2226 -28.0137 -13.5443
      vertex 14.9135 -27.768 -13.4067
      vertex 14.9781 -27.768 -13.2079
    endloop
  endfacet
  facet normal 0.198731 -0.977928 -0.0645189
    outer loop
      vertex 14.6045 -38.4021 -13.1285
      vertex 14.191 -38.489 -13.085
      vertex 14.5646 -38.4021 -13.2514
    endloop
  endfacet
  facet normal 0.122479 -0.977913 -0.169366
    outer loop
      vertex 14.1399 -38.489 -13.1554
      vertex 14.1045 -38.489 -13.181
      vertex 14.4135 -38.4021 -13.4593
    endloop
  endfacet
  facet normal -0.406808 -0.913513 0
    outer loop
      vertex -5 -38.232 -13
      vertex -4.61803 -38.4021 -7
      vertex -5 -38.232 -7
    endloop
  endfacet
  facet normal -0.406808 -0.913513 -0
    outer loop
      vertex -4.61803 -38.4021 -7
      vertex -5 -38.232 -13
      vertex -4.61803 -38.4021 -13
    endloop
  endfacet
  facet normal -0.437876 -0.667125 0.602669
    outer loop
      vertex -4.66913 -37.9863 -5.84103
      vertex -5.08268 -37.6756 -5.79757
      vertex -4.89547 -37.9863 -6.00548
    endloop
  endfacet
  facet normal -0.560927 -0.80755 0.182274
    outer loop
      vertex -4.91354 -38.232 -6.59326
      vertex -5.22256 -37.9863 -6.45568
      vertex -4.97815 -38.232 -6.79209
    endloop
  endfacet
  facet normal -0.406437 -0.91268 -0.0426997
    outer loop
      vertex -4.61803 -38.4021 -13
      vertex -5 -38.232 -13
      vertex -4.60453 -38.4021 -13.1285
    endloop
  endfacet
  facet normal -0.824069 -0.307512 -0.475758
    outer loop
      vertex -5.47815 -37.3135 -14.0739
      vertex -5.66913 -37.3135 -13.7431
      vertex -5.58268 -36.9158 -14.1499
    endloop
  endfacet
  facet normal -0.989134 -0.103957 -0.103957
    outer loop
      vertex -5.9563 -36.9158 -13
      vertex -6 -36.5 -13
      vertex -5.9563 -36.5 -13.4158
    endloop
  endfacet
  facet normal -0.824768 -0.497933 0.267992
    outer loop
      vertex -5.47815 -37.6756 -6.34189
      vertex -5.66913 -37.3135 -6.25686
      vertex -5.58268 -37.6756 -6.66359
    endloop
  endfacet
  facet normal -0.751051 -0.497907 -0.433603
    outer loop
      vertex -5.47815 -37.6756 -13.6581
      vertex -5.66913 -37.3135 -13.7431
      vertex -5.47815 -37.3135 -14.0739
    endloop
  endfacet
  facet normal -0.743128 0 -0.66915
    outer loop
      vertex -5.33826 -36.5 -14.4863
      vertex -5.61803 1 -14.1756
      vertex -5.33826 1 -14.4863
    endloop
  endfacet
  facet normal -0.743128 -0 -0.66915
    outer loop
      vertex -5.61803 1 -14.1756
      vertex -5.33826 -36.5 -14.4863
      vertex -5.61803 -36.5 -14.1756
    endloop
  endfacet
  facet normal 0.406782 0 -0.913525
    outer loop
      vertex 14.618 -36.5 -14.9021
      vertex 15 -29.5 -14.732
      vertex 15 -36.5 -14.732
    endloop
  endfacet
  facet normal 0.406782 0 -0.913525
    outer loop
      vertex 15 -29.5 -14.732
      vertex 14.618 -36.5 -14.9021
      vertex 14.618 -29.5 -14.9021
    endloop
  endfacet
  facet normal -0.951064 0 -0.308994
    outer loop
      vertex -5.82709 -36.5 -13.8135
      vertex -5.9563 1 -13.4158
      vertex -5.82709 1 -13.8135
    endloop
  endfacet
  facet normal -0.951064 -0 -0.308994
    outer loop
      vertex -5.9563 1 -13.4158
      vertex -5.82709 -36.5 -13.8135
      vertex -5.9563 -36.5 -13.4158
    endloop
  endfacet
  facet normal 0 0.912689 -0.408656
    outer loop
      vertex 14.1045 -27.768 -13.9945
      vertex 3.89169 -27.5979 -13.6146
      vertex 14.0646 -27.5979 -13.6146
    endloop
  endfacet
  facet normal 9.67454e-06 0.912786 -0.408439
    outer loop
      vertex 3.89169 -27.5979 -13.6146
      vertex 14.1045 -27.768 -13.9945
      vertex 3.82709 -27.6869 -13.8135
    endloop
  endfacet
  facet normal 0 0.912581 -0.408897
    outer loop
      vertex 3.82709 -27.6869 -13.8135
      vertex 14.1045 -27.768 -13.9945
      vertex 3.72256 -27.768 -13.9945
    endloop
  endfacet
  facet normal 0.122479 0.977913 -0.169366
    outer loop
      vertex 14.4135 -27.5979 -13.4593
      vertex 14.1045 -27.511 -13.181
      vertex 14.1399 -27.511 -13.1554
    endloop
  endfacet
  facet normal 0.240155 0.912687 -0.330648
    outer loop
      vertex 14.5 -27.768 -13.866
      vertex 14.309 -27.5979 -13.5352
      vertex 14.4135 -27.5979 -13.4593
    endloop
  endfacet
  facet normal -0.438278 -0.807561 -0.394661
    outer loop
      vertex -4.66913 -38.232 -13.7431
      vertex -5.08268 -37.9863 -13.7866
      vertex -4.89547 -37.9863 -13.9945
    endloop
  endfacet
  facet normal -0.989126 -0.103996 -0.103996
    outer loop
      vertex -5.9563 -36.9158 -13
      vertex -5.9563 -36.5 -13.4158
      vertex -5.91354 -36.9158 -13.4067
    endloop
  endfacet
  facet normal -0.945907 -0.103993 -0.307319
    outer loop
      vertex -5.78716 -36.9158 -13.7957
      vertex -5.9563 -36.5 -13.4158
      vertex -5.82709 -36.5 -13.8135
    endloop
  endfacet
  facet normal -0.861347 -0.104004 -0.497257
    outer loop
      vertex -5.78716 -36.9158 -13.7957
      vertex -5.82709 -36.5 -13.8135
      vertex -5.58268 -36.9158 -14.1499
    endloop
  endfacet
  facet normal -0.7391 -0.103971 -0.665523
    outer loop
      vertex -5.58268 -36.9158 -14.1499
      vertex -5.61803 -36.5 -14.1756
      vertex -5.33826 -36.5 -14.4863
    endloop
  endfacet
  facet normal -0.707122 -0.307434 -0.636759
    outer loop
      vertex -5.22256 -37.3135 -14.3578
      vertex -5.58268 -36.9158 -14.1499
      vertex -5.30902 -36.9158 -14.4538
    endloop
  endfacet
  facet normal 0 -0.667201 -0.744878
    outer loop
      vertex -4.13989 -37.9863 -14.3309
      vertex 14.1691 -37.6756 -14.6092
      vertex 14.1399 -37.9863 -14.3309
    endloop
  endfacet
  facet normal -0 -0.667201 -0.744878
    outer loop
      vertex 14.1691 -37.6756 -14.6092
      vertex -4.13989 -37.9863 -14.3309
      vertex -4.16913 -37.6756 -14.6092
    endloop
  endfacet
  facet normal -0.303041 -0.667027 -0.680618
    outer loop
      vertex -4.41354 -37.9863 -14.2728
      vertex -4.66913 -37.9863 -14.159
      vertex -4.5 -37.6756 -14.5388
    endloop
  endfacet
  facet normal -0.166333 -0.912685 -0.373283
    outer loop
      vertex -4.19098 -38.4021 -13.5878
      vertex -4.5 -38.232 -13.866
      vertex -4.30902 -38.232 -13.9511
    endloop
  endfacet
  facet normal -0.207789 -0.97793 0.0218499
    outer loop
      vertex -4.20449 -38.489 -6.95654
      vertex -4.60453 -38.4021 -6.8715
      vertex -4.20906 -38.489 -7
    endloop
  endfacet
  facet normal 0.0851207 0.977931 -0.190804
    outer loop
      vertex 14.191 -27.5979 -13.5878
      vertex 14.0646 -27.511 -13.1988
      vertex 14.1045 -27.511 -13.181
    endloop
  endfacet
  facet normal -0.197829 -0.30745 0.930773
    outer loop
      vertex -4.19098 -37.3135 -5.18292
      vertex -4.60453 -36.9158 -5.13945
      vertex -4.5646 -37.3135 -5.26233
    endloop
  endfacet
  facet normal -0.40454 -0.103967 0.908591
    outer loop
      vertex -4.60453 -36.9158 -5.13945
      vertex -5 -36.5 -5.26795
      vertex -4.97815 -36.9158 -5.3058
    endloop
  endfacet
  facet normal -0.404525 -0.10395 0.9086
    outer loop
      vertex -4.61803 -36.5 -5.09789
      vertex -5 -36.5 -5.26795
      vertex -4.60453 -36.9158 -5.13945
    endloop
  endfacet
  facet normal -0.559312 -0.307461 0.76983
    outer loop
      vertex -4.97815 -36.9158 -5.3058
      vertex -5.30902 -36.9158 -5.54619
      vertex -5.22256 -37.3135 -5.64221
    endloop
  endfacet
  facet normal -0.207913 0 0.978147
    outer loop
      vertex -4.61803 1 -5.09789
      vertex -4.20906 -2.01096 -5.01096
      vertex -4.20906 1 -5.01096
    endloop
  endfacet
  facet normal -0.207913 0 0.978147
    outer loop
      vertex -4.20906 -2.01096 -5.01096
      vertex -4.61803 1 -5.09789
      vertex -4.61803 -2.09789 -5.09789
    endloop
  endfacet
  facet normal -0.207913 0 0.978147
    outer loop
      vertex -4.61803 -36.5 -5.09789
      vertex -4.20906 -13.989 -5.01096
      vertex -4.61803 -13.9021 -5.09789
    endloop
  endfacet
  facet normal -0.207913 0 0.978147
    outer loop
      vertex -4.20906 -13.989 -5.01096
      vertex -4.61803 -36.5 -5.09789
      vertex -4.20906 -36.5 -5.01096
    endloop
  endfacet
  facet normal 1 -0 0
    outer loop
      vertex 16 -36.5 1.95
      vertex 16 -29.5 -13
      vertex 16 -29.5 1.95
    endloop
  endfacet
  facet normal 1 0 0
    outer loop
      vertex 16 -29.5 -13
      vertex 16 -36.5 1.95
      vertex 16 -36.5 -13
    endloop
  endfacet
  facet normal 0 -0.667121 0.744949
    outer loop
      vertex 0.381967 -37.6756 -5.39083
      vertex -4.13989 -37.9863 -5.66907
      vertex 0.661739 -37.9863 -5.66907
    endloop
  endfacet
  facet normal 0 -0.667121 0.744949
    outer loop
      vertex -4.13989 -37.9863 -5.66907
      vertex 0.381967 -37.6756 -5.39083
      vertex -4.16913 -37.6756 -5.39083
    endloop
  endfacet
  facet normal -0.0849766 -0.977929 0.190878
    outer loop
      vertex -4.19098 -38.4021 -6.41222
      vertex -4.30902 -38.4021 -6.46477
      vertex -4.10453 -38.489 -6.81895
    endloop
  endfacet
  facet normal -0.0849489 -0.97793 0.190884
    outer loop
      vertex -4.0646 -38.489 -6.80118
      vertex -4.19098 -38.4021 -6.41222
      vertex -4.10453 -38.489 -6.81895
    endloop
  endfacet
  facet normal 0.406782 0.913525 -0
    outer loop
      vertex 15 -27.768 -13
      vertex 14.618 -27.5979 1.95
      vertex 15 -27.768 1.95
    endloop
  endfacet
  facet normal 0.406782 0.913525 0
    outer loop
      vertex 14.618 -27.5979 1.95
      vertex 15 -27.768 -13
      vertex 14.618 -27.5979 -13
    endloop
  endfacet
  facet normal -0.510788 -0.807549 0.294891
    outer loop
      vertex -5.08268 -37.9863 -6.21339
      vertex -5.22256 -37.9863 -6.45568
      vertex -4.91354 -38.232 -6.59326
    endloop
  endfacet
  facet normal 0.559192 -0.307462 -0.769917
    outer loop
      vertex 15.2226 -37.3135 -14.3578
      vertex 14.9135 -37.3135 -14.5823
      vertex 14.9781 -36.9158 -14.6942
    endloop
  endfacet
  facet normal 0.645209 -0.667027 -0.372533
    outer loop
      vertex 15.2226 -37.9863 -13.5443
      vertex 15.0827 -37.9863 -13.7866
      vertex 15.4781 -37.6756 -13.6581
    endloop
  endfacet
  facet normal 0.560838 -0.807619 -0.182244
    outer loop
      vertex 14.9781 -38.232 -13.2079
      vertex 14.9135 -38.232 -13.4067
      vertex 15.2226 -37.9863 -13.5443
    endloop
  endfacet
  facet normal 0.406782 -0.913525 0
    outer loop
      vertex 14.618 -38.4021 -13
      vertex 15 -38.232 1.95
      vertex 14.618 -38.4021 1.95
    endloop
  endfacet
  facet normal 0.406782 -0.913525 0
    outer loop
      vertex 15 -38.232 1.95
      vertex 14.618 -38.4021 -13
      vertex 15 -38.232 -13
    endloop
  endfacet
  facet normal 0.708524 -0.667024 -0.230375
    outer loop
      vertex 15.5827 -37.6756 -13.3364
      vertex 15.2226 -37.9863 -13.5443
      vertex 15.4781 -37.6756 -13.6581
    endloop
  endfacet
  facet normal 0.197827 -0.307266 -0.930834
    outer loop
      vertex 14.5646 -37.3135 -14.7377
      vertex 14.191 -37.3135 -14.8171
      vertex 14.6045 -36.9158 -14.8605
    endloop
  endfacet
  facet normal 0.945957 -0.104093 -0.307132
    outer loop
      vertex 15.9135 -36.9158 -13.4067
      vertex 15.7872 -36.9158 -13.7957
      vertex 15.9563 -36.5 -13.4158
    endloop
  endfacet
  facet normal 0.644581 -0.497996 -0.5801
    outer loop
      vertex 15.4781 -37.3135 -14.0739
      vertex 15.0827 -37.6756 -14.2024
      vertex 15.2226 -37.3135 -14.3578
    endloop
  endfacet
  facet normal 0.18028 -0.497937 -0.848268
    outer loop
      vertex 14.5646 -37.3135 -14.7377
      vertex 14.1691 -37.6756 -14.6092
      vertex 14.191 -37.3135 -14.8171
    endloop
  endfacet
  facet normal 0.587645 0 -0.809119
    outer loop
      vertex 15 -36.5 -14.732
      vertex 15.3383 -29.5 -14.4863
      vertex 15.3383 -36.5 -14.4863
    endloop
  endfacet
  facet normal 0.587645 0 -0.809119
    outer loop
      vertex 15.3383 -29.5 -14.4863
      vertex 15 -36.5 -14.732
      vertex 15 -29.5 -14.732
    endloop
  endfacet
  facet normal 0.740961 -0.667032 -0.0777524
    outer loop
      vertex 15.618 -37.6756 -13
      vertex 15.3383 -37.9863 -13
      vertex 15.5827 -37.6756 -13.3364
    endloop
  endfacet
  facet normal 0.43821 -0.807552 -0.394756
    outer loop
      vertex 14.809 -38.232 -13.5878
      vertex 14.6691 -38.232 -13.7431
      vertex 15.0827 -37.9863 -13.7866
    endloop
  endfacet
  facet normal 0.708524 0.667024 -0.230375
    outer loop
      vertex 15.4781 -28.3244 -13.6581
      vertex 15.2226 -28.0137 -13.5443
      vertex 15.5827 -28.3244 -13.3364
    endloop
  endfacet
  facet normal 0.708474 0.667195 -0.230034
    outer loop
      vertex 15.5827 -28.3244 -13.3364
      vertex 15.2226 -28.0137 -13.5443
      vertex 15.309 -28.0137 -13.2782
    endloop
  endfacet
  facet normal 0.945957 0.104093 -0.307132
    outer loop
      vertex 15.9563 -29.5 -13.4158
      vertex 15.7872 -29.0842 -13.7957
      vertex 15.9135 -29.0842 -13.4067
    endloop
  endfacet
  facet normal 0.945921 0.103925 -0.307299
    outer loop
      vertex 15.8271 -29.5 -13.8135
      vertex 15.7872 -29.0842 -13.7957
      vertex 15.9563 -29.5 -13.4158
    endloop
  endfacet
  facet normal 0.861332 0.103942 -0.497296
    outer loop
      vertex 15.8271 -29.5 -13.8135
      vertex 15.5827 -29.0842 -14.1499
      vertex 15.7872 -29.0842 -13.7957
    endloop
  endfacet
  facet normal 0.994522 0.104523 0
    outer loop
      vertex 16 -29.5 1.95
      vertex 15.9563 -29.0842 -13
      vertex 15.9563 -29.0842 1.95
    endloop
  endfacet
  facet normal 0.994522 0.104523 0
    outer loop
      vertex 15.9563 -29.0842 -13
      vertex 16 -29.5 1.95
      vertex 16 -29.5 -13
    endloop
  endfacet
  facet normal 0.951071 0.308973 0
    outer loop
      vertex 15.9563 -29.0842 1.95
      vertex 15.8271 -28.6865 -13
      vertex 15.8271 -28.6865 1.95
    endloop
  endfacet
  facet normal 0.951071 0.308973 0
    outer loop
      vertex 15.8271 -28.6865 -13
      vertex 15.9563 -29.0842 1.95
      vertex 15.9563 -29.0842 -13
    endloop
  endfacet
  facet normal 0.180446 0.498077 -0.84815
    outer loop
      vertex 14.5646 -28.6865 -14.7377
      vertex 14.1691 -28.3244 -14.6092
      vertex 14.5 -28.3244 -14.5388
    endloop
  endfacet
  facet normal 0.18028 0.497937 -0.848268
    outer loop
      vertex 14.191 -28.6865 -14.8171
      vertex 14.1691 -28.3244 -14.6092
      vertex 14.5646 -28.6865 -14.7377
    endloop
  endfacet
  facet normal 0.404574 0.104036 -0.908568
    outer loop
      vertex 14.618 -29.5 -14.9021
      vertex 14.6045 -29.0842 -14.8605
      vertex 15 -29.5 -14.732
    endloop
  endfacet
  facet normal 0.206751 0.104044 -0.972846
    outer loop
      vertex 14.618 -29.5 -14.9021
      vertex 14.2091 -29.5 -14.989
      vertex 14.6045 -29.0842 -14.8605
    endloop
  endfacet
  facet normal 0.240285 0.912666 -0.330612
    outer loop
      vertex 14.5 -27.768 -13.866
      vertex 14.4135 -27.5979 -13.4593
      vertex 14.6691 -27.768 -13.7431
    endloop
  endfacet
  facet normal 0.303654 0.912671 -0.273543
    outer loop
      vertex 14.6691 -27.768 -13.7431
      vertex 14.4135 -27.5979 -13.4593
      vertex 14.809 -27.768 -13.5878
    endloop
  endfacet
  facet normal 0.645219 0.667104 -0.372377
    outer loop
      vertex 15.309 -28.3244 -13.9511
      vertex 15.0827 -28.0137 -13.7866
      vertex 15.4781 -28.3244 -13.6581
    endloop
  endfacet
  facet normal 0.354021 0.912655 -0.20428
    outer loop
      vertex 14.809 -27.768 -13.5878
      vertex 14.5646 -27.5979 -13.2514
      vertex 14.9135 -27.768 -13.4067
    endloop
  endfacet
  facet normal -0.353931 -0.912677 0.204336
    outer loop
      vertex -4.80902 -38.232 -6.41222
      vertex -4.91354 -38.232 -6.59326
      vertex -4.5646 -38.4021 -6.74862
    endloop
  endfacet
  facet normal -0.155252 -0.977929 -0.139824
    outer loop
      vertex -4.16913 -38.489 -13.1229
      vertex -4.5 -38.4021 -13.3633
      vertex -4.41354 -38.4021 -13.4593
    endloop
  endfacet
  facet normal -0.198707 -0.97793 0.06457
    outer loop
      vertex -4.5646 -38.4021 -6.74862
      vertex -4.60453 -38.4021 -6.8715
      vertex -4.19098 -38.489 -6.91497
    endloop
  endfacet
  facet normal -0.740872 -0.667119 0.0778509
    outer loop
      vertex -5.58268 -37.6756 -6.66359
      vertex -5.61803 -37.6756 -7
      vertex -5.33826 -37.9863 -7
    endloop
  endfacet
  facet normal -0.352731 -0.497935 0.792238
    outer loop
      vertex -4.5646 -37.3135 -5.26233
      vertex -4.91354 -37.3135 -5.41769
      vertex -4.80902 -37.6756 -5.59874
    endloop
  endfacet
  facet normal -0.861338 -0.103968 0.49728
    outer loop
      vertex -5.58268 -36.9158 -5.85012
      vertex -5.82709 -36.5 -6.18653
      vertex -5.78716 -36.9158 -6.2043
    endloop
  endfacet
  facet normal -0.994522 -0.104523 0
    outer loop
      vertex -5.9563 -36.9158 -13
      vertex -6 -36.5 -7
      vertex -6 -36.5 -13
    endloop
  endfacet
  facet normal -0.994522 -0.104523 0
    outer loop
      vertex -6 -36.5 -7
      vertex -5.9563 -36.9158 -13
      vertex -5.9563 -36.9158 -7
    endloop
  endfacet
  facet normal -0.406441 -0.912678 0.0427144
    outer loop
      vertex -4.97815 -38.232 -6.79209
      vertex -5 -38.232 -7
      vertex -4.60453 -38.4021 -6.8715
    endloop
  endfacet
  facet normal -0.509742 -0.497933 0.701588
    outer loop
      vertex -4.91354 -37.3135 -5.41769
      vertex -5.22256 -37.3135 -5.64221
      vertex -5.08268 -37.6756 -5.79757
    endloop
  endfacet
  facet normal -0.510785 -0.80755 0.294892
    outer loop
      vertex -4.80902 -38.232 -6.41222
      vertex -5.08268 -37.9863 -6.21339
      vertex -4.91354 -38.232 -6.59326
    endloop
  endfacet
  facet normal -0.154893 -0.667124 0.728666
    outer loop
      vertex -4.13989 -37.9863 -5.66907
      vertex -4.5 -37.6756 -5.46116
      vertex -4.41354 -37.9863 -5.72724
    endloop
  endfacet
  facet normal -0.560945 -0.807541 -0.18226
    outer loop
      vertex -4.97815 -38.232 -13.2079
      vertex -5.30902 -37.9863 -13.2782
      vertex -5.22256 -37.9863 -13.5443
    endloop
  endfacet
  facet normal -0.586573 -0.807547 -0.061648
    outer loop
      vertex -5 -38.232 -13
      vertex -5.33826 -37.9863 -13
      vertex -4.97815 -38.232 -13.2079
    endloop
  endfacet
  facet normal 0 -0.977925 -0.208954
    outer loop
      vertex -4.0646 -38.4021 -13.6146
      vertex 14.0219 -38.489 -13.2079
      vertex -4.02185 -38.489 -13.2079
    endloop
  endfacet
  facet normal 0 -0.977925 -0.208954
    outer loop
      vertex 14.0219 -38.489 -13.2079
      vertex -4.0646 -38.4021 -13.6146
      vertex 14.0646 -38.4021 -13.6146
    endloop
  endfacet
  facet normal -0.945898 -0.103972 0.307354
    outer loop
      vertex -5.82709 -36.5 -6.18653
      vertex -5.9563 -36.5 -6.58418
      vertex -5.78716 -36.9158 -6.2043
    endloop
  endfacet
  facet normal -0.861332 -0.103953 0.497294
    outer loop
      vertex -5.61803 -36.5 -5.82443
      vertex -5.82709 -36.5 -6.18653
      vertex -5.58268 -36.9158 -5.85012
    endloop
  endfacet
  facet normal -0.994523 0 0.104518
    outer loop
      vertex -6 1 -7
      vertex -5.9563 -3.58418 -6.58418
      vertex -5.9563 1 -6.58418
    endloop
  endfacet
  facet normal -0.994523 0 0.104518
    outer loop
      vertex -5.9563 -3.58418 -6.58418
      vertex -6 1 -7
      vertex -6 -4 -7
    endloop
  endfacet
  facet normal -0.994523 0 0.104518
    outer loop
      vertex -6 -36.5 -7
      vertex -5.9563 -12.4158 -6.58418
      vertex -6 -12 -7
    endloop
  endfacet
  facet normal -0.994523 0 0.104518
    outer loop
      vertex -5.9563 -12.4158 -6.58418
      vertex -6 -36.5 -7
      vertex -5.9563 -36.5 -6.58418
    endloop
  endfacet
  facet normal -0.207845 0 -0.978162
    outer loop
      vertex -4.61803 -36.5 -14.9021
      vertex -4.20906 1 -14.989
      vertex -4.20906 -36.5 -14.989
    endloop
  endfacet
  facet normal -0.207845 0 -0.978162
    outer loop
      vertex -4.20906 1 -14.989
      vertex -4.61803 -36.5 -14.9021
      vertex -4.61803 1 -14.9021
    endloop
  endfacet
  facet normal -0.559285 -0.307471 -0.769845
    outer loop
      vertex -4.91354 -37.3135 -14.5823
      vertex -5.22256 -37.3135 -14.3578
      vertex -4.97815 -36.9158 -14.6942
    endloop
  endfacet
  facet normal 0.198014 -0.307449 -0.930734
    outer loop
      vertex 14.6045 -36.9158 -14.8605
      vertex 14.191 -37.3135 -14.8171
      vertex 14.2045 -36.9158 -14.9456
    endloop
  endfacet
  facet normal 0.509846 -0.497833 -0.701583
    outer loop
      vertex 15.0827 -37.6756 -14.2024
      vertex 14.809 -37.6756 -14.4013
      vertex 14.9135 -37.3135 -14.5823
    endloop
  endfacet
  facet normal 0.584572 -0.104085 -0.804638
    outer loop
      vertex 15.309 -36.9158 -14.4538
      vertex 14.9781 -36.9158 -14.6942
      vertex 15.3383 -36.5 -14.4863
    endloop
  endfacet
  facet normal 0.207879 0 -0.978155
    outer loop
      vertex 14.2091 -36.5 -14.989
      vertex 14.618 -29.5 -14.9021
      vertex 14.618 -36.5 -14.9021
    endloop
  endfacet
  facet normal 0.207879 0 -0.978155
    outer loop
      vertex 14.618 -29.5 -14.9021
      vertex 14.2091 -36.5 -14.989
      vertex 14.2091 -29.5 -14.989
    endloop
  endfacet
  facet normal 0.207786 0.977928 -0.0219727
    outer loop
      vertex 14.6045 -27.5979 -13.1285
      vertex 14.2045 -27.511 -13.0435
      vertex 14.2091 -27.511 -13
    endloop
  endfacet
  facet normal 0.180935 0.977932 -0.104454
    outer loop
      vertex 14.5 -27.5979 -13.3633
      vertex 14.1691 -27.511 -13.1229
      vertex 14.5646 -27.5979 -13.2514
    endloop
  endfacet
  facet normal 0.0435565 0.977922 -0.204381
    outer loop
      vertex 14.0646 -27.5979 -13.6146
      vertex 14.0219 -27.511 -13.2079
      vertex 14.0646 -27.511 -13.1988
    endloop
  endfacet
  facet normal 0.0850595 0.977933 -0.190818
    outer loop
      vertex 14.191 -27.5979 -13.5878
      vertex 14.1045 -27.511 -13.181
      vertex 14.309 -27.5979 -13.5352
    endloop
  endfacet
  facet normal 0.16638 0.912691 -0.373247
    outer loop
      vertex 14.5 -27.768 -13.866
      vertex 14.191 -27.5979 -13.5878
      vertex 14.309 -27.5979 -13.5352
    endloop
  endfacet
  facet normal -0.861331 -0.103965 -0.497293
    outer loop
      vertex -5.58268 -36.9158 -14.1499
      vertex -5.82709 -36.5 -13.8135
      vertex -5.61803 -36.5 -14.1756
    endloop
  endfacet
  facet normal -0.740872 -0.667119 -0.0778532
    outer loop
      vertex -5.33826 -37.9863 -13
      vertex -5.61803 -37.6756 -13
      vertex -5.58268 -37.6756 -13.3364
    endloop
  endfacet
  facet normal -0.945909 -0.104001 -0.307311
    outer loop
      vertex -5.91354 -36.9158 -13.4067
      vertex -5.9563 -36.5 -13.4158
      vertex -5.78716 -36.9158 -13.7957
    endloop
  endfacet
  facet normal -0.180948 -0.97793 0.104457
    outer loop
      vertex -4.16913 -38.489 -6.87712
      vertex -4.5646 -38.4021 -6.74862
      vertex -4.19098 -38.489 -6.91497
    endloop
  endfacet
  facet normal -0.240262 -0.912662 -0.330639
    outer loop
      vertex -4.41354 -38.4021 -13.4593
      vertex -4.66913 -38.232 -13.7431
      vertex -4.5 -38.232 -13.866
    endloop
  endfacet
  facet normal -0.388684 -0.91267 -0.126322
    outer loop
      vertex -4.5646 -38.4021 -13.2514
      vertex -4.97815 -38.232 -13.2079
      vertex -4.91354 -38.232 -13.4067
    endloop
  endfacet
  facet normal -0.5846 -0.103966 0.804633
    outer loop
      vertex -5 -36.5 -5.26795
      vertex -5.33826 -36.5 -5.51371
      vertex -4.97815 -36.9158 -5.3058
    endloop
  endfacet
  facet normal -0.197838 -0.307459 0.930768
    outer loop
      vertex -4.20449 -36.9158 -5.05442
      vertex -4.60453 -36.9158 -5.13945
      vertex -4.19098 -37.3135 -5.18292
    endloop
  endfacet
  facet normal -0.206783 -0.103956 0.972848
    outer loop
      vertex -4.20906 -36.5 -5.01096
      vertex -4.60453 -36.9158 -5.13945
      vertex -4.20449 -36.9158 -5.05442
    endloop
  endfacet
  facet normal -0.0849885 -0.912683 0.399734
    outer loop
      vertex -4.0646 -38.4021 -6.38535
      vertex -4.30902 -38.232 -6.04894
      vertex -4.19098 -38.4021 -6.41222
    endloop
  endfacet
  facet normal -0.0849589 -0.912677 0.399753
    outer loop
      vertex -4.10453 -38.232 -6.00548
      vertex -4.30902 -38.232 -6.04894
      vertex -4.0646 -38.4021 -6.38535
    endloop
  endfacet
  facet normal 0.388719 -0.912673 -0.126199
    outer loop
      vertex 14.6045 -38.4021 -13.1285
      vertex 14.5646 -38.4021 -13.2514
      vertex 14.9781 -38.232 -13.2079
    endloop
  endfacet
  facet normal 0.0847659 -0.912678 -0.399791
    outer loop
      vertex 14.191 -38.4021 -13.5878
      vertex 14.0646 -38.4021 -13.6146
      vertex 14.309 -38.232 -13.9511
    endloop
  endfacet
  facet normal -0.180944 -0.977929 0.104468
    outer loop
      vertex -4.5 -38.4021 -6.63673
      vertex -4.5646 -38.4021 -6.74862
      vertex -4.16913 -38.489 -6.87712
    endloop
  endfacet
  facet normal 0.587645 -0.809119 0
    outer loop
      vertex 15 -38.232 -13
      vertex 15.3383 -37.9863 1.95
      vertex 15 -38.232 1.95
    endloop
  endfacet
  facet normal 0.587645 -0.809119 0
    outer loop
      vertex 15.3383 -37.9863 1.95
      vertex 15 -38.232 -13
      vertex 15.3383 -37.9863 -13
    endloop
  endfacet
  facet normal 0.824702 -0.497959 -0.26815
    outer loop
      vertex 15.5827 -37.6756 -13.3364
      vertex 15.4781 -37.6756 -13.6581
      vertex 15.6691 -37.3135 -13.7431
    endloop
  endfacet
  facet normal 0.560943 -0.807571 -0.182133
    outer loop
      vertex 15.309 -37.9863 -13.2782
      vertex 14.9781 -38.232 -13.2079
      vertex 15.2226 -37.9863 -13.5443
    endloop
  endfacet
  facet normal 0.0433343 -0.977931 -0.204383
    outer loop
      vertex 14.0646 -38.489 -13.1988
      vertex 14.0646 -38.4021 -13.6146
      vertex 14.191 -38.4021 -13.5878
    endloop
  endfacet
  facet normal 0.387185 -0.307263 -0.869297
    outer loop
      vertex 14.9135 -37.3135 -14.5823
      vertex 14.5646 -37.3135 -14.7377
      vertex 14.6045 -36.9158 -14.8605
    endloop
  endfacet
  facet normal 0.166324 -0.912679 -0.373301
    outer loop
      vertex 14.5 -38.232 -13.866
      vertex 14.191 -38.4021 -13.5878
      vertex 14.309 -38.232 -13.9511
    endloop
  endfacet
  facet normal 0.240285 -0.912666 -0.330612
    outer loop
      vertex 14.6691 -38.232 -13.7431
      vertex 14.4135 -38.4021 -13.4593
      vertex 14.5 -38.232 -13.866
    endloop
  endfacet
  facet normal 0.861332 -0.103942 -0.497296
    outer loop
      vertex 15.7872 -36.9158 -13.7957
      vertex 15.5827 -36.9158 -14.1499
      vertex 15.8271 -36.5 -13.8135
    endloop
  endfacet
  facet normal 0.905006 -0.307611 -0.293836
    outer loop
      vertex 15.9135 -36.9158 -13.4067
      vertex 15.6691 -37.3135 -13.7431
      vertex 15.7872 -36.9158 -13.7957
    endloop
  endfacet
  facet normal 0.861299 -0.103863 -0.49737
    outer loop
      vertex 15.8271 -36.5 -13.8135
      vertex 15.5827 -36.9158 -14.1499
      vertex 15.618 -36.5 -14.1756
    endloop
  endfacet
  facet normal 0.865982 0 -0.500074
    outer loop
      vertex 15.8271 -36.5 -13.8135
      vertex 15.618 -29.5 -14.1756
      vertex 15.8271 -29.5 -13.8135
    endloop
  endfacet
  facet normal 0.865982 0 -0.500074
    outer loop
      vertex 15.618 -29.5 -14.1756
      vertex 15.8271 -36.5 -13.8135
      vertex 15.618 -36.5 -14.1756
    endloop
  endfacet
  facet normal 0.824027 -0.307625 -0.475758
    outer loop
      vertex 15.6691 -37.3135 -13.7431
      vertex 15.5827 -36.9158 -14.1499
      vertex 15.7872 -36.9158 -13.7957
    endloop
  endfacet
  facet normal 0.824011 -0.307645 -0.475774
    outer loop
      vertex 15.6691 -37.3135 -13.7431
      vertex 15.4781 -37.3135 -14.0739
      vertex 15.5827 -36.9158 -14.1499
    endloop
  endfacet
  facet normal 0.707099 -0.30734 -0.636831
    outer loop
      vertex 15.5827 -36.9158 -14.1499
      vertex 15.2226 -37.3135 -14.3578
      vertex 15.309 -36.9158 -14.4538
    endloop
  endfacet
  facet normal 0.707256 -0.307652 -0.636505
    outer loop
      vertex 15.4781 -37.3135 -14.0739
      vertex 15.2226 -37.3135 -14.3578
      vertex 15.5827 -36.9158 -14.1499
    endloop
  endfacet
  facet normal 0.743211 0 -0.669057
    outer loop
      vertex 15.618 -36.5 -14.1756
      vertex 15.3383 -29.5 -14.4863
      vertex 15.618 -29.5 -14.1756
    endloop
  endfacet
  facet normal 0.743211 0 -0.669057
    outer loop
      vertex 15.3383 -29.5 -14.4863
      vertex 15.618 -36.5 -14.1756
      vertex 15.3383 -36.5 -14.4863
    endloop
  endfacet
  facet normal 0.73919 0.103884 -0.665437
    outer loop
      vertex 15.618 -29.5 -14.1756
      vertex 15.3383 -29.5 -14.4863
      vertex 15.5827 -29.0842 -14.1499
    endloop
  endfacet
  facet normal 0.739026 -0.1041 -0.665585
    outer loop
      vertex 15.5827 -36.9158 -14.1499
      vertex 15.309 -36.9158 -14.4538
      vertex 15.3383 -36.5 -14.4863
    endloop
  endfacet
  facet normal 0.559315 -0.307349 -0.769872
    outer loop
      vertex 15.2226 -37.3135 -14.3578
      vertex 14.9781 -36.9158 -14.6942
      vertex 15.309 -36.9158 -14.4538
    endloop
  endfacet
  facet normal 0.951071 -0.308973 0
    outer loop
      vertex 15.8271 -37.3135 1.95
      vertex 15.9563 -36.9158 -13
      vertex 15.9563 -36.9158 1.95
    endloop
  endfacet
  facet normal 0.951071 -0.308973 0
    outer loop
      vertex 15.9563 -36.9158 -13
      vertex 15.8271 -37.3135 1.95
      vertex 15.8271 -37.3135 -13
    endloop
  endfacet
  facet normal 0.862455 -0.497963 -0.0905816
    outer loop
      vertex 15.8271 -37.3135 -13
      vertex 15.5827 -37.6756 -13.3364
      vertex 15.7872 -37.3135 -13.3799
    endloop
  endfacet
  facet normal 0.743211 -0.669057 0
    outer loop
      vertex 15.3383 -37.9863 1.95
      vertex 15.618 -37.6756 -13
      vertex 15.618 -37.6756 1.95
    endloop
  endfacet
  facet normal 0.743211 -0.669057 0
    outer loop
      vertex 15.618 -37.6756 -13
      vertex 15.3383 -37.9863 1.95
      vertex 15.3383 -37.9863 -13
    endloop
  endfacet
  facet normal 0.905006 0.307611 -0.293836
    outer loop
      vertex 15.7872 -29.0842 -13.7957
      vertex 15.6691 -28.6865 -13.7431
      vertex 15.9135 -29.0842 -13.4067
    endloop
  endfacet
  facet normal 0.824027 0.307625 -0.475758
    outer loop
      vertex 15.7872 -29.0842 -13.7957
      vertex 15.5827 -29.0842 -14.1499
      vertex 15.6691 -28.6865 -13.7431
    endloop
  endfacet
  facet normal 0.644581 0.497996 -0.5801
    outer loop
      vertex 15.2226 -28.6865 -14.3578
      vertex 15.0827 -28.3244 -14.2024
      vertex 15.4781 -28.6865 -14.0739
    endloop
  endfacet
  facet normal 0.404459 0.103906 -0.908634
    outer loop
      vertex 15 -29.5 -14.732
      vertex 14.6045 -29.0842 -14.8605
      vertex 14.9781 -29.0842 -14.6942
    endloop
  endfacet
  facet normal 0 0.667201 -0.744878
    outer loop
      vertex 14.1691 -28.3244 -14.6092
      vertex 3.47815 -28.0137 -14.3309
      vertex 14.1399 -28.0137 -14.3309
    endloop
  endfacet
  facet normal -8.90727e-07 0.667184 -0.744893
    outer loop
      vertex 14.1691 -28.3244 -14.6092
      vertex 3.33826 -28.1872 -14.4863
      vertex 3.47815 -28.0137 -14.3309
    endloop
  endfacet
  facet normal 0 0.667223 -0.744858
    outer loop
      vertex 3.33826 -28.1872 -14.4863
      vertex 14.1691 -28.3244 -14.6092
      vertex 3.16913 -28.3244 -14.6092
    endloop
  endfacet
  facet normal 0.198014 0.307449 -0.930734
    outer loop
      vertex 14.2045 -29.0842 -14.9456
      vertex 14.191 -28.6865 -14.8171
      vertex 14.6045 -29.0842 -14.8605
    endloop
  endfacet
  facet normal 0.206968 0.10383 -0.972822
    outer loop
      vertex 14.2091 -29.5 -14.989
      vertex 14.2045 -29.0842 -14.9456
      vertex 14.6045 -29.0842 -14.8605
    endloop
  endfacet
  facet normal 0.155216 0.977931 -0.139856
    outer loop
      vertex 14.4135 -27.5979 -13.4593
      vertex 14.1691 -27.511 -13.1229
      vertex 14.5 -27.5979 -13.3633
    endloop
  endfacet
  facet normal 0 -0.97793 0.208935
    outer loop
      vertex -4.02185 -38.489 -6.79209
      vertex 1.38197 -38.4021 -6.38535
      vertex -4.0646 -38.4021 -6.38535
    endloop
  endfacet
  facet normal 0 -0.97793 0.208935
    outer loop
      vertex 1.38197 -38.4021 -6.38535
      vertex -4.02185 -38.489 -6.79209
      vertex 1.79094 -38.489 -6.79209
    endloop
  endfacet
  facet normal -0.0434549 -0.977929 0.204367
    outer loop
      vertex -4.0646 -38.4021 -6.38535
      vertex -4.0646 -38.489 -6.80118
      vertex -4.02185 -38.489 -6.79209
    endloop
  endfacet
  facet normal 0.198717 -0.977923 -0.0646429
    outer loop
      vertex 14.2045 -38.489 -13.0435
      vertex 14.191 -38.489 -13.085
      vertex 14.6045 -38.4021 -13.1285
    endloop
  endfacet
  facet normal -0.155341 -0.977925 -0.139759
    outer loop
      vertex -4.16913 -38.489 -13.1229
      vertex -4.41354 -38.4021 -13.4593
      vertex -4.13989 -38.489 -13.1554
    endloop
  endfacet
  facet normal 0.346739 -0.807566 -0.477084
    outer loop
      vertex 14.6691 -38.232 -13.7431
      vertex 14.5 -38.232 -13.866
      vertex 14.6691 -37.9863 -14.159
    endloop
  endfacet
  facet normal 0.180935 -0.977932 -0.104454
    outer loop
      vertex 14.5646 -38.4021 -13.2514
      vertex 14.1691 -38.489 -13.1229
      vertex 14.5 -38.4021 -13.3633
    endloop
  endfacet
  facet normal -0.353926 -0.912678 0.20434
    outer loop
      vertex -4.5 -38.4021 -6.63673
      vertex -4.80902 -38.232 -6.41222
      vertex -4.5646 -38.4021 -6.74862
    endloop
  endfacet
  facet normal -0.406437 -0.91268 0.0426997
    outer loop
      vertex -4.60453 -38.4021 -6.8715
      vertex -5 -38.232 -7
      vertex -4.61803 -38.4021 -7
    endloop
  endfacet
  facet normal -0.207795 -0.977929 0.0218306
    outer loop
      vertex -4.60453 -38.4021 -6.8715
      vertex -4.61803 -38.4021 -7
      vertex -4.20906 -38.489 -7
    endloop
  endfacet
  facet normal -0.559321 -0.307452 0.769827
    outer loop
      vertex -4.97815 -36.9158 -5.3058
      vertex -5.22256 -37.3135 -5.64221
      vertex -4.91354 -37.3135 -5.41769
    endloop
  endfacet
  facet normal -0.553593 -0.667126 0.498476
    outer loop
      vertex -5.08268 -37.6756 -5.79757
      vertex -5.08268 -37.9863 -6.21339
      vertex -4.89547 -37.9863 -6.00548
    endloop
  endfacet
  facet normal -0.303705 -0.912678 0.273463
    outer loop
      vertex -4.66913 -38.232 -6.25686
      vertex -4.80902 -38.232 -6.41222
      vertex -4.41354 -38.4021 -6.54071
    endloop
  endfacet
  facet normal -0.824088 -0.307447 0.475769
    outer loop
      vertex -5.58268 -36.9158 -5.85012
      vertex -5.66913 -37.3135 -6.25686
      vertex -5.47815 -37.3135 -5.92606
    endloop
  endfacet
  facet normal -0.946349 -0.30745 0.0994883
    outer loop
      vertex -5.91354 -36.9158 -6.59326
      vertex -5.9563 -36.9158 -7
      vertex -5.78716 -37.3135 -6.62013
    endloop
  endfacet
  facet normal -0.989135 -0.103957 0.103952
    outer loop
      vertex -5.9563 -36.5 -6.58418
      vertex -6 -36.5 -7
      vertex -5.9563 -36.9158 -7
    endloop
  endfacet
  facet normal -0.509744 -0.497931 0.701588
    outer loop
      vertex -4.91354 -37.3135 -5.41769
      vertex -5.08268 -37.6756 -5.79757
      vertex -4.80902 -37.6756 -5.59874
    endloop
  endfacet
  facet normal -0.951064 -0.308994 0
    outer loop
      vertex -5.82709 -37.3135 -13
      vertex -5.9563 -36.9158 -7
      vertex -5.9563 -36.9158 -13
    endloop
  endfacet
  facet normal -0.951064 -0.308994 0
    outer loop
      vertex -5.9563 -36.9158 -7
      vertex -5.82709 -37.3135 -13
      vertex -5.82709 -37.3135 -7
    endloop
  endfacet
  facet normal -0.586572 -0.807548 0.0616424
    outer loop
      vertex -5.30902 -37.9863 -6.72176
      vertex -5.33826 -37.9863 -7
      vertex -4.97815 -38.232 -6.79209
    endloop
  endfacet
  facet normal -0.586573 -0.807547 0.0616451
    outer loop
      vertex -4.97815 -38.232 -6.79209
      vertex -5.33826 -37.9863 -7
      vertex -5 -38.232 -7
    endloop
  endfacet
  facet normal -0.553503 -0.667163 -0.498527
    outer loop
      vertex -5.08268 -37.9863 -13.7866
      vertex -5.30902 -37.6756 -13.9511
      vertex -5.08268 -37.6756 -14.2024
    endloop
  endfacet
  facet normal -0.824777 -0.497917 -0.267995
    outer loop
      vertex -5.58268 -37.6756 -13.3364
      vertex -5.66913 -37.3135 -13.7431
      vertex -5.47815 -37.6756 -13.6581
    endloop
  endfacet
  facet normal -0.180986 -0.977935 -0.104342
    outer loop
      vertex -4.19098 -38.489 -13.085
      vertex -4.5646 -38.4021 -13.2514
      vertex -4.16913 -38.489 -13.1229
    endloop
  endfacet
  facet normal -0.166337 -0.912685 -0.373279
    outer loop
      vertex -4.30902 -38.4021 -13.5352
      vertex -4.5 -38.232 -13.866
      vertex -4.19098 -38.4021 -13.5878
    endloop
  endfacet
  facet normal -0.946347 -0.307462 0.0994751
    outer loop
      vertex -5.78716 -37.3135 -6.62013
      vertex -5.9563 -36.9158 -7
      vertex -5.82709 -37.3135 -7
    endloop
  endfacet
  facet normal -0.824084 -0.307451 0.475772
    outer loop
      vertex -5.58268 -36.9158 -5.85012
      vertex -5.78716 -36.9158 -6.2043
      vertex -5.66913 -37.3135 -6.25686
    endloop
  endfacet
  facet normal -0.180462 -0.498078 -0.848146
    outer loop
      vertex -4.5 -37.6756 -14.5388
      vertex -4.5646 -37.3135 -14.7377
      vertex -4.16913 -37.6756 -14.6092
    endloop
  endfacet
  facet normal -0.352515 -0.49807 -0.79225
    outer loop
      vertex -4.5 -37.6756 -14.5388
      vertex -4.80902 -37.6756 -14.4013
      vertex -4.5646 -37.3135 -14.7377
    endloop
  endfacet
  facet normal -0.707173 -0.307535 -0.636655
    outer loop
      vertex -5.47815 -37.3135 -14.0739
      vertex -5.58268 -36.9158 -14.1499
      vertex -5.22256 -37.3135 -14.3578
    endloop
  endfacet
  facet normal -0.352826 -0.497856 -0.792246
    outer loop
      vertex -4.80902 -37.6756 -14.4013
      vertex -4.91354 -37.3135 -14.5823
      vertex -4.5646 -37.3135 -14.7377
    endloop
  endfacet
  facet normal -0.739083 -0.103994 -0.665539
    outer loop
      vertex -5.30902 -36.9158 -14.4538
      vertex -5.58268 -36.9158 -14.1499
      vertex -5.33826 -36.5 -14.4863
    endloop
  endfacet
  facet normal -0.559333 -0.307426 -0.769828
    outer loop
      vertex -5.22256 -37.3135 -14.3578
      vertex -5.30902 -36.9158 -14.4538
      vertex -4.97815 -36.9158 -14.6942
    endloop
  endfacet
  facet normal -0.404443 -0.103857 -0.908647
    outer loop
      vertex -4.97815 -36.9158 -14.6942
      vertex -5 -36.5 -14.732
      vertex -4.60453 -36.9158 -14.8605
    endloop
  endfacet
  facet normal -0.386944 -0.307465 -0.869333
    outer loop
      vertex -4.91354 -37.3135 -14.5823
      vertex -4.97815 -36.9158 -14.6942
      vertex -4.60453 -36.9158 -14.8605
    endloop
  endfacet
  facet normal 0 0.103813 -0.994597
    outer loop
      vertex 14.2091 -29.5 -14.989
      vertex 2.41355 -29.0842 -14.9456
      vertex 14.2045 -29.0842 -14.9456
    endloop
  endfacet
  facet normal 0 0.103813 -0.994597
    outer loop
      vertex 2.41355 -29.0842 -14.9456
      vertex 14.2091 -29.5 -14.989
      vertex 2.20906 -29.5 -14.989
    endloop
  endfacet
  facet normal 0 -0.307457 -0.951562
    outer loop
      vertex -4.19098 -37.3135 -14.8171
      vertex 14.2045 -36.9158 -14.9456
      vertex 14.191 -37.3135 -14.8171
    endloop
  endfacet
  facet normal -0 -0.307457 -0.951562
    outer loop
      vertex 14.2045 -36.9158 -14.9456
      vertex -4.19098 -37.3135 -14.8171
      vertex -4.20449 -36.9158 -14.9456
    endloop
  endfacet
  facet normal 0.206751 -0.104044 -0.972846
    outer loop
      vertex 14.6045 -36.9158 -14.8605
      vertex 14.2091 -36.5 -14.989
      vertex 14.618 -36.5 -14.9021
    endloop
  endfacet
  facet normal 0.404574 -0.104036 -0.908568
    outer loop
      vertex 15 -36.5 -14.732
      vertex 14.6045 -36.9158 -14.8605
      vertex 14.618 -36.5 -14.9021
    endloop
  endfacet
  facet normal -0.35398 -0.912667 -0.204296
    outer loop
      vertex -4.5646 -38.4021 -13.2514
      vertex -4.91354 -38.232 -13.4067
      vertex -4.80902 -38.232 -13.5878
    endloop
  endfacet
  facet normal -0.560911 -0.807556 -0.182296
    outer loop
      vertex -4.97815 -38.232 -13.2079
      vertex -5.22256 -37.9863 -13.5443
      vertex -4.91354 -38.232 -13.4067
    endloop
  endfacet
  facet normal -0.122497 -0.807535 -0.576959
    outer loop
      vertex -4.30902 -38.232 -13.9511
      vertex -4.41354 -37.9863 -14.2728
      vertex -4.13989 -37.9863 -14.3309
    endloop
  endfacet
  facet normal -0.122449 -0.80755 -0.576948
    outer loop
      vertex -4.10453 -38.232 -13.9945
      vertex -4.30902 -38.232 -13.9511
      vertex -4.13989 -37.9863 -14.3309
    endloop
  endfacet
  facet normal -0.0850666 -0.977931 -0.190826
    outer loop
      vertex -4.10453 -38.489 -13.181
      vertex -4.19098 -38.4021 -13.5878
      vertex -4.0646 -38.489 -13.1988
    endloop
  endfacet
  facet normal -0.155286 -0.977928 0.139795
    outer loop
      vertex -4.13989 -38.489 -6.84464
      vertex -4.41354 -38.4021 -6.54071
      vertex -4.16913 -38.489 -6.87712
    endloop
  endfacet
  facet normal -0.19869 -0.977926 -0.0646818
    outer loop
      vertex -4.20449 -38.489 -13.0435
      vertex -4.60453 -38.4021 -13.1285
      vertex -4.19098 -38.489 -13.085
    endloop
  endfacet
  facet normal -0.406729 0 0.913549
    outer loop
      vertex -5 1 -5.26795
      vertex -4.61803 -2.09789 -5.09789
      vertex -4.61803 1 -5.09789
    endloop
  endfacet
  facet normal -0.406729 0 0.913549
    outer loop
      vertex -4.61803 -2.09789 -5.09789
      vertex -5 1 -5.26795
      vertex -5 -2.26795 -5.26795
    endloop
  endfacet
  facet normal -0.406729 0 0.913549
    outer loop
      vertex -5 -36.5 -5.26795
      vertex -4.61803 -13.9021 -5.09789
      vertex -5 -13.732 -5.26795
    endloop
  endfacet
  facet normal -0.406729 0 0.913549
    outer loop
      vertex -4.61803 -13.9021 -5.09789
      vertex -5 -36.5 -5.26795
      vertex -4.61803 -36.5 -5.09789
    endloop
  endfacet
  facet normal -0.584598 -0.103964 0.804634
    outer loop
      vertex -4.97815 -36.9158 -5.3058
      vertex -5.33826 -36.5 -5.51371
      vertex -5.30902 -36.9158 -5.54619
    endloop
  endfacet
  facet normal -0.739118 -0.103962 0.665505
    outer loop
      vertex -5.33826 -36.5 -5.51371
      vertex -5.58268 -36.9158 -5.85012
      vertex -5.30902 -36.9158 -5.54619
    endloop
  endfacet
  facet normal 0.388724 -0.912654 -0.126316
    outer loop
      vertex 14.9781 -38.232 -13.2079
      vertex 14.5646 -38.4021 -13.2514
      vertex 14.9135 -38.232 -13.4067
    endloop
  endfacet
  facet normal 0.354021 -0.912655 -0.20428
    outer loop
      vertex 14.9135 -38.232 -13.4067
      vertex 14.5646 -38.4021 -13.2514
      vertex 14.809 -38.232 -13.5878
    endloop
  endfacet
  facet normal 0.406441 -0.912673 -0.0428141
    outer loop
      vertex 15 -38.232 -13
      vertex 14.6045 -38.4021 -13.1285
      vertex 14.9781 -38.232 -13.2079
    endloop
  endfacet
  facet normal 0.406411 -0.912692 -0.0426969
    outer loop
      vertex 14.618 -38.4021 -13
      vertex 14.6045 -38.4021 -13.1285
      vertex 15 -38.232 -13
    endloop
  endfacet
  facet normal -0.0435057 -0.977924 -0.204381
    outer loop
      vertex -4.0646 -38.489 -13.1988
      vertex -4.0646 -38.4021 -13.6146
      vertex -4.02185 -38.489 -13.2079
    endloop
  endfacet
  facet normal -0.198706 -0.977929 0.0645782
    outer loop
      vertex -4.19098 -38.489 -6.91497
      vertex -4.60453 -38.4021 -6.8715
      vertex -4.20449 -38.489 -6.95654
    endloop
  endfacet
  facet normal -0.0847769 -0.912682 -0.39978
    outer loop
      vertex -4.19098 -38.4021 -13.5878
      vertex -4.30902 -38.232 -13.9511
      vertex -4.0646 -38.4021 -13.6146
    endloop
  endfacet
  facet normal -0.0848391 -0.912694 -0.399741
    outer loop
      vertex -4.0646 -38.4021 -13.6146
      vertex -4.30902 -38.232 -13.9511
      vertex -4.10453 -38.232 -13.9945
    endloop
  endfacet
  facet normal 0 -0.912689 -0.408656
    outer loop
      vertex -4.10453 -38.232 -13.9945
      vertex 14.0646 -38.4021 -13.6146
      vertex -4.0646 -38.4021 -13.6146
    endloop
  endfacet
  facet normal 0 -0.912689 -0.408656
    outer loop
      vertex 14.0646 -38.4021 -13.6146
      vertex -4.10453 -38.232 -13.9945
      vertex 14.1045 -38.232 -13.9945
    endloop
  endfacet
  facet normal 0.708474 -0.667195 -0.230034
    outer loop
      vertex 15.309 -37.9863 -13.2782
      vertex 15.2226 -37.9863 -13.5443
      vertex 15.5827 -37.6756 -13.3364
    endloop
  endfacet
  facet normal 0.740792 -0.667188 -0.0780201
    outer loop
      vertex 15.3383 -37.9863 -13
      vertex 15.309 -37.9863 -13.2782
      vertex 15.5827 -37.6756 -13.3364
    endloop
  endfacet
  facet normal 0.303654 -0.912671 -0.273543
    outer loop
      vertex 14.809 -38.232 -13.5878
      vertex 14.4135 -38.4021 -13.4593
      vertex 14.6691 -38.232 -13.7431
    endloop
  endfacet
  facet normal 0.437926 -0.667138 -0.602617
    outer loop
      vertex 15.0827 -37.6756 -14.2024
      vertex 14.6691 -37.9863 -14.159
      vertex 14.809 -37.6756 -14.4013
    endloop
  endfacet
  facet normal 0.438252 -0.807597 -0.394616
    outer loop
      vertex 15.0827 -37.9863 -13.7866
      vertex 14.6691 -38.232 -13.7431
      vertex 14.8955 -37.9863 -13.9945
    endloop
  endfacet
  facet normal 0.644488 -0.497798 -0.580373
    outer loop
      vertex 15.309 -37.6756 -13.9511
      vertex 15.0827 -37.6756 -14.2024
      vertex 15.4781 -37.3135 -14.0739
    endloop
  endfacet
  facet normal 0.437897 -0.667107 -0.602673
    outer loop
      vertex 14.8955 -37.9863 -13.9945
      vertex 14.6691 -37.9863 -14.159
      vertex 15.0827 -37.6756 -14.2024
    endloop
  endfacet
  facet normal 0.15501 -0.66718 -0.72859
    outer loop
      vertex 14.5 -37.6756 -14.5388
      vertex 14.1399 -37.9863 -14.3309
      vertex 14.1691 -37.6756 -14.6092
    endloop
  endfacet
  facet normal 0.15546 -0.977918 -0.139675
    outer loop
      vertex 14.1691 -38.489 -13.1229
      vertex 14.1399 -38.489 -13.1554
      vertex 14.4135 -38.4021 -13.4593
    endloop
  endfacet
  facet normal 0.824692 -0.497969 -0.268161
    outer loop
      vertex 15.7872 -37.3135 -13.3799
      vertex 15.5827 -37.6756 -13.3364
      vertex 15.6691 -37.3135 -13.7431
    endloop
  endfacet
  facet normal 0.904992 -0.307234 -0.294272
    outer loop
      vertex 15.7872 -37.3135 -13.3799
      vertex 15.6691 -37.3135 -13.7431
      vertex 15.9135 -36.9158 -13.4067
    endloop
  endfacet
  facet normal 0.824692 0.497969 -0.268161
    outer loop
      vertex 15.6691 -28.6865 -13.7431
      vertex 15.5827 -28.3244 -13.3364
      vertex 15.7872 -28.6865 -13.3799
    endloop
  endfacet
  facet normal 0.862455 0.497963 -0.0905816
    outer loop
      vertex 15.7872 -28.6865 -13.3799
      vertex 15.5827 -28.3244 -13.3364
      vertex 15.8271 -28.6865 -13
    endloop
  endfacet
  facet normal 0.553606 0.667107 -0.498485
    outer loop
      vertex 15.0827 -28.3244 -14.2024
      vertex 14.8955 -28.0137 -13.9945
      vertex 15.0827 -28.0137 -13.7866
    endloop
  endfacet
  facet normal 0.751161 0.497812 -0.43352
    outer loop
      vertex 15.4781 -28.6865 -14.0739
      vertex 15.309 -28.3244 -13.9511
      vertex 15.4781 -28.3244 -13.6581
    endloop
  endfacet
  facet normal 0.352535 0.498069 -0.792242
    outer loop
      vertex 14.5646 -28.6865 -14.7377
      vertex 14.5 -28.3244 -14.5388
      vertex 14.809 -28.3244 -14.4013
    endloop
  endfacet
  facet normal 0.303023 0.667049 -0.680604
    outer loop
      vertex 14.5 -28.3244 -14.5388
      vertex 14.4135 -28.0137 -14.2728
      vertex 14.6691 -28.0137 -14.159
    endloop
  endfacet
  facet normal 0.437897 0.667107 -0.602673
    outer loop
      vertex 15.0827 -28.3244 -14.2024
      vertex 14.6691 -28.0137 -14.159
      vertex 14.8955 -28.0137 -13.9945
    endloop
  endfacet
  facet normal 0.346656 0.807593 -0.477099
    outer loop
      vertex 14.8955 -28.0137 -13.9945
      vertex 14.6691 -28.0137 -14.159
      vertex 14.6691 -27.768 -13.7431
    endloop
  endfacet
  facet normal 0.645209 0.667027 -0.372533
    outer loop
      vertex 15.4781 -28.3244 -13.6581
      vertex 15.0827 -28.0137 -13.7866
      vertex 15.2226 -28.0137 -13.5443
    endloop
  endfacet
  facet normal 0.55357 0.667126 -0.4985
    outer loop
      vertex 15.309 -28.3244 -13.9511
      vertex 15.0827 -28.3244 -14.2024
      vertex 15.0827 -28.0137 -13.7866
    endloop
  endfacet
  facet normal 0 0.497918 -0.867224
    outer loop
      vertex 14.191 -28.6865 -14.8171
      vertex 3.16913 -28.3244 -14.6092
      vertex 14.1691 -28.3244 -14.6092
    endloop
  endfacet
  facet normal -8.86006e-06 0.497715 -0.867341
    outer loop
      vertex 14.191 -28.6865 -14.8171
      vertex 3 -28.5384 -14.732
      vertex 3.16913 -28.3244 -14.6092
    endloop
  endfacet
  facet normal 0 0.498218 -0.867052
    outer loop
      vertex 3 -28.5384 -14.732
      vertex 14.191 -28.6865 -14.8171
      vertex 2.80902 -28.6865 -14.8171
    endloop
  endfacet
  facet normal -0.155268 -0.977929 0.139809
    outer loop
      vertex -4.41354 -38.4021 -6.54071
      vertex -4.5 -38.4021 -6.63673
      vertex -4.16913 -38.489 -6.87712
    endloop
  endfacet
  facet normal 0.0851207 -0.977931 -0.190804
    outer loop
      vertex 14.1045 -38.489 -13.181
      vertex 14.0646 -38.489 -13.1988
      vertex 14.191 -38.4021 -13.5878
    endloop
  endfacet
  facet normal 0.207786 -0.977928 -0.0219727
    outer loop
      vertex 14.2091 -38.489 -13
      vertex 14.2045 -38.489 -13.0435
      vertex 14.6045 -38.4021 -13.1285
    endloop
  endfacet
  facet normal -0.302989 -0.667123 0.680547
    outer loop
      vertex -4.5 -37.6756 -5.46116
      vertex -4.80902 -37.6756 -5.59874
      vertex -4.66913 -37.9863 -5.84103
    endloop
  endfacet
  facet normal -0.437875 -0.667124 0.60267
    outer loop
      vertex -4.80902 -37.6756 -5.59874
      vertex -5.08268 -37.6756 -5.79757
      vertex -4.66913 -37.9863 -5.84103
    endloop
  endfacet
  facet normal -0.866024 -0.500003 0
    outer loop
      vertex -5.61803 -37.6756 -13
      vertex -5.82709 -37.3135 -7
      vertex -5.82709 -37.3135 -13
    endloop
  endfacet
  facet normal -0.866024 -0.500003 0
    outer loop
      vertex -5.82709 -37.3135 -7
      vertex -5.61803 -37.6756 -13
      vertex -5.61803 -37.6756 -7
    endloop
  endfacet
  facet normal -0.904993 -0.307453 0.294041
    outer loop
      vertex -5.66913 -37.3135 -6.25686
      vertex -5.91354 -36.9158 -6.59326
      vertex -5.78716 -37.3135 -6.62013
    endloop
  endfacet
  facet normal -0.86246 -0.497945 0.0906274
    outer loop
      vertex -5.58268 -37.6756 -6.66359
      vertex -5.82709 -37.3135 -7
      vertex -5.61803 -37.6756 -7
    endloop
  endfacet
  facet normal -0.560932 -0.807548 0.182269
    outer loop
      vertex -5.22256 -37.9863 -6.45568
      vertex -5.30902 -37.9863 -6.72176
      vertex -4.97815 -38.232 -6.79209
    endloop
  endfacet
  facet normal -0.388675 -0.912677 0.1263
    outer loop
      vertex -4.91354 -38.232 -6.59326
      vertex -4.97815 -38.232 -6.79209
      vertex -4.5646 -38.4021 -6.74862
    endloop
  endfacet
  facet normal -0.751038 -0.497934 0.433595
    outer loop
      vertex -5.47815 -37.3135 -5.92606
      vertex -5.66913 -37.3135 -6.25686
      vertex -5.47815 -37.6756 -6.34189
    endloop
  endfacet
  facet normal -0.645148 -0.667123 0.372466
    outer loop
      vertex -5.30902 -37.6756 -6.04894
      vertex -5.47815 -37.6756 -6.34189
      vertex -5.08268 -37.9863 -6.21339
    endloop
  endfacet
  facet normal -0.303704 -0.912678 0.273466
    outer loop
      vertex -4.41354 -38.4021 -6.54071
      vertex -4.80902 -38.232 -6.41222
      vertex -4.5 -38.4021 -6.63673
    endloop
  endfacet
  facet normal -0.438301 -0.807551 0.394657
    outer loop
      vertex -4.66913 -38.232 -6.25686
      vertex -5.08268 -37.9863 -6.21339
      vertex -4.80902 -38.232 -6.41222
    endloop
  endfacet
  facet normal -0.824754 -0.497941 -0.268022
    outer loop
      vertex -5.58268 -37.6756 -13.3364
      vertex -5.78716 -37.3135 -13.3799
      vertex -5.66913 -37.3135 -13.7431
    endloop
  endfacet
  facet normal -0.438248 -0.807528 -0.394762
    outer loop
      vertex -4.80902 -38.232 -13.5878
      vertex -5.08268 -37.9863 -13.7866
      vertex -4.66913 -38.232 -13.7431
    endloop
  endfacet
  facet normal -0.904994 -0.307472 -0.294018
    outer loop
      vertex -5.66913 -37.3135 -13.7431
      vertex -5.91354 -36.9158 -13.4067
      vertex -5.78716 -36.9158 -13.7957
    endloop
  endfacet
  facet normal -0.824084 -0.307495 -0.475744
    outer loop
      vertex -5.66913 -37.3135 -13.7431
      vertex -5.78716 -36.9158 -13.7957
      vertex -5.58268 -36.9158 -14.1499
    endloop
  endfacet
  facet normal -0.207795 -0.977929 -0.0218304
    outer loop
      vertex -4.20906 -38.489 -13
      vertex -4.60453 -38.4021 -13.1285
      vertex -4.20449 -38.489 -13.0435
    endloop
  endfacet
  facet normal -0.207795 -0.977929 -0.0218306
    outer loop
      vertex -4.20906 -38.489 -13
      vertex -4.61803 -38.4021 -13
      vertex -4.60453 -38.4021 -13.1285
    endloop
  endfacet
  facet normal -0.509889 -0.497852 -0.701539
    outer loop
      vertex -4.80902 -37.6756 -14.4013
      vertex -5.08268 -37.6756 -14.2024
      vertex -4.91354 -37.3135 -14.5823
    endloop
  endfacet
  facet normal -0.302841 -0.667126 -0.68061
    outer loop
      vertex -4.66913 -37.9863 -14.159
      vertex -4.80902 -37.6756 -14.4013
      vertex -4.5 -37.6756 -14.5388
    endloop
  endfacet
  facet normal -0.197816 -0.307279 -0.930832
    outer loop
      vertex -4.5646 -37.3135 -14.7377
      vertex -4.60453 -36.9158 -14.8605
      vertex -4.19098 -37.3135 -14.8171
    endloop
  endfacet
  facet normal -0.180273 -0.497919 -0.84828
    outer loop
      vertex -4.16913 -37.6756 -14.6092
      vertex -4.5646 -37.3135 -14.7377
      vertex -4.19098 -37.3135 -14.8171
    endloop
  endfacet
  facet normal -0.509693 -0.497989 -0.701583
    outer loop
      vertex -5.08268 -37.6756 -14.2024
      vertex -5.22256 -37.3135 -14.3578
      vertex -4.91354 -37.3135 -14.5823
    endloop
  endfacet
  facet normal -0.644487 -0.497976 -0.58022
    outer loop
      vertex -5.08268 -37.6756 -14.2024
      vertex -5.47815 -37.3135 -14.0739
      vertex -5.22256 -37.3135 -14.3578
    endloop
  endfacet
  facet normal -0.197994 -0.307454 -0.930736
    outer loop
      vertex -4.19098 -37.3135 -14.8171
      vertex -4.60453 -36.9158 -14.8605
      vertex -4.20449 -36.9158 -14.9456
    endloop
  endfacet
  facet normal -0.206948 -0.103816 -0.972828
    outer loop
      vertex -4.20449 -36.9158 -14.9456
      vertex -4.60453 -36.9158 -14.8605
      vertex -4.20906 -36.5 -14.989
    endloop
  endfacet
  facet normal -0.584612 -0.104002 -0.804619
    outer loop
      vertex -5.30902 -36.9158 -14.4538
      vertex -5.33826 -36.5 -14.4863
      vertex -4.97815 -36.9158 -14.6942
    endloop
  endfacet
  facet normal -0.584512 -0.103871 -0.804709
    outer loop
      vertex -4.97815 -36.9158 -14.6942
      vertex -5.33826 -36.5 -14.4863
      vertex -5 -36.5 -14.732
    endloop
  endfacet
  facet normal 0.386962 -0.307457 -0.869328
    outer loop
      vertex 14.9135 -37.3135 -14.5823
      vertex 14.6045 -36.9158 -14.8605
      vertex 14.9781 -36.9158 -14.6942
    endloop
  endfacet
  facet normal 0.404459 -0.103906 -0.908634
    outer loop
      vertex 14.9781 -36.9158 -14.6942
      vertex 14.6045 -36.9158 -14.8605
      vertex 15 -36.5 -14.732
    endloop
  endfacet
  facet normal 0.352535 -0.498069 -0.792242
    outer loop
      vertex 14.809 -37.6756 -14.4013
      vertex 14.5 -37.6756 -14.5388
      vertex 14.5646 -37.3135 -14.7377
    endloop
  endfacet
  facet normal 0.180446 -0.498077 -0.84815
    outer loop
      vertex 14.5 -37.6756 -14.5388
      vertex 14.1691 -37.6756 -14.6092
      vertex 14.5646 -37.3135 -14.7377
    endloop
  endfacet
  facet normal -0.303683 -0.912673 -0.273504
    outer loop
      vertex -4.5 -38.4021 -13.3633
      vertex -4.80902 -38.232 -13.5878
      vertex -4.41354 -38.4021 -13.4593
    endloop
  endfacet
  facet normal -0.30367 -0.912668 -0.273537
    outer loop
      vertex -4.41354 -38.4021 -13.4593
      vertex -4.80902 -38.232 -13.5878
      vertex -4.66913 -38.232 -13.7431
    endloop
  endfacet
  facet normal 0.180908 -0.977929 -0.104535
    outer loop
      vertex 14.191 -38.489 -13.085
      vertex 14.1691 -38.489 -13.1229
      vertex 14.5646 -38.4021 -13.2514
    endloop
  endfacet
  facet normal -0.743149 0 0.669126
    outer loop
      vertex -5.61803 1 -5.82443
      vertex -5.33826 -2.51371 -5.51371
      vertex -5.33826 1 -5.51371
    endloop
  endfacet
  facet normal -0.743149 0 0.669126
    outer loop
      vertex -5.33826 -2.51371 -5.51371
      vertex -5.61803 1 -5.82443
      vertex -5.61803 -2.82443 -5.82443
    endloop
  endfacet
  facet normal -0.743149 0 0.669126
    outer loop
      vertex -5.61803 -36.5 -5.82443
      vertex -5.33826 -13.4863 -5.51371
      vertex -5.61803 -13.1756 -5.82443
    endloop
  endfacet
  facet normal -0.743149 0 0.669126
    outer loop
      vertex -5.33826 -13.4863 -5.51371
      vertex -5.61803 -36.5 -5.82443
      vertex -5.33826 -36.5 -5.51371
    endloop
  endfacet
  facet normal 0 -1 0
    outer loop
      vertex -4.20906 -38.489 -7
      vertex -4.02185 -38.489 -6.79209
      vertex -4.0646 -38.489 -6.80118
    endloop
  endfacet
  facet normal 0 -1 0
    outer loop
      vertex 1.79094 -38.489 1.95
      vertex 1.97815 -38.489 2.15791
      vertex 1.9354 -38.489 2.14882
    endloop
  endfacet
  facet normal 0 -1 0
    outer loop
      vertex 1.97815 -38.489 2.15791
      vertex 10.8 -38.489 -0.450012
      vertex 14.0219 -38.489 2.15791
    endloop
  endfacet
  facet normal 0 -1 0
    outer loop
      vertex 1.79094 -38.489 1.95
      vertex 1.9354 -38.489 2.14882
      vertex 1.89547 -38.489 2.13105
    endloop
  endfacet
  facet normal -0 -1 0
    outer loop
      vertex 14.2091 -38.489 1.95
      vertex 14.0219 -38.489 2.15791
      vertex 10.8 -38.489 -0.450012
    endloop
  endfacet
  facet normal 0 -1 0
    outer loop
      vertex 1.79094 -38.489 1.95
      vertex 1.89547 -38.489 2.13105
      vertex 1.86011 -38.489 2.10536
    endloop
  endfacet
  facet normal 0 -1 0
    outer loop
      vertex 14.0219 -38.489 2.15791
      vertex 14.2091 -38.489 1.95
      vertex 14.0646 -38.489 2.14882
    endloop
  endfacet
  facet normal 0 -1 0
    outer loop
      vertex 1.79094 -38.489 1.95
      vertex 1.86011 -38.489 2.10536
      vertex 1.83087 -38.489 2.07288
    endloop
  endfacet
  facet normal 0 -1 0
    outer loop
      vertex 14.0646 -38.489 2.14882
      vertex 14.2091 -38.489 1.95
      vertex 14.1045 -38.489 2.13105
    endloop
  endfacet
  facet normal 0 -1 0
    outer loop
      vertex 1.79094 -38.489 1.95
      vertex 1.83087 -38.489 2.07288
      vertex 1.80902 -38.489 2.03503
    endloop
  endfacet
  facet normal 0 -1 0
    outer loop
      vertex 14.1045 -38.489 2.13105
      vertex 14.2091 -38.489 1.95
      vertex 14.1399 -38.489 2.10536
    endloop
  endfacet
  facet normal 0 -1 0
    outer loop
      vertex 1.79094 -38.489 1.95
      vertex 1.80902 -38.489 2.03503
      vertex 1.79551 -38.489 1.99346
    endloop
  endfacet
  facet normal 0 -1 0
    outer loop
      vertex 14.1399 -38.489 2.10536
      vertex 14.2091 -38.489 1.95
      vertex 14.1691 -38.489 2.07288
    endloop
  endfacet
  facet normal 0 -1 -0
    outer loop
      vertex 1.97815 -38.489 2.15791
      vertex 1.79094 -38.489 1.95
      vertex 4.8 -38.489 -0.450012
    endloop
  endfacet
  facet normal 0 -1 0
    outer loop
      vertex 14.1691 -38.489 2.07288
      vertex 14.2091 -38.489 1.95
      vertex 14.191 -38.489 2.03503
    endloop
  endfacet
  facet normal 0 -1 0
    outer loop
      vertex 1.97815 -38.489 2.15791
      vertex 4.8 -38.489 -0.450012
      vertex 10.8 -38.489 -0.450012
    endloop
  endfacet
  facet normal 0 -1 0
    outer loop
      vertex 1.79094 -38.489 1.95
      vertex 2.5 -38.489 -2.75
      vertex 4.8 -38.489 -0.450012
    endloop
  endfacet
  facet normal 0 -1 0
    outer loop
      vertex 1.79094 -38.489 -6.79209
      vertex 2.5 -38.489 -2.75
      vertex 1.79094 -38.489 1.95
    endloop
  endfacet
  facet normal 0 -1 0
    outer loop
      vertex 14.0219 -38.489 -13.2079
      vertex 2.5 -38.489 -6.05
      vertex 1.79094 -38.489 -6.79209
    endloop
  endfacet
  facet normal 0 -1 -0
    outer loop
      vertex 2.5 -38.489 -2.75
      vertex 1.79094 -38.489 -6.79209
      vertex 2.5 -38.489 -6.05
    endloop
  endfacet
  facet normal 0 -1 0
    outer loop
      vertex 14.191 -38.489 2.03503
      vertex 14.2091 -38.489 1.95
      vertex 14.2045 -38.489 1.99346
    endloop
  endfacet
  facet normal 0 -1 0
    outer loop
      vertex 10.8 -38.489 -0.450012
      vertex 13.1 -38.489 -2.75
      vertex 14.2091 -38.489 1.95
    endloop
  endfacet
  facet normal 0 -1 0
    outer loop
      vertex 13.1 -38.489 -6.05
      vertex 14.2091 -38.489 1.95
      vertex 13.1 -38.489 -2.75
    endloop
  endfacet
  facet normal 0 -1 0
    outer loop
      vertex -4.20906 -38.489 -7
      vertex -4.0646 -38.489 -6.80118
      vertex -4.10453 -38.489 -6.81895
    endloop
  endfacet
  facet normal 0 -1 0
    outer loop
      vertex -4.20906 -38.489 -7
      vertex -4.10453 -38.489 -6.81895
      vertex -4.13989 -38.489 -6.84464
    endloop
  endfacet
  facet normal 0 -1 0
    outer loop
      vertex -4.20906 -38.489 -7
      vertex -4.13989 -38.489 -6.84464
      vertex -4.16913 -38.489 -6.87712
    endloop
  endfacet
  facet normal 0 -1 0
    outer loop
      vertex -4.20906 -38.489 -7
      vertex -4.16913 -38.489 -6.87712
      vertex -4.19098 -38.489 -6.91497
    endloop
  endfacet
  facet normal 0 -1 0
    outer loop
      vertex -4.20906 -38.489 -7
      vertex -4.19098 -38.489 -6.91497
      vertex -4.20449 -38.489 -6.95654
    endloop
  endfacet
  facet normal 0 -1 -0
    outer loop
      vertex -4.02185 -38.489 -6.79209
      vertex -4.20906 -38.489 -7
      vertex 1.79094 -38.489 -6.79209
    endloop
  endfacet
  facet normal 0 -1 0
    outer loop
      vertex -4.20906 -38.489 -13
      vertex 1.79094 -38.489 -6.79209
      vertex -4.20906 -38.489 -7
    endloop
  endfacet
  facet normal 0 -1 0
    outer loop
      vertex -4.02185 -38.489 -13.2079
      vertex 1.79094 -38.489 -6.79209
      vertex -4.20906 -38.489 -13
    endloop
  endfacet
  facet normal 0 -1 0
    outer loop
      vertex 13.1 -38.489 -6.05
      vertex 14.2091 -38.489 -13
      vertex 14.2091 -38.489 1.95
    endloop
  endfacet
  facet normal 0 -1 0
    outer loop
      vertex 14.0219 -38.489 -13.2079
      vertex 1.79094 -38.489 -6.79209
      vertex -4.02185 -38.489 -13.2079
    endloop
  endfacet
  facet normal 0 -1 0
    outer loop
      vertex -4.02185 -38.489 -13.2079
      vertex -4.20906 -38.489 -13
      vertex -4.20449 -38.489 -13.0435
    endloop
  endfacet
  facet normal 0 -1 0
    outer loop
      vertex 2.5 -38.489 -6.05
      vertex 14.0219 -38.489 -13.2079
      vertex 13.1 -38.489 -6.05
    endloop
  endfacet
  facet normal 0 -1 0
    outer loop
      vertex -4.02185 -38.489 -13.2079
      vertex -4.20449 -38.489 -13.0435
      vertex -4.19098 -38.489 -13.085
    endloop
  endfacet
  facet normal 0 -1 0
    outer loop
      vertex 13.1 -38.489 -6.05
      vertex 14.0219 -38.489 -13.2079
      vertex 14.2091 -38.489 -13
    endloop
  endfacet
  facet normal 0 -1 0
    outer loop
      vertex -4.02185 -38.489 -13.2079
      vertex -4.19098 -38.489 -13.085
      vertex -4.16913 -38.489 -13.1229
    endloop
  endfacet
  facet normal 0 -1 0
    outer loop
      vertex 14.2091 -38.489 -13
      vertex 14.0219 -38.489 -13.2079
      vertex 14.2045 -38.489 -13.0435
    endloop
  endfacet
  facet normal 0 -1 0
    outer loop
      vertex -4.02185 -38.489 -13.2079
      vertex -4.16913 -38.489 -13.1229
      vertex -4.13989 -38.489 -13.1554
    endloop
  endfacet
  facet normal 0 -1 0
    outer loop
      vertex 14.2045 -38.489 -13.0435
      vertex 14.0219 -38.489 -13.2079
      vertex 14.191 -38.489 -13.085
    endloop
  endfacet
  facet normal 0 -1 0
    outer loop
      vertex -4.02185 -38.489 -13.2079
      vertex -4.13989 -38.489 -13.1554
      vertex -4.10453 -38.489 -13.181
    endloop
  endfacet
  facet normal 0 -1 0
    outer loop
      vertex 14.191 -38.489 -13.085
      vertex 14.0219 -38.489 -13.2079
      vertex 14.1691 -38.489 -13.1229
    endloop
  endfacet
  facet normal 0 -1 0
    outer loop
      vertex -4.02185 -38.489 -13.2079
      vertex -4.10453 -38.489 -13.181
      vertex -4.0646 -38.489 -13.1988
    endloop
  endfacet
  facet normal 0 -1 0
    outer loop
      vertex 14.1691 -38.489 -13.1229
      vertex 14.0219 -38.489 -13.2079
      vertex 14.1399 -38.489 -13.1554
    endloop
  endfacet
  facet normal 0 -1 0
    outer loop
      vertex 14.1399 -38.489 -13.1554
      vertex 14.0219 -38.489 -13.2079
      vertex 14.1045 -38.489 -13.181
    endloop
  endfacet
  facet normal 0 -1 0
    outer loop
      vertex 14.1045 -38.489 -13.181
      vertex 14.0219 -38.489 -13.2079
      vertex 14.0646 -38.489 -13.1988
    endloop
  endfacet
  facet normal 0 -1 0
    outer loop
      vertex 4.8 -38.489 -0.450012
      vertex 2.5 -38.489 -2.75
      vertex 2.50001 -38.489 -2.75
    endloop
  endfacet
  facet normal 0.240016 -0.807589 -0.538696
    outer loop
      vertex 14.5 -38.232 -13.866
      vertex 14.309 -38.232 -13.9511
      vertex 14.6691 -37.9863 -14.159
    endloop
  endfacet
  facet normal 0.303023 -0.667049 -0.680604
    outer loop
      vertex 14.6691 -37.9863 -14.159
      vertex 14.4135 -37.9863 -14.2728
      vertex 14.5 -37.6756 -14.5388
    endloop
  endfacet
  facet normal 0.346656 -0.807593 -0.477099
    outer loop
      vertex 14.6691 -38.232 -13.7431
      vertex 14.6691 -37.9863 -14.159
      vertex 14.8955 -37.9863 -13.9945
    endloop
  endfacet
  facet normal 0.645219 -0.667104 -0.372377
    outer loop
      vertex 15.4781 -37.6756 -13.6581
      vertex 15.0827 -37.9863 -13.7866
      vertex 15.309 -37.6756 -13.9511
    endloop
  endfacet
  facet normal 0.553606 -0.667107 -0.498485
    outer loop
      vertex 15.0827 -37.9863 -13.7866
      vertex 14.8955 -37.9863 -13.9945
      vertex 15.0827 -37.6756 -14.2024
    endloop
  endfacet
  facet normal 0.751161 -0.497812 -0.43352
    outer loop
      vertex 15.4781 -37.6756 -13.6581
      vertex 15.309 -37.6756 -13.9511
      vertex 15.4781 -37.3135 -14.0739
    endloop
  endfacet
  facet normal 0.510698 -0.807614 -0.294869
    outer loop
      vertex 15.2226 -37.9863 -13.5443
      vertex 14.9135 -38.232 -13.4067
      vertex 15.0827 -37.9863 -13.7866
    endloop
  endfacet
  facet normal 0.510841 -0.80756 -0.29477
    outer loop
      vertex 14.9135 -38.232 -13.4067
      vertex 14.809 -38.232 -13.5878
      vertex 15.0827 -37.9863 -13.7866
    endloop
  endfacet
  facet normal 0.240155 -0.912687 -0.330648
    outer loop
      vertex 14.4135 -38.4021 -13.4593
      vertex 14.309 -38.4021 -13.5352
      vertex 14.5 -38.232 -13.866
    endloop
  endfacet
  facet normal -0.122809 -0.977929 0.169036
    outer loop
      vertex -4.10453 -38.489 -6.81895
      vertex -4.41354 -38.4021 -6.54071
      vertex -4.13989 -38.489 -6.84464
    endloop
  endfacet
  facet normal 0.155216 -0.977931 -0.139856
    outer loop
      vertex 14.5 -38.4021 -13.3633
      vertex 14.1691 -38.489 -13.1229
      vertex 14.4135 -38.4021 -13.4593
    endloop
  endfacet
  facet normal 0.303636 -0.912664 -0.273588
    outer loop
      vertex 14.5 -38.4021 -13.3633
      vertex 14.4135 -38.4021 -13.4593
      vertex 14.809 -38.232 -13.5878
    endloop
  endfacet
  facet normal -0.122555 -0.977919 -0.169279
    outer loop
      vertex -4.13989 -38.489 -13.1554
      vertex -4.41354 -38.4021 -13.4593
      vertex -4.10453 -38.489 -13.181
    endloop
  endfacet
  facet normal 0.509846 0.497833 -0.701583
    outer loop
      vertex 14.9135 -28.6865 -14.5823
      vertex 14.809 -28.3244 -14.4013
      vertex 15.0827 -28.3244 -14.2024
    endloop
  endfacet
  facet normal 0.707099 0.30734 -0.636831
    outer loop
      vertex 15.309 -29.0842 -14.4538
      vertex 15.2226 -28.6865 -14.3578
      vertex 15.5827 -29.0842 -14.1499
    endloop
  endfacet
  facet normal 0.239901 0.807534 -0.538829
    outer loop
      vertex 14.4135 -28.0137 -14.2728
      vertex 14.309 -27.768 -13.9511
      vertex 14.6691 -28.0137 -14.159
    endloop
  endfacet
  facet normal 0.240016 0.807589 -0.538696
    outer loop
      vertex 14.6691 -28.0137 -14.159
      vertex 14.309 -27.768 -13.9511
      vertex 14.5 -27.768 -13.866
    endloop
  endfacet
  facet normal 0.438252 0.807597 -0.394616
    outer loop
      vertex 14.8955 -28.0137 -13.9945
      vertex 14.6691 -27.768 -13.7431
      vertex 15.0827 -28.0137 -13.7866
    endloop
  endfacet
  facet normal 0.43821 0.807552 -0.394756
    outer loop
      vertex 15.0827 -28.0137 -13.7866
      vertex 14.6691 -27.768 -13.7431
      vertex 14.809 -27.768 -13.5878
    endloop
  endfacet
  facet normal 0.751017 0.497936 -0.433628
    outer loop
      vertex 15.6691 -28.6865 -13.7431
      vertex 15.4781 -28.6865 -14.0739
      vertex 15.4781 -28.3244 -13.6581
    endloop
  endfacet
  facet normal 0.824011 0.307645 -0.475774
    outer loop
      vertex 15.5827 -29.0842 -14.1499
      vertex 15.4781 -28.6865 -14.0739
      vertex 15.6691 -28.6865 -13.7431
    endloop
  endfacet
  facet normal -0.239915 -0.807554 0.538792
    outer loop
      vertex -4.30902 -38.232 -6.04894
      vertex -4.66913 -37.9863 -5.84103
      vertex -4.5 -38.232 -6.13398
    endloop
  endfacet
  facet normal -0.122813 -0.977929 0.169033
    outer loop
      vertex -4.30902 -38.4021 -6.46477
      vertex -4.41354 -38.4021 -6.54071
      vertex -4.10453 -38.489 -6.81895
    endloop
  endfacet
  facet normal -0.751034 -0.497937 0.433598
    outer loop
      vertex -5.47815 -37.3135 -5.92606
      vertex -5.47815 -37.6756 -6.34189
      vertex -5.30902 -37.6756 -6.04894
    endloop
  endfacet
  facet normal -0.553598 -0.667123 0.498474
    outer loop
      vertex -5.08268 -37.6756 -5.79757
      vertex -5.30902 -37.6756 -6.04894
      vertex -5.08268 -37.9863 -6.21339
    endloop
  endfacet
  facet normal -0.239887 -0.807541 0.538824
    outer loop
      vertex -4.41354 -37.9863 -5.72724
      vertex -4.66913 -37.9863 -5.84103
      vertex -4.30902 -38.232 -6.04894
    endloop
  endfacet
  facet normal -0.302983 -0.667126 0.680547
    outer loop
      vertex -4.5 -37.6756 -5.46116
      vertex -4.66913 -37.9863 -5.84103
      vertex -4.41354 -37.9863 -5.72724
    endloop
  endfacet
  facet normal -0.904993 -0.307447 0.294048
    outer loop
      vertex -5.78716 -36.9158 -6.2043
      vertex -5.91354 -36.9158 -6.59326
      vertex -5.66913 -37.3135 -6.25686
    endloop
  endfacet
  facet normal -0.945901 -0.103986 0.30734
    outer loop
      vertex -5.78716 -36.9158 -6.2043
      vertex -5.9563 -36.5 -6.58418
      vertex -5.91354 -36.9158 -6.59326
    endloop
  endfacet
  facet normal -0.86246 -0.497945 -0.0906301
    outer loop
      vertex -5.61803 -37.6756 -13
      vertex -5.82709 -37.3135 -13
      vertex -5.58268 -37.6756 -13.3364
    endloop
  endfacet
  facet normal -0.86247 -0.497923 0.0906584
    outer loop
      vertex -5.78716 -37.3135 -6.62013
      vertex -5.82709 -37.3135 -7
      vertex -5.58268 -37.6756 -6.66359
    endloop
  endfacet
  facet normal -0.82478 -0.497921 0.267979
    outer loop
      vertex -5.66913 -37.3135 -6.25686
      vertex -5.78716 -37.3135 -6.62013
      vertex -5.58268 -37.6756 -6.66359
    endloop
  endfacet
  facet normal -0.708483 -0.667123 0.230214
    outer loop
      vertex -5.22256 -37.9863 -6.45568
      vertex -5.58268 -37.6756 -6.66359
      vertex -5.30902 -37.9863 -6.72176
    endloop
  endfacet
  facet normal -0.740868 -0.667123 0.0778572
    outer loop
      vertex -5.30902 -37.9863 -6.72176
      vertex -5.58268 -37.6756 -6.66359
      vertex -5.33826 -37.9863 -7
    endloop
  endfacet
  facet normal -0.644456 -0.497931 0.580294
    outer loop
      vertex -5.22256 -37.3135 -5.64221
      vertex -5.47815 -37.3135 -5.92606
      vertex -5.08268 -37.6756 -5.79757
    endloop
  endfacet
  facet normal -0.707138 -0.307445 0.636736
    outer loop
      vertex -5.22256 -37.3135 -5.64221
      vertex -5.58268 -36.9158 -5.85012
      vertex -5.47815 -37.3135 -5.92606
    endloop
  endfacet
  facet normal -0.240217 -0.912677 0.33063
    outer loop
      vertex -4.5 -38.232 -6.13398
      vertex -4.66913 -38.232 -6.25686
      vertex -4.41354 -38.4021 -6.54071
    endloop
  endfacet
  facet normal -0.346673 -0.807552 0.477155
    outer loop
      vertex -4.66913 -37.9863 -5.84103
      vertex -4.66913 -38.232 -6.25686
      vertex -4.5 -38.232 -6.13398
    endloop
  endfacet
  facet normal -0.553586 -0.667118 -0.498494
    outer loop
      vertex -5.08268 -37.9863 -13.7866
      vertex -5.08268 -37.6756 -14.2024
      vertex -4.89547 -37.9863 -13.9945
    endloop
  endfacet
  facet normal -0.644421 -0.497835 -0.580415
    outer loop
      vertex -5.30902 -37.6756 -13.9511
      vertex -5.47815 -37.3135 -14.0739
      vertex -5.08268 -37.6756 -14.2024
    endloop
  endfacet
  facet normal -0.510783 -0.807558 -0.294875
    outer loop
      vertex -4.91354 -38.232 -13.4067
      vertex -5.22256 -37.9863 -13.5443
      vertex -5.08268 -37.9863 -13.7866
    endloop
  endfacet
  facet normal -0.510848 -0.807533 -0.29483
    outer loop
      vertex -4.91354 -38.232 -13.4067
      vertex -5.08268 -37.9863 -13.7866
      vertex -4.80902 -38.232 -13.5878
    endloop
  endfacet
  facet normal -0.587691 -0.809086 0
    outer loop
      vertex -5.33826 -37.9863 -13
      vertex -5 -38.232 -7
      vertex -5.33826 -37.9863 -7
    endloop
  endfacet
  facet normal -0.587691 -0.809086 -0
    outer loop
      vertex -5 -38.232 -7
      vertex -5.33826 -37.9863 -13
      vertex -5 -38.232 -13
    endloop
  endfacet
  facet normal -0.346685 -0.807584 -0.477094
    outer loop
      vertex -4.66913 -38.232 -13.7431
      vertex -4.66913 -37.9863 -14.159
      vertex -4.5 -38.232 -13.866
    endloop
  endfacet
  facet normal -0.346736 -0.807567 -0.477084
    outer loop
      vertex -4.66913 -38.232 -13.7431
      vertex -4.89547 -37.9863 -13.9945
      vertex -4.66913 -37.9863 -14.159
    endloop
  endfacet
  facet normal -0.406808 0 -0.913513
    outer loop
      vertex -5 -36.5 -14.732
      vertex -4.61803 1 -14.9021
      vertex -4.61803 -36.5 -14.9021
    endloop
  endfacet
  facet normal -0.406808 0 -0.913513
    outer loop
      vertex -4.61803 1 -14.9021
      vertex -5 -36.5 -14.732
      vertex -5 1 -14.732
    endloop
  endfacet
  facet normal 0 0.307457 -0.951562
    outer loop
      vertex 14.2045 -29.0842 -14.9456
      vertex 2.80902 -28.6865 -14.8171
      vertex 14.191 -28.6865 -14.8171
    endloop
  endfacet
  facet normal -5.16765e-06 0.307323 -0.951605
    outer loop
      vertex 14.2045 -29.0842 -14.9456
      vertex 2.61803 -28.9497 -14.9021
      vertex 2.80902 -28.6865 -14.8171
    endloop
  endfacet
  facet normal 0 0.307726 -0.951475
    outer loop
      vertex 2.61803 -28.9497 -14.9021
      vertex 14.2045 -29.0842 -14.9456
      vertex 2.41355 -29.0842 -14.9456
    endloop
  endfacet
  facet normal 0 1 0
    outer loop
      vertex 2.5 -27.511 -2.75
      vertex 2.5 -27.511 -5.0728
      vertex 2.20906 -27.511 -5.01096
    endloop
  endfacet
  facet normal 0 1 0
    outer loop
      vertex 14.2091 -27.511 1.95
      vertex 14.0219 -27.511 2.15791
      vertex 14.0646 -27.511 2.14882
    endloop
  endfacet
  facet normal 0 1 0
    outer loop
      vertex 14.0219 -27.511 2.15791
      vertex 10.8 -27.511 -0.450012
      vertex 1.97815 -27.511 2.15791
    endloop
  endfacet
  facet normal 0 1 0
    outer loop
      vertex 14.2091 -27.511 1.95
      vertex 14.0646 -27.511 2.14882
      vertex 14.1045 -27.511 2.13105
    endloop
  endfacet
  facet normal 0 1 -0
    outer loop
      vertex 4.8 -27.511 -0.450012
      vertex 1.97815 -27.511 2.15791
      vertex 10.8 -27.511 -0.450012
    endloop
  endfacet
  facet normal 0 1 0
    outer loop
      vertex 14.2091 -27.511 1.95
      vertex 14.1045 -27.511 2.13105
      vertex 14.1399 -27.511 2.10536
    endloop
  endfacet
  facet normal -0 1 0
    outer loop
      vertex 1.79094 -27.511 1.95
      vertex 1.97815 -27.511 2.15791
      vertex 4.8 -27.511 -0.450012
    endloop
  endfacet
  facet normal 0 1 0
    outer loop
      vertex 14.2091 -27.511 1.95
      vertex 14.1399 -27.511 2.10536
      vertex 14.1691 -27.511 2.07288
    endloop
  endfacet
  facet normal 0 1 0
    outer loop
      vertex 1.97815 -27.511 2.15791
      vertex 1.79094 -27.511 1.95
      vertex 1.9354 -27.511 2.14882
    endloop
  endfacet
  facet normal 0 1 0
    outer loop
      vertex 14.2091 -27.511 1.95
      vertex 14.1691 -27.511 2.07288
      vertex 14.191 -27.511 2.03503
    endloop
  endfacet
  facet normal 0 1 0
    outer loop
      vertex 1.9354 -27.511 2.14882
      vertex 1.79094 -27.511 1.95
      vertex 1.89547 -27.511 2.13105
    endloop
  endfacet
  facet normal 0 1 0
    outer loop
      vertex 14.2091 -27.511 1.95
      vertex 14.191 -27.511 2.03503
      vertex 14.2045 -27.511 1.99346
    endloop
  endfacet
  facet normal 0 1 0
    outer loop
      vertex 1.89547 -27.511 2.13105
      vertex 1.79094 -27.511 1.95
      vertex 1.86011 -27.511 2.10536
    endloop
  endfacet
  facet normal 0 1 0
    outer loop
      vertex 14.0219 -27.511 2.15791
      vertex 14.2091 -27.511 1.95
      vertex 10.8 -27.511 -0.450012
    endloop
  endfacet
  facet normal 0 1 0
    outer loop
      vertex 1.86011 -27.511 2.10536
      vertex 1.79094 -27.511 1.95
      vertex 1.83087 -27.511 2.07288
    endloop
  endfacet
  facet normal 0 1 0
    outer loop
      vertex 1.83087 -27.511 2.07288
      vertex 1.79094 -27.511 1.95
      vertex 1.80902 -27.511 2.03503
    endloop
  endfacet
  facet normal 0 1 0
    outer loop
      vertex 14.2091 -27.511 1.95
      vertex 13.1 -27.511 -2.75
      vertex 10.8 -27.511 -0.450012
    endloop
  endfacet
  facet normal 0 1 0
    outer loop
      vertex 14.2091 -27.511 1.95
      vertex 13.1 -27.511 -6.05
      vertex 13.1 -27.511 -2.75
    endloop
  endfacet
  facet normal 0 1 0
    outer loop
      vertex 13.1 -27.511 -6.05
      vertex 3.82709 -27.511 -6.18653
      vertex 3.74827 -27.511 -6.05
    endloop
  endfacet
  facet normal 0 1 0
    outer loop
      vertex 13.1 -27.511 -6.05
      vertex 3.9563 -27.511 -6.58418
      vertex 3.82709 -27.511 -6.18653
    endloop
  endfacet
  facet normal 0 1 0
    outer loop
      vertex 13.1 -27.511 -6.05
      vertex 4 -27.511 -7
      vertex 3.9563 -27.511 -6.58418
    endloop
  endfacet
  facet normal 0 1 -0
    outer loop
      vertex 14.2091 -27.511 -13
      vertex 13.1 -27.511 -6.05
      vertex 14.2091 -27.511 1.95
    endloop
  endfacet
  facet normal 0 1 -0
    outer loop
      vertex 14.0219 -27.511 -13.2079
      vertex 13.1 -27.511 -6.05
      vertex 14.2091 -27.511 -13
    endloop
  endfacet
  facet normal -0 1 0
    outer loop
      vertex 4 -27.511 -13
      vertex 13.1 -27.511 -6.05
      vertex 14.0219 -27.511 -13.2079
    endloop
  endfacet
  facet normal 0 1 0
    outer loop
      vertex 14.0219 -27.511 -13.2079
      vertex 14.2091 -27.511 -13
      vertex 14.2045 -27.511 -13.0435
    endloop
  endfacet
  facet normal 0 1 0
    outer loop
      vertex 14.0219 -27.511 -13.2079
      vertex 14.2045 -27.511 -13.0435
      vertex 14.191 -27.511 -13.085
    endloop
  endfacet
  facet normal 0 1 0
    outer loop
      vertex 14.0219 -27.511 -13.2079
      vertex 14.191 -27.511 -13.085
      vertex 14.1691 -27.511 -13.1229
    endloop
  endfacet
  facet normal 0 1 0
    outer loop
      vertex 14.0219 -27.511 -13.2079
      vertex 14.1691 -27.511 -13.1229
      vertex 14.1399 -27.511 -13.1554
    endloop
  endfacet
  facet normal 0 1 0
    outer loop
      vertex 14.0219 -27.511 -13.2079
      vertex 14.1399 -27.511 -13.1554
      vertex 14.1045 -27.511 -13.181
    endloop
  endfacet
  facet normal 0 1 0
    outer loop
      vertex 14.0219 -27.511 -13.2079
      vertex 14.1045 -27.511 -13.181
      vertex 14.0646 -27.511 -13.1988
    endloop
  endfacet
  facet normal 0 1 0
    outer loop
      vertex 13.1 -27.511 -6.05
      vertex 4 -27.511 -13
      vertex 4 -27.511 -7
    endloop
  endfacet
  facet normal 0 1 0
    outer loop
      vertex 4 -27.511 -13
      vertex 14.0219 -27.511 -13.2079
      vertex 3.97815 -27.511 -13.2079
    endloop
  endfacet
  facet normal 0 1 0
    outer loop
      vertex 1.80902 -27.511 2.03503
      vertex 1.79094 -27.511 1.95
      vertex 1.79551 -27.511 1.99346
    endloop
  endfacet
  facet normal 0 1 0
    outer loop
      vertex 2.5 -27.511 -2.75
      vertex 4.8 -27.511 -0.450012
      vertex 2.50001 -27.511 -2.75
    endloop
  endfacet
  facet normal 0 1 0
    outer loop
      vertex 4.8 -27.511 -0.450012
      vertex 2.5 -27.511 -2.75
      vertex 1.79094 -27.511 1.95
    endloop
  endfacet
  facet normal 0 1 0
    outer loop
      vertex 1.79094 -27.511 -5.01096
      vertex 2.5 -27.511 -2.75
      vertex 2.20906 -27.511 -5.01096
    endloop
  endfacet
  facet normal 0 1 0
    outer loop
      vertex 2.5 -27.511 -2.75
      vertex 1.79094 -27.511 -5.01096
      vertex 1.79094 -27.511 1.95
    endloop
  endfacet
  facet normal -0.122762 -0.977932 -0.169053
    outer loop
      vertex -4.10453 -38.489 -13.181
      vertex -4.41354 -38.4021 -13.4593
      vertex -4.30902 -38.4021 -13.5352
    endloop
  endfacet
  facet normal -0.240129 -0.912684 -0.330676
    outer loop
      vertex -4.41354 -38.4021 -13.4593
      vertex -4.5 -38.232 -13.866
      vertex -4.30902 -38.4021 -13.5352
    endloop
  endfacet
  facet normal 0.239901 -0.807534 -0.538829
    outer loop
      vertex 14.6691 -37.9863 -14.159
      vertex 14.309 -38.232 -13.9511
      vertex 14.4135 -37.9863 -14.2728
    endloop
  endfacet
  facet normal 0.122519 -0.807532 -0.576958
    outer loop
      vertex 14.309 -38.232 -13.9511
      vertex 14.1399 -37.9863 -14.3309
      vertex 14.4135 -37.9863 -14.2728
    endloop
  endfacet
  facet normal 0.0850595 -0.977933 -0.190818
    outer loop
      vertex 14.309 -38.4021 -13.5352
      vertex 14.1045 -38.489 -13.181
      vertex 14.191 -38.4021 -13.5878
    endloop
  endfacet
  facet normal 0.16638 -0.912691 -0.373247
    outer loop
      vertex 14.309 -38.4021 -13.5352
      vertex 14.191 -38.4021 -13.5878
      vertex 14.5 -38.232 -13.866
    endloop
  endfacet
  facet normal 0.994522 -0.104523 0
    outer loop
      vertex 15.9563 -36.9158 1.95
      vertex 16 -36.5 -13
      vertex 16 -36.5 1.95
    endloop
  endfacet
  facet normal 0.994522 -0.104523 0
    outer loop
      vertex 16 -36.5 -13
      vertex 15.9563 -36.9158 1.95
      vertex 15.9563 -36.9158 -13
    endloop
  endfacet
  facet normal 0.584572 0.104085 -0.804638
    outer loop
      vertex 15.3383 -29.5 -14.4863
      vertex 14.9781 -29.0842 -14.6942
      vertex 15.309 -29.0842 -14.4538
    endloop
  endfacet
  facet normal 0.584462 0.103941 -0.804736
    outer loop
      vertex 15 -29.5 -14.732
      vertex 14.9781 -29.0842 -14.6942
      vertex 15.3383 -29.5 -14.4863
    endloop
  endfacet
  facet normal -0.240222 -0.912676 0.330629
    outer loop
      vertex -4.30902 -38.4021 -6.46477
      vertex -4.5 -38.232 -6.13398
      vertex -4.41354 -38.4021 -6.54071
    endloop
  endfacet
  facet normal -0.166214 -0.912676 0.373357
    outer loop
      vertex -4.19098 -38.4021 -6.41222
      vertex -4.5 -38.232 -6.13398
      vertex -4.30902 -38.4021 -6.46477
    endloop
  endfacet
  facet normal -0.862466 -0.49793 -0.0906509
    outer loop
      vertex -5.58268 -37.6756 -13.3364
      vertex -5.82709 -37.3135 -13
      vertex -5.78716 -37.3135 -13.3799
    endloop
  endfacet
  facet normal -0.946347 -0.307462 -0.0994674
    outer loop
      vertex -5.82709 -37.3135 -13
      vertex -5.9563 -36.9158 -13
      vertex -5.78716 -37.3135 -13.3799
    endloop
  endfacet
  facet normal -0.64515 -0.667133 -0.372446
    outer loop
      vertex -5.22256 -37.9863 -13.5443
      vertex -5.47815 -37.6756 -13.6581
      vertex -5.08268 -37.9863 -13.7866
    endloop
  endfacet
  facet normal -0.708479 -0.667131 -0.230206
    outer loop
      vertex -5.22256 -37.9863 -13.5443
      vertex -5.58268 -37.6756 -13.3364
      vertex -5.47815 -37.6756 -13.6581
    endloop
  endfacet
  facet normal -0.437974 -0.667128 -0.602594
    outer loop
      vertex -4.66913 -37.9863 -14.159
      vertex -5.08268 -37.6756 -14.2024
      vertex -4.80902 -37.6756 -14.4013
    endloop
  endfacet
  facet normal -0.437966 -0.667119 -0.602609
    outer loop
      vertex -4.89547 -37.9863 -13.9945
      vertex -5.08268 -37.6756 -14.2024
      vertex -4.66913 -37.9863 -14.159
    endloop
  endfacet
  facet normal -0.353939 -0.912676 -0.204329
    outer loop
      vertex -4.5646 -38.4021 -13.2514
      vertex -4.80902 -38.232 -13.5878
      vertex -4.5 -38.4021 -13.3633
    endloop
  endfacet
  facet normal -0.180946 -0.97793 -0.104461
    outer loop
      vertex -4.16913 -38.489 -13.1229
      vertex -4.5646 -38.4021 -13.2514
      vertex -4.5 -38.4021 -13.3633
    endloop
  endfacet
  facet normal -0.586574 -0.807545 -0.0616514
    outer loop
      vertex -4.97815 -38.232 -13.2079
      vertex -5.33826 -37.9863 -13
      vertex -5.30902 -37.9863 -13.2782
    endloop
  endfacet
  facet normal -0.740863 -0.667127 -0.0778678
    outer loop
      vertex -5.33826 -37.9863 -13
      vertex -5.58268 -37.6756 -13.3364
      vertex -5.30902 -37.9863 -13.2782
    endloop
  endfacet
  facet normal -0.206717 -0.104044 -0.972853
    outer loop
      vertex -4.60453 -36.9158 -14.8605
      vertex -4.61803 -36.5 -14.9021
      vertex -4.20906 -36.5 -14.989
    endloop
  endfacet
  facet normal -0.404601 -0.104036 -0.908556
    outer loop
      vertex -4.60453 -36.9158 -14.8605
      vertex -5 -36.5 -14.732
      vertex -4.61803 -36.5 -14.9021
    endloop
  endfacet
  facet normal 0.386962 0.307457 -0.869328
    outer loop
      vertex 14.9781 -29.0842 -14.6942
      vertex 14.6045 -29.0842 -14.8605
      vertex 14.9135 -28.6865 -14.5823
    endloop
  endfacet
  facet normal 0.387185 0.307263 -0.869297
    outer loop
      vertex 14.6045 -29.0842 -14.8605
      vertex 14.5646 -28.6865 -14.7377
      vertex 14.9135 -28.6865 -14.5823
    endloop
  endfacet
  facet normal -0.346682 -0.807549 0.477154
    outer loop
      vertex -4.66913 -37.9863 -5.84103
      vertex -4.89547 -37.9863 -6.00548
      vertex -4.66913 -38.232 -6.25686
    endloop
  endfacet
  facet normal -0.4383 -0.807549 0.394662
    outer loop
      vertex -4.89547 -37.9863 -6.00548
      vertex -5.08268 -37.9863 -6.21339
      vertex -4.66913 -38.232 -6.25686
    endloop
  endfacet
  facet normal -0.645152 -0.667153 -0.372405
    outer loop
      vertex -5.08268 -37.9863 -13.7866
      vertex -5.47815 -37.6756 -13.6581
      vertex -5.30902 -37.6756 -13.9511
    endloop
  endfacet
  facet normal -0.751103 -0.497862 -0.433564
    outer loop
      vertex -5.47815 -37.6756 -13.6581
      vertex -5.47815 -37.3135 -14.0739
      vertex -5.30902 -37.6756 -13.9511
    endloop
  endfacet
  facet normal 0.0851207 0.977931 -0.190804
    outer loop
      vertex 14.191 10.9021 -13.5878
      vertex 14.0646 10.989 -13.1988
      vertex 14.1045 10.989 -13.181
    endloop
  endfacet
  facet normal 0.122441 0.807557 -0.57694
    outer loop
      vertex 14.1399 10.4863 -14.3309
      vertex 14.1045 10.732 -13.9945
      vertex 14.309 10.732 -13.9511
    endloop
  endfacet
  facet normal 1 -0 0
    outer loop
      vertex 16 -2 -1
      vertex 16 9 -13
      vertex 16 9 -1
    endloop
  endfacet
  facet normal 1 0 0
    outer loop
      vertex 16 9 -13
      vertex 16 -2 -1
      vertex 16 -2 -13
    endloop
  endfacet
  facet normal -0.207845 0.978162 0
    outer loop
      vertex 1.79094 10.989 -13
      vertex 1.38197 10.9021 -1
      vertex 1.79094 10.989 -1
    endloop
  endfacet
  facet normal -0.207845 0.978162 0
    outer loop
      vertex 1.38197 10.9021 -1
      vertex 1.79094 10.989 -13
      vertex 1.38197 10.9021 -13
    endloop
  endfacet
  facet normal 0.207879 0.978155 -0
    outer loop
      vertex 14.618 10.9021 -13
      vertex 14.2091 10.989 -1
      vertex 14.618 10.9021 -1
    endloop
  endfacet
  facet normal 0.207879 0.978155 0
    outer loop
      vertex 14.2091 10.989 -1
      vertex 14.618 10.9021 -13
      vertex 14.2091 10.989 -13
    endloop
  endfacet
  facet normal -0.946341 0.307486 -0.0994567
    outer loop
      vertex 0.212836 9.81347 -13.3799
      vertex 0.043705 9.41582 -13
      vertex 0.17291 9.81347 -13
    endloop
  endfacet
  facet normal -0.19869 0.977926 -0.0646818
    outer loop
      vertex 1.80902 10.989 -13.085
      vertex 1.39547 10.9021 -13.1285
      vertex 1.79551 10.989 -13.0435
    endloop
  endfacet
  facet normal 0.387048 0.307483 0.86928
    outer loop
      vertex 14.9135 9.81347 0.582307
      vertex 14.6045 9.41582 0.860547
      vertex 14.9781 9.41582 0.694201
    endloop
  endfacet
  facet normal -0.197838 0.307487 0.930759
    outer loop
      vertex 1.4354 9.81347 0.737666
      vertex 1.39547 9.41582 0.860547
      vertex 1.80902 9.81347 0.817081
    endloop
  endfacet
  facet normal -0 0.912678 0.40868
    outer loop
      vertex 1.9354 10.9021 -0.385352
      vertex 2.5 10.732 -0.00547886
      vertex 2.5 10.9021 -0.385352
    endloop
  endfacet
  facet normal 0 0.912678 0.40868
    outer loop
      vertex 2.5 10.732 -0.00547886
      vertex 1.9354 10.9021 -0.385352
      vertex 1.89547 10.732 -0.00547886
    endloop
  endfacet
  facet normal 0 0.912678 0.40868
    outer loop
      vertex 14.0646 10.9021 -0.385352
      vertex 11.1 10.732 -0.00547886
      vertex 14.1045 10.732 -0.00547886
    endloop
  endfacet
  facet normal 0 0.912678 0.40868
    outer loop
      vertex 11.1 10.732 -0.00547886
      vertex 14.0646 10.9021 -0.385352
      vertex 11.1 10.9021 -0.385352
    endloop
  endfacet
  facet normal 0.0435565 0.977922 -0.204381
    outer loop
      vertex 14.0646 10.9021 -13.6146
      vertex 14.0219 10.989 -13.2079
      vertex 14.0646 10.989 -13.1988
    endloop
  endfacet
  facet normal 0.740961 0.667032 0.0777506
    outer loop
      vertex 15.618 10.1756 -1
      vertex 15.3383 10.4863 -1
      vertex 15.5827 10.1756 -0.663592
    endloop
  endfacet
  facet normal 0.73919 0.103879 -0.665438
    outer loop
      vertex 15.618 9 -14.1756
      vertex 15.3383 9 -14.4863
      vertex 15.5827 9.41582 -14.1499
    endloop
  endfacet
  facet normal -1 0 0
    outer loop
      vertex 0 2.98904 -6.79209
      vertex 0 9 -13
      vertex 0 2.98904 -13
    endloop
  endfacet
  facet normal -1 0 0
    outer loop
      vertex 0 9 -13
      vertex 0 2.98904 -6.79209
      vertex 0 9 -1
    endloop
  endfacet
  facet normal -1 0 0
    outer loop
      vertex 0 2.90211 -6.38535
      vertex 0 9 -1
      vertex 0 2.98904 -6.79209
    endloop
  endfacet
  facet normal -1 0 0
    outer loop
      vertex 0 2.73205 -6.00548
      vertex 0 9 -1
      vertex 0 2.90211 -6.38535
    endloop
  endfacet
  facet normal -1 0 0
    outer loop
      vertex 0 2.48629 -5.66907
      vertex 0 9 -1
      vertex 0 2.73205 -6.00548
    endloop
  endfacet
  facet normal -1 0 0
    outer loop
      vertex 0 2.17557 -5.39083
      vertex 0 9 -1
      vertex 0 2.48629 -5.66907
    endloop
  endfacet
  facet normal -1 0 0
    outer loop
      vertex 0 1.81347 -5.18292
      vertex 0 9 -1
      vertex 0 2.17557 -5.39083
    endloop
  endfacet
  facet normal -1 0 0
    outer loop
      vertex 0 -2 -1
      vertex 0 1.81347 -5.18292
      vertex 0 1.41582 -5.05442
    endloop
  endfacet
  facet normal -1 0 0
    outer loop
      vertex 0 -2 -1
      vertex 0 1.41582 -5.05442
      vertex 0 1 -5.01096
    endloop
  endfacet
  facet normal -1 0 0
    outer loop
      vertex 0 -2 -1
      vertex 0 1 -5.01096
      vertex 0 -2 -5.01096
    endloop
  endfacet
  facet normal -1 0 0
    outer loop
      vertex 0 1.81347 -5.18292
      vertex 0 -2 -1
      vertex 0 9 -1
    endloop
  endfacet
  facet normal 0.73906 0.104062 0.665553
    outer loop
      vertex 15.5827 9.41582 0.149881
      vertex 15.309 9.41582 0.45381
      vertex 15.3383 9 0.486289
    endloop
  endfacet
  facet normal 0.0434336 0.977929 0.204371
    outer loop
      vertex 14.191 10.9021 -0.412215
      vertex 14.0646 10.989 -0.801175
      vertex 14.0646 10.9021 -0.385352
    endloop
  endfacet
  facet normal 0.946349 0.307477 0.0993999
    outer loop
      vertex 15.8271 9.81347 -1
      vertex 15.7872 9.81347 -0.620127
      vertex 15.9563 9.41582 -1
    endloop
  endfacet
  facet normal 0.180293 0.497906 0.848283
    outer loop
      vertex 14.5 10.1756 0.538841
      vertex 14.1691 10.1756 0.60917
      vertex 14.5646 9.81347 0.737666
    endloop
  endfacet
  facet normal 0.0434873 0.977927 0.20437
    outer loop
      vertex 14.0646 10.989 -0.801175
      vertex 14.0219 10.989 -0.792089
      vertex 14.0646 10.9021 -0.385352
    endloop
  endfacet
  facet normal 0.708481 0.667181 0.230054
    outer loop
      vertex 15.309 10.4863 -0.721761
      vertex 15.2226 10.4863 -0.455681
      vertex 15.5827 10.1756 -0.663592
    endloop
  endfacet
  facet normal 0.239884 0.807536 0.538833
    outer loop
      vertex 14.5 10.732 -0.133975
      vertex 14.309 10.732 -0.0489435
      vertex 14.6691 10.4863 0.158968
    endloop
  endfacet
  facet normal -0.559276 0.307506 -0.769838
    outer loop
      vertex 1.02185 9.41582 -14.6942
      vertex 0.777438 9.81347 -14.3578
      vertex 1.08646 9.81347 -14.5823
    endloop
  endfacet
  facet normal -0.166333 0.912685 -0.373283
    outer loop
      vertex 1.69098 10.732 -13.9511
      vertex 1.5 10.732 -13.866
      vertex 1.80902 10.9021 -13.5878
    endloop
  endfacet
  facet normal -0.386939 0.3075 -0.869323
    outer loop
      vertex 1.39547 9.41582 -14.8605
      vertex 1.02185 9.41582 -14.6942
      vertex 1.08646 9.81347 -14.5823
    endloop
  endfacet
  facet normal -0.240129 0.912684 -0.330676
    outer loop
      vertex 1.69098 10.9021 -13.5352
      vertex 1.5 10.732 -13.866
      vertex 1.58646 10.9021 -13.4593
    endloop
  endfacet
  facet normal 0 0.912689 -0.408656
    outer loop
      vertex 14.1045 10.732 -13.9945
      vertex 1.9354 10.9021 -13.6146
      vertex 14.0646 10.9021 -13.6146
    endloop
  endfacet
  facet normal 0 0.912689 -0.408656
    outer loop
      vertex 1.9354 10.9021 -13.6146
      vertex 14.1045 10.732 -13.9945
      vertex 1.89547 10.732 -13.9945
    endloop
  endfacet
  facet normal -0.989132 0.103964 0.103964
    outer loop
      vertex 0.0864553 9.41582 -0.593264
      vertex 0.043705 9.41582 -1
      vertex 0.043705 9 -0.584177
    endloop
  endfacet
  facet normal 0.404548 0.104008 0.908583
    outer loop
      vertex 14.9781 9.41582 0.694201
      vertex 14.6045 9.41582 0.860547
      vertex 15 9 0.73205
    endloop
  endfacet
  facet normal -0.4066 0 -0.913606
    outer loop
      vertex 1.19098 1.81347 -14.8171
      vertex 1.38197 9 -14.9021
      vertex 1.38197 1.55033 -14.9021
    endloop
  endfacet
  facet normal -0.407009 1.30085e-05 -0.913424
    outer loop
      vertex 1 1.96156 -14.732
      vertex 1.38197 9 -14.9021
      vertex 1.19098 1.81347 -14.8171
    endloop
  endfacet
  facet normal -0.406808 0 -0.913513
    outer loop
      vertex 1.38197 9 -14.9021
      vertex 1 1.96156 -14.732
      vertex 1 9 -14.732
    endloop
  endfacet
  facet normal 0.739212 0.103862 0.665416
    outer loop
      vertex 15.5827 9.41582 0.149881
      vertex 15.3383 9 0.486289
      vertex 15.618 9 0.17557
    endloop
  endfacet
  facet normal -0.122555 0.977919 -0.169279
    outer loop
      vertex 1.89547 10.989 -13.181
      vertex 1.58646 10.9021 -13.4593
      vertex 1.86011 10.989 -13.1554
    endloop
  endfacet
  facet normal -0.122762 0.977932 -0.169053
    outer loop
      vertex 1.69098 10.9021 -13.5352
      vertex 1.58646 10.9021 -13.4593
      vertex 1.89547 10.989 -13.181
    endloop
  endfacet
  facet normal 0.994523 -0 0.104517
    outer loop
      vertex 15.9563 -2 -0.584177
      vertex 16 9 -1
      vertex 15.9563 9 -0.584177
    endloop
  endfacet
  facet normal 0.994523 0 0.104517
    outer loop
      vertex 16 9 -1
      vertex 15.9563 -2 -0.584177
      vertex 16 -2 -1
    endloop
  endfacet
  facet normal -0.587534 0 -0.809199
    outer loop
      vertex 0.83087 2.17557 -14.6092
      vertex 1 9 -14.732
      vertex 1 1.96156 -14.732
    endloop
  endfacet
  facet normal -0.587839 1.15361e-05 -0.808978
    outer loop
      vertex 0.661739 2.31279 -14.4863
      vertex 1 9 -14.732
      vertex 0.83087 2.17557 -14.6092
    endloop
  endfacet
  facet normal -0.58769 0 -0.809086
    outer loop
      vertex 1 9 -14.732
      vertex 0.661739 2.31279 -14.4863
      vertex 0.661739 9 -14.4863
    endloop
  endfacet
  facet normal -0.197814 0.307314 -0.930821
    outer loop
      vertex 1.80902 9.81347 -14.8171
      vertex 1.39547 9.41582 -14.8605
      vertex 1.4354 9.81347 -14.7377
    endloop
  endfacet
  facet normal -0.861333 0.103961 0.497291
    outer loop
      vertex 0.417324 9.41582 0.149881
      vertex 0.17291 9 -0.186527
      vertex 0.381967 9 0.17557
    endloop
  endfacet
  facet normal -0.346736 0.807567 -0.477084
    outer loop
      vertex 1.33087 10.4863 -14.159
      vertex 1.10453 10.4863 -13.9945
      vertex 1.33087 10.732 -13.7431
    endloop
  endfacet
  facet normal 0.0433343 0.977931 -0.204383
    outer loop
      vertex 14.191 10.9021 -13.5878
      vertex 14.0646 10.9021 -13.6146
      vertex 14.0646 10.989 -13.1988
    endloop
  endfacet
  facet normal 0.862447 0.497991 -0.0905005
    outer loop
      vertex 15.8271 9.81347 -13
      vertex 15.5827 10.1756 -13.3364
      vertex 15.618 10.1756 -13
    endloop
  endfacet
  facet normal -0.30367 0.912668 -0.273537
    outer loop
      vertex 1.33087 10.732 -13.7431
      vertex 1.19098 10.732 -13.5878
      vertex 1.58646 10.9021 -13.4593
    endloop
  endfacet
  facet normal 0 0.977925 -0.208954
    outer loop
      vertex 14.0646 10.9021 -13.6146
      vertex 1.97815 10.989 -13.2079
      vertex 14.0219 10.989 -13.2079
    endloop
  endfacet
  facet normal 0 0.977925 -0.208954
    outer loop
      vertex 1.97815 10.989 -13.2079
      vertex 14.0646 10.9021 -13.6146
      vertex 1.9354 10.9021 -13.6146
    endloop
  endfacet
  facet normal 0.353942 0.912672 0.20434
    outer loop
      vertex 14.5646 10.9021 -0.748624
      vertex 14.5 10.9021 -0.636729
      vertex 14.809 10.732 -0.412215
    endloop
  endfacet
  facet normal -0.86134 0.10399 -0.497272
    outer loop
      vertex 0.417324 9.41582 -14.1499
      vertex 0.17291 9 -13.8135
      vertex 0.212836 9.41582 -13.7957
    endloop
  endfacet
  facet normal -0.30299 0.667125 0.680545
    outer loop
      vertex 1.58646 10.4863 0.272761
      vertex 1.33087 10.4863 0.158968
      vertex 1.5 10.1756 0.538841
    endloop
  endfacet
  facet normal 0 0.497906 0.867231
    outer loop
      vertex 11.1 9.81347 0.817081
      vertex 14.1691 10.1756 0.60917
      vertex 11.1 10.1756 0.60917
    endloop
  endfacet
  facet normal 0 0.497906 0.867231
    outer loop
      vertex 14.1691 10.1756 0.60917
      vertex 11.1 9.81347 0.817081
      vertex 14.191 9.81347 0.817081
    endloop
  endfacet
  facet normal -0 0.497906 0.867231
    outer loop
      vertex 1.83087 10.1756 0.60917
      vertex 2.5 9.81347 0.817081
      vertex 2.5 10.1756 0.60917
    endloop
  endfacet
  facet normal 0 0.497906 0.867231
    outer loop
      vertex 2.5 9.81347 0.817081
      vertex 1.83087 10.1756 0.60917
      vertex 1.80902 9.81347 0.817081
    endloop
  endfacet
  facet normal 0.0849582 0.912675 0.399759
    outer loop
      vertex 14.191 10.9021 -0.412215
      vertex 14.0646 10.9021 -0.385352
      vertex 14.309 10.732 -0.0489435
    endloop
  endfacet
  facet normal 0.587645 0.809119 -0
    outer loop
      vertex 15.3383 10.4863 -13
      vertex 15 10.732 -1
      vertex 15.3383 10.4863 -1
    endloop
  endfacet
  facet normal 0.587645 0.809119 0
    outer loop
      vertex 15 10.732 -1
      vertex 15.3383 10.4863 -13
      vertex 15 10.732 -13
    endloop
  endfacet
  facet normal 0.388719 0.912673 -0.126199
    outer loop
      vertex 14.9781 10.732 -13.2079
      vertex 14.5646 10.9021 -13.2514
      vertex 14.6045 10.9021 -13.1285
    endloop
  endfacet
  facet normal 0.166218 0.912673 0.373363
    outer loop
      vertex 14.5 10.732 -0.133975
      vertex 14.191 10.9021 -0.412215
      vertex 14.309 10.732 -0.0489435
    endloop
  endfacet
  facet normal 0.35275 0.497905 0.792248
    outer loop
      vertex 14.809 10.1756 0.401258
      vertex 14.5 10.1756 0.538841
      vertex 14.5646 9.81347 0.737666
    endloop
  endfacet
  facet normal -0.122807 0.977929 0.169039
    outer loop
      vertex 1.86011 10.989 -0.844641
      vertex 1.58646 10.9021 -0.540711
      vertex 1.89547 10.989 -0.818952
    endloop
  endfacet
  facet normal -0.0435057 0.977924 -0.204381
    outer loop
      vertex 1.97815 10.989 -13.2079
      vertex 1.9354 10.9021 -13.6146
      vertex 1.9354 10.989 -13.1988
    endloop
  endfacet
  facet normal 0.989135 0.103952 -0.103957
    outer loop
      vertex 16 9 -13
      vertex 15.9563 9 -13.4158
      vertex 15.9563 9.41582 -13
    endloop
  endfacet
  facet normal 0.16638 0.912691 -0.373247
    outer loop
      vertex 14.5 10.732 -13.866
      vertex 14.191 10.9021 -13.5878
      vertex 14.309 10.9021 -13.5352
    endloop
  endfacet
  facet normal 0.206968 0.103825 -0.972823
    outer loop
      vertex 14.2091 9 -14.989
      vertex 14.2045 9.41582 -14.9456
      vertex 14.6045 9.41582 -14.8605
    endloop
  endfacet
  facet normal 0.70709 0.307375 -0.636823
    outer loop
      vertex 15.309 9.41582 -14.4538
      vertex 15.2226 9.81347 -14.3578
      vertex 15.5827 9.41582 -14.1499
    endloop
  endfacet
  facet normal -0.207913 0 0.978147
    outer loop
      vertex 1.38197 9 0.902113
      vertex 1.79094 -2 0.989043
      vertex 1.79094 9 0.989043
    endloop
  endfacet
  facet normal -0.207913 0 0.978147
    outer loop
      vertex 1.79094 -2 0.989043
      vertex 1.38197 9 0.902113
      vertex 1.38197 -2 0.902113
    endloop
  endfacet
  facet normal 0 0.497887 -0.867242
    outer loop
      vertex 14.191 9.81347 -14.8171
      vertex 1.83087 10.1756 -14.6092
      vertex 14.1691 10.1756 -14.6092
    endloop
  endfacet
  facet normal 0 0.497887 -0.867242
    outer loop
      vertex 1.83087 10.1756 -14.6092
      vertex 14.191 9.81347 -14.8171
      vertex 1.80902 9.81347 -14.8171
    endloop
  endfacet
  facet normal -0.644502 0.497953 -0.580224
    outer loop
      vertex 0.777438 9.81347 -14.3578
      vertex 0.521852 9.81347 -14.0739
      vertex 0.917324 10.1756 -14.2024
    endloop
  endfacet
  facet normal -0.352833 0.497825 -0.792262
    outer loop
      vertex 1.4354 9.81347 -14.7377
      vertex 1.08646 9.81347 -14.5823
      vertex 1.19098 10.1756 -14.4013
    endloop
  endfacet
  facet normal -0.739082 0.103998 -0.665539
    outer loop
      vertex 0.661739 9 -14.4863
      vertex 0.417324 9.41582 -14.1499
      vertex 0.690984 9.41582 -14.4538
    endloop
  endfacet
  facet normal -0.866045 0.499966 0
    outer loop
      vertex 0.17291 9.81347 -13
      vertex 0.381967 10.1756 -1
      vertex 0.381967 10.1756 -13
    endloop
  endfacet
  facet normal -0.866045 0.499966 0
    outer loop
      vertex 0.381967 10.1756 -1
      vertex 0.17291 9.81347 -13
      vertex 0.17291 9.81347 -1
    endloop
  endfacet
  facet normal -0.945912 0.103979 -0.307308
    outer loop
      vertex 0.17291 9 -13.8135
      vertex 0.043705 9 -13.4158
      vertex 0.212836 9.41582 -13.7957
    endloop
  endfacet
  facet normal -0.994522 0 0.104529
    outer loop
      vertex 0 -2 -1
      vertex 0.043705 9 -0.584177
      vertex 0 9 -1
    endloop
  endfacet
  facet normal -0.994522 0 0.104529
    outer loop
      vertex 0.043705 9 -0.584177
      vertex 0 -2 -1
      vertex 0.043705 -2 -0.584177
    endloop
  endfacet
  facet normal -0.207795 0.977929 0.0218313
    outer loop
      vertex 1.79094 10.989 -1
      vertex 1.38197 10.9021 -1
      vertex 1.39547 10.9021 -0.871504
    endloop
  endfacet
  facet normal -0.155341 0.977925 -0.139759
    outer loop
      vertex 1.86011 10.989 -13.1554
      vertex 1.58646 10.9021 -13.4593
      vertex 1.83087 10.989 -13.1229
    endloop
  endfacet
  facet normal -0.180948 0.977929 0.10446
    outer loop
      vertex 1.80902 10.989 -0.914969
      vertex 1.4354 10.9021 -0.748624
      vertex 1.83087 10.989 -0.87712
    endloop
  endfacet
  facet normal -0.989133 0.103963 0.103963
    outer loop
      vertex 0.043705 9.41582 -1
      vertex 0 9 -1
      vertex 0.043705 9 -0.584177
    endloop
  endfacet
  facet normal -0.708484 0.667125 -0.230203
    outer loop
      vertex 0.521852 10.1756 -13.6581
      vertex 0.417324 10.1756 -13.3364
      vertex 0.777438 10.4863 -13.5443
    endloop
  endfacet
  facet normal -0.122497 0.807535 -0.576959
    outer loop
      vertex 1.86011 10.4863 -14.3309
      vertex 1.58646 10.4863 -14.2728
      vertex 1.69098 10.732 -13.9511
    endloop
  endfacet
  facet normal -0.406442 0.912678 -0.0427165
    outer loop
      vertex 1.02185 10.732 -13.2079
      vertex 1 10.732 -13
      vertex 1.39547 10.9021 -13.1285
    endloop
  endfacet
  facet normal -0.406437 0.91268 0.042701
    outer loop
      vertex 1.38197 10.9021 -1
      vertex 1 10.732 -1
      vertex 1.39547 10.9021 -0.871504
    endloop
  endfacet
  facet normal -0 0.807548 0.589802
    outer loop
      vertex 1.89547 10.732 -0.00547886
      vertex 2.5 10.4863 0.33093
      vertex 2.5 10.732 -0.00547886
    endloop
  endfacet
  facet normal 0 0.807548 0.589802
    outer loop
      vertex 2.5 10.4863 0.33093
      vertex 1.89547 10.732 -0.00547886
      vertex 1.86011 10.4863 0.33093
    endloop
  endfacet
  facet normal 0 0.807548 0.589802
    outer loop
      vertex 14.1045 10.732 -0.00547886
      vertex 11.1 10.4863 0.33093
      vertex 14.1399 10.4863 0.33093
    endloop
  endfacet
  facet normal 0 0.807548 0.589802
    outer loop
      vertex 11.1 10.4863 0.33093
      vertex 14.1045 10.732 -0.00547886
      vertex 11.1 10.732 -0.00547886
    endloop
  endfacet
  facet normal -0.866025 0 0.5
    outer loop
      vertex 0.17291 -2 -0.186527
      vertex 0.381967 9 0.17557
      vertex 0.17291 9 -0.186527
    endloop
  endfacet
  facet normal -0.866025 0 0.5
    outer loop
      vertex 0.381967 9 0.17557
      vertex 0.17291 -2 -0.186527
      vertex 0.381967 -2 0.17557
    endloop
  endfacet
  facet normal -0.388674 0.912677 0.126303
    outer loop
      vertex 1.4354 10.9021 -0.748624
      vertex 1.02185 10.732 -0.792089
      vertex 1.08646 10.732 -0.593264
    endloop
  endfacet
  facet normal 0.15546 0.977918 -0.139675
    outer loop
      vertex 14.4135 10.9021 -13.4593
      vertex 14.1399 10.989 -13.1554
      vertex 14.1691 10.989 -13.1229
    endloop
  endfacet
  facet normal 0 0.667201 -0.744878
    outer loop
      vertex 14.1691 10.1756 -14.6092
      vertex 1.86011 10.4863 -14.3309
      vertex 14.1399 10.4863 -14.3309
    endloop
  endfacet
  facet normal 0 0.667201 -0.744878
    outer loop
      vertex 1.86011 10.4863 -14.3309
      vertex 14.1691 10.1756 -14.6092
      vertex 1.83087 10.1756 -14.6092
    endloop
  endfacet
  facet normal 0.586517 0.807579 0.0617632
    outer loop
      vertex 15.3383 10.4863 -1
      vertex 14.9781 10.732 -0.792089
      vertex 15.309 10.4863 -0.721761
    endloop
  endfacet
  facet normal 0.586523 0.807573 0.0617805
    outer loop
      vertex 15 10.732 -1
      vertex 14.9781 10.732 -0.792089
      vertex 15.3383 10.4863 -1
    endloop
  endfacet
  facet normal 0.945922 0.10392 -0.3073
    outer loop
      vertex 15.8271 9 -13.8135
      vertex 15.7872 9.41582 -13.7957
      vertex 15.9563 9 -13.4158
    endloop
  endfacet
  facet normal 0.0850595 0.977933 -0.190818
    outer loop
      vertex 14.191 10.9021 -13.5878
      vertex 14.1045 10.989 -13.181
      vertex 14.309 10.9021 -13.5352
    endloop
  endfacet
  facet normal 0.303009 0.667129 0.680532
    outer loop
      vertex 14.6691 10.4863 0.158968
      vertex 14.5 10.1756 0.538841
      vertex 14.809 10.1756 0.401258
    endloop
  endfacet
  facet normal 0.743211 0.669057 0
    outer loop
      vertex 15.618 10.1756 -1
      vertex 15.3383 10.4863 -13
      vertex 15.3383 10.4863 -1
    endloop
  endfacet
  facet normal 0.743211 0.669057 0
    outer loop
      vertex 15.3383 10.4863 -13
      vertex 15.618 10.1756 -1
      vertex 15.618 10.1756 -13
    endloop
  endfacet
  facet normal 0.560931 0.807577 0.182142
    outer loop
      vertex 15.309 10.4863 -0.721761
      vertex 14.9781 10.732 -0.792089
      vertex 15.2226 10.4863 -0.455681
    endloop
  endfacet
  facet normal 0.122831 0.977929 0.169017
    outer loop
      vertex 14.4135 10.9021 -0.540711
      vertex 14.1045 10.989 -0.818952
      vertex 14.309 10.9021 -0.464767
    endloop
  endfacet
  facet normal -0.240216 0.912679 0.330626
    outer loop
      vertex 1.58646 10.9021 -0.540711
      vertex 1.33087 10.732 -0.256856
      vertex 1.5 10.732 -0.133975
    endloop
  endfacet
  facet normal -0.51078 0.807551 0.294898
    outer loop
      vertex 1.08646 10.732 -0.593264
      vertex 0.777438 10.4863 -0.455681
      vertex 0.917324 10.4863 -0.21339
    endloop
  endfacet
  facet normal -0.180946 0.97793 -0.104461
    outer loop
      vertex 1.5 10.9021 -13.3633
      vertex 1.4354 10.9021 -13.2514
      vertex 1.83087 10.989 -13.1229
    endloop
  endfacet
  facet normal -0.0847769 0.912682 -0.39978
    outer loop
      vertex 1.9354 10.9021 -13.6146
      vertex 1.69098 10.732 -13.9511
      vertex 1.80902 10.9021 -13.5878
    endloop
  endfacet
  facet normal 0.645207 0.667022 0.372545
    outer loop
      vertex 15.2226 10.4863 -0.455681
      vertex 15.0827 10.4863 -0.21339
      vertex 15.4781 10.1756 -0.341887
    endloop
  endfacet
  facet normal 0.751103 0.497856 0.43357
    outer loop
      vertex 15.4781 10.1756 -0.341887
      vertex 15.309 10.1756 -0.0489435
      vertex 15.4781 9.81347 0.0739365
    endloop
  endfacet
  facet normal 0.989106 0.104086 -0.104091
    outer loop
      vertex 15.9563 9 -13.4158
      vertex 15.9135 9.41582 -13.4067
      vertex 15.9563 9.41582 -13
    endloop
  endfacet
  facet normal 0.994522 0 -0.104523
    outer loop
      vertex 16 -2 -13
      vertex 15.9563 9 -13.4158
      vertex 16 9 -13
    endloop
  endfacet
  facet normal 0.994522 0 -0.104523
    outer loop
      vertex 15.9563 9 -13.4158
      vertex 16 -2 -13
      vertex 15.9563 -2 -13.4158
    endloop
  endfacet
  facet normal 0.553606 0.667107 -0.498485
    outer loop
      vertex 15.0827 10.1756 -14.2024
      vertex 14.8955 10.4863 -13.9945
      vertex 15.0827 10.4863 -13.7866
    endloop
  endfacet
  facet normal -0.180276 0.497888 -0.848297
    outer loop
      vertex 1.80902 9.81347 -14.8171
      vertex 1.4354 9.81347 -14.7377
      vertex 1.83087 10.1756 -14.6092
    endloop
  endfacet
  facet normal 0.406708 0 0.913558
    outer loop
      vertex 14.618 9 0.902113
      vertex 15 -2 0.73205
      vertex 15 9 0.73205
    endloop
  endfacet
  facet normal 0.406708 0 0.913558
    outer loop
      vertex 15 -2 0.73205
      vertex 14.618 9 0.902113
      vertex 14.618 -2 0.902113
    endloop
  endfacet
  facet normal -0.509904 0.497821 -0.70155
    outer loop
      vertex 1.08646 9.81347 -14.5823
      vertex 0.917324 10.1756 -14.2024
      vertex 1.19098 10.1756 -14.4013
    endloop
  endfacet
  facet normal -0.346685 0.807584 -0.477094
    outer loop
      vertex 1.5 10.732 -13.866
      vertex 1.33087 10.4863 -14.159
      vertex 1.33087 10.732 -13.7431
    endloop
  endfacet
  facet normal -0.824064 0.307537 -0.475752
    outer loop
      vertex 0.417324 9.41582 -14.1499
      vertex 0.212836 9.41582 -13.7957
      vertex 0.33087 9.81347 -13.7431
    endloop
  endfacet
  facet normal -0.707116 0.30746 -0.636754
    outer loop
      vertex 0.690984 9.41582 -14.4538
      vertex 0.417324 9.41582 -14.1499
      vertex 0.777438 9.81347 -14.3578
    endloop
  endfacet
  facet normal -0.38714 0.307325 -0.869295
    outer loop
      vertex 1.39547 9.41582 -14.8605
      vertex 1.08646 9.81347 -14.5823
      vertex 1.4354 9.81347 -14.7377
    endloop
  endfacet
  facet normal -0.404601 0.104031 -0.908557
    outer loop
      vertex 1.38197 9 -14.9021
      vertex 1 9 -14.732
      vertex 1.39547 9.41582 -14.8605
    endloop
  endfacet
  facet normal -0.207611 0 -0.978211
    outer loop
      vertex 1.58645 1.41582 -14.9456
      vertex 1.79094 9 -14.989
      vertex 1.79094 1 -14.989
    endloop
  endfacet
  facet normal -0.20807 1.29416e-05 -0.978114
    outer loop
      vertex 1.38197 1.55033 -14.9021
      vertex 1.79094 9 -14.989
      vertex 1.58645 1.41582 -14.9456
    endloop
  endfacet
  facet normal -0.207845 0 -0.978162
    outer loop
      vertex 1.79094 9 -14.989
      vertex 1.38197 1.55033 -14.9021
      vertex 1.38197 9 -14.9021
    endloop
  endfacet
  facet normal -0.743125 0 -0.669152
    outer loop
      vertex 0.661739 9 -14.4863
      vertex 0.381967 2.59979 -14.1756
      vertex 0.381967 9 -14.1756
    endloop
  endfacet
  facet normal -0.743022 -1.00988e-05 -0.669267
    outer loop
      vertex 0.661739 9 -14.4863
      vertex 0.521853 2.48629 -14.3309
      vertex 0.381967 2.59979 -14.1756
    endloop
  endfacet
  facet normal -0.743232 0 -0.669033
    outer loop
      vertex 0.521853 2.48629 -14.3309
      vertex 0.661739 9 -14.4863
      vertex 0.661739 2.31279 -14.4863
    endloop
  endfacet
  facet normal -0.989131 0.103968 -0.103973
    outer loop
      vertex 0.0864553 9.41582 -13.4067
      vertex 0.043705 9 -13.4158
      vertex 0.043705 9.41582 -13
    endloop
  endfacet
  facet normal -0.989132 0.103963 -0.103968
    outer loop
      vertex 0.043705 9 -13.4158
      vertex 0 9 -13
      vertex 0.043705 9.41582 -13
    endloop
  endfacet
  facet normal 0.0850322 0.977929 0.190852
    outer loop
      vertex 14.1045 10.989 -0.818952
      vertex 14.0646 10.989 -0.801175
      vertex 14.191 10.9021 -0.412215
    endloop
  endfacet
  facet normal -0.198706 0.977929 0.0645845
    outer loop
      vertex 1.79551 10.989 -0.956535
      vertex 1.39547 10.9021 -0.871504
      vertex 1.80902 10.989 -0.914969
    endloop
  endfacet
  facet normal -0.743125 0.669152 0
    outer loop
      vertex 0.381967 10.1756 -13
      vertex 0.661739 10.4863 -1
      vertex 0.661739 10.4863 -13
    endloop
  endfacet
  facet normal -0.743125 0.669152 0
    outer loop
      vertex 0.661739 10.4863 -1
      vertex 0.381967 10.1756 -13
      vertex 0.381967 10.1756 -1
    endloop
  endfacet
  facet normal -0.303683 0.912673 -0.273504
    outer loop
      vertex 1.58646 10.9021 -13.4593
      vertex 1.19098 10.732 -13.5878
      vertex 1.5 10.9021 -13.3633
    endloop
  endfacet
  facet normal -0.586572 0.807548 0.0616446
    outer loop
      vertex 1 10.732 -1
      vertex 0.661739 10.4863 -1
      vertex 1.02185 10.732 -0.792089
    endloop
  endfacet
  facet normal -0.824794 0.497889 -0.267995
    outer loop
      vertex 0.521852 10.1756 -13.6581
      vertex 0.33087 9.81347 -13.7431
      vertex 0.417324 10.1756 -13.3364
    endloop
  endfacet
  facet normal -0.740861 0.667128 -0.0778809
    outer loop
      vertex 0.690984 10.4863 -13.2782
      vertex 0.417324 10.1756 -13.3364
      vertex 0.661739 10.4863 -13
    endloop
  endfacet
  facet normal -0.740869 0.667121 -0.0778683
    outer loop
      vertex 0.417324 10.1756 -13.3364
      vertex 0.381967 10.1756 -13
      vertex 0.661739 10.4863 -13
    endloop
  endfacet
  facet normal -0.5097 0.497965 -0.701596
    outer loop
      vertex 1.08646 9.81347 -14.5823
      vertex 0.777438 9.81347 -14.3578
      vertex 0.917324 10.1756 -14.2024
    endloop
  endfacet
  facet normal -0.560909 0.807558 -0.182295
    outer loop
      vertex 1.08646 10.732 -13.4067
      vertex 0.777438 10.4863 -13.5443
      vertex 1.02185 10.732 -13.2079
    endloop
  endfacet
  facet normal -0.645147 0.667127 -0.37246
    outer loop
      vertex 0.917324 10.4863 -13.7866
      vertex 0.521852 10.1756 -13.6581
      vertex 0.777438 10.4863 -13.5443
    endloop
  endfacet
  facet normal -0.708481 0.667137 -0.23018
    outer loop
      vertex 0.777438 10.4863 -13.5443
      vertex 0.417324 10.1756 -13.3364
      vertex 0.690984 10.4863 -13.2782
    endloop
  endfacet
  facet normal -0.586572 0.807547 -0.0616479
    outer loop
      vertex 1.02185 10.732 -13.2079
      vertex 0.661739 10.4863 -13
      vertex 1 10.732 -13
    endloop
  endfacet
  facet normal -0.198708 0.977929 0.0645703
    outer loop
      vertex 1.80902 10.989 -0.914969
      vertex 1.39547 10.9021 -0.871504
      vertex 1.4354 10.9021 -0.748624
    endloop
  endfacet
  facet normal -0 0.103962 0.994581
    outer loop
      vertex 1.79551 9.41582 0.945578
      vertex 2.5 9 0.989043
      vertex 2.5 9.41582 0.945578
    endloop
  endfacet
  facet normal 0 0.103962 0.994581
    outer loop
      vertex 2.5 9 0.989043
      vertex 1.79551 9.41582 0.945578
      vertex 1.79094 9 0.989043
    endloop
  endfacet
  facet normal 0 0.103962 0.994581
    outer loop
      vertex 11.1 9 0.989043
      vertex 14.2045 9.41582 0.945578
      vertex 11.1 9.41582 0.945578
    endloop
  endfacet
  facet normal 0 0.103962 0.994581
    outer loop
      vertex 14.2045 9.41582 0.945578
      vertex 11.1 9 0.989043
      vertex 14.2091 9 0.989043
    endloop
  endfacet
  facet normal -0 0 1
    outer loop
      vertex 1.79094 9 0.989043
      vertex 2.5 -2 0.989043
      vertex 2.5 9 0.989043
    endloop
  endfacet
  facet normal 0 0 1
    outer loop
      vertex 2.5 -2 0.989043
      vertex 1.79094 9 0.989043
      vertex 1.79094 -2 0.989043
    endloop
  endfacet
  facet normal -0 0 1
    outer loop
      vertex 11.1 9 0.989043
      vertex 14.2091 -2 0.989043
      vertex 14.2091 9 0.989043
    endloop
  endfacet
  facet normal 0 0 1
    outer loop
      vertex 14.2091 -2 0.989043
      vertex 11.1 9 0.989043
      vertex 11.1 -2 0.989043
    endloop
  endfacet
  facet normal 0.55921 0.307485 0.769894
    outer loop
      vertex 15.2226 9.81347 0.357793
      vertex 14.9135 9.81347 0.582307
      vertex 14.9781 9.41582 0.694201
    endloop
  endfacet
  facet normal 0.404504 0.103958 0.908608
    outer loop
      vertex 15 9 0.73205
      vertex 14.6045 9.41582 0.860547
      vertex 14.618 9 0.902113
    endloop
  endfacet
  facet normal 0.198731 0.977928 -0.0645189
    outer loop
      vertex 14.5646 10.9021 -13.2514
      vertex 14.191 10.989 -13.085
      vertex 14.6045 10.9021 -13.1285
    endloop
  endfacet
  facet normal 0.388711 0.912674 0.126217
    outer loop
      vertex 14.6045 10.9021 -0.871504
      vertex 14.5646 10.9021 -0.748624
      vertex 14.9781 10.732 -0.792089
    endloop
  endfacet
  facet normal 0.406782 0.913525 -0
    outer loop
      vertex 15 10.732 -13
      vertex 14.618 10.9021 -1
      vertex 15 10.732 -1
    endloop
  endfacet
  facet normal 0.406782 0.913525 0
    outer loop
      vertex 14.618 10.9021 -1
      vertex 15 10.732 -13
      vertex 14.618 10.9021 -13
    endloop
  endfacet
  facet normal 0.95106 0.309008 0
    outer loop
      vertex 15.9563 9.41582 -1
      vertex 15.8271 9.81347 -13
      vertex 15.8271 9.81347 -1
    endloop
  endfacet
  facet normal 0.95106 0.309008 0
    outer loop
      vertex 15.8271 9.81347 -13
      vertex 15.9563 9.41582 -1
      vertex 15.9563 9.41582 -13
    endloop
  endfacet
  facet normal 0.207879 0 -0.978155
    outer loop
      vertex 14.2091 -2 -14.989
      vertex 14.618 9 -14.9021
      vertex 14.618 -2 -14.9021
    endloop
  endfacet
  facet normal 0.207879 0 -0.978155
    outer loop
      vertex 14.618 9 -14.9021
      vertex 14.2091 -2 -14.989
      vertex 14.2091 9 -14.989
    endloop
  endfacet
  facet normal 0.586523 0.807573 -0.0617838
    outer loop
      vertex 15.3383 10.4863 -13
      vertex 14.9781 10.732 -13.2079
      vertex 15 10.732 -13
    endloop
  endfacet
  facet normal 0.862447 0.497991 0.0904984
    outer loop
      vertex 15.618 10.1756 -1
      vertex 15.5827 10.1756 -0.663592
      vertex 15.8271 9.81347 -1
    endloop
  endfacet
  facet normal 0.740797 0.667184 0.0780098
    outer loop
      vertex 15.3383 10.4863 -1
      vertex 15.309 10.4863 -0.721761
      vertex 15.5827 10.1756 -0.663592
    endloop
  endfacet
  facet normal 0.122479 0.977913 -0.169366
    outer loop
      vertex 14.4135 10.9021 -13.4593
      vertex 14.1045 10.989 -13.181
      vertex 14.1399 10.989 -13.1554
    endloop
  endfacet
  facet normal 0.20778 0.977928 0.0219899
    outer loop
      vertex 14.2091 10.989 -1
      vertex 14.2045 10.989 -0.956535
      vertex 14.6045 10.9021 -0.871504
    endloop
  endfacet
  facet normal 0.824734 0.497921 0.268122
    outer loop
      vertex 15.7872 9.81347 -0.620127
      vertex 15.5827 10.1756 -0.663592
      vertex 15.6691 9.81347 -0.256856
    endloop
  endfacet
  facet normal 0.645213 0.667071 0.372446
    outer loop
      vertex 15.4781 10.1756 -0.341887
      vertex 15.0827 10.4863 -0.21339
      vertex 15.309 10.1756 -0.0489435
    endloop
  endfacet
  facet normal 0.346733 0.80753 0.477149
    outer loop
      vertex 14.6691 10.732 -0.256856
      vertex 14.5 10.732 -0.133975
      vertex 14.6691 10.4863 0.158968
    endloop
  endfacet
  facet normal 0.644569 0.497919 0.580179
    outer loop
      vertex 15.4781 9.81347 0.0739365
      vertex 15.0827 10.1756 0.202434
      vertex 15.2226 9.81347 0.357793
    endloop
  endfacet
  facet normal 0.0849643 0.912676 0.399755
    outer loop
      vertex 14.309 10.732 -0.0489435
      vertex 14.0646 10.9021 -0.385352
      vertex 14.1045 10.732 -0.00547886
    endloop
  endfacet
  facet normal 0.122616 0.807556 0.576905
    outer loop
      vertex 14.309 10.732 -0.0489435
      vertex 14.1045 10.732 -0.00547886
      vertex 14.1399 10.4863 0.33093
    endloop
  endfacet
  facet normal -0.239898 0.807548 0.538809
    outer loop
      vertex 1.5 10.732 -0.133975
      vertex 1.33087 10.4863 0.158968
      vertex 1.69098 10.732 -0.0489435
    endloop
  endfacet
  facet normal 0.155229 0.97793 0.139842
    outer loop
      vertex 14.5 10.9021 -0.636729
      vertex 14.1691 10.989 -0.87712
      vertex 14.4135 10.9021 -0.540711
    endloop
  endfacet
  facet normal 0.18087 0.977923 0.104654
    outer loop
      vertex 14.191 10.989 -0.914969
      vertex 14.1691 10.989 -0.87712
      vertex 14.5646 10.9021 -0.748624
    endloop
  endfacet
  facet normal 0.865981 -0 0.500077
    outer loop
      vertex 15.618 -2 0.17557
      vertex 15.8271 9 -0.186527
      vertex 15.618 9 0.17557
    endloop
  endfacet
  facet normal 0.865981 0 0.500077
    outer loop
      vertex 15.8271 9 -0.186527
      vertex 15.618 -2 0.17557
      vertex 15.8271 -2 -0.186527
    endloop
  endfacet
  facet normal 0.989135 0.103952 0.103951
    outer loop
      vertex 16 9 -1
      vertex 15.9563 9.41582 -1
      vertex 15.9563 9 -0.584177
    endloop
  endfacet
  facet normal 0.346656 0.807593 -0.477099
    outer loop
      vertex 14.8955 10.4863 -13.9945
      vertex 14.6691 10.4863 -14.159
      vertex 14.6691 10.732 -13.7431
    endloop
  endfacet
  facet normal 0.584552 0.104029 0.80466
    outer loop
      vertex 15.3383 9 0.486289
      vertex 14.9781 9.41582 0.694201
      vertex 15 9 0.73205
    endloop
  endfacet
  facet normal 0.739026 0.104096 -0.665586
    outer loop
      vertex 15.3383 9 -14.4863
      vertex 15.309 9.41582 -14.4538
      vertex 15.5827 9.41582 -14.1499
    endloop
  endfacet
  facet normal -0.206717 0.104039 -0.972854
    outer loop
      vertex 1.79094 9 -14.989
      vertex 1.38197 9 -14.9021
      vertex 1.39547 9.41582 -14.8605
    endloop
  endfacet
  facet normal 0.198011 0.307484 -0.930723
    outer loop
      vertex 14.2045 9.41582 -14.9456
      vertex 14.191 9.81347 -14.8171
      vertex 14.6045 9.41582 -14.8605
    endloop
  endfacet
  facet normal -0.404443 0.103853 -0.908648
    outer loop
      vertex 1.39547 9.41582 -14.8605
      vertex 1 9 -14.732
      vertex 1.02185 9.41582 -14.6942
    endloop
  endfacet
  facet normal -0.584511 0.103866 -0.80471
    outer loop
      vertex 1 9 -14.732
      vertex 0.661739 9 -14.4863
      vertex 1.02185 9.41582 -14.6942
    endloop
  endfacet
  facet normal -0.861333 0.103974 -0.497287
    outer loop
      vertex 0.381967 9 -14.1756
      vertex 0.17291 9 -13.8135
      vertex 0.417324 9.41582 -14.1499
    endloop
  endfacet
  facet normal -0.739097 0.103978 -0.665525
    outer loop
      vertex 0.661739 9 -14.4863
      vertex 0.381967 9 -14.1756
      vertex 0.417324 9.41582 -14.1499
    endloop
  endfacet
  facet normal -0.862479 0.497908 -0.0906501
    outer loop
      vertex 0.417324 10.1756 -13.3364
      vertex 0.17291 9.81347 -13
      vertex 0.381967 10.1756 -13
    endloop
  endfacet
  facet normal -0.994522 0.10453 0
    outer loop
      vertex 0 9 -13
      vertex 0.043705 9.41582 -1
      vertex 0.043705 9.41582 -13
    endloop
  endfacet
  facet normal -0.994522 0.10453 0
    outer loop
      vertex 0.043705 9.41582 -1
      vertex 0 9 -13
      vertex 0 9 -1
    endloop
  endfacet
  facet normal -0.155252 0.977929 -0.139824
    outer loop
      vertex 1.58646 10.9021 -13.4593
      vertex 1.5 10.9021 -13.3633
      vertex 1.83087 10.989 -13.1229
    endloop
  endfacet
  facet normal -0.20779 0.977929 0.0218475
    outer loop
      vertex 1.79094 10.989 -1
      vertex 1.39547 10.9021 -0.871504
      vertex 1.79551 10.989 -0.956535
    endloop
  endfacet
  facet normal -0.388682 0.912677 -0.126282
    outer loop
      vertex 1.4354 10.9021 -13.2514
      vertex 1.02185 10.732 -13.2079
      vertex 1.39547 10.9021 -13.1285
    endloop
  endfacet
  facet normal -0.751063 0.497878 -0.433614
    outer loop
      vertex 0.521852 9.81347 -14.0739
      vertex 0.33087 9.81347 -13.7431
      vertex 0.521852 10.1756 -13.6581
    endloop
  endfacet
  facet normal -0.64515 0.667153 -0.372408
    outer loop
      vertex 0.690984 10.1756 -13.9511
      vertex 0.521852 10.1756 -13.6581
      vertex 0.917324 10.4863 -13.7866
    endloop
  endfacet
  facet normal -0.510851 0.80753 -0.294832
    outer loop
      vertex 1.19098 10.732 -13.5878
      vertex 0.917324 10.4863 -13.7866
      vertex 1.08646 10.732 -13.4067
    endloop
  endfacet
  facet normal -0.0850374 0.977932 -0.190833
    outer loop
      vertex 1.80902 10.9021 -13.5878
      vertex 1.69098 10.9021 -13.5352
      vertex 1.89547 10.989 -13.181
    endloop
  endfacet
  facet normal -0.155021 0.66719 -0.728578
    outer loop
      vertex 1.83087 10.1756 -14.6092
      vertex 1.5 10.1756 -14.5388
      vertex 1.86011 10.4863 -14.3309
    endloop
  endfacet
  facet normal -0.180466 0.498047 -0.848163
    outer loop
      vertex 1.83087 10.1756 -14.6092
      vertex 1.4354 9.81347 -14.7377
      vertex 1.5 10.1756 -14.5388
    endloop
  endfacet
  facet normal 0.180908 0.977929 -0.104535
    outer loop
      vertex 14.5646 10.9021 -13.2514
      vertex 14.1691 10.989 -13.1229
      vertex 14.191 10.989 -13.085
    endloop
  endfacet
  facet normal 0.198733 0.977926 0.0645456
    outer loop
      vertex 14.2045 10.989 -0.956535
      vertex 14.191 10.989 -0.914969
      vertex 14.6045 10.9021 -0.871504
    endloop
  endfacet
  facet normal -0.0850666 0.977931 -0.190826
    outer loop
      vertex 1.9354 10.989 -13.1988
      vertex 1.80902 10.9021 -13.5878
      vertex 1.89547 10.989 -13.181
    endloop
  endfacet
  facet normal -0.0433411 0.977931 -0.204382
    outer loop
      vertex 1.9354 10.9021 -13.6146
      vertex 1.80902 10.9021 -13.5878
      vertex 1.9354 10.989 -13.1988
    endloop
  endfacet
  facet normal -0.586577 0.807543 -0.0616623
    outer loop
      vertex 0.690984 10.4863 -13.2782
      vertex 0.661739 10.4863 -13
      vertex 1.02185 10.732 -13.2079
    endloop
  endfacet
  facet normal -0.560952 0.807538 -0.182249
    outer loop
      vertex 0.777438 10.4863 -13.5443
      vertex 0.690984 10.4863 -13.2782
      vertex 1.02185 10.732 -13.2079
    endloop
  endfacet
  facet normal -0.58769 0.809086 0
    outer loop
      vertex 1 10.732 -13
      vertex 0.661739 10.4863 -1
      vertex 1 10.732 -1
    endloop
  endfacet
  facet normal -0.58769 0.809086 0
    outer loop
      vertex 0.661739 10.4863 -1
      vertex 1 10.732 -13
      vertex 0.661739 10.4863 -13
    endloop
  endfacet
  facet normal -0.740869 0.667121 0.0778665
    outer loop
      vertex 0.661739 10.4863 -1
      vertex 0.381967 10.1756 -1
      vertex 0.417324 10.1756 -0.663592
    endloop
  endfacet
  facet normal -0.438307 0.807547 0.394658
    outer loop
      vertex 1.33087 10.732 -0.256856
      vertex 0.917324 10.4863 -0.21339
      vertex 1.10453 10.4863 -0.00547886
    endloop
  endfacet
  facet normal -0.951056 0 0.309018
    outer loop
      vertex 0.043705 -2 -0.584177
      vertex 0.17291 9 -0.186527
      vertex 0.043705 9 -0.584177
    endloop
  endfacet
  facet normal -0.951056 0 0.309018
    outer loop
      vertex 0.17291 9 -0.186527
      vertex 0.043705 -2 -0.584177
      vertex 0.17291 -2 -0.186527
    endloop
  endfacet
  facet normal 0.438276 0.807584 0.394617
    outer loop
      vertex 15.0827 10.4863 -0.21339
      vertex 14.6691 10.732 -0.256856
      vertex 14.8955 10.4863 -0.00547886
    endloop
  endfacet
  facet normal 0.154873 0.66711 0.728683
    outer loop
      vertex 14.5 10.1756 0.538841
      vertex 14.1399 10.4863 0.33093
      vertex 14.1691 10.1756 0.60917
    endloop
  endfacet
  facet normal 0.207947 0 0.97814
    outer loop
      vertex 14.2091 9 0.989043
      vertex 14.618 -2 0.902113
      vertex 14.618 9 0.902113
    endloop
  endfacet
  facet normal 0.207947 0 0.97814
    outer loop
      vertex 14.618 -2 0.902113
      vertex 14.2091 9 0.989043
      vertex 14.2091 -2 0.989043
    endloop
  endfacet
  facet normal 0.206821 0.103961 0.97284
    outer loop
      vertex 14.6045 9.41582 0.860547
      vertex 14.2091 9 0.989043
      vertex 14.618 9 0.902113
    endloop
  endfacet
  facet normal 0.862472 0.497932 -0.0905834
    outer loop
      vertex 15.7872 9.81347 -13.3799
      vertex 15.5827 10.1756 -13.3364
      vertex 15.8271 9.81347 -13
    endloop
  endfacet
  facet normal 0.861299 0.103845 0.497374
    outer loop
      vertex 15.8271 9 -0.186527
      vertex 15.5827 9.41582 0.149881
      vertex 15.618 9 0.17557
    endloop
  endfacet
  facet normal 0.824023 0.307608 0.475776
    outer loop
      vertex 15.6691 9.81347 -0.256856
      vertex 15.5827 9.41582 0.149881
      vertex 15.7872 9.41582 -0.204304
    endloop
  endfacet
  facet normal 0.346739 0.807566 -0.477084
    outer loop
      vertex 14.6691 10.4863 -14.159
      vertex 14.5 10.732 -13.866
      vertex 14.6691 10.732 -13.7431
    endloop
  endfacet
  facet normal 0.406441 0.912673 -0.0428141
    outer loop
      vertex 14.9781 10.732 -13.2079
      vertex 14.6045 10.9021 -13.1285
      vertex 15 10.732 -13
    endloop
  endfacet
  facet normal 0.586519 0.807577 -0.0617721
    outer loop
      vertex 15.309 10.4863 -13.2782
      vertex 14.9781 10.732 -13.2079
      vertex 15.3383 10.4863 -13
    endloop
  endfacet
  facet normal 0.740961 0.667032 -0.0777524
    outer loop
      vertex 15.5827 10.1756 -13.3364
      vertex 15.3383 10.4863 -13
      vertex 15.618 10.1756 -13
    endloop
  endfacet
  facet normal 0.94635 0.307478 -0.0993929
    outer loop
      vertex 15.9563 9.41582 -13
      vertex 15.7872 9.81347 -13.3799
      vertex 15.8271 9.81347 -13
    endloop
  endfacet
  facet normal 0.946387 0.3073 -0.0995951
    outer loop
      vertex 15.9135 9.41582 -13.4067
      vertex 15.7872 9.81347 -13.3799
      vertex 15.9563 9.41582 -13
    endloop
  endfacet
  facet normal 0.824709 0.497938 -0.268167
    outer loop
      vertex 15.6691 9.81347 -13.7431
      vertex 15.5827 10.1756 -13.3364
      vertex 15.7872 9.81347 -13.3799
    endloop
  endfacet
  facet normal 0.40644 0.912674 0.0428118
    outer loop
      vertex 15 10.732 -1
      vertex 14.6045 10.9021 -0.871504
      vertex 14.9781 10.732 -0.792089
    endloop
  endfacet
  facet normal 0.0850004 0.97793 0.190859
    outer loop
      vertex 14.309 10.9021 -0.464767
      vertex 14.1045 10.989 -0.818952
      vertex 14.191 10.9021 -0.412215
    endloop
  endfacet
  facet normal 0.198717 0.977923 -0.0646429
    outer loop
      vertex 14.6045 10.9021 -13.1285
      vertex 14.191 10.989 -13.085
      vertex 14.2045 10.989 -13.0435
    endloop
  endfacet
  facet normal 0.207829 0.977921 -0.0218342
    outer loop
      vertex 14.6045 10.9021 -13.1285
      vertex 14.2091 10.989 -13
      vertex 14.618 10.9021 -13
    endloop
  endfacet
  facet normal 0.406411 0.912692 -0.0426969
    outer loop
      vertex 15 10.732 -13
      vertex 14.6045 10.9021 -13.1285
      vertex 14.618 10.9021 -13
    endloop
  endfacet
  facet normal 0.553675 0.667085 0.49844
    outer loop
      vertex 15.309 10.1756 -0.0489435
      vertex 15.0827 10.4863 -0.21339
      vertex 15.0827 10.1756 0.202434
    endloop
  endfacet
  facet normal 0.751014 0.497932 0.433637
    outer loop
      vertex 15.6691 9.81347 -0.256856
      vertex 15.4781 10.1756 -0.341887
      vertex 15.4781 9.81347 0.0739365
    endloop
  endfacet
  facet normal 0.824013 0.30762 0.475786
    outer loop
      vertex 15.6691 9.81347 -0.256856
      vertex 15.4781 9.81347 0.0739365
      vertex 15.5827 9.41582 0.149881
    endloop
  endfacet
  facet normal 0.862475 0.497925 0.0905902
    outer loop
      vertex 15.8271 9.81347 -1
      vertex 15.5827 10.1756 -0.663592
      vertex 15.7872 9.81347 -0.620127
    endloop
  endfacet
  facet normal 0.438265 0.807571 0.394655
    outer loop
      vertex 14.809 10.732 -0.412215
      vertex 14.6691 10.732 -0.256856
      vertex 15.0827 10.4863 -0.21339
    endloop
  endfacet
  facet normal 0.510702 0.807606 0.294882
    outer loop
      vertex 15.2226 10.4863 -0.455681
      vertex 14.9135 10.732 -0.593264
      vertex 15.0827 10.4863 -0.21339
    endloop
  endfacet
  facet normal 0 0.977929 0.208936
    outer loop
      vertex 11.1421 10.989 -0.792089
      vertex 11.1 10.9021 -0.385352
      vertex 14.0646 10.9021 -0.385352
    endloop
  endfacet
  facet normal -0 0.977929 0.208936
    outer loop
      vertex 11.1421 10.989 -0.792089
      vertex 14.0646 10.9021 -0.385352
      vertex 14.0219 10.989 -0.792089
    endloop
  endfacet
  facet normal 0.00232695 0.977877 0.209166
    outer loop
      vertex 11.1 10.9021 -0.385352
      vertex 11.1421 10.989 -0.792089
      vertex 11.1 10.9801 -0.750012
    endloop
  endfacet
  facet normal -0 0.977929 0.208936
    outer loop
      vertex 1.97815 10.989 -0.792089
      vertex 2.5 10.9021 -0.385352
      vertex 2.5 10.989 -0.792089
    endloop
  endfacet
  facet normal 0 0.977929 0.208936
    outer loop
      vertex 2.5 10.9021 -0.385352
      vertex 1.97815 10.989 -0.792089
      vertex 1.9354 10.9021 -0.385352
    endloop
  endfacet
  facet normal -0.0434366 0.977929 0.204371
    outer loop
      vertex 1.97815 10.989 -0.792089
      vertex 1.9354 10.989 -0.801175
      vertex 1.9354 10.9021 -0.385352
    endloop
  endfacet
  facet normal -0.197839 0.307488 0.930758
    outer loop
      vertex 1.80902 9.81347 0.817081
      vertex 1.39547 9.41582 0.860547
      vertex 1.79551 9.41582 0.945578
    endloop
  endfacet
  facet normal -0.154891 0.667124 0.728666
    outer loop
      vertex 1.58646 10.4863 0.272761
      vertex 1.5 10.1756 0.538841
      vertex 1.86011 10.4863 0.33093
    endloop
  endfacet
  facet normal 0.122731 0.977923 0.169126
    outer loop
      vertex 14.1399 10.989 -0.844641
      vertex 14.1045 10.989 -0.818952
      vertex 14.4135 10.9021 -0.540711
    endloop
  endfacet
  facet normal 0.155403 0.977921 0.139714
    outer loop
      vertex 14.1691 10.989 -0.87712
      vertex 14.1399 10.989 -0.844641
      vertex 14.4135 10.9021 -0.540711
    endloop
  endfacet
  facet normal 0.95106 -0 0.309008
    outer loop
      vertex 15.8271 -2 -0.186527
      vertex 15.9563 9 -0.584177
      vertex 15.8271 9 -0.186527
    endloop
  endfacet
  facet normal 0.95106 0 0.309008
    outer loop
      vertex 15.9563 9 -0.584177
      vertex 15.8271 -2 -0.186527
      vertex 15.9563 -2 -0.584177
    endloop
  endfacet
  facet normal 0.994523 0.104518 0
    outer loop
      vertex 16 9 -1
      vertex 15.9563 9.41582 -13
      vertex 15.9563 9.41582 -1
    endloop
  endfacet
  facet normal 0.994523 0.104518 0
    outer loop
      vertex 15.9563 9.41582 -13
      vertex 16 9 -1
      vertex 16 9 -13
    endloop
  endfacet
  facet normal 0.743231 -0 0.669035
    outer loop
      vertex 15.3383 -2 0.486289
      vertex 15.618 9 0.17557
      vertex 15.3383 9 0.486289
    endloop
  endfacet
  facet normal 0.743231 0 0.669035
    outer loop
      vertex 15.618 9 0.17557
      vertex 15.3383 -2 0.486289
      vertex 15.618 -2 0.17557
    endloop
  endfacet
  facet normal -0.206949 0.103811 -0.972829
    outer loop
      vertex 1.79094 9 -14.989
      vertex 1.39547 9.41582 -14.8605
      vertex 1.79551 9.41582 -14.9456
    endloop
  endfacet
  facet normal -0.197992 0.307489 -0.930725
    outer loop
      vertex 1.79551 9.41582 -14.9456
      vertex 1.39547 9.41582 -14.8605
      vertex 1.80902 9.81347 -14.8171
    endloop
  endfacet
  facet normal -0.559333 0.307454 -0.769818
    outer loop
      vertex 1.02185 9.41582 -14.6942
      vertex 0.690984 9.41582 -14.4538
      vertex 0.777438 9.81347 -14.3578
    endloop
  endfacet
  facet normal -0.584616 0.104004 -0.804616
    outer loop
      vertex 1.02185 9.41582 -14.6942
      vertex 0.661739 9 -14.4863
      vertex 0.690984 9.41582 -14.4538
    endloop
  endfacet
  facet normal -0.866027 0 -0.499997
    outer loop
      vertex 0.381967 9 -14.1756
      vertex 0.17291 2.8131 -13.8135
      vertex 0.17291 9 -13.8135
    endloop
  endfacet
  facet normal -0.86597 -7.74038e-06 -0.500096
    outer loop
      vertex 0.381967 9 -14.1756
      vertex 0.277438 2.73205 -13.9945
      vertex 0.17291 2.8131 -13.8135
    endloop
  endfacet
  facet normal -0.866086 0 -0.499896
    outer loop
      vertex 0.277438 2.73205 -13.9945
      vertex 0.381967 9 -14.1756
      vertex 0.381967 2.59979 -14.1756
    endloop
  endfacet
  facet normal -0.951067 0 -0.308983
    outer loop
      vertex 0.17291 9 -13.8135
      vertex 0.043705 2.94461 -13.4158
      vertex 0.043705 9 -13.4158
    endloop
  endfacet
  facet normal -0.951046 -4.87819e-06 -0.309051
    outer loop
      vertex 0.17291 9 -13.8135
      vertex 0.108307 2.90211 -13.6146
      vertex 0.043705 2.94461 -13.4158
    endloop
  endfacet
  facet normal -0.95109 0 -0.308915
    outer loop
      vertex 0.108307 2.90211 -13.6146
      vertex 0.17291 9 -13.8135
      vertex 0.17291 2.8131 -13.8135
    endloop
  endfacet
  facet normal -0.862477 0.497913 -0.090643
    outer loop
      vertex 0.212836 9.81347 -13.3799
      vertex 0.17291 9.81347 -13
      vertex 0.417324 10.1756 -13.3364
    endloop
  endfacet
  facet normal -0.824761 0.497924 -0.268034
    outer loop
      vertex 0.33087 9.81347 -13.7431
      vertex 0.212836 9.81347 -13.3799
      vertex 0.417324 10.1756 -13.3364
    endloop
  endfacet
  facet normal -0.861333 0.103963 0.497289
    outer loop
      vertex 0.212836 9.41582 -0.204304
      vertex 0.17291 9 -0.186527
      vertex 0.417324 9.41582 0.149881
    endloop
  endfacet
  facet normal -0.352737 0.497902 0.792256
    outer loop
      vertex 1.19098 10.1756 0.401258
      vertex 1.08646 9.81347 0.582307
      vertex 1.4354 9.81347 0.737666
    endloop
  endfacet
  facet normal 0 0.307492 -0.951551
    outer loop
      vertex 14.2045 9.41582 -14.9456
      vertex 1.80902 9.81347 -14.8171
      vertex 14.191 9.81347 -14.8171
    endloop
  endfacet
  facet normal 0 0.307492 -0.951551
    outer loop
      vertex 1.80902 9.81347 -14.8171
      vertex 14.2045 9.41582 -14.9456
      vertex 1.79551 9.41582 -14.9456
    endloop
  endfacet
  facet normal 0.206751 0.104039 -0.972846
    outer loop
      vertex 14.618 9 -14.9021
      vertex 14.2091 9 -14.989
      vertex 14.6045 9.41582 -14.8605
    endloop
  endfacet
  facet normal -0.303702 0.912679 0.273462
    outer loop
      vertex 1.58646 10.9021 -0.540711
      vertex 1.19098 10.732 -0.412215
      vertex 1.33087 10.732 -0.256856
    endloop
  endfacet
  facet normal -0.353929 0.912679 0.204333
    outer loop
      vertex 1.4354 10.9021 -0.748624
      vertex 1.19098 10.732 -0.412215
      vertex 1.5 10.9021 -0.636729
    endloop
  endfacet
  facet normal -0.0848391 0.912694 -0.399741
    outer loop
      vertex 1.89547 10.732 -13.9945
      vertex 1.69098 10.732 -13.9511
      vertex 1.9354 10.9021 -13.6146
    endloop
  endfacet
  facet normal -0.198704 0.977931 -0.0645585
    outer loop
      vertex 1.4354 10.9021 -13.2514
      vertex 1.39547 10.9021 -13.1285
      vertex 1.80902 10.989 -13.085
    endloop
  endfacet
  facet normal -0.406437 0.91268 -0.0426997
    outer loop
      vertex 1.39547 10.9021 -13.1285
      vertex 1 10.732 -13
      vertex 1.38197 10.9021 -13
    endloop
  endfacet
  facet normal -0.122624 0.807549 0.576913
    outer loop
      vertex 1.89547 10.732 -0.00547886
      vertex 1.69098 10.732 -0.0489435
      vertex 1.86011 10.4863 0.33093
    endloop
  endfacet
  facet normal -0.644433 0.497806 -0.580426
    outer loop
      vertex 0.917324 10.1756 -14.2024
      vertex 0.521852 9.81347 -14.0739
      vertex 0.690984 10.1756 -13.9511
    endloop
  endfacet
  facet normal -0.751115 0.497834 -0.433575
    outer loop
      vertex 0.690984 10.1756 -13.9511
      vertex 0.521852 9.81347 -14.0739
      vertex 0.521852 10.1756 -13.6581
    endloop
  endfacet
  facet normal -0.510776 0.807559 -0.294884
    outer loop
      vertex 0.917324 10.4863 -13.7866
      vertex 0.777438 10.4863 -13.5443
      vertex 1.08646 10.732 -13.4067
    endloop
  endfacet
  facet normal -0.353939 0.912676 -0.204329
    outer loop
      vertex 1.5 10.9021 -13.3633
      vertex 1.19098 10.732 -13.5878
      vertex 1.4354 10.9021 -13.2514
    endloop
  endfacet
  facet normal -0.24003 0.8076 -0.538672
    outer loop
      vertex 1.69098 10.732 -13.9511
      vertex 1.33087 10.4863 -14.159
      vertex 1.5 10.732 -13.866
    endloop
  endfacet
  facet normal -0.352523 0.498038 -0.792266
    outer loop
      vertex 1.4354 9.81347 -14.7377
      vertex 1.19098 10.1756 -14.4013
      vertex 1.5 10.1756 -14.5388
    endloop
  endfacet
  facet normal -0.437978 0.667128 -0.602591
    outer loop
      vertex 1.19098 10.1756 -14.4013
      vertex 0.917324 10.1756 -14.2024
      vertex 1.33087 10.4863 -14.159
    endloop
  endfacet
  facet normal -0.166337 0.912685 -0.373279
    outer loop
      vertex 1.80902 10.9021 -13.5878
      vertex 1.5 10.732 -13.866
      vertex 1.69098 10.9021 -13.5352
    endloop
  endfacet
  facet normal -0.406808 0.913513 0
    outer loop
      vertex 1.38197 10.9021 -13
      vertex 1 10.732 -1
      vertex 1.38197 10.9021 -1
    endloop
  endfacet
  facet normal -0.406808 0.913513 0
    outer loop
      vertex 1 10.732 -1
      vertex 1.38197 10.9021 -13
      vertex 1 10.732 -13
    endloop
  endfacet
  facet normal -0.586575 0.807545 0.0616534
    outer loop
      vertex 1.02185 10.732 -0.792089
      vertex 0.661739 10.4863 -1
      vertex 0.690984 10.4863 -0.721761
    endloop
  endfacet
  facet normal -0.862479 0.497908 0.0906479
    outer loop
      vertex 0.381967 10.1756 -1
      vertex 0.17291 9.81347 -1
      vertex 0.417324 10.1756 -0.663592
    endloop
  endfacet
  facet normal -0.352731 0.497906 0.792256
    outer loop
      vertex 1.5 10.1756 0.538841
      vertex 1.19098 10.1756 0.401258
      vertex 1.4354 9.81347 0.737666
    endloop
  endfacet
  facet normal -0.404531 0.103958 0.908596
    outer loop
      vertex 1.39547 9.41582 0.860547
      vertex 1 9 0.73205
      vertex 1.38197 9 0.902113
    endloop
  endfacet
  facet normal -0.587785 0 0.809017
    outer loop
      vertex 0.661739 9 0.486289
      vertex 1 -2 0.73205
      vertex 1 9 0.73205
    endloop
  endfacet
  facet normal -0.587785 0 0.809017
    outer loop
      vertex 1 -2 0.73205
      vertex 0.661739 9 0.486289
      vertex 0.661739 -2 0.486289
    endloop
  endfacet
  facet normal 0.180314 0.497924 0.848268
    outer loop
      vertex 14.5646 9.81347 0.737666
      vertex 14.1691 10.1756 0.60917
      vertex 14.191 9.81347 0.817081
    endloop
  endfacet
  facet normal 0.206804 0.103977 0.972842
    outer loop
      vertex 14.6045 9.41582 0.860547
      vertex 14.2045 9.41582 0.945578
      vertex 14.2091 9 0.989043
    endloop
  endfacet
  facet normal 0.239887 0.807538 0.538829
    outer loop
      vertex 14.6691 10.4863 0.158968
      vertex 14.309 10.732 -0.0489435
      vertex 14.4135 10.4863 0.272761
    endloop
  endfacet
  facet normal 0.122655 0.807543 0.576914
    outer loop
      vertex 14.309 10.732 -0.0489435
      vertex 14.1399 10.4863 0.33093
      vertex 14.4135 10.4863 0.272761
    endloop
  endfacet
  facet normal 0.559289 0.307413 0.769866
    outer loop
      vertex 15.2226 9.81347 0.357793
      vertex 14.9781 9.41582 0.694201
      vertex 15.309 9.41582 0.45381
    endloop
  endfacet
  facet normal 0.584561 0.10404 0.804652
    outer loop
      vertex 15.309 9.41582 0.45381
      vertex 14.9781 9.41582 0.694201
      vertex 15.3383 9 0.486289
    endloop
  endfacet
  facet normal 0.207786 0.977928 -0.0219727
    outer loop
      vertex 14.6045 10.9021 -13.1285
      vertex 14.2045 10.989 -13.0435
      vertex 14.2091 10.989 -13
    endloop
  endfacet
  facet normal 0.866 0.500043 0
    outer loop
      vertex 15.8271 9.81347 -1
      vertex 15.618 10.1756 -13
      vertex 15.618 10.1756 -1
    endloop
  endfacet
  facet normal 0.866 0.500043 0
    outer loop
      vertex 15.618 10.1756 -13
      vertex 15.8271 9.81347 -1
      vertex 15.8271 9.81347 -13
    endloop
  endfacet
  facet normal 0.180283 0.497906 -0.848285
    outer loop
      vertex 14.191 9.81347 -14.8171
      vertex 14.1691 10.1756 -14.6092
      vertex 14.5646 9.81347 -14.7377
    endloop
  endfacet
  facet normal 0.122519 0.807532 -0.576958
    outer loop
      vertex 14.4135 10.4863 -14.2728
      vertex 14.1399 10.4863 -14.3309
      vertex 14.309 10.732 -13.9511
    endloop
  endfacet
  facet normal 0.584572 0.10408 -0.804638
    outer loop
      vertex 15.3383 9 -14.4863
      vertex 14.9781 9.41582 -14.6942
      vertex 15.309 9.41582 -14.4538
    endloop
  endfacet
  facet normal 0.645219 0.667104 -0.372377
    outer loop
      vertex 15.309 10.1756 -13.9511
      vertex 15.0827 10.4863 -13.7866
      vertex 15.4781 10.1756 -13.6581
    endloop
  endfacet
  facet normal 0.166324 0.912679 -0.373301
    outer loop
      vertex 14.309 10.732 -13.9511
      vertex 14.191 10.9021 -13.5878
      vertex 14.5 10.732 -13.866
    endloop
  endfacet
  facet normal 0.240016 0.807589 -0.538696
    outer loop
      vertex 14.6691 10.4863 -14.159
      vertex 14.309 10.732 -13.9511
      vertex 14.5 10.732 -13.866
    endloop
  endfacet
  facet normal 0.509857 0.497802 -0.701598
    outer loop
      vertex 14.9135 9.81347 -14.5823
      vertex 14.809 10.1756 -14.4013
      vertex 15.0827 10.1756 -14.2024
    endloop
  endfacet
  facet normal 0.708524 0.667024 -0.230375
    outer loop
      vertex 15.4781 10.1756 -13.6581
      vertex 15.2226 10.4863 -13.5443
      vertex 15.5827 10.1756 -13.3364
    endloop
  endfacet
  facet normal 0.904982 0.307269 -0.294269
    outer loop
      vertex 15.9135 9.41582 -13.4067
      vertex 15.6691 9.81347 -13.7431
      vertex 15.7872 9.81347 -13.3799
    endloop
  endfacet
  facet normal 0.437926 0.667138 -0.602617
    outer loop
      vertex 14.809 10.1756 -14.4013
      vertex 14.6691 10.4863 -14.159
      vertex 15.0827 10.1756 -14.2024
    endloop
  endfacet
  facet normal 0.406782 0 -0.913525
    outer loop
      vertex 14.618 -2 -14.9021
      vertex 15 9 -14.732
      vertex 15 -2 -14.732
    endloop
  endfacet
  facet normal 0.406782 0 -0.913525
    outer loop
      vertex 15 9 -14.732
      vertex 14.618 -2 -14.9021
      vertex 14.618 9 -14.9021
    endloop
  endfacet
  facet normal 0.584463 0.103936 -0.804736
    outer loop
      vertex 15 9 -14.732
      vertex 14.9781 9.41582 -14.6942
      vertex 15.3383 9 -14.4863
    endloop
  endfacet
  facet normal 0.303023 0.667049 -0.680604
    outer loop
      vertex 14.5 10.1756 -14.5388
      vertex 14.4135 10.4863 -14.2728
      vertex 14.6691 10.4863 -14.159
    endloop
  endfacet
  facet normal 0.302855 0.667133 -0.680597
    outer loop
      vertex 14.809 10.1756 -14.4013
      vertex 14.5 10.1756 -14.5388
      vertex 14.6691 10.4863 -14.159
    endloop
  endfacet
  facet normal 0.824001 0.30768 -0.475768
    outer loop
      vertex 15.5827 9.41582 -14.1499
      vertex 15.4781 9.81347 -14.0739
      vertex 15.6691 9.81347 -13.7431
    endloop
  endfacet
  facet normal 0.824719 0.497927 -0.268155
    outer loop
      vertex 15.6691 9.81347 -13.7431
      vertex 15.4781 10.1756 -13.6581
      vertex 15.5827 10.1756 -13.3364
    endloop
  endfacet
  facet normal 0.560943 0.807571 -0.182133
    outer loop
      vertex 15.2226 10.4863 -13.5443
      vertex 14.9781 10.732 -13.2079
      vertex 15.309 10.4863 -13.2782
    endloop
  endfacet
  facet normal 0.645209 0.667027 -0.372533
    outer loop
      vertex 15.4781 10.1756 -13.6581
      vertex 15.0827 10.4863 -13.7866
      vertex 15.2226 10.4863 -13.5443
    endloop
  endfacet
  facet normal 0.346598 0.807573 0.477175
    outer loop
      vertex 14.8955 10.4863 -0.00547886
      vertex 14.6691 10.732 -0.256856
      vertex 14.6691 10.4863 0.158968
    endloop
  endfacet
  facet normal 0.553613 0.667118 0.498464
    outer loop
      vertex 15.0827 10.4863 -0.21339
      vertex 14.8955 10.4863 -0.00547886
      vertex 15.0827 10.1756 0.202434
    endloop
  endfacet
  facet normal 0.861326 0.103909 0.497314
    outer loop
      vertex 15.7872 9.41582 -0.204304
      vertex 15.5827 9.41582 0.149881
      vertex 15.8271 9 -0.186527
    endloop
  endfacet
  facet normal 0.989108 0.104083 0.104082
    outer loop
      vertex 15.9563 9.41582 -1
      vertex 15.9135 9.41582 -0.593264
      vertex 15.9563 9 -0.584177
    endloop
  endfacet
  facet normal 0.824711 0.497945 0.268149
    outer loop
      vertex 15.5827 10.1756 -0.663592
      vertex 15.4781 10.1756 -0.341887
      vertex 15.6691 9.81347 -0.256856
    endloop
  endfacet
  facet normal 0.708527 0.667022 0.230372
    outer loop
      vertex 15.5827 10.1756 -0.663592
      vertex 15.2226 10.4863 -0.455681
      vertex 15.4781 10.1756 -0.341887
    endloop
  endfacet
  facet normal 0.644546 0.497869 0.580246
    outer loop
      vertex 15.309 10.1756 -0.0489435
      vertex 15.0827 10.1756 0.202434
      vertex 15.4781 9.81347 0.0739365
    endloop
  endfacet
  facet normal 0.904996 0.307615 0.293863
    outer loop
      vertex 15.9135 9.41582 -0.593264
      vertex 15.6691 9.81347 -0.256856
      vertex 15.7872 9.41582 -0.204304
    endloop
  endfacet
  facet normal 0.388714 0.912661 0.126297
    outer loop
      vertex 14.9781 10.732 -0.792089
      vertex 14.5646 10.9021 -0.748624
      vertex 14.9135 10.732 -0.593264
    endloop
  endfacet
  facet normal 0.560852 0.807613 0.182226
    outer loop
      vertex 14.9781 10.732 -0.792089
      vertex 14.9135 10.732 -0.593264
      vertex 15.2226 10.4863 -0.455681
    endloop
  endfacet
  facet normal 0.510788 0.807574 0.294823
    outer loop
      vertex 14.9135 10.732 -0.593264
      vertex 14.809 10.732 -0.412215
      vertex 15.0827 10.4863 -0.21339
    endloop
  endfacet
  facet normal 0.353976 0.912665 0.204312
    outer loop
      vertex 14.9135 10.732 -0.593264
      vertex 14.5646 10.9021 -0.748624
      vertex 14.809 10.732 -0.412215
    endloop
  endfacet
  facet normal -0.0849782 0.977929 0.190874
    outer loop
      vertex 1.89547 10.989 -0.818952
      vertex 1.69098 10.9021 -0.464767
      vertex 1.80902 10.9021 -0.412215
    endloop
  endfacet
  facet normal -0.303699 0.912678 0.273468
    outer loop
      vertex 1.5 10.9021 -0.636729
      vertex 1.19098 10.732 -0.412215
      vertex 1.58646 10.9021 -0.540711
    endloop
  endfacet
  facet normal -0 0.667121 0.744949
    outer loop
      vertex 1.86011 10.4863 0.33093
      vertex 2.5 10.1756 0.60917
      vertex 2.5 10.4863 0.33093
    endloop
  endfacet
  facet normal 0 0.667121 0.744949
    outer loop
      vertex 2.5 10.1756 0.60917
      vertex 1.86011 10.4863 0.33093
      vertex 1.83087 10.1756 0.60917
    endloop
  endfacet
  facet normal 0 0.667121 0.744949
    outer loop
      vertex 11.1 10.1756 0.60917
      vertex 14.1399 10.4863 0.33093
      vertex 11.1 10.4863 0.33093
    endloop
  endfacet
  facet normal 0 0.667121 0.744949
    outer loop
      vertex 14.1399 10.4863 0.33093
      vertex 11.1 10.1756 0.60917
      vertex 14.1691 10.1756 0.60917
    endloop
  endfacet
  facet normal -0.406735 0 0.913546
    outer loop
      vertex 1 9 0.73205
      vertex 1.38197 -2 0.902113
      vertex 1.38197 9 0.902113
    endloop
  endfacet
  facet normal -0.406735 0 0.913546
    outer loop
      vertex 1.38197 -2 0.902113
      vertex 1 9 0.73205
      vertex 1 -2 0.73205
    endloop
  endfacet
  facet normal -0.387033 0.307489 0.869285
    outer loop
      vertex 1.4354 9.81347 0.737666
      vertex 1.08646 9.81347 0.582307
      vertex 1.39547 9.41582 0.860547
    endloop
  endfacet
  facet normal 0.240239 0.912683 0.330599
    outer loop
      vertex 14.6691 10.732 -0.256856
      vertex 14.4135 10.9021 -0.540711
      vertex 14.5 10.732 -0.133975
    endloop
  endfacet
  facet normal 0.303686 0.912683 0.273468
    outer loop
      vertex 14.809 10.732 -0.412215
      vertex 14.4135 10.9021 -0.540711
      vertex 14.6691 10.732 -0.256856
    endloop
  endfacet
  facet normal 0.951071 0 -0.308973
    outer loop
      vertex 15.9563 -2 -13.4158
      vertex 15.8271 9 -13.8135
      vertex 15.9563 9 -13.4158
    endloop
  endfacet
  facet normal 0.951071 0 -0.308973
    outer loop
      vertex 15.8271 9 -13.8135
      vertex 15.9563 -2 -13.4158
      vertex 15.8271 -2 -13.8135
    endloop
  endfacet
  facet normal -0.90498 0.307516 -0.294015
    outer loop
      vertex 0.212836 9.41582 -13.7957
      vertex 0.0864553 9.41582 -13.4067
      vertex 0.33087 9.81347 -13.7431
    endloop
  endfacet
  facet normal -0.945911 0.103974 -0.307313
    outer loop
      vertex 0.212836 9.41582 -13.7957
      vertex 0.043705 9 -13.4158
      vertex 0.0864553 9.41582 -13.4067
    endloop
  endfacet
  facet normal -0.994521 0 -0.104535
    outer loop
      vertex 0.043705 9 -13.4158
      vertex 0.0218525 2.98904 -13.2079
      vertex 0 9 -13
    endloop
  endfacet
  facet normal -0.994521 0 -0.104535
    outer loop
      vertex 0.0218525 2.98904 -13.2079
      vertex 0.043705 9 -13.4158
      vertex 0.043705 2.94461 -13.4158
    endloop
  endfacet
  facet normal -0.994521 -0 -0.104535
    outer loop
      vertex 0 9 -13
      vertex 0.0218525 2.98904 -13.2079
      vertex 0 2.98904 -13
    endloop
  endfacet
  facet normal -0.707141 0.307484 0.636714
    outer loop
      vertex 0.521852 9.81347 0.0739365
      vertex 0.417324 9.41582 0.149881
      vertex 0.777438 9.81347 0.357793
    endloop
  endfacet
  facet normal -0.0849781 0.977929 0.190874
    outer loop
      vertex 1.89547 10.989 -0.818952
      vertex 1.80902 10.9021 -0.412215
      vertex 1.9354 10.989 -0.801175
    endloop
  endfacet
  facet normal -0.166218 0.912677 0.373352
    outer loop
      vertex 1.69098 10.9021 -0.464767
      vertex 1.5 10.732 -0.133975
      vertex 1.80902 10.9021 -0.412215
    endloop
  endfacet
  facet normal 0.198735 0.977926 0.0645307
    outer loop
      vertex 14.6045 10.9021 -0.871504
      vertex 14.191 10.989 -0.914969
      vertex 14.5646 10.9021 -0.748624
    endloop
  endfacet
  facet normal -0.406441 0.912678 0.0427141
    outer loop
      vertex 1.39547 10.9021 -0.871504
      vertex 1 10.732 -1
      vertex 1.02185 10.732 -0.792089
    endloop
  endfacet
  facet normal -0.388674 0.912678 0.1263
    outer loop
      vertex 1.39547 10.9021 -0.871504
      vertex 1.02185 10.732 -0.792089
      vertex 1.4354 10.9021 -0.748624
    endloop
  endfacet
  facet normal 0.240285 0.912666 -0.330612
    outer loop
      vertex 14.5 10.732 -13.866
      vertex 14.4135 10.9021 -13.4593
      vertex 14.6691 10.732 -13.7431
    endloop
  endfacet
  facet normal 0.207829 0.977921 0.0218349
    outer loop
      vertex 14.618 10.9021 -1
      vertex 14.2091 10.989 -1
      vertex 14.6045 10.9021 -0.871504
    endloop
  endfacet
  facet normal -0.70717 0.307567 -0.636642
    outer loop
      vertex 0.777438 9.81347 -14.3578
      vertex 0.417324 9.41582 -14.1499
      vertex 0.521852 9.81347 -14.0739
    endloop
  endfacet
  facet normal -0.824059 0.307544 -0.475757
    outer loop
      vertex 0.417324 9.41582 -14.1499
      vertex 0.33087 9.81347 -13.7431
      vertex 0.521852 9.81347 -14.0739
    endloop
  endfacet
  facet normal -0.553594 0.667114 -0.49849
    outer loop
      vertex 1.10453 10.4863 -13.9945
      vertex 0.917324 10.1756 -14.2024
      vertex 0.917324 10.4863 -13.7866
    endloop
  endfacet
  facet normal -0.553503 0.667163 -0.498527
    outer loop
      vertex 0.917324 10.1756 -14.2024
      vertex 0.690984 10.1756 -13.9511
      vertex 0.917324 10.4863 -13.7866
    endloop
  endfacet
  facet normal -0.388684 0.91267 -0.126322
    outer loop
      vertex 1.08646 10.732 -13.4067
      vertex 1.02185 10.732 -13.2079
      vertex 1.4354 10.9021 -13.2514
    endloop
  endfacet
  facet normal -0.35398 0.912667 -0.204296
    outer loop
      vertex 1.19098 10.732 -13.5878
      vertex 1.08646 10.732 -13.4067
      vertex 1.4354 10.9021 -13.2514
    endloop
  endfacet
  facet normal -0.437967 0.667116 -0.602611
    outer loop
      vertex 1.33087 10.4863 -14.159
      vertex 0.917324 10.1756 -14.2024
      vertex 1.10453 10.4863 -13.9945
    endloop
  endfacet
  facet normal -0.240262 0.912662 -0.330639
    outer loop
      vertex 1.5 10.732 -13.866
      vertex 1.33087 10.732 -13.7431
      vertex 1.58646 10.9021 -13.4593
    endloop
  endfacet
  facet normal 0 0.807541 -0.589812
    outer loop
      vertex 14.1399 10.4863 -14.3309
      vertex 1.89547 10.732 -13.9945
      vertex 14.1045 10.732 -13.9945
    endloop
  endfacet
  facet normal 0 0.807541 -0.589812
    outer loop
      vertex 1.89547 10.732 -13.9945
      vertex 14.1399 10.4863 -14.3309
      vertex 1.86011 10.4863 -14.3309
    endloop
  endfacet
  facet normal -0.122449 0.80755 -0.576948
    outer loop
      vertex 1.86011 10.4863 -14.3309
      vertex 1.69098 10.732 -13.9511
      vertex 1.89547 10.732 -13.9945
    endloop
  endfacet
  facet normal -0.751041 0.497909 0.433616
    outer loop
      vertex 0.690984 10.1756 -0.0489435
      vertex 0.521852 10.1756 -0.341887
      vertex 0.521852 9.81347 0.0739365
    endloop
  endfacet
  facet normal -0.553607 0.667121 0.498467
    outer loop
      vertex 0.917324 10.4863 -0.21339
      vertex 0.690984 10.1756 -0.0489435
      vertex 0.917324 10.1756 0.202434
    endloop
  endfacet
  facet normal -0.438305 0.807545 0.394664
    outer loop
      vertex 1.19098 10.732 -0.412215
      vertex 0.917324 10.4863 -0.21339
      vertex 1.33087 10.732 -0.256856
    endloop
  endfacet
  facet normal -0.353935 0.912677 0.204328
    outer loop
      vertex 1.4354 10.9021 -0.748624
      vertex 1.08646 10.732 -0.593264
      vertex 1.19098 10.732 -0.412215
    endloop
  endfacet
  facet normal -0.824071 0.307484 0.475775
    outer loop
      vertex 0.521852 9.81347 0.0739365
      vertex 0.33087 9.81347 -0.256856
      vertex 0.417324 9.41582 0.149881
    endloop
  endfacet
  facet normal -0.740866 0.667123 0.0778706
    outer loop
      vertex 0.661739 10.4863 -1
      vertex 0.417324 10.1756 -0.663592
      vertex 0.690984 10.4863 -0.721761
    endloop
  endfacet
  facet normal -0.50974 0.497906 0.701609
    outer loop
      vertex 0.917324 10.1756 0.202434
      vertex 0.777438 9.81347 0.357793
      vertex 1.08646 9.81347 0.582307
    endloop
  endfacet
  facet normal -0 0.307486 0.951553
    outer loop
      vertex 1.80902 9.81347 0.817081
      vertex 2.5 9.41582 0.945578
      vertex 2.5 9.81347 0.817081
    endloop
  endfacet
  facet normal 0 0.307486 0.951553
    outer loop
      vertex 2.5 9.41582 0.945578
      vertex 1.80902 9.81347 0.817081
      vertex 1.79551 9.41582 0.945578
    endloop
  endfacet
  facet normal 0 0.307486 0.951553
    outer loop
      vertex 11.1 9.41582 0.945578
      vertex 14.191 9.81347 0.817081
      vertex 11.1 9.81347 0.817081
    endloop
  endfacet
  facet normal 0 0.307486 0.951553
    outer loop
      vertex 14.191 9.81347 0.817081
      vertex 11.1 9.41582 0.945578
      vertex 14.2045 9.41582 0.945578
    endloop
  endfacet
  facet normal -0.743146 0 0.66913
    outer loop
      vertex 0.381967 -2 0.17557
      vertex 0.661739 9 0.486289
      vertex 0.381967 9 0.17557
    endloop
  endfacet
  facet normal -0.743146 0 0.66913
    outer loop
      vertex 0.661739 9 0.486289
      vertex 0.381967 -2 0.17557
      vertex 0.661739 -2 0.486289
    endloop
  endfacet
  facet normal -0.559301 0.307494 0.769824
    outer loop
      vertex 1.08646 9.81347 0.582307
      vertex 0.777438 9.81347 0.357793
      vertex 1.02185 9.41582 0.694201
    endloop
  endfacet
  facet normal 0.4378 0.667115 0.602735
    outer loop
      vertex 14.8955 10.4863 -0.00547886
      vertex 14.6691 10.4863 0.158968
      vertex 15.0827 10.1756 0.202434
    endloop
  endfacet
  facet normal 0.437819 0.667135 0.602699
    outer loop
      vertex 15.0827 10.1756 0.202434
      vertex 14.6691 10.4863 0.158968
      vertex 14.809 10.1756 0.401258
    endloop
  endfacet
  facet normal 0.352774 0.497889 0.792248
    outer loop
      vertex 14.809 10.1756 0.401258
      vertex 14.5646 9.81347 0.737666
      vertex 14.9135 9.81347 0.582307
    endloop
  endfacet
  facet normal 0.387074 0.307461 0.869277
    outer loop
      vertex 14.9135 9.81347 0.582307
      vertex 14.5646 9.81347 0.737666
      vertex 14.6045 9.41582 0.860547
    endloop
  endfacet
  facet normal 0.302972 0.667147 0.680531
    outer loop
      vertex 14.6691 10.4863 0.158968
      vertex 14.4135 10.4863 0.272761
      vertex 14.5 10.1756 0.538841
    endloop
  endfacet
  facet normal 0.154915 0.667136 0.72865
    outer loop
      vertex 14.4135 10.4863 0.272761
      vertex 14.1399 10.4863 0.33093
      vertex 14.5 10.1756 0.538841
    endloop
  endfacet
  facet normal 0.587741 0 0.809049
    outer loop
      vertex 15 9 0.73205
      vertex 15.3383 -2 0.486289
      vertex 15.3383 9 0.486289
    endloop
  endfacet
  facet normal 0.587741 0 0.809049
    outer loop
      vertex 15.3383 -2 0.486289
      vertex 15 9 0.73205
      vertex 15 -2 0.73205
    endloop
  endfacet
  facet normal 0.707219 0.307605 0.63657
    outer loop
      vertex 15.4781 9.81347 0.0739365
      vertex 15.2226 9.81347 0.357793
      vertex 15.5827 9.41582 0.149881
    endloop
  endfacet
  facet normal 0.707115 0.307398 0.636785
    outer loop
      vertex 15.5827 9.41582 0.149881
      vertex 15.2226 9.81347 0.357793
      vertex 15.309 9.41582 0.45381
    endloop
  endfacet
  facet normal 0.406411 0.912692 0.0426982
    outer loop
      vertex 14.618 10.9021 -1
      vertex 14.6045 10.9021 -0.871504
      vertex 15 10.732 -1
    endloop
  endfacet
  facet normal -0.180986 0.977935 -0.104342
    outer loop
      vertex 1.83087 10.989 -13.1229
      vertex 1.4354 10.9021 -13.2514
      vertex 1.80902 10.989 -13.085
    endloop
  endfacet
  facet normal 0.353952 0.912669 -0.204337
    outer loop
      vertex 14.809 10.732 -13.5878
      vertex 14.5 10.9021 -13.3633
      vertex 14.5646 10.9021 -13.2514
    endloop
  endfacet
  facet normal 0.644501 0.497767 -0.580385
    outer loop
      vertex 15.4781 9.81347 -14.0739
      vertex 15.0827 10.1756 -14.2024
      vertex 15.309 10.1756 -13.9511
    endloop
  endfacet
  facet normal 0.386958 0.307492 -0.869317
    outer loop
      vertex 14.9781 9.41582 -14.6942
      vertex 14.6045 9.41582 -14.8605
      vertex 14.9135 9.81347 -14.5823
    endloop
  endfacet
  facet normal 0.239901 0.807534 -0.538829
    outer loop
      vertex 14.4135 10.4863 -14.2728
      vertex 14.309 10.732 -13.9511
      vertex 14.6691 10.4863 -14.159
    endloop
  endfacet
  facet normal 0.0848362 0.912691 -0.399747
    outer loop
      vertex 14.1045 10.732 -13.9945
      vertex 14.0646 10.9021 -13.6146
      vertex 14.309 10.732 -13.9511
    endloop
  endfacet
  facet normal 0.0847659 0.912678 -0.399791
    outer loop
      vertex 14.309 10.732 -13.9511
      vertex 14.0646 10.9021 -13.6146
      vertex 14.191 10.9021 -13.5878
    endloop
  endfacet
  facet normal 0.559308 0.307384 -0.769863
    outer loop
      vertex 15.309 9.41582 -14.4538
      vertex 14.9781 9.41582 -14.6942
      vertex 15.2226 9.81347 -14.3578
    endloop
  endfacet
  facet normal 0.904995 0.307646 -0.293833
    outer loop
      vertex 15.7872 9.41582 -13.7957
      vertex 15.6691 9.81347 -13.7431
      vertex 15.9135 9.41582 -13.4067
    endloop
  endfacet
  facet normal 0.587645 0 -0.809119
    outer loop
      vertex 15 -2 -14.732
      vertex 15.3383 9 -14.4863
      vertex 15.3383 -2 -14.4863
    endloop
  endfacet
  facet normal 0.587645 0 -0.809119
    outer loop
      vertex 15.3383 9 -14.4863
      vertex 15 -2 -14.732
      vertex 15 9 -14.732
    endloop
  endfacet
  facet normal 0.404575 0.104031 -0.908569
    outer loop
      vertex 14.618 9 -14.9021
      vertex 14.6045 9.41582 -14.8605
      vertex 15 9 -14.732
    endloop
  endfacet
  facet normal 0.437897 0.667107 -0.602673
    outer loop
      vertex 15.0827 10.1756 -14.2024
      vertex 14.6691 10.4863 -14.159
      vertex 14.8955 10.4863 -13.9945
    endloop
  endfacet
  facet normal 0.644594 0.497965 -0.580112
    outer loop
      vertex 15.2226 9.81347 -14.3578
      vertex 15.0827 10.1756 -14.2024
      vertex 15.4781 9.81347 -14.0739
    endloop
  endfacet
  facet normal 0.15501 0.66718 -0.72859
    outer loop
      vertex 14.1691 10.1756 -14.6092
      vertex 14.1399 10.4863 -14.3309
      vertex 14.5 10.1756 -14.5388
    endloop
  endfacet
  facet normal 0.154761 0.667023 -0.728786
    outer loop
      vertex 14.5 10.1756 -14.5388
      vertex 14.1399 10.4863 -14.3309
      vertex 14.4135 10.4863 -14.2728
    endloop
  endfacet
  facet normal 0.180935 0.977932 -0.104454
    outer loop
      vertex 14.5 10.9021 -13.3633
      vertex 14.1691 10.989 -13.1229
      vertex 14.5646 10.9021 -13.2514
    endloop
  endfacet
  facet normal 0.303654 0.912671 -0.273543
    outer loop
      vertex 14.6691 10.732 -13.7431
      vertex 14.4135 10.9021 -13.4593
      vertex 14.809 10.732 -13.5878
    endloop
  endfacet
  facet normal 0.740792 0.667188 -0.0780201
    outer loop
      vertex 15.5827 10.1756 -13.3364
      vertex 15.309 10.4863 -13.2782
      vertex 15.3383 10.4863 -13
    endloop
  endfacet
  facet normal 0.708474 0.667195 -0.230034
    outer loop
      vertex 15.5827 10.1756 -13.3364
      vertex 15.2226 10.4863 -13.5443
      vertex 15.309 10.4863 -13.2782
    endloop
  endfacet
  facet normal 0.904985 0.307313 0.294212
    outer loop
      vertex 15.7872 9.81347 -0.620127
      vertex 15.6691 9.81347 -0.256856
      vertex 15.9135 9.41582 -0.593264
    endloop
  endfacet
  facet normal 0.946383 0.307314 0.099586
    outer loop
      vertex 15.9563 9.41582 -1
      vertex 15.7872 9.81347 -0.620127
      vertex 15.9135 9.41582 -0.593264
    endloop
  endfacet
  facet normal -0.122633 0.807545 0.576915
    outer loop
      vertex 1.69098 10.732 -0.0489435
      vertex 1.58646 10.4863 0.272761
      vertex 1.86011 10.4863 0.33093
    endloop
  endfacet
  facet normal -0.239891 0.807544 0.538818
    outer loop
      vertex 1.69098 10.732 -0.0489435
      vertex 1.33087 10.4863 0.158968
      vertex 1.58646 10.4863 0.272761
    endloop
  endfacet
  facet normal -0.206787 0.103961 0.972847
    outer loop
      vertex 1.39547 9.41582 0.860547
      vertex 1.38197 9 0.902113
      vertex 1.79094 9 0.989043
    endloop
  endfacet
  facet normal -0.206785 0.103963 0.972847
    outer loop
      vertex 1.79551 9.41582 0.945578
      vertex 1.39547 9.41582 0.860547
      vertex 1.79094 9 0.989043
    endloop
  endfacet
  facet normal -0.180307 0.497906 0.84828
    outer loop
      vertex 1.83087 10.1756 0.60917
      vertex 1.4354 9.81347 0.737666
      vertex 1.80902 9.81347 0.817081
    endloop
  endfacet
  facet normal -0.154885 0.66712 0.728671
    outer loop
      vertex 1.86011 10.4863 0.33093
      vertex 1.5 10.1756 0.538841
      vertex 1.83087 10.1756 0.60917
    endloop
  endfacet
  facet normal 0.303653 0.912669 0.273552
    outer loop
      vertex 14.5 10.9021 -0.636729
      vertex 14.4135 10.9021 -0.540711
      vertex 14.809 10.732 -0.412215
    endloop
  endfacet
  facet normal 0.166261 0.912682 0.373321
    outer loop
      vertex 14.309 10.9021 -0.464767
      vertex 14.191 10.9021 -0.412215
      vertex 14.5 10.732 -0.133975
    endloop
  endfacet
  facet normal 0.240255 0.91268 0.330595
    outer loop
      vertex 14.4135 10.9021 -0.540711
      vertex 14.309 10.9021 -0.464767
      vertex 14.5 10.732 -0.133975
    endloop
  endfacet
  facet normal -0.946344 0.30747 -0.099475
    outer loop
      vertex 0.0864553 9.41582 -13.4067
      vertex 0.043705 9.41582 -13
      vertex 0.212836 9.81347 -13.3799
    endloop
  endfacet
  facet normal -0.904977 0.30744 -0.294103
    outer loop
      vertex 0.33087 9.81347 -13.7431
      vertex 0.0864553 9.41582 -13.4067
      vertex 0.212836 9.81347 -13.3799
    endloop
  endfacet
  facet normal -0.94634 0.307486 0.0994637
    outer loop
      vertex 0.17291 9.81347 -1
      vertex 0.043705 9.41582 -1
      vertex 0.212836 9.81347 -0.620127
    endloop
  endfacet
  facet normal -0.86248 0.497907 0.0906497
    outer loop
      vertex 0.417324 10.1756 -0.663592
      vertex 0.17291 9.81347 -1
      vertex 0.212836 9.81347 -0.620127
    endloop
  endfacet
  facet normal -0.207795 0.977929 -0.0218306
    outer loop
      vertex 1.39547 10.9021 -13.1285
      vertex 1.38197 10.9021 -13
      vertex 1.79094 10.989 -13
    endloop
  endfacet
  facet normal -0.155266 0.977929 0.13981
    outer loop
      vertex 1.83087 10.989 -0.87712
      vertex 1.5 10.9021 -0.636729
      vertex 1.58646 10.9021 -0.540711
    endloop
  endfacet
  facet normal -0.180946 0.977929 0.104465
    outer loop
      vertex 1.83087 10.989 -0.87712
      vertex 1.4354 10.9021 -0.748624
      vertex 1.5 10.9021 -0.636729
    endloop
  endfacet
  facet normal -0.5536 0.667124 0.498469
    outer loop
      vertex 1.10453 10.4863 -0.00547886
      vertex 0.917324 10.4863 -0.21339
      vertex 0.917324 10.1756 0.202434
    endloop
  endfacet
  facet normal -0.346679 0.807547 0.477159
    outer loop
      vertex 1.5 10.732 -0.133975
      vertex 1.33087 10.732 -0.256856
      vertex 1.33087 10.4863 0.158968
    endloop
  endfacet
  facet normal -0.0849672 0.912678 0.399749
    outer loop
      vertex 1.9354 10.9021 -0.385352
      vertex 1.69098 10.732 -0.0489435
      vertex 1.89547 10.732 -0.00547886
    endloop
  endfacet
  facet normal -0.0434405 0.977929 0.204371
    outer loop
      vertex 1.9354 10.989 -0.801175
      vertex 1.80902 10.9021 -0.412215
      vertex 1.9354 10.9021 -0.385352
    endloop
  endfacet
  facet normal 0.180935 0.977932 0.104459
    outer loop
      vertex 14.5646 10.9021 -0.748624
      vertex 14.1691 10.989 -0.87712
      vertex 14.5 10.9021 -0.636729
    endloop
  endfacet
  facet normal -0.155283 0.977928 0.139798
    outer loop
      vertex 1.83087 10.989 -0.87712
      vertex 1.58646 10.9021 -0.540711
      vertex 1.86011 10.989 -0.844641
    endloop
  endfacet
  facet normal -0.438283 0.807561 -0.394657
    outer loop
      vertex 1.10453 10.4863 -13.9945
      vertex 0.917324 10.4863 -13.7866
      vertex 1.33087 10.732 -13.7431
    endloop
  endfacet
  facet normal -0.438251 0.807526 -0.394764
    outer loop
      vertex 1.33087 10.732 -13.7431
      vertex 0.917324 10.4863 -13.7866
      vertex 1.19098 10.732 -13.5878
    endloop
  endfacet
  facet normal -0.154736 0.66701 -0.728803
    outer loop
      vertex 1.86011 10.4863 -14.3309
      vertex 1.5 10.1756 -14.5388
      vertex 1.58646 10.4863 -14.2728
    endloop
  endfacet
  facet normal -0.302841 0.667126 -0.68061
    outer loop
      vertex 1.5 10.1756 -14.5388
      vertex 1.19098 10.1756 -14.4013
      vertex 1.33087 10.4863 -14.159
    endloop
  endfacet
  facet normal -0.644479 0.497909 0.580288
    outer loop
      vertex 0.690984 10.1756 -0.0489435
      vertex 0.521852 9.81347 0.0739365
      vertex 0.917324 10.1756 0.202434
    endloop
  endfacet
  facet normal -0.739119 0.103961 0.665504
    outer loop
      vertex 0.417324 9.41582 0.149881
      vertex 0.381967 9 0.17557
      vertex 0.661739 9 0.486289
    endloop
  endfacet
  facet normal -0.510799 0.807544 0.294885
    outer loop
      vertex 1.08646 10.732 -0.593264
      vertex 0.917324 10.4863 -0.21339
      vertex 1.19098 10.732 -0.412215
    endloop
  endfacet
  facet normal -0.645145 0.667123 0.372472
    outer loop
      vertex 0.777438 10.4863 -0.455681
      vertex 0.521852 10.1756 -0.341887
      vertex 0.917324 10.4863 -0.21339
    endloop
  endfacet
  facet normal -0.644478 0.497906 0.580291
    outer loop
      vertex 0.917324 10.1756 0.202434
      vertex 0.521852 9.81347 0.0739365
      vertex 0.777438 9.81347 0.357793
    endloop
  endfacet
  facet normal -0.584605 0.103964 0.80463
    outer loop
      vertex 0.690984 9.41582 0.45381
      vertex 0.661739 9 0.486289
      vertex 1.02185 9.41582 0.694201
    endloop
  endfacet
  facet normal -0.5846 0.103959 0.804633
    outer loop
      vertex 1.02185 9.41582 0.694201
      vertex 0.661739 9 0.486289
      vertex 1 9 0.73205
    endloop
  endfacet
  facet normal -0.559313 0.307483 0.76982
    outer loop
      vertex 0.777438 9.81347 0.357793
      vertex 0.690984 9.41582 0.45381
      vertex 1.02185 9.41582 0.694201
    endloop
  endfacet
  facet normal 0.197849 0.307474 0.930761
    outer loop
      vertex 14.5646 9.81347 0.737666
      vertex 14.191 9.81347 0.817081
      vertex 14.6045 9.41582 0.860547
    endloop
  endfacet
  facet normal 0.197858 0.307483 0.930756
    outer loop
      vertex 14.6045 9.41582 0.860547
      vertex 14.191 9.81347 0.817081
      vertex 14.2045 9.41582 0.945578
    endloop
  endfacet
  facet normal 0.509653 0.497916 0.701665
    outer loop
      vertex 15.0827 10.1756 0.202434
      vertex 14.9135 9.81347 0.582307
      vertex 15.2226 9.81347 0.357793
    endloop
  endfacet
  facet normal 0.509703 0.497881 0.701654
    outer loop
      vertex 15.0827 10.1756 0.202434
      vertex 14.809 10.1756 0.401258
      vertex 14.9135 9.81347 0.582307
    endloop
  endfacet
  facet normal 0.945912 0.103904 0.307335
    outer loop
      vertex 15.9563 9 -0.584177
      vertex 15.7872 9.41582 -0.204304
      vertex 15.8271 9 -0.186527
    endloop
  endfacet
  facet normal 0.945949 0.104078 0.307161
    outer loop
      vertex 15.9135 9.41582 -0.593264
      vertex 15.7872 9.41582 -0.204304
      vertex 15.9563 9 -0.584177
    endloop
  endfacet
  facet normal 0.240155 0.912687 -0.330648
    outer loop
      vertex 14.5 10.732 -13.866
      vertex 14.309 10.9021 -13.5352
      vertex 14.4135 10.9021 -13.4593
    endloop
  endfacet
  facet normal 0.122777 0.977932 -0.169041
    outer loop
      vertex 14.309 10.9021 -13.5352
      vertex 14.1045 10.989 -13.181
      vertex 14.4135 10.9021 -13.4593
    endloop
  endfacet
  facet normal 0.510698 0.807614 -0.294869
    outer loop
      vertex 15.0827 10.4863 -13.7866
      vertex 14.9135 10.732 -13.4067
      vertex 15.2226 10.4863 -13.5443
    endloop
  endfacet
  facet normal 0.510841 0.80756 -0.29477
    outer loop
      vertex 15.0827 10.4863 -13.7866
      vertex 14.809 10.732 -13.5878
      vertex 14.9135 10.732 -13.4067
    endloop
  endfacet
  facet normal 0.945957 0.104088 -0.307132
    outer loop
      vertex 15.9563 9 -13.4158
      vertex 15.7872 9.41582 -13.7957
      vertex 15.9135 9.41582 -13.4067
    endloop
  endfacet
  facet normal 0.861299 0.103858 -0.49737
    outer loop
      vertex 15.618 9 -14.1756
      vertex 15.5827 9.41582 -14.1499
      vertex 15.8271 9 -13.8135
    endloop
  endfacet
  facet normal 0.707247 0.307687 -0.636498
    outer loop
      vertex 15.5827 9.41582 -14.1499
      vertex 15.2226 9.81347 -14.3578
      vertex 15.4781 9.81347 -14.0739
    endloop
  endfacet
  facet normal 0.743211 0 -0.669057
    outer loop
      vertex 15.618 -2 -14.1756
      vertex 15.3383 9 -14.4863
      vertex 15.618 9 -14.1756
    endloop
  endfacet
  facet normal 0.743211 0 -0.669057
    outer loop
      vertex 15.3383 9 -14.4863
      vertex 15.618 -2 -14.1756
      vertex 15.3383 -2 -14.4863
    endloop
  endfacet
  facet normal 0 0.103808 -0.994597
    outer loop
      vertex 14.2091 9 -14.989
      vertex 1.79551 9.41582 -14.9456
      vertex 14.2045 9.41582 -14.9456
    endloop
  endfacet
  facet normal 0 0.103808 -0.994597
    outer loop
      vertex 1.79551 9.41582 -14.9456
      vertex 14.2091 9 -14.989
      vertex 1.79094 9 -14.989
    endloop
  endfacet
  facet normal 0.404459 0.103901 -0.908635
    outer loop
      vertex 15 9 -14.732
      vertex 14.6045 9.41582 -14.8605
      vertex 14.9781 9.41582 -14.6942
    endloop
  endfacet
  facet normal 0.197825 0.307301 -0.930823
    outer loop
      vertex 14.6045 9.41582 -14.8605
      vertex 14.191 9.81347 -14.8171
      vertex 14.5646 9.81347 -14.7377
    endloop
  endfacet
  facet normal 0.438252 0.807597 -0.394616
    outer loop
      vertex 14.8955 10.4863 -13.9945
      vertex 14.6691 10.732 -13.7431
      vertex 15.0827 10.4863 -13.7866
    endloop
  endfacet
  facet normal 0.55357 0.667126 -0.4985
    outer loop
      vertex 15.309 10.1756 -13.9511
      vertex 15.0827 10.1756 -14.2024
      vertex 15.0827 10.4863 -13.7866
    endloop
  endfacet
  facet normal 0.18045 0.498046 -0.848167
    outer loop
      vertex 14.5646 9.81347 -14.7377
      vertex 14.1691 10.1756 -14.6092
      vertex 14.5 10.1756 -14.5388
    endloop
  endfacet
  facet normal 0.352542 0.498038 -0.792258
    outer loop
      vertex 14.5646 9.81347 -14.7377
      vertex 14.5 10.1756 -14.5388
      vertex 14.809 10.1756 -14.4013
    endloop
  endfacet
  facet normal -0.0849693 0.912679 0.399747
    outer loop
      vertex 1.80902 10.9021 -0.412215
      vertex 1.69098 10.732 -0.0489435
      vertex 1.9354 10.9021 -0.385352
    endloop
  endfacet
  facet normal -0.166227 0.912679 0.373344
    outer loop
      vertex 1.80902 10.9021 -0.412215
      vertex 1.5 10.732 -0.133975
      vertex 1.69098 10.732 -0.0489435
    endloop
  endfacet
  facet normal -0.180308 0.497907 0.848279
    outer loop
      vertex 1.5 10.1756 0.538841
      vertex 1.4354 9.81347 0.737666
      vertex 1.83087 10.1756 0.60917
    endloop
  endfacet
  facet normal -0.302995 0.667123 0.680545
    outer loop
      vertex 1.33087 10.4863 0.158968
      vertex 1.19098 10.1756 0.401258
      vertex 1.5 10.1756 0.538841
    endloop
  endfacet
  facet normal -0.82407 0.307484 0.475775
    outer loop
      vertex 0.33087 9.81347 -0.256856
      vertex 0.212836 9.41582 -0.204304
      vertex 0.417324 9.41582 0.149881
    endloop
  endfacet
  facet normal -0.94634 0.307484 0.0994658
    outer loop
      vertex 0.212836 9.81347 -0.620127
      vertex 0.043705 9.41582 -1
      vertex 0.0864553 9.41582 -0.593264
    endloop
  endfacet
  facet normal -0.645144 0.667121 0.372476
    outer loop
      vertex 0.917324 10.4863 -0.21339
      vertex 0.521852 10.1756 -0.341887
      vertex 0.690984 10.1756 -0.0489435
    endloop
  endfacet
  facet normal -0.708488 0.667123 0.2302
    outer loop
      vertex 0.690984 10.4863 -0.721761
      vertex 0.417324 10.1756 -0.663592
      vertex 0.777438 10.4863 -0.455681
    endloop
  endfacet
  facet normal -0.951056 0.309018 0
    outer loop
      vertex 0.043705 9.41582 -13
      vertex 0.17291 9.81347 -1
      vertex 0.17291 9.81347 -13
    endloop
  endfacet
  facet normal -0.951056 0.309018 0
    outer loop
      vertex 0.17291 9.81347 -1
      vertex 0.043705 9.41582 -13
      vertex 0.043705 9.41582 -1
    endloop
  endfacet
  facet normal -0.122816 0.977929 0.169029
    outer loop
      vertex 1.89547 10.989 -0.818952
      vertex 1.58646 10.9021 -0.540711
      vertex 1.69098 10.9021 -0.464767
    endloop
  endfacet
  facet normal -0.24023 0.912677 0.330622
    outer loop
      vertex 1.58646 10.9021 -0.540711
      vertex 1.5 10.732 -0.133975
      vertex 1.69098 10.9021 -0.464767
    endloop
  endfacet
  facet normal 0 1 0
    outer loop
      vertex 14.2091 10.989 -1
      vertex 13.1 10.989 -6.05
      vertex 13.1 10.989 -2.75
    endloop
  endfacet
  facet normal 0 1 -0
    outer loop
      vertex 14.0219 10.989 -13.2079
      vertex 13.1 10.989 -6.05
      vertex 14.2091 10.989 -13
    endloop
  endfacet
  facet normal 0 1 -0
    outer loop
      vertex 14.2091 10.989 -13
      vertex 13.1 10.989 -6.05
      vertex 14.2091 10.989 -1
    endloop
  endfacet
  facet normal 0 1 0
    outer loop
      vertex 14.2091 10.989 -1
      vertex 14.0219 10.989 -0.792089
      vertex 14.0646 10.989 -0.801175
    endloop
  endfacet
  facet normal 0 1 0
    outer loop
      vertex 14.2091 10.989 -1
      vertex 14.0646 10.989 -0.801175
      vertex 14.1045 10.989 -0.818952
    endloop
  endfacet
  facet normal 0 1 0
    outer loop
      vertex 14.2091 10.989 -1
      vertex 14.1045 10.989 -0.818952
      vertex 14.1399 10.989 -0.844641
    endloop
  endfacet
  facet normal 0 1 0
    outer loop
      vertex 14.2091 10.989 -1
      vertex 14.1399 10.989 -0.844641
      vertex 14.1691 10.989 -0.87712
    endloop
  endfacet
  facet normal 0 1 0
    outer loop
      vertex 14.2091 10.989 -1
      vertex 14.1691 10.989 -0.87712
      vertex 14.191 10.989 -0.914969
    endloop
  endfacet
  facet normal 0 1 0
    outer loop
      vertex 14.2091 10.989 -1
      vertex 14.191 10.989 -0.914969
      vertex 14.2045 10.989 -0.956535
    endloop
  endfacet
  facet normal 0 1 0
    outer loop
      vertex 14.0219 10.989 -0.792089
      vertex 14.2091 10.989 -1
      vertex 13.1 10.989 -2.75
    endloop
  endfacet
  facet normal 0 1 0
    outer loop
      vertex 14.0219 10.989 -0.792089
      vertex 13.1 10.989 -2.75
      vertex 11.1421 10.989 -0.792089
    endloop
  endfacet
  facet normal 0 1 0
    outer loop
      vertex 1.79094 10.989 -1
      vertex 1.97815 10.989 -0.792089
      vertex 2.5 10.989 -0.792089
    endloop
  endfacet
  facet normal 0 1 0
    outer loop
      vertex 1.97815 10.989 -0.792089
      vertex 1.79094 10.989 -1
      vertex 1.9354 10.989 -0.801175
    endloop
  endfacet
  facet normal 0 1 0
    outer loop
      vertex 1.9354 10.989 -0.801175
      vertex 1.79094 10.989 -1
      vertex 1.89547 10.989 -0.818952
    endloop
  endfacet
  facet normal 0 1 0
    outer loop
      vertex 1.89547 10.989 -0.818952
      vertex 1.79094 10.989 -1
      vertex 1.86011 10.989 -0.844641
    endloop
  endfacet
  facet normal 0 1 0
    outer loop
      vertex 1.86011 10.989 -0.844641
      vertex 1.79094 10.989 -1
      vertex 1.83087 10.989 -0.87712
    endloop
  endfacet
  facet normal 0 1 0
    outer loop
      vertex 1.83087 10.989 -0.87712
      vertex 1.79094 10.989 -1
      vertex 1.80902 10.989 -0.914969
    endloop
  endfacet
  facet normal 0 1 0
    outer loop
      vertex 1.80902 10.989 -0.914969
      vertex 1.79094 10.989 -1
      vertex 1.79551 10.989 -0.956535
    endloop
  endfacet
  facet normal 0 1 -0
    outer loop
      vertex 2.5 10.989 -6.05
      vertex 1.79094 10.989 -1
      vertex 2.5 10.989 -0.792089
    endloop
  endfacet
  facet normal 0 1 0
    outer loop
      vertex 2.5 10.989 -6.05
      vertex 1.79094 10.989 -13
      vertex 1.79094 10.989 -1
    endloop
  endfacet
  facet normal 0 1 0
    outer loop
      vertex 1.97815 10.989 -13.2079
      vertex 13.1 10.989 -6.05
      vertex 14.0219 10.989 -13.2079
    endloop
  endfacet
  facet normal 0 1 0
    outer loop
      vertex 14.0219 10.989 -13.2079
      vertex 14.2091 10.989 -13
      vertex 14.2045 10.989 -13.0435
    endloop
  endfacet
  facet normal 0 1 0
    outer loop
      vertex 13.1 10.989 -6.05
      vertex 1.97815 10.989 -13.2079
      vertex 2.5 10.989 -6.05
    endloop
  endfacet
  facet normal 0 1 0
    outer loop
      vertex 14.0219 10.989 -13.2079
      vertex 14.2045 10.989 -13.0435
      vertex 14.191 10.989 -13.085
    endloop
  endfacet
  facet normal 0 1 0
    outer loop
      vertex 2.5 10.989 -6.05
      vertex 1.97815 10.989 -13.2079
      vertex 1.79094 10.989 -13
    endloop
  endfacet
  facet normal 0 1 0
    outer loop
      vertex 14.0219 10.989 -13.2079
      vertex 14.191 10.989 -13.085
      vertex 14.1691 10.989 -13.1229
    endloop
  endfacet
  facet normal 0 1 0
    outer loop
      vertex 1.79094 10.989 -13
      vertex 1.97815 10.989 -13.2079
      vertex 1.79551 10.989 -13.0435
    endloop
  endfacet
  facet normal 0 1 0
    outer loop
      vertex 14.0219 10.989 -13.2079
      vertex 14.1691 10.989 -13.1229
      vertex 14.1399 10.989 -13.1554
    endloop
  endfacet
  facet normal 0 1 0
    outer loop
      vertex 1.79551 10.989 -13.0435
      vertex 1.97815 10.989 -13.2079
      vertex 1.80902 10.989 -13.085
    endloop
  endfacet
  facet normal 0 1 0
    outer loop
      vertex 14.0219 10.989 -13.2079
      vertex 14.1399 10.989 -13.1554
      vertex 14.1045 10.989 -13.181
    endloop
  endfacet
  facet normal 0 1 0
    outer loop
      vertex 1.80902 10.989 -13.085
      vertex 1.97815 10.989 -13.2079
      vertex 1.83087 10.989 -13.1229
    endloop
  endfacet
  facet normal 0 1 0
    outer loop
      vertex 14.0219 10.989 -13.2079
      vertex 14.1045 10.989 -13.181
      vertex 14.0646 10.989 -13.1988
    endloop
  endfacet
  facet normal 0 1 0
    outer loop
      vertex 1.83087 10.989 -13.1229
      vertex 1.97815 10.989 -13.2079
      vertex 1.86011 10.989 -13.1554
    endloop
  endfacet
  facet normal 0 1 0
    outer loop
      vertex 1.86011 10.989 -13.1554
      vertex 1.97815 10.989 -13.2079
      vertex 1.89547 10.989 -13.181
    endloop
  endfacet
  facet normal 0 1 0
    outer loop
      vertex 1.89547 10.989 -13.181
      vertex 1.97815 10.989 -13.2079
      vertex 1.9354 10.989 -13.1988
    endloop
  endfacet
  facet normal -0.207795 0.977929 -0.0218304
    outer loop
      vertex 1.79551 10.989 -13.0435
      vertex 1.39547 10.9021 -13.1285
      vertex 1.79094 10.989 -13
    endloop
  endfacet
  facet normal -0.303041 0.667027 -0.680618
    outer loop
      vertex 1.5 10.1756 -14.5388
      vertex 1.33087 10.4863 -14.159
      vertex 1.58646 10.4863 -14.2728
    endloop
  endfacet
  facet normal -0.239906 0.80754 -0.538818
    outer loop
      vertex 1.58646 10.4863 -14.2728
      vertex 1.33087 10.4863 -14.159
      vertex 1.69098 10.732 -13.9511
    endloop
  endfacet
  facet normal -0.437871 0.667124 0.602673
    outer loop
      vertex 1.33087 10.4863 0.158968
      vertex 0.917324 10.1756 0.202434
      vertex 1.19098 10.1756 0.401258
    endloop
  endfacet
  facet normal -0.50975 0.497899 0.701606
    outer loop
      vertex 1.19098 10.1756 0.401258
      vertex 0.917324 10.1756 0.202434
      vertex 1.08646 9.81347 0.582307
    endloop
  endfacet
  facet normal -0.437871 0.667124 0.602673
    outer loop
      vertex 1.10453 10.4863 -0.00547886
      vertex 0.917324 10.1756 0.202434
      vertex 1.33087 10.4863 0.158968
    endloop
  endfacet
  facet normal -0.346679 0.807547 0.477159
    outer loop
      vertex 1.33087 10.732 -0.256856
      vertex 1.10453 10.4863 -0.00547886
      vertex 1.33087 10.4863 0.158968
    endloop
  endfacet
  facet normal -0.404532 0.10396 0.908596
    outer loop
      vertex 1.02185 9.41582 0.694201
      vertex 1 9 0.73205
      vertex 1.39547 9.41582 0.860547
    endloop
  endfacet
  facet normal -0.38703 0.307491 0.869285
    outer loop
      vertex 1.08646 9.81347 0.582307
      vertex 1.02185 9.41582 0.694201
      vertex 1.39547 9.41582 0.860547
    endloop
  endfacet
  facet normal -0.904981 0.307484 0.294046
    outer loop
      vertex 0.33087 9.81347 -0.256856
      vertex 0.0864553 9.41582 -0.593264
      vertex 0.212836 9.41582 -0.204304
    endloop
  endfacet
  facet normal -0.904981 0.307484 0.294046
    outer loop
      vertex 0.212836 9.81347 -0.620127
      vertex 0.0864553 9.41582 -0.593264
      vertex 0.33087 9.81347 -0.256856
    endloop
  endfacet
  facet normal 0.303636 0.912664 -0.273588
    outer loop
      vertex 14.809 10.732 -13.5878
      vertex 14.4135 10.9021 -13.4593
      vertex 14.5 10.9021 -13.3633
    endloop
  endfacet
  facet normal 0.155216 0.977931 -0.139856
    outer loop
      vertex 14.4135 10.9021 -13.4593
      vertex 14.1691 10.989 -13.1229
      vertex 14.5 10.9021 -13.3633
    endloop
  endfacet
  facet normal 0.43821 0.807552 -0.394756
    outer loop
      vertex 15.0827 10.4863 -13.7866
      vertex 14.6691 10.732 -13.7431
      vertex 14.809 10.732 -13.5878
    endloop
  endfacet
  facet normal 0.354021 0.912655 -0.20428
    outer loop
      vertex 14.809 10.732 -13.5878
      vertex 14.5646 10.9021 -13.2514
      vertex 14.9135 10.732 -13.4067
    endloop
  endfacet
  facet normal 0.388724 0.912654 -0.126316
    outer loop
      vertex 14.9135 10.732 -13.4067
      vertex 14.5646 10.9021 -13.2514
      vertex 14.9781 10.732 -13.2079
    endloop
  endfacet
  facet normal 0.560838 0.807619 -0.182244
    outer loop
      vertex 15.2226 10.4863 -13.5443
      vertex 14.9135 10.732 -13.4067
      vertex 14.9781 10.732 -13.2079
    endloop
  endfacet
  facet normal 0.559185 0.307497 -0.769907
    outer loop
      vertex 14.9781 9.41582 -14.6942
      vertex 14.9135 9.81347 -14.5823
      vertex 15.2226 9.81347 -14.3578
    endloop
  endfacet
  facet normal 0.509612 0.497975 -0.701653
    outer loop
      vertex 15.2226 9.81347 -14.3578
      vertex 14.9135 9.81347 -14.5823
      vertex 15.0827 10.1756 -14.2024
    endloop
  endfacet
  facet normal 0.861332 0.103937 -0.497297
    outer loop
      vertex 15.8271 9 -13.8135
      vertex 15.5827 9.41582 -14.1499
      vertex 15.7872 9.41582 -13.7957
    endloop
  endfacet
  facet normal 0.824017 0.30766 -0.475753
    outer loop
      vertex 15.7872 9.41582 -13.7957
      vertex 15.5827 9.41582 -14.1499
      vertex 15.6691 9.81347 -13.7431
    endloop
  endfacet
  facet normal 0.865982 0 -0.500074
    outer loop
      vertex 15.8271 -2 -13.8135
      vertex 15.618 9 -14.1756
      vertex 15.8271 9 -13.8135
    endloop
  endfacet
  facet normal 0.865982 0 -0.500074
    outer loop
      vertex 15.618 9 -14.1756
      vertex 15.8271 -2 -13.8135
      vertex 15.618 -2 -14.1756
    endloop
  endfacet
  facet normal 0.751177 0.497781 -0.433529
    outer loop
      vertex 15.4781 9.81347 -14.0739
      vertex 15.309 10.1756 -13.9511
      vertex 15.4781 10.1756 -13.6581
    endloop
  endfacet
  facet normal 0.751032 0.497905 -0.433637
    outer loop
      vertex 15.6691 9.81347 -13.7431
      vertex 15.4781 9.81347 -14.0739
      vertex 15.4781 10.1756 -13.6581
    endloop
  endfacet
  facet normal -0.945903 0.103964 0.307342
    outer loop
      vertex 0.0864553 9.41582 -0.593264
      vertex 0.043705 9 -0.584177
      vertex 0.212836 9.41582 -0.204304
    endloop
  endfacet
  facet normal -0.945902 0.103963 0.307344
    outer loop
      vertex 0.212836 9.41582 -0.204304
      vertex 0.043705 9 -0.584177
      vertex 0.17291 9 -0.186527
    endloop
  endfacet
  facet normal -0.751045 0.497906 0.433614
    outer loop
      vertex 0.521852 10.1756 -0.341887
      vertex 0.33087 9.81347 -0.256856
      vertex 0.521852 9.81347 0.0739365
    endloop
  endfacet
  facet normal -0.708488 0.667123 0.230201
    outer loop
      vertex 0.777438 10.4863 -0.455681
      vertex 0.417324 10.1756 -0.663592
      vertex 0.521852 10.1756 -0.341887
    endloop
  endfacet
  facet normal -0.560923 0.807552 0.182277
    outer loop
      vertex 1.02185 10.732 -0.792089
      vertex 0.777438 10.4863 -0.455681
      vertex 1.08646 10.732 -0.593264
    endloop
  endfacet
  facet normal -0.56094 0.807545 0.182259
    outer loop
      vertex 1.02185 10.732 -0.792089
      vertex 0.690984 10.4863 -0.721761
      vertex 0.777438 10.4863 -0.455681
    endloop
  endfacet
  facet normal -0.707141 0.307483 0.636715
    outer loop
      vertex 0.777438 9.81347 0.357793
      vertex 0.417324 9.41582 0.149881
      vertex 0.690984 9.41582 0.45381
    endloop
  endfacet
  facet normal -0.739116 0.103964 0.665506
    outer loop
      vertex 0.690984 9.41582 0.45381
      vertex 0.417324 9.41582 0.149881
      vertex 0.661739 9 0.486289
    endloop
  endfacet
  facet normal 0.38718 0.307298 -0.869287
    outer loop
      vertex 14.6045 9.41582 -14.8605
      vertex 14.5646 9.81347 -14.7377
      vertex 14.9135 9.81347 -14.5823
    endloop
  endfacet
  facet normal 0.35287 0.497812 -0.792254
    outer loop
      vertex 14.9135 9.81347 -14.5823
      vertex 14.5646 9.81347 -14.7377
      vertex 14.809 10.1756 -14.4013
    endloop
  endfacet
  facet normal -0.824786 0.497906 0.267988
    outer loop
      vertex 0.417324 10.1756 -0.663592
      vertex 0.33087 9.81347 -0.256856
      vertex 0.521852 10.1756 -0.341887
    endloop
  endfacet
  facet normal -0.824785 0.497906 0.267989
    outer loop
      vertex 0.417324 10.1756 -0.663592
      vertex 0.212836 9.81347 -0.620127
      vertex 0.33087 9.81347 -0.256856
    endloop
  endfacet
  facet normal 0.58455 -0.104036 0.80466
    outer loop
      vertex 15 -36.5 3.68205
      vertex 14.9781 -36.9158 3.6442
      vertex 15.3383 -36.5 3.43629
    endloop
  endfacet
  facet normal 0.387062 0.30744 0.869289
    outer loop
      vertex 14.9135 -28.6865 3.53231
      vertex 14.6045 -29.0842 3.81055
      vertex 14.9781 -29.0842 3.6442
    endloop
  endfacet
  facet normal -0.586575 -0.807545 0.0616532
    outer loop
      vertex 0.690984 -37.9863 2.22824
      vertex 0.661739 -37.9863 1.95
      vertex 1.02185 -38.232 2.15791
    endloop
  endfacet
  facet normal 0.40644 -0.912674 0.042812
    outer loop
      vertex 14.9781 -38.232 2.15791
      vertex 14.6045 -38.4021 2.0785
      vertex 15 -38.232 1.95
    endloop
  endfacet
  facet normal 0.707123 -0.307368 0.63679
    outer loop
      vertex 15.309 -36.9158 3.40381
      vertex 15.2226 -37.3135 3.30779
      vertex 15.5827 -36.9158 3.09988
    endloop
  endfacet
  facet normal 0.95106 -0 0.309008
    outer loop
      vertex 15.8271 -36.5 2.76347
      vertex 15.9563 -29.5 2.36582
      vertex 15.8271 -29.5 2.76347
    endloop
  endfacet
  facet normal 0.95106 0 0.309008
    outer loop
      vertex 15.9563 -29.5 2.36582
      vertex 15.8271 -36.5 2.76347
      vertex 15.9563 -36.5 2.36582
    endloop
  endfacet
  facet normal 0.8613 0.103851 0.49737
    outer loop
      vertex 15.8271 -29.5 2.76347
      vertex 15.5827 -29.0842 3.09988
      vertex 15.618 -29.5 3.12557
    endloop
  endfacet
  facet normal 0.989135 -0.103957 0.103952
    outer loop
      vertex 15.9563 -36.5 2.36582
      vertex 15.9563 -36.9158 1.95
      vertex 16 -36.5 1.95
    endloop
  endfacet
  facet normal 0.824029 -0.30758 0.475785
    outer loop
      vertex 15.5827 -36.9158 3.09988
      vertex 15.4781 -37.3135 3.02394
      vertex 15.6691 -37.3135 2.69314
    endloop
  endfacet
  facet normal -0 0 1
    outer loop
      vertex 1.79094 -29.5 3.93904
      vertex 14.2091 -36.5 3.93904
      vertex 14.2091 -29.5 3.93904
    endloop
  endfacet
  facet normal 0 0 1
    outer loop
      vertex 14.2091 -36.5 3.93904
      vertex 1.79094 -29.5 3.93904
      vertex 1.79094 -36.5 3.93904
    endloop
  endfacet
  facet normal -0.553598 -0.667123 0.498474
    outer loop
      vertex 0.917324 -37.6756 3.15243
      vertex 0.690984 -37.6756 2.90106
      vertex 0.917324 -37.9863 2.73661
    endloop
  endfacet
  facet normal -0.387043 -0.307448 0.869294
    outer loop
      vertex 1.39547 -36.9158 3.81055
      vertex 1.02185 -36.9158 3.6442
      vertex 1.08646 -37.3135 3.53231
    endloop
  endfacet
  facet normal -0.346673 0.807552 0.477155
    outer loop
      vertex 1.5 -27.768 2.81602
      vertex 1.33087 -27.768 2.69314
      vertex 1.33087 -28.0137 3.10897
    endloop
  endfacet
  facet normal 0.180933 -0.977932 0.104462
    outer loop
      vertex 14.5 -38.4021 2.31327
      vertex 14.1691 -38.489 2.07288
      vertex 14.5646 -38.4021 2.20138
    endloop
  endfacet
  facet normal 0.353939 0.912671 0.204348
    outer loop
      vertex 14.5646 -27.5979 2.20138
      vertex 14.5 -27.5979 2.31327
      vertex 14.809 -27.768 2.53778
    endloop
  endfacet
  facet normal 0.946361 -0.307442 0.0994019
    outer loop
      vertex 15.9563 -36.9158 1.95
      vertex 15.7872 -37.3135 2.32987
      vertex 15.8271 -37.3135 1.95
    endloop
  endfacet
  facet normal -0.180306 -0.497947 0.848256
    outer loop
      vertex 1.83087 -37.6756 3.55917
      vertex 1.4354 -37.3135 3.68767
      vertex 1.5 -37.6756 3.48884
    endloop
  endfacet
  facet normal -0.197838 0.307459 0.930768
    outer loop
      vertex 1.80902 -28.6865 3.76708
      vertex 1.39547 -29.0842 3.81055
      vertex 1.79551 -29.0842 3.89558
    endloop
  endfacet
  facet normal -0.40454 -0.103967 0.908591
    outer loop
      vertex 1.39547 -36.9158 3.81055
      vertex 1 -36.5 3.68205
      vertex 1.02185 -36.9158 3.6442
    endloop
  endfacet
  facet normal -0.743125 -0.669152 -0
    outer loop
      vertex 0.661739 -37.9863 1.95
      vertex 0.381967 -37.6756 -5.39083
      vertex 0.661739 -37.9863 -5.66907
    endloop
  endfacet
  facet normal -0.743125 -0.669152 0
    outer loop
      vertex 0.381967 -37.6756 -5.39083
      vertex 0.661739 -37.9863 1.95
      vertex 0.381967 -37.6756 1.95
    endloop
  endfacet
  facet normal -0.122809 -0.977929 0.169036
    outer loop
      vertex 1.89547 -38.489 2.13105
      vertex 1.58646 -38.4021 2.40929
      vertex 1.86011 -38.489 2.10536
    endloop
  endfacet
  facet normal -0.58769 0.809086 0
    outer loop
      vertex 1 -27.768 -5.01096
      vertex 0.661739 -28.0137 1.95
      vertex 1 -27.768 1.95
    endloop
  endfacet
  facet normal -0.58769 0.809086 0
    outer loop
      vertex 0.661739 -28.0137 1.95
      vertex 1 -27.768 -5.01096
      vertex 0.661739 -28.0137 -5.01096
    endloop
  endfacet
  facet normal -0.587784 0 0.809018
    outer loop
      vertex 0.661739 -29.5 3.43629
      vertex 1 -36.5 3.68205
      vertex 1 -29.5 3.68205
    endloop
  endfacet
  facet normal -0.587784 0 0.809018
    outer loop
      vertex 1 -36.5 3.68205
      vertex 0.661739 -29.5 3.43629
      vertex 0.661739 -36.5 3.43629
    endloop
  endfacet
  facet normal -0.406729 0 0.913549
    outer loop
      vertex 1 -29.5 3.68205
      vertex 1.38197 -36.5 3.85211
      vertex 1.38197 -29.5 3.85211
    endloop
  endfacet
  facet normal -0.406729 0 0.913549
    outer loop
      vertex 1.38197 -36.5 3.85211
      vertex 1 -29.5 3.68205
      vertex 1 -36.5 3.68205
    endloop
  endfacet
  facet normal 0.824029 0.30758 0.475785
    outer loop
      vertex 15.6691 -28.6865 2.69314
      vertex 15.4781 -28.6865 3.02394
      vertex 15.5827 -29.0842 3.09988
    endloop
  endfacet
  facet normal 0.180299 -0.497954 0.848254
    outer loop
      vertex 14.191 -37.3135 3.76708
      vertex 14.1691 -37.6756 3.55917
      vertex 14.5646 -37.3135 3.68767
    endloop
  endfacet
  facet normal 0.560855 -0.807612 0.182222
    outer loop
      vertex 15.2226 -37.9863 2.49432
      vertex 14.9135 -38.232 2.35674
      vertex 14.9781 -38.232 2.15791
    endloop
  endfacet
  facet normal 0.198733 -0.977926 0.0645394
    outer loop
      vertex 14.6045 -38.4021 2.0785
      vertex 14.191 -38.489 2.03503
      vertex 14.2045 -38.489 1.99346
    endloop
  endfacet
  facet normal 0.645208 -0.667019 0.372548
    outer loop
      vertex 15.4781 -37.6756 2.60811
      vertex 15.0827 -37.9863 2.73661
      vertex 15.2226 -37.9863 2.49432
    endloop
  endfacet
  facet normal 0.0435057 -0.977927 0.204367
    outer loop
      vertex 14.0646 -38.4021 2.56465
      vertex 14.0219 -38.489 2.15791
      vertex 14.0646 -38.489 2.14882
    endloop
  endfacet
  facet normal 0.862458 -0.497955 0.0905891
    outer loop
      vertex 15.7872 -37.3135 2.32987
      vertex 15.5827 -37.6756 2.28641
      vertex 15.8271 -37.3135 1.95
    endloop
  endfacet
  facet normal -0.560939 -0.807545 0.182259
    outer loop
      vertex 0.777438 -37.9863 2.49432
      vertex 0.690984 -37.9863 2.22824
      vertex 1.02185 -38.232 2.15791
    endloop
  endfacet
  facet normal 0.303003 -0.667129 0.680535
    outer loop
      vertex 14.809 -37.6756 3.35126
      vertex 14.5 -37.6756 3.48884
      vertex 14.6691 -37.9863 3.10897
    endloop
  endfacet
  facet normal -0.584602 0.103971 0.80463
    outer loop
      vertex 0.690984 -29.0842 3.40381
      vertex 0.661739 -29.5 3.43629
      vertex 1.02185 -29.0842 3.6442
    endloop
  endfacet
  facet normal -0.994521 0.104535 0
    outer loop
      vertex 0 -29.5 -5.01096
      vertex 0.043705 -29.0842 1.95
      vertex 0.043705 -29.0842 -5.01096
    endloop
  endfacet
  facet normal -0.994521 0.104535 0
    outer loop
      vertex 0.043705 -29.0842 1.95
      vertex 0 -29.5 -5.01096
      vertex 0 -29.5 1.95
    endloop
  endfacet
  facet normal -0.945903 0.103964 0.307342
    outer loop
      vertex 0.0864553 -29.0842 2.35674
      vertex 0.043705 -29.5 2.36582
      vertex 0.212836 -29.0842 2.7457
    endloop
  endfacet
  facet normal -0.438304 -0.807548 0.394659
    outer loop
      vertex 1.33087 -38.232 2.69314
      vertex 0.917324 -37.9863 2.73661
      vertex 1.19098 -38.232 2.53778
    endloop
  endfacet
  facet normal -0.122611 -0.80755 0.576914
    outer loop
      vertex 1.86011 -37.9863 3.28093
      vertex 1.69098 -38.232 2.90106
      vertex 1.89547 -38.232 2.94452
    endloop
  endfacet
  facet normal -0.509749 0.497931 0.701584
    outer loop
      vertex 1.19098 -28.3244 3.35126
      vertex 0.917324 -28.3244 3.15243
      vertex 1.08646 -28.6865 3.53231
    endloop
  endfacet
  facet normal 0.197857 0.307454 0.930766
    outer loop
      vertex 14.6045 -29.0842 3.81055
      vertex 14.191 -28.6865 3.76708
      vertex 14.2045 -29.0842 3.89558
    endloop
  endfacet
  facet normal -0.586572 0.807548 0.0616449
    outer loop
      vertex 1 -27.768 1.95
      vertex 0.661739 -28.0137 1.95
      vertex 1.02185 -27.768 2.15791
    endloop
  endfacet
  facet normal 0.587739 0 0.80905
    outer loop
      vertex 15 -29.5 3.68205
      vertex 15.3383 -36.5 3.43629
      vertex 15.3383 -29.5 3.43629
    endloop
  endfacet
  facet normal 0.587739 0 0.80905
    outer loop
      vertex 15.3383 -36.5 3.43629
      vertex 15 -29.5 3.68205
      vertex 15 -36.5 3.68205
    endloop
  endfacet
  facet normal 0.58455 0.104036 0.80466
    outer loop
      vertex 15.3383 -29.5 3.43629
      vertex 14.9781 -29.0842 3.6442
      vertex 15 -29.5 3.68205
    endloop
  endfacet
  facet normal 0.404556 -0.104015 0.908579
    outer loop
      vertex 15 -36.5 3.68205
      vertex 14.6045 -36.9158 3.81055
      vertex 14.9781 -36.9158 3.6442
    endloop
  endfacet
  facet normal 0.387062 -0.30744 0.869289
    outer loop
      vertex 14.9781 -36.9158 3.6442
      vertex 14.6045 -36.9158 3.81055
      vertex 14.9135 -37.3135 3.53231
    endloop
  endfacet
  facet normal -0 0.667121 0.744949
    outer loop
      vertex 1.86011 -28.0137 3.28093
      vertex 14.1691 -28.3244 3.55917
      vertex 14.1399 -28.0137 3.28093
    endloop
  endfacet
  facet normal 0 0.667121 0.744949
    outer loop
      vertex 14.1691 -28.3244 3.55917
      vertex 1.86011 -28.0137 3.28093
      vertex 1.83087 -28.3244 3.55917
    endloop
  endfacet
  facet normal 0.303003 0.667129 0.680535
    outer loop
      vertex 14.6691 -28.0137 3.10897
      vertex 14.5 -28.3244 3.48884
      vertex 14.809 -28.3244 3.35126
    endloop
  endfacet
  facet normal 0.56093 -0.807578 0.182142
    outer loop
      vertex 15.2226 -37.9863 2.49432
      vertex 14.9781 -38.232 2.15791
      vertex 15.309 -37.9863 2.22824
    endloop
  endfacet
  facet normal 0.122658 -0.80754 0.576918
    outer loop
      vertex 14.4135 -37.9863 3.22276
      vertex 14.1399 -37.9863 3.28093
      vertex 14.309 -38.232 2.90106
    endloop
  endfacet
  facet normal 0.824028 -0.307581 0.475786
    outer loop
      vertex 15.7872 -36.9158 2.7457
      vertex 15.5827 -36.9158 3.09988
      vertex 15.6691 -37.3135 2.69314
    endloop
  endfacet
  facet normal 0.155405 -0.977921 0.139711
    outer loop
      vertex 14.4135 -38.4021 2.40929
      vertex 14.1399 -38.489 2.10536
      vertex 14.1691 -38.489 2.07288
    endloop
  endfacet
  facet normal -0.946351 -0.307451 0.0994656
    outer loop
      vertex 0.212836 -37.3135 2.32987
      vertex 0.043705 -36.9158 1.95
      vertex 0.17291 -37.3135 1.95
    endloop
  endfacet
  facet normal -0.707149 -0.307452 0.636721
    outer loop
      vertex 0.690984 -36.9158 3.40381
      vertex 0.417324 -36.9158 3.09988
      vertex 0.777438 -37.3135 3.30779
    endloop
  endfacet
  facet normal -0.945903 -0.103964 0.307342
    outer loop
      vertex 0.212836 -36.9158 2.7457
      vertex 0.043705 -36.5 2.36582
      vertex 0.0864553 -36.9158 2.35674
    endloop
  endfacet
  facet normal -0.862463 -0.497937 0.0906486
    outer loop
      vertex 0.212836 -37.3135 2.32987
      vertex 0.17291 -37.3135 1.95
      vertex 0.417324 -37.6756 2.28641
    endloop
  endfacet
  facet normal -0.946351 -0.307451 0.099466
    outer loop
      vertex 0.0864553 -36.9158 2.35674
      vertex 0.043705 -36.9158 1.95
      vertex 0.212836 -37.3135 2.32987
    endloop
  endfacet
  facet normal -0.751034 0.497937 0.433597
    outer loop
      vertex 0.521852 -28.3244 2.60811
      vertex 0.33087 -28.6865 2.69314
      vertex 0.521852 -28.6865 3.02394
    endloop
  endfacet
  facet normal 0.122658 0.80754 0.576918
    outer loop
      vertex 14.309 -27.768 2.90106
      vertex 14.1399 -28.0137 3.28093
      vertex 14.4135 -28.0137 3.22276
    endloop
  endfacet
  facet normal 0.559228 0.307443 0.769898
    outer loop
      vertex 15.2226 -28.6865 3.30779
      vertex 14.9135 -28.6865 3.53231
      vertex 14.9781 -29.0842 3.6442
    endloop
  endfacet
  facet normal 0.644525 -0.4979 0.580244
    outer loop
      vertex 15.4781 -37.3135 3.02394
      vertex 15.0827 -37.6756 3.15243
      vertex 15.309 -37.6756 2.90106
    endloop
  endfacet
  facet normal 0.388712 -0.912673 0.126217
    outer loop
      vertex 14.9781 -38.232 2.15791
      vertex 14.5646 -38.4021 2.20138
      vertex 14.6045 -38.4021 2.0785
    endloop
  endfacet
  facet normal 0.406411 -0.912692 0.0426969
    outer loop
      vertex 15 -38.232 1.95
      vertex 14.6045 -38.4021 2.0785
      vertex 14.618 -38.4021 1.95
    endloop
  endfacet
  facet normal 0.239883 -0.807535 0.538836
    outer loop
      vertex 14.4135 -37.9863 3.22276
      vertex 14.309 -38.232 2.90106
      vertex 14.6691 -37.9863 3.10897
    endloop
  endfacet
  facet normal -0.388675 -0.912677 0.1263
    outer loop
      vertex 1.08646 -38.232 2.35674
      vertex 1.02185 -38.232 2.15791
      vertex 1.4354 -38.4021 2.20138
    endloop
  endfacet
  facet normal -0.303704 -0.912678 0.273466
    outer loop
      vertex 1.58646 -38.4021 2.40929
      vertex 1.19098 -38.232 2.53778
      vertex 1.5 -38.4021 2.31327
    endloop
  endfacet
  facet normal 0.945912 0.103904 0.307335
    outer loop
      vertex 15.9563 -29.5 2.36582
      vertex 15.7872 -29.0842 2.7457
      vertex 15.8271 -29.5 2.76347
    endloop
  endfacet
  facet normal 0.352735 0.497945 0.79223
    outer loop
      vertex 14.809 -28.3244 3.35126
      vertex 14.5 -28.3244 3.48884
      vertex 14.5646 -28.6865 3.68767
    endloop
  endfacet
  facet normal 0.206802 0.103971 0.972843
    outer loop
      vertex 14.6045 -29.0842 3.81055
      vertex 14.2045 -29.0842 3.89558
      vertex 14.2091 -29.5 3.93904
    endloop
  endfacet
  facet normal 0.302965 0.667148 0.680533
    outer loop
      vertex 14.6691 -28.0137 3.10897
      vertex 14.4135 -28.0137 3.22276
      vertex 14.5 -28.3244 3.48884
    endloop
  endfacet
  facet normal 0.404556 0.104015 0.908579
    outer loop
      vertex 14.9781 -29.0842 3.6442
      vertex 14.6045 -29.0842 3.81055
      vertex 15 -29.5 3.68205
    endloop
  endfacet
  facet normal 0.707222 0.307563 0.636587
    outer loop
      vertex 15.4781 -28.6865 3.02394
      vertex 15.2226 -28.6865 3.30779
      vertex 15.5827 -29.0842 3.09988
    endloop
  endfacet
  facet normal -0.180292 -0.497935 0.848266
    outer loop
      vertex 1.80902 -37.3135 3.76708
      vertex 1.4354 -37.3135 3.68767
      vertex 1.83087 -37.6756 3.55917
    endloop
  endfacet
  facet normal 0.865982 -0 0.500074
    outer loop
      vertex 15.618 -36.5 3.12557
      vertex 15.8271 -29.5 2.76347
      vertex 15.618 -29.5 3.12557
    endloop
  endfacet
  facet normal 0.865982 0 0.500074
    outer loop
      vertex 15.8271 -29.5 2.76347
      vertex 15.618 -36.5 3.12557
      vertex 15.8271 -36.5 2.76347
    endloop
  endfacet
  facet normal -0.353931 -0.912677 0.204336
    outer loop
      vertex 1.19098 -38.232 2.53778
      vertex 1.08646 -38.232 2.35674
      vertex 1.4354 -38.4021 2.20138
    endloop
  endfacet
  facet normal -1 0 0
    outer loop
      vertex 0 -36.5 -5.01096
      vertex 0 -29.5 1.95
      vertex 0 -29.5 -5.01096
    endloop
  endfacet
  facet normal -1 -0 0
    outer loop
      vertex 0 -29.5 1.95
      vertex 0 -36.5 -5.01096
      vertex 0 -36.5 1.95
    endloop
  endfacet
  facet normal -0.951056 0 0.309018
    outer loop
      vertex 0.043705 -36.5 2.36582
      vertex 0.17291 -29.5 2.76347
      vertex 0.043705 -29.5 2.36582
    endloop
  endfacet
  facet normal -0.951056 0 0.309018
    outer loop
      vertex 0.17291 -29.5 2.76347
      vertex 0.043705 -36.5 2.36582
      vertex 0.17291 -36.5 2.76347
    endloop
  endfacet
  facet normal -0.207913 0 0.978147
    outer loop
      vertex 1.38197 -29.5 3.85211
      vertex 1.79094 -36.5 3.93904
      vertex 1.79094 -29.5 3.93904
    endloop
  endfacet
  facet normal -0.207913 0 0.978147
    outer loop
      vertex 1.79094 -36.5 3.93904
      vertex 1.38197 -29.5 3.85211
      vertex 1.38197 -36.5 3.85211
    endloop
  endfacet
  facet normal 0.180299 0.497954 0.848254
    outer loop
      vertex 14.5646 -28.6865 3.68767
      vertex 14.1691 -28.3244 3.55917
      vertex 14.191 -28.6865 3.76708
    endloop
  endfacet
  facet normal -0.861331 -0.10396 0.497295
    outer loop
      vertex 0.417324 -36.9158 3.09988
      vertex 0.17291 -36.5 2.76347
      vertex 0.212836 -36.9158 2.7457
    endloop
  endfacet
  facet normal -0.352716 -0.497946 0.792238
    outer loop
      vertex 1.4354 -37.3135 3.68767
      vertex 1.19098 -37.6756 3.35126
      vertex 1.5 -37.6756 3.48884
    endloop
  endfacet
  facet normal 0 -0.497936 0.867214
    outer loop
      vertex 14.191 -37.3135 3.76708
      vertex 1.83087 -37.6756 3.55917
      vertex 14.1691 -37.6756 3.55917
    endloop
  endfacet
  facet normal 0 -0.497936 0.867214
    outer loop
      vertex 1.83087 -37.6756 3.55917
      vertex 14.191 -37.3135 3.76708
      vertex 1.80902 -37.3135 3.76708
    endloop
  endfacet
  facet normal -0.509738 -0.497939 0.701587
    outer loop
      vertex 1.08646 -37.3135 3.53231
      vertex 0.777438 -37.3135 3.30779
      vertex 0.917324 -37.6756 3.15243
    endloop
  endfacet
  facet normal -0.824086 0.307444 0.475773
    outer loop
      vertex 0.521852 -28.6865 3.02394
      vertex 0.33087 -28.6865 2.69314
      vertex 0.417324 -29.0842 3.09988
    endloop
  endfacet
  facet normal -0.559318 0.307453 0.769829
    outer loop
      vertex 0.777438 -28.6865 3.30779
      vertex 0.690984 -29.0842 3.40381
      vertex 1.02185 -29.0842 3.6442
    endloop
  endfacet
  facet normal -0.388675 0.912677 0.1263
    outer loop
      vertex 1.39547 -27.5979 2.0785
      vertex 1.02185 -27.768 2.15791
      vertex 1.4354 -27.5979 2.20138
    endloop
  endfacet
  facet normal 0.0434442 -0.97793 0.204367
    outer loop
      vertex 14.0646 -38.4021 2.56465
      vertex 14.0646 -38.489 2.14882
      vertex 14.191 -38.4021 2.53778
    endloop
  endfacet
  facet normal -0.58769 -0.809086 0
    outer loop
      vertex 0.661739 -37.9863 -5.66907
      vertex 1 -38.232 1.95
      vertex 0.661739 -37.9863 1.95
    endloop
  endfacet
  facet normal -0.58769 -0.809086 -0
    outer loop
      vertex 1 -38.232 1.95
      vertex 0.661739 -37.9863 -5.66907
      vertex 1 -38.232 -6.00548
    endloop
  endfacet
  facet normal -0.438304 -0.807549 0.394657
    outer loop
      vertex 1.10453 -37.9863 2.94452
      vertex 0.917324 -37.9863 2.73661
      vertex 1.33087 -38.232 2.69314
    endloop
  endfacet
  facet normal -0.180944 -0.977929 0.104468
    outer loop
      vertex 1.5 -38.4021 2.31327
      vertex 1.4354 -38.4021 2.20138
      vertex 1.83087 -38.489 2.07288
    endloop
  endfacet
  facet normal 0.207779 -0.977928 0.0219923
    outer loop
      vertex 14.6045 -38.4021 2.0785
      vertex 14.2045 -38.489 1.99346
      vertex 14.2091 -38.489 1.95
    endloop
  endfacet
  facet normal -0.122636 -0.807542 0.57692
    outer loop
      vertex 1.86011 -37.9863 3.28093
      vertex 1.58646 -37.9863 3.22276
      vertex 1.69098 -38.232 2.90106
    endloop
  endfacet
  facet normal -0.197838 -0.307459 0.930768
    outer loop
      vertex 1.79551 -36.9158 3.89558
      vertex 1.39547 -36.9158 3.81055
      vertex 1.80902 -37.3135 3.76708
    endloop
  endfacet
  facet normal 0.197857 -0.307454 0.930766
    outer loop
      vertex 14.2045 -36.9158 3.89558
      vertex 14.191 -37.3135 3.76708
      vertex 14.6045 -36.9158 3.81055
    endloop
  endfacet
  facet normal 0.989135 0.103957 0.103952
    outer loop
      vertex 16 -29.5 1.95
      vertex 15.9563 -29.0842 1.95
      vertex 15.9563 -29.5 2.36582
    endloop
  endfacet
  facet normal 0.154918 0.667137 0.728649
    outer loop
      vertex 14.4135 -28.0137 3.22276
      vertex 14.1399 -28.0137 3.28093
      vertex 14.5 -28.3244 3.48884
    endloop
  endfacet
  facet normal 0.404499 0.103951 0.908612
    outer loop
      vertex 15 -29.5 3.68205
      vertex 14.6045 -29.0842 3.81055
      vertex 14.618 -29.5 3.85211
    endloop
  endfacet
  facet normal 0.206821 0.103952 0.972841
    outer loop
      vertex 14.6045 -29.0842 3.81055
      vertex 14.2091 -29.5 3.93904
      vertex 14.618 -29.5 3.85211
    endloop
  endfacet
  facet normal 0.19784 0.307436 0.930775
    outer loop
      vertex 14.5646 -28.6865 3.68767
      vertex 14.191 -28.6865 3.76708
      vertex 14.6045 -29.0842 3.81055
    endloop
  endfacet
  facet normal 0.38708 0.307424 0.869287
    outer loop
      vertex 14.9135 -28.6865 3.53231
      vertex 14.5646 -28.6865 3.68767
      vertex 14.6045 -29.0842 3.81055
    endloop
  endfacet
  facet normal -0.206783 0.103956 0.972848
    outer loop
      vertex 1.79551 -29.0842 3.89558
      vertex 1.39547 -29.0842 3.81055
      vertex 1.79094 -29.5 3.93904
    endloop
  endfacet
  facet normal -0 0.497936 0.867214
    outer loop
      vertex 1.83087 -28.3244 3.55917
      vertex 14.191 -28.6865 3.76708
      vertex 14.1691 -28.3244 3.55917
    endloop
  endfacet
  facet normal 0 0.497936 0.867214
    outer loop
      vertex 14.191 -28.6865 3.76708
      vertex 1.83087 -28.3244 3.55917
      vertex 1.80902 -28.6865 3.76708
    endloop
  endfacet
  facet normal -0.743147 0 0.669129
    outer loop
      vertex 0.381967 -36.5 3.12557
      vertex 0.661739 -29.5 3.43629
      vertex 0.381967 -29.5 3.12557
    endloop
  endfacet
  facet normal -0.743147 0 0.669129
    outer loop
      vertex 0.661739 -29.5 3.43629
      vertex 0.381967 -36.5 3.12557
      vertex 0.661739 -36.5 3.43629
    endloop
  endfacet
  facet normal -0.559319 0.307452 0.769828
    outer loop
      vertex 1.08646 -28.6865 3.53231
      vertex 0.777438 -28.6865 3.30779
      vertex 1.02185 -29.0842 3.6442
    endloop
  endfacet
  facet normal -0.387043 0.307448 0.869294
    outer loop
      vertex 1.08646 -28.6865 3.53231
      vertex 1.02185 -29.0842 3.6442
      vertex 1.39547 -29.0842 3.81055
    endloop
  endfacet
  facet normal -0 0.103955 0.994582
    outer loop
      vertex 1.79551 -29.0842 3.89558
      vertex 14.2091 -29.5 3.93904
      vertex 14.2045 -29.0842 3.89558
    endloop
  endfacet
  facet normal 0 0.103955 0.994582
    outer loop
      vertex 14.2091 -29.5 3.93904
      vertex 1.79551 -29.0842 3.89558
      vertex 1.79094 -29.5 3.93904
    endloop
  endfacet
  facet normal -0.740866 0.667123 0.0778703
    outer loop
      vertex 0.661739 -28.0137 1.95
      vertex 0.417324 -28.3244 2.28641
      vertex 0.690984 -28.0137 2.22824
    endloop
  endfacet
  facet normal -0.437879 0.667123 0.602667
    outer loop
      vertex 1.33087 -28.0137 3.10897
      vertex 0.917324 -28.3244 3.15243
      vertex 1.19098 -28.3244 3.35126
    endloop
  endfacet
  facet normal 0 0.912677 0.408683
    outer loop
      vertex 14.0646 -27.5979 2.56465
      vertex 1.89547 -27.768 2.94452
      vertex 14.1045 -27.768 2.94452
    endloop
  endfacet
  facet normal 0 0.912677 0.408683
    outer loop
      vertex 1.89547 -27.768 2.94452
      vertex 14.0646 -27.5979 2.56465
      vertex 1.9354 -27.5979 2.56465
    endloop
  endfacet
  facet normal -0.122611 0.80755 0.576914
    outer loop
      vertex 1.89547 -27.768 2.94452
      vertex 1.69098 -27.768 2.90106
      vertex 1.86011 -28.0137 3.28093
    endloop
  endfacet
  facet normal 0.743232 -0 0.669033
    outer loop
      vertex 15.3383 -36.5 3.43629
      vertex 15.618 -29.5 3.12557
      vertex 15.3383 -29.5 3.43629
    endloop
  endfacet
  facet normal 0.743232 0 0.669033
    outer loop
      vertex 15.618 -29.5 3.12557
      vertex 15.3383 -36.5 3.43629
      vertex 15.618 -36.5 3.12557
    endloop
  endfacet
  facet normal 0 -0.912677 0.408683
    outer loop
      vertex 1.9354 -38.4021 2.56465
      vertex 14.1045 -38.232 2.94452
      vertex 1.89547 -38.232 2.94452
    endloop
  endfacet
  facet normal 0 -0.912677 0.408683
    outer loop
      vertex 14.1045 -38.232 2.94452
      vertex 1.9354 -38.4021 2.56465
      vertex 14.0646 -38.4021 2.56465
    endloop
  endfacet
  facet normal -0.207845 -0.978162 0
    outer loop
      vertex 1.38197 -38.4021 -6.38535
      vertex 1.79094 -38.489 1.95
      vertex 1.38197 -38.4021 1.95
    endloop
  endfacet
  facet normal -0.207845 -0.978162 -0
    outer loop
      vertex 1.79094 -38.489 1.95
      vertex 1.38197 -38.4021 -6.38535
      vertex 1.79094 -38.489 -6.79209
    endloop
  endfacet
  facet normal 0.945912 -0.103904 0.307335
    outer loop
      vertex 15.8271 -36.5 2.76347
      vertex 15.7872 -36.9158 2.7457
      vertex 15.9563 -36.5 2.36582
    endloop
  endfacet
  facet normal 0.751092 -0.497887 0.433554
    outer loop
      vertex 15.4781 -37.3135 3.02394
      vertex 15.309 -37.6756 2.90106
      vertex 15.4781 -37.6756 2.60811
    endloop
  endfacet
  facet normal 0.303657 -0.912668 0.273551
    outer loop
      vertex 14.809 -38.232 2.53778
      vertex 14.4135 -38.4021 2.40929
      vertex 14.5 -38.4021 2.31327
    endloop
  endfacet
  facet normal 0.353939 -0.912671 0.204348
    outer loop
      vertex 14.809 -38.232 2.53778
      vertex 14.5 -38.4021 2.31327
      vertex 14.5646 -38.4021 2.20138
    endloop
  endfacet
  facet normal 0.8613 -0.103851 0.49737
    outer loop
      vertex 15.618 -36.5 3.12557
      vertex 15.5827 -36.9158 3.09988
      vertex 15.8271 -36.5 2.76347
    endloop
  endfacet
  facet normal 0.739212 -0.103869 0.665415
    outer loop
      vertex 15.618 -36.5 3.12557
      vertex 15.3383 -36.5 3.43629
      vertex 15.5827 -36.9158 3.09988
    endloop
  endfacet
  facet normal 0.994523 -0 0.104518
    outer loop
      vertex 15.9563 -36.5 2.36582
      vertex 16 -29.5 1.95
      vertex 15.9563 -29.5 2.36582
    endloop
  endfacet
  facet normal 0.994523 0 0.104518
    outer loop
      vertex 16 -29.5 1.95
      vertex 15.9563 -36.5 2.36582
      vertex 16 -36.5 1.95
    endloop
  endfacet
  facet normal 0.352768 0.497922 0.79223
    outer loop
      vertex 14.809 -28.3244 3.35126
      vertex 14.5646 -28.6865 3.68767
      vertex 14.9135 -28.6865 3.53231
    endloop
  endfacet
  facet normal 0.861323 0.103906 0.497319
    outer loop
      vertex 15.7872 -29.0842 2.7457
      vertex 15.5827 -29.0842 3.09988
      vertex 15.8271 -29.5 2.76347
    endloop
  endfacet
  facet normal -0.82477 -0.497935 0.267985
    outer loop
      vertex 0.33087 -37.3135 2.69314
      vertex 0.212836 -37.3135 2.32987
      vertex 0.417324 -37.6756 2.28641
    endloop
  endfacet
  facet normal -0.180948 -0.97793 0.104457
    outer loop
      vertex 1.83087 -38.489 2.07288
      vertex 1.4354 -38.4021 2.20138
      vertex 1.80902 -38.489 2.03503
    endloop
  endfacet
  facet normal 0.155231 -0.97793 0.13984
    outer loop
      vertex 14.4135 -38.4021 2.40929
      vertex 14.1691 -38.489 2.07288
      vertex 14.5 -38.4021 2.31327
    endloop
  endfacet
  facet normal -0.740869 -0.667121 0.077866
    outer loop
      vertex 0.417324 -37.6756 2.28641
      vertex 0.381967 -37.6756 1.95
      vertex 0.661739 -37.9863 1.95
    endloop
  endfacet
  facet normal -0.945902 -0.103962 0.307344
    outer loop
      vertex 0.17291 -36.5 2.76347
      vertex 0.043705 -36.5 2.36582
      vertex 0.212836 -36.9158 2.7457
    endloop
  endfacet
  facet normal -0.82477 0.497935 0.267985
    outer loop
      vertex 0.417324 -28.3244 2.28641
      vertex 0.212836 -28.6865 2.32987
      vertex 0.33087 -28.6865 2.69314
    endloop
  endfacet
  facet normal -0.559319 -0.307452 0.769828
    outer loop
      vertex 1.02185 -36.9158 3.6442
      vertex 0.777438 -37.3135 3.30779
      vertex 1.08646 -37.3135 3.53231
    endloop
  endfacet
  facet normal -0.352731 -0.497935 0.792238
    outer loop
      vertex 1.4354 -37.3135 3.68767
      vertex 1.08646 -37.3135 3.53231
      vertex 1.19098 -37.6756 3.35126
    endloop
  endfacet
  facet normal -0.206783 -0.103956 0.972848
    outer loop
      vertex 1.79094 -36.5 3.93904
      vertex 1.39547 -36.9158 3.81055
      vertex 1.79551 -36.9158 3.89558
    endloop
  endfacet
  facet normal -0.553601 -0.667122 0.498472
    outer loop
      vertex 0.917324 -37.6756 3.15243
      vertex 0.917324 -37.9863 2.73661
      vertex 1.10453 -37.9863 2.94452
    endloop
  endfacet
  facet normal -0.584598 -0.103966 0.804634
    outer loop
      vertex 1 -36.5 3.68205
      vertex 0.661739 -36.5 3.43629
      vertex 1.02185 -36.9158 3.6442
    endloop
  endfacet
  facet normal -0.559318 -0.307453 0.769829
    outer loop
      vertex 1.02185 -36.9158 3.6442
      vertex 0.690984 -36.9158 3.40381
      vertex 0.777438 -37.3135 3.30779
    endloop
  endfacet
  facet normal -0.824086 -0.307444 0.475773
    outer loop
      vertex 0.417324 -36.9158 3.09988
      vertex 0.33087 -37.3135 2.69314
      vertex 0.521852 -37.3135 3.02394
    endloop
  endfacet
  facet normal -0.644457 -0.497939 0.580286
    outer loop
      vertex 0.917324 -37.6756 3.15243
      vertex 0.521852 -37.3135 3.02394
      vertex 0.690984 -37.6756 2.90106
    endloop
  endfacet
  facet normal -0.239915 -0.807554 0.538792
    outer loop
      vertex 1.69098 -38.232 2.90106
      vertex 1.33087 -37.9863 3.10897
      vertex 1.5 -38.232 2.81602
    endloop
  endfacet
  facet normal -0.302983 -0.667126 0.680547
    outer loop
      vertex 1.5 -37.6756 3.48884
      vertex 1.33087 -37.9863 3.10897
      vertex 1.58646 -37.9863 3.22276
    endloop
  endfacet
  facet normal -0.862463 0.497937 0.0906486
    outer loop
      vertex 0.417324 -28.3244 2.28641
      vertex 0.17291 -28.6865 1.95
      vertex 0.212836 -28.6865 2.32987
    endloop
  endfacet
  facet normal -0.862462 0.497939 0.0906455
    outer loop
      vertex 0.381967 -28.3244 1.95
      vertex 0.17291 -28.6865 1.95
      vertex 0.417324 -28.3244 2.28641
    endloop
  endfacet
  facet normal -0.586575 0.807545 0.0616532
    outer loop
      vertex 1.02185 -27.768 2.15791
      vertex 0.661739 -28.0137 1.95
      vertex 0.690984 -28.0137 2.22824
    endloop
  endfacet
  facet normal -0.740869 0.667121 0.077866
    outer loop
      vertex 0.661739 -28.0137 1.95
      vertex 0.381967 -28.3244 1.95
      vertex 0.417324 -28.3244 2.28641
    endloop
  endfacet
  facet normal -0.866027 0.499997 0
    outer loop
      vertex 0.17291 -28.6865 -5.01096
      vertex 0.381967 -28.3244 1.95
      vertex 0.381967 -28.3244 -5.01096
    endloop
  endfacet
  facet normal -0.866027 0.499997 0
    outer loop
      vertex 0.381967 -28.3244 1.95
      vertex 0.17291 -28.6865 -5.01096
      vertex 0.17291 -28.6865 1.95
    endloop
  endfacet
  facet normal -0.743125 0.669152 0
    outer loop
      vertex 0.381967 -28.3244 -5.01096
      vertex 0.661739 -28.0137 1.95
      vertex 0.661739 -28.0137 -5.01096
    endloop
  endfacet
  facet normal -0.743125 0.669152 0
    outer loop
      vertex 0.661739 -28.0137 1.95
      vertex 0.381967 -28.3244 -5.01096
      vertex 0.381967 -28.3244 1.95
    endloop
  endfacet
  facet normal -0.866027 0 0.499997
    outer loop
      vertex 0.17291 -36.5 2.76347
      vertex 0.381967 -29.5 3.12557
      vertex 0.17291 -29.5 2.76347
    endloop
  endfacet
  facet normal -0.866027 0 0.499997
    outer loop
      vertex 0.381967 -29.5 3.12557
      vertex 0.17291 -36.5 2.76347
      vertex 0.381967 -36.5 3.12557
    endloop
  endfacet
  facet normal -0.861334 -0.103967 0.497288
    outer loop
      vertex 0.381967 -36.5 3.12557
      vertex 0.17291 -36.5 2.76347
      vertex 0.417324 -36.9158 3.09988
    endloop
  endfacet
  facet normal -0.90499 0.307454 0.29405
    outer loop
      vertex 0.212836 -28.6865 2.32987
      vertex 0.0864553 -29.0842 2.35674
      vertex 0.33087 -28.6865 2.69314
    endloop
  endfacet
  facet normal -0.180948 0.97793 0.104457
    outer loop
      vertex 1.80902 -27.511 2.03503
      vertex 1.4354 -27.5979 2.20138
      vertex 1.83087 -27.511 2.07288
    endloop
  endfacet
  facet normal 0.388712 0.912673 0.126217
    outer loop
      vertex 14.6045 -27.5979 2.0785
      vertex 14.5646 -27.5979 2.20138
      vertex 14.9781 -27.768 2.15791
    endloop
  endfacet
  facet normal 0.302965 -0.667148 0.680533
    outer loop
      vertex 14.5 -37.6756 3.48884
      vertex 14.4135 -37.9863 3.22276
      vertex 14.6691 -37.9863 3.10897
    endloop
  endfacet
  facet normal 0.2399 -0.807543 0.538816
    outer loop
      vertex 14.6691 -37.9863 3.10897
      vertex 14.309 -38.232 2.90106
      vertex 14.5 -38.232 2.81602
    endloop
  endfacet
  facet normal 0.438263 -0.807574 0.394651
    outer loop
      vertex 15.0827 -37.9863 2.73661
      vertex 14.6691 -38.232 2.69314
      vertex 14.809 -38.232 2.53778
    endloop
  endfacet
  facet normal 0 -0.97793 0.208935
    outer loop
      vertex 1.97815 -38.489 2.15791
      vertex 14.0646 -38.4021 2.56465
      vertex 1.9354 -38.4021 2.56465
    endloop
  endfacet
  facet normal 0 -0.97793 0.208935
    outer loop
      vertex 14.0646 -38.4021 2.56465
      vertex 1.97815 -38.489 2.15791
      vertex 14.0219 -38.489 2.15791
    endloop
  endfacet
  facet normal 0.0849987 -0.97793 0.190863
    outer loop
      vertex 14.191 -38.4021 2.53778
      vertex 14.1045 -38.489 2.13105
      vertex 14.309 -38.4021 2.48523
    endloop
  endfacet
  facet normal -0.586572 -0.807548 0.0616449
    outer loop
      vertex 1.02185 -38.232 2.15791
      vertex 0.661739 -37.9863 1.95
      vertex 1 -38.232 1.95
    endloop
  endfacet
  facet normal -0.510781 -0.80755 0.294899
    outer loop
      vertex 0.917324 -37.9863 2.73661
      vertex 0.777438 -37.9863 2.49432
      vertex 1.08646 -38.232 2.35674
    endloop
  endfacet
  facet normal -0.239887 -0.807541 0.538824
    outer loop
      vertex 1.58646 -37.9863 3.22276
      vertex 1.33087 -37.9863 3.10897
      vertex 1.69098 -38.232 2.90106
    endloop
  endfacet
  facet normal -0.346682 -0.807549 0.477154
    outer loop
      vertex 1.33087 -37.9863 3.10897
      vertex 1.10453 -37.9863 2.94452
      vertex 1.33087 -38.232 2.69314
    endloop
  endfacet
  facet normal 0.122734 -0.977923 0.169123
    outer loop
      vertex 14.4135 -38.4021 2.40929
      vertex 14.1045 -38.489 2.13105
      vertex 14.1399 -38.489 2.10536
    endloop
  endfacet
  facet normal 0.18029 0.497946 0.84826
    outer loop
      vertex 14.5 -28.3244 3.48884
      vertex 14.1691 -28.3244 3.55917
      vertex 14.5646 -28.6865 3.68767
    endloop
  endfacet
  facet normal 0.154875 0.66711 0.728683
    outer loop
      vertex 14.5 -28.3244 3.48884
      vertex 14.1399 -28.0137 3.28093
      vertex 14.1691 -28.3244 3.55917
    endloop
  endfacet
  facet normal 0.406702 0 0.913561
    outer loop
      vertex 14.618 -29.5 3.85211
      vertex 15 -36.5 3.68205
      vertex 15 -29.5 3.68205
    endloop
  endfacet
  facet normal 0.406702 0 0.913561
    outer loop
      vertex 15 -36.5 3.68205
      vertex 14.618 -29.5 3.85211
      vertex 14.618 -36.5 3.85211
    endloop
  endfacet
  facet normal 0.207947 0 0.97814
    outer loop
      vertex 14.2091 -29.5 3.93904
      vertex 14.618 -36.5 3.85211
      vertex 14.618 -29.5 3.85211
    endloop
  endfacet
  facet normal 0.207947 0 0.97814
    outer loop
      vertex 14.618 -36.5 3.85211
      vertex 14.2091 -29.5 3.93904
      vertex 14.2091 -36.5 3.93904
    endloop
  endfacet
  facet normal -0.40454 0.103967 0.908591
    outer loop
      vertex 1.02185 -29.0842 3.6442
      vertex 1 -29.5 3.68205
      vertex 1.39547 -29.0842 3.81055
    endloop
  endfacet
  facet normal -0.584598 0.103966 0.804634
    outer loop
      vertex 1.02185 -29.0842 3.6442
      vertex 0.661739 -29.5 3.43629
      vertex 1 -29.5 3.68205
    endloop
  endfacet
  facet normal -0.404525 0.10395 0.9086
    outer loop
      vertex 1.39547 -29.0842 3.81055
      vertex 1 -29.5 3.68205
      vertex 1.38197 -29.5 3.85211
    endloop
  endfacet
  facet normal -0.206787 0.103952 0.972848
    outer loop
      vertex 1.39547 -29.0842 3.81055
      vertex 1.38197 -29.5 3.85211
      vertex 1.79094 -29.5 3.93904
    endloop
  endfacet
  facet normal -0.989132 0.103967 0.103962
    outer loop
      vertex 0.0864553 -29.0842 2.35674
      vertex 0.043705 -29.0842 1.95
      vertex 0.043705 -29.5 2.36582
    endloop
  endfacet
  facet normal -0.352731 0.497935 0.792238
    outer loop
      vertex 1.19098 -28.3244 3.35126
      vertex 1.08646 -28.6865 3.53231
      vertex 1.4354 -28.6865 3.68767
    endloop
  endfacet
  facet normal -0.353931 0.912677 0.204336
    outer loop
      vertex 1.4354 -27.5979 2.20138
      vertex 1.08646 -27.768 2.35674
      vertex 1.19098 -27.768 2.53778
    endloop
  endfacet
  facet normal -0.388675 0.912677 0.1263
    outer loop
      vertex 1.4354 -27.5979 2.20138
      vertex 1.02185 -27.768 2.15791
      vertex 1.08646 -27.768 2.35674
    endloop
  endfacet
  facet normal 0.122603 0.807557 0.576905
    outer loop
      vertex 14.309 -27.768 2.90106
      vertex 14.1045 -27.768 2.94452
      vertex 14.1399 -28.0137 3.28093
    endloop
  endfacet
  facet normal 0.19784 -0.307436 0.930775
    outer loop
      vertex 14.6045 -36.9158 3.81055
      vertex 14.191 -37.3135 3.76708
      vertex 14.5646 -37.3135 3.68767
    endloop
  endfacet
  facet normal 0.861323 -0.103906 0.497319
    outer loop
      vertex 15.8271 -36.5 2.76347
      vertex 15.5827 -36.9158 3.09988
      vertex 15.7872 -36.9158 2.7457
    endloop
  endfacet
  facet normal 0.751003 -0.497963 0.43362
    outer loop
      vertex 15.4781 -37.3135 3.02394
      vertex 15.4781 -37.6756 2.60811
      vertex 15.6691 -37.3135 2.69314
    endloop
  endfacet
  facet normal 0.708527 -0.66702 0.230376
    outer loop
      vertex 15.4781 -37.6756 2.60811
      vertex 15.2226 -37.9863 2.49432
      vertex 15.5827 -37.6756 2.28641
    endloop
  endfacet
  facet normal -0.240222 -0.912676 0.330629
    outer loop
      vertex 1.69098 -38.4021 2.48523
      vertex 1.5 -38.232 2.81602
      vertex 1.58646 -38.4021 2.40929
    endloop
  endfacet
  facet normal 0.085003 -0.97793 0.190862
    outer loop
      vertex 14.191 -38.4021 2.53778
      vertex 14.0646 -38.489 2.14882
      vertex 14.1045 -38.489 2.13105
    endloop
  endfacet
  facet normal 0.198734 -0.977927 0.0645305
    outer loop
      vertex 14.5646 -38.4021 2.20138
      vertex 14.191 -38.489 2.03503
      vertex 14.6045 -38.4021 2.0785
    endloop
  endfacet
  facet normal 0.437807 -0.667112 0.602733
    outer loop
      vertex 15.0827 -37.6756 3.15243
      vertex 14.6691 -37.9863 3.10897
      vertex 14.8955 -37.9863 2.94452
    endloop
  endfacet
  facet normal 0.18087 -0.977924 0.104651
    outer loop
      vertex 14.5646 -38.4021 2.20138
      vertex 14.1691 -38.489 2.07288
      vertex 14.191 -38.489 2.03503
    endloop
  endfacet
  facet normal 0.50965 -0.497949 0.701643
    outer loop
      vertex 15.2226 -37.3135 3.30779
      vertex 14.9135 -37.3135 3.53231
      vertex 15.0827 -37.6756 3.15243
    endloop
  endfacet
  facet normal 0.707222 -0.307563 0.636587
    outer loop
      vertex 15.5827 -36.9158 3.09988
      vertex 15.2226 -37.3135 3.30779
      vertex 15.4781 -37.3135 3.02394
    endloop
  endfacet
  facet normal 0.904994 0.307283 0.294216
    outer loop
      vertex 15.7872 -28.6865 2.32987
      vertex 15.6691 -28.6865 2.69314
      vertex 15.9135 -29.0842 2.35674
    endloop
  endfacet
  facet normal 0.0849774 0.912679 0.399745
    outer loop
      vertex 14.191 -27.5979 2.53778
      vertex 14.0646 -27.5979 2.56465
      vertex 14.309 -27.768 2.90106
    endloop
  endfacet
  facet normal 0.584559 0.104047 0.804652
    outer loop
      vertex 15.309 -29.0842 3.40381
      vertex 14.9781 -29.0842 3.6442
      vertex 15.3383 -29.5 3.43629
    endloop
  endfacet
  facet normal 0.824028 0.307581 0.475786
    outer loop
      vertex 15.6691 -28.6865 2.69314
      vertex 15.5827 -29.0842 3.09988
      vertex 15.7872 -29.0842 2.7457
    endloop
  endfacet
  facet normal -0.75103 -0.49794 0.4336
    outer loop
      vertex 0.521852 -37.3135 3.02394
      vertex 0.521852 -37.6756 2.60811
      vertex 0.690984 -37.6756 2.90106
    endloop
  endfacet
  facet normal -0.0849766 -0.977929 0.190878
    outer loop
      vertex 1.80902 -38.4021 2.53778
      vertex 1.69098 -38.4021 2.48523
      vertex 1.89547 -38.489 2.13105
    endloop
  endfacet
  facet normal -0.404525 -0.10395 0.9086
    outer loop
      vertex 1.38197 -36.5 3.85211
      vertex 1 -36.5 3.68205
      vertex 1.39547 -36.9158 3.81055
    endloop
  endfacet
  facet normal -0.206787 -0.103952 0.972848
    outer loop
      vertex 1.79094 -36.5 3.93904
      vertex 1.38197 -36.5 3.85211
      vertex 1.39547 -36.9158 3.81055
    endloop
  endfacet
  facet normal -0.197829 -0.30745 0.930773
    outer loop
      vertex 1.80902 -37.3135 3.76708
      vertex 1.39547 -36.9158 3.81055
      vertex 1.4354 -37.3135 3.68767
    endloop
  endfacet
  facet normal -0.38704 -0.307452 0.869295
    outer loop
      vertex 1.39547 -36.9158 3.81055
      vertex 1.08646 -37.3135 3.53231
      vertex 1.4354 -37.3135 3.68767
    endloop
  endfacet
  facet normal 0 -0.307457 0.951562
    outer loop
      vertex 14.2045 -36.9158 3.89558
      vertex 1.80902 -37.3135 3.76708
      vertex 14.191 -37.3135 3.76708
    endloop
  endfacet
  facet normal 0 -0.307457 0.951562
    outer loop
      vertex 1.80902 -37.3135 3.76708
      vertex 14.2045 -36.9158 3.89558
      vertex 1.79551 -36.9158 3.89558
    endloop
  endfacet
  facet normal -0.510789 -0.807547 0.294894
    outer loop
      vertex 1.19098 -38.232 2.53778
      vertex 0.917324 -37.9863 2.73661
      vertex 1.08646 -38.232 2.35674
    endloop
  endfacet
  facet normal -0.303705 -0.912678 0.273463
    outer loop
      vertex 1.33087 -38.232 2.69314
      vertex 1.19098 -38.232 2.53778
      vertex 1.58646 -38.4021 2.40929
    endloop
  endfacet
  facet normal -0.584602 -0.103971 0.80463
    outer loop
      vertex 1.02185 -36.9158 3.6442
      vertex 0.661739 -36.5 3.43629
      vertex 0.690984 -36.9158 3.40381
    endloop
  endfacet
  facet normal -0.739117 -0.103971 0.665504
    outer loop
      vertex 0.661739 -36.5 3.43629
      vertex 0.417324 -36.9158 3.09988
      vertex 0.690984 -36.9158 3.40381
    endloop
  endfacet
  facet normal -0.90499 -0.307455 0.294049
    outer loop
      vertex 0.212836 -36.9158 2.7457
      vertex 0.0864553 -36.9158 2.35674
      vertex 0.33087 -37.3135 2.69314
    endloop
  endfacet
  facet normal -0.824074 -0.307458 0.475784
    outer loop
      vertex 0.417324 -36.9158 3.09988
      vertex 0.212836 -36.9158 2.7457
      vertex 0.33087 -37.3135 2.69314
    endloop
  endfacet
  facet normal -0.154893 -0.667124 0.728666
    outer loop
      vertex 1.86011 -37.9863 3.28093
      vertex 1.5 -37.6756 3.48884
      vertex 1.58646 -37.9863 3.22276
    endloop
  endfacet
  facet normal -0.166238 -0.912681 0.373333
    outer loop
      vertex 1.69098 -38.232 2.90106
      vertex 1.5 -38.232 2.81602
      vertex 1.80902 -38.4021 2.53778
    endloop
  endfacet
  facet normal -0.509749 -0.497931 0.701584
    outer loop
      vertex 1.08646 -37.3135 3.53231
      vertex 0.917324 -37.6756 3.15243
      vertex 1.19098 -37.6756 3.35126
    endloop
  endfacet
  facet normal -0.302989 -0.667123 0.680547
    outer loop
      vertex 1.5 -37.6756 3.48884
      vertex 1.19098 -37.6756 3.35126
      vertex 1.33087 -37.9863 3.10897
    endloop
  endfacet
  facet normal -0.989132 0.103968 0.103963
    outer loop
      vertex 0.043705 -29.0842 1.95
      vertex 0 -29.5 1.95
      vertex 0.043705 -29.5 2.36582
    endloop
  endfacet
  facet normal -0.994522 0 0.10453
    outer loop
      vertex 0 -36.5 1.95
      vertex 0.043705 -29.5 2.36582
      vertex 0 -29.5 1.95
    endloop
  endfacet
  facet normal -0.994522 0 0.10453
    outer loop
      vertex 0.043705 -29.5 2.36582
      vertex 0 -36.5 1.95
      vertex 0.043705 -36.5 2.36582
    endloop
  endfacet
  facet normal -0.951067 0.308983 0
    outer loop
      vertex 0.043705 -29.0842 -5.01096
      vertex 0.17291 -28.6865 1.95
      vertex 0.17291 -28.6865 -5.01096
    endloop
  endfacet
  facet normal -0.951067 0.308983 0
    outer loop
      vertex 0.17291 -28.6865 1.95
      vertex 0.043705 -29.0842 -5.01096
      vertex 0.043705 -29.0842 1.95
    endloop
  endfacet
  facet normal -0.553601 0.667122 0.498472
    outer loop
      vertex 1.10453 -28.0137 2.94452
      vertex 0.917324 -28.0137 2.73661
      vertex 0.917324 -28.3244 3.15243
    endloop
  endfacet
  facet normal -0.240217 0.912677 0.33063
    outer loop
      vertex 1.58646 -27.5979 2.40929
      vertex 1.33087 -27.768 2.69314
      vertex 1.5 -27.768 2.81602
    endloop
  endfacet
  facet normal -0.644457 0.497939 0.580286
    outer loop
      vertex 0.690984 -28.3244 2.90106
      vertex 0.521852 -28.6865 3.02394
      vertex 0.917324 -28.3244 3.15243
    endloop
  endfacet
  facet normal -0.346682 0.807549 0.477154
    outer loop
      vertex 1.33087 -27.768 2.69314
      vertex 1.10453 -28.0137 2.94452
      vertex 1.33087 -28.0137 3.10897
    endloop
  endfacet
  facet normal -0.861334 0.103967 0.497288
    outer loop
      vertex 0.417324 -29.0842 3.09988
      vertex 0.17291 -29.5 2.76347
      vertex 0.381967 -29.5 3.12557
    endloop
  endfacet
  facet normal -0.739119 0.103968 0.665502
    outer loop
      vertex 0.417324 -29.0842 3.09988
      vertex 0.381967 -29.5 3.12557
      vertex 0.661739 -29.5 3.43629
    endloop
  endfacet
  facet normal -0.739119 -0.103968 0.665502
    outer loop
      vertex 0.661739 -36.5 3.43629
      vertex 0.381967 -36.5 3.12557
      vertex 0.417324 -36.9158 3.09988
    endloop
  endfacet
  facet normal 0.510779 -0.807576 0.294832
    outer loop
      vertex 15.0827 -37.9863 2.73661
      vertex 14.809 -38.232 2.53778
      vertex 14.9135 -38.232 2.35674
    endloop
  endfacet
  facet normal 0.510703 -0.807605 0.294884
    outer loop
      vertex 15.0827 -37.9863 2.73661
      vertex 14.9135 -38.232 2.35674
      vertex 15.2226 -37.9863 2.49432
    endloop
  endfacet
  facet normal 0.154918 -0.667137 0.728649
    outer loop
      vertex 14.5 -37.6756 3.48884
      vertex 14.1399 -37.9863 3.28093
      vertex 14.4135 -37.9863 3.22276
    endloop
  endfacet
  facet normal 0.303689 -0.912682 0.273469
    outer loop
      vertex 14.6691 -38.232 2.69314
      vertex 14.4135 -38.4021 2.40929
      vertex 14.809 -38.232 2.53778
    endloop
  endfacet
  facet normal -0.122813 -0.977929 0.169033
    outer loop
      vertex 1.69098 -38.4021 2.48523
      vertex 1.58646 -38.4021 2.40929
      vertex 1.89547 -38.489 2.13105
    endloop
  endfacet
  facet normal -0.240217 -0.912677 0.33063
    outer loop
      vertex 1.5 -38.232 2.81602
      vertex 1.33087 -38.232 2.69314
      vertex 1.58646 -38.4021 2.40929
    endloop
  endfacet
  facet normal -0.346673 -0.807552 0.477155
    outer loop
      vertex 1.33087 -37.9863 3.10897
      vertex 1.33087 -38.232 2.69314
      vertex 1.5 -38.232 2.81602
    endloop
  endfacet
  facet normal -0.166214 -0.912676 0.373357
    outer loop
      vertex 1.80902 -38.4021 2.53778
      vertex 1.5 -38.232 2.81602
      vertex 1.69098 -38.4021 2.48523
    endloop
  endfacet
  facet normal -0.437879 -0.667123 0.602667
    outer loop
      vertex 1.19098 -37.6756 3.35126
      vertex 0.917324 -37.6756 3.15243
      vertex 1.33087 -37.9863 3.10897
    endloop
  endfacet
  facet normal -0.437878 -0.667121 0.602671
    outer loop
      vertex 1.33087 -37.9863 3.10897
      vertex 0.917324 -37.6756 3.15243
      vertex 1.10453 -37.9863 2.94452
    endloop
  endfacet
  facet normal -0.0849489 -0.97793 0.190884
    outer loop
      vertex 1.9354 -38.489 2.14882
      vertex 1.80902 -38.4021 2.53778
      vertex 1.89547 -38.489 2.13105
    endloop
  endfacet
  facet normal -0.406437 -0.91268 0.0426997
    outer loop
      vertex 1.39547 -38.4021 2.0785
      vertex 1 -38.232 1.95
      vertex 1.38197 -38.4021 1.95
    endloop
  endfacet
  facet normal -0.406808 -0.913513 0
    outer loop
      vertex 1 -38.232 -6.00548
      vertex 1.38197 -38.4021 1.95
      vertex 1 -38.232 1.95
    endloop
  endfacet
  facet normal -0.406808 -0.913513 -0
    outer loop
      vertex 1.38197 -38.4021 1.95
      vertex 1 -38.232 -6.00548
      vertex 1.38197 -38.4021 -6.38535
    endloop
  endfacet
  facet normal -0.38704 0.307452 0.869295
    outer loop
      vertex 1.4354 -28.6865 3.68767
      vertex 1.08646 -28.6865 3.53231
      vertex 1.39547 -29.0842 3.81055
    endloop
  endfacet
  facet normal -0.154893 0.667124 0.728666
    outer loop
      vertex 1.58646 -28.0137 3.22276
      vertex 1.5 -28.3244 3.48884
      vertex 1.86011 -28.0137 3.28093
    endloop
  endfacet
  facet normal -0.437878 0.667121 0.602671
    outer loop
      vertex 1.10453 -28.0137 2.94452
      vertex 0.917324 -28.3244 3.15243
      vertex 1.33087 -28.0137 3.10897
    endloop
  endfacet
  facet normal -0.645146 0.66712 0.372475
    outer loop
      vertex 0.777438 -28.0137 2.49432
      vertex 0.521852 -28.3244 2.60811
      vertex 0.917324 -28.0137 2.73661
    endloop
  endfacet
  facet normal -0.824768 0.497936 0.267987
    outer loop
      vertex 0.417324 -28.3244 2.28641
      vertex 0.33087 -28.6865 2.69314
      vertex 0.521852 -28.3244 2.60811
    endloop
  endfacet
  facet normal -0.0849589 0.912677 0.399753
    outer loop
      vertex 1.9354 -27.5979 2.56465
      vertex 1.69098 -27.768 2.90106
      vertex 1.89547 -27.768 2.94452
    endloop
  endfacet
  facet normal 0 0.807549 0.589801
    outer loop
      vertex 14.1045 -27.768 2.94452
      vertex 1.86011 -28.0137 3.28093
      vertex 14.1399 -28.0137 3.28093
    endloop
  endfacet
  facet normal 0 0.807549 0.589801
    outer loop
      vertex 1.86011 -28.0137 3.28093
      vertex 14.1045 -27.768 2.94452
      vertex 1.89547 -27.768 2.94452
    endloop
  endfacet
  facet normal 0 0.97793 0.208935
    outer loop
      vertex 14.0219 -27.511 2.15791
      vertex 1.9354 -27.5979 2.56465
      vertex 14.0646 -27.5979 2.56465
    endloop
  endfacet
  facet normal 0 0.97793 0.208935
    outer loop
      vertex 1.9354 -27.5979 2.56465
      vertex 14.0219 -27.511 2.15791
      vertex 1.97815 -27.511 2.15791
    endloop
  endfacet
  facet normal 0.18087 0.977924 0.104651
    outer loop
      vertex 14.191 -27.511 2.03503
      vertex 14.1691 -27.511 2.07288
      vertex 14.5646 -27.5979 2.20138
    endloop
  endfacet
  facet normal 0.084956 0.912675 0.399759
    outer loop
      vertex 14.309 -27.768 2.90106
      vertex 14.0646 -27.5979 2.56465
      vertex 14.1045 -27.768 2.94452
    endloop
  endfacet
  facet normal -0.207789 0.97793 0.0218499
    outer loop
      vertex 1.79094 -27.511 1.95
      vertex 1.39547 -27.5979 2.0785
      vertex 1.79551 -27.511 1.99346
    endloop
  endfacet
  facet normal 0.404499 -0.103951 0.908612
    outer loop
      vertex 14.618 -36.5 3.85211
      vertex 14.6045 -36.9158 3.81055
      vertex 15 -36.5 3.68205
    endloop
  endfacet
  facet normal 0.206821 -0.103952 0.972841
    outer loop
      vertex 14.618 -36.5 3.85211
      vertex 14.2091 -36.5 3.93904
      vertex 14.6045 -36.9158 3.81055
    endloop
  endfacet
  facet normal 0.586523 -0.807573 0.0617808
    outer loop
      vertex 15.3383 -37.9863 1.95
      vertex 14.9781 -38.232 2.15791
      vertex 15 -38.232 1.95
    endloop
  endfacet
  facet normal 0.904994 -0.307283 0.294216
    outer loop
      vertex 15.9135 -36.9158 2.35674
      vertex 15.6691 -37.3135 2.69314
      vertex 15.7872 -37.3135 2.32987
    endloop
  endfacet
  facet normal 0.586517 -0.807579 0.061763
    outer loop
      vertex 15.309 -37.9863 2.22824
      vertex 14.9781 -38.232 2.15791
      vertex 15.3383 -37.9863 1.95
    endloop
  endfacet
  facet normal 0.70848 -0.667181 0.230054
    outer loop
      vertex 15.5827 -37.6756 2.28641
      vertex 15.2226 -37.9863 2.49432
      vertex 15.309 -37.9863 2.22824
    endloop
  endfacet
  facet normal 0.207829 -0.977921 0.0218342
    outer loop
      vertex 14.6045 -38.4021 2.0785
      vertex 14.2091 -38.489 1.95
      vertex 14.618 -38.4021 1.95
    endloop
  endfacet
  facet normal 0.122827 -0.977929 0.169021
    outer loop
      vertex 14.309 -38.4021 2.48523
      vertex 14.1045 -38.489 2.13105
      vertex 14.4135 -38.4021 2.40929
    endloop
  endfacet
  facet normal 0.0849774 -0.912679 0.399745
    outer loop
      vertex 14.309 -38.232 2.90106
      vertex 14.0646 -38.4021 2.56465
      vertex 14.191 -38.4021 2.53778
    endloop
  endfacet
  facet normal 0.084956 -0.912675 0.399759
    outer loop
      vertex 14.1045 -38.232 2.94452
      vertex 14.0646 -38.4021 2.56465
      vertex 14.309 -38.232 2.90106
    endloop
  endfacet
  facet normal 0.388715 -0.912661 0.126294
    outer loop
      vertex 14.9135 -38.232 2.35674
      vertex 14.5646 -38.4021 2.20138
      vertex 14.9781 -38.232 2.15791
    endloop
  endfacet
  facet normal 0.353973 -0.912665 0.20432
    outer loop
      vertex 14.809 -38.232 2.53778
      vertex 14.5646 -38.4021 2.20138
      vertex 14.9135 -38.232 2.35674
    endloop
  endfacet
  facet normal 0.739061 0.104068 0.665551
    outer loop
      vertex 15.5827 -29.0842 3.09988
      vertex 15.309 -29.0842 3.40381
      vertex 15.3383 -29.5 3.43629
    endloop
  endfacet
  facet normal 0.739212 0.103869 0.665415
    outer loop
      vertex 15.5827 -29.0842 3.09988
      vertex 15.3383 -29.5 3.43629
      vertex 15.618 -29.5 3.12557
    endloop
  endfacet
  facet normal -0.740866 -0.667123 0.0778703
    outer loop
      vertex 0.690984 -37.9863 2.22824
      vertex 0.417324 -37.6756 2.28641
      vertex 0.661739 -37.9863 1.95
    endloop
  endfacet
  facet normal -0.645146 -0.66712 0.372475
    outer loop
      vertex 0.917324 -37.9863 2.73661
      vertex 0.521852 -37.6756 2.60811
      vertex 0.777438 -37.9863 2.49432
    endloop
  endfacet
  facet normal -0.0434511 -0.977929 0.204367
    outer loop
      vertex 1.9354 -38.4021 2.56465
      vertex 1.80902 -38.4021 2.53778
      vertex 1.9354 -38.489 2.14882
    endloop
  endfacet
  facet normal -0.0434549 -0.977929 0.204367
    outer loop
      vertex 1.9354 -38.4021 2.56465
      vertex 1.9354 -38.489 2.14882
      vertex 1.97815 -38.489 2.15791
    endloop
  endfacet
  facet normal 0.206802 -0.103971 0.972843
    outer loop
      vertex 14.2091 -36.5 3.93904
      vertex 14.2045 -36.9158 3.89558
      vertex 14.6045 -36.9158 3.81055
    endloop
  endfacet
  facet normal 0 -0.103955 0.994582
    outer loop
      vertex 14.2091 -36.5 3.93904
      vertex 1.79551 -36.9158 3.89558
      vertex 14.2045 -36.9158 3.89558
    endloop
  endfacet
  facet normal 0 -0.103955 0.994582
    outer loop
      vertex 1.79551 -36.9158 3.89558
      vertex 14.2091 -36.5 3.93904
      vertex 1.79094 -36.5 3.93904
    endloop
  endfacet
  facet normal -0.751034 -0.497937 0.433597
    outer loop
      vertex 0.521852 -37.3135 3.02394
      vertex 0.33087 -37.3135 2.69314
      vertex 0.521852 -37.6756 2.60811
    endloop
  endfacet
  facet normal -0.645146 -0.667123 0.372469
    outer loop
      vertex 0.690984 -37.6756 2.90106
      vertex 0.521852 -37.6756 2.60811
      vertex 0.917324 -37.9863 2.73661
    endloop
  endfacet
  facet normal -0.154887 -0.66712 0.728671
    outer loop
      vertex 1.83087 -37.6756 3.55917
      vertex 1.5 -37.6756 3.48884
      vertex 1.86011 -37.9863 3.28093
    endloop
  endfacet
  facet normal 0 -0.667121 0.744949
    outer loop
      vertex 14.1691 -37.6756 3.55917
      vertex 1.86011 -37.9863 3.28093
      vertex 14.1399 -37.9863 3.28093
    endloop
  endfacet
  facet normal 0 -0.667121 0.744949
    outer loop
      vertex 1.86011 -37.9863 3.28093
      vertex 14.1691 -37.6756 3.55917
      vertex 1.83087 -37.6756 3.55917
    endloop
  endfacet
  facet normal -0.945902 0.103962 0.307344
    outer loop
      vertex 0.212836 -29.0842 2.7457
      vertex 0.043705 -29.5 2.36582
      vertex 0.17291 -29.5 2.76347
    endloop
  endfacet
  facet normal -0.861331 0.10396 0.497295
    outer loop
      vertex 0.212836 -29.0842 2.7457
      vertex 0.17291 -29.5 2.76347
      vertex 0.417324 -29.0842 3.09988
    endloop
  endfacet
  facet normal -0.438304 0.807548 0.394659
    outer loop
      vertex 1.19098 -27.768 2.53778
      vertex 0.917324 -28.0137 2.73661
      vertex 1.33087 -27.768 2.69314
    endloop
  endfacet
  facet normal -0.438304 0.807549 0.394657
    outer loop
      vertex 1.33087 -27.768 2.69314
      vertex 0.917324 -28.0137 2.73661
      vertex 1.10453 -28.0137 2.94452
    endloop
  endfacet
  facet normal -0.644457 0.497939 0.580286
    outer loop
      vertex 0.917324 -28.3244 3.15243
      vertex 0.521852 -28.6865 3.02394
      vertex 0.777438 -28.6865 3.30779
    endloop
  endfacet
  facet normal -0.739117 0.103971 0.665504
    outer loop
      vertex 0.690984 -29.0842 3.40381
      vertex 0.417324 -29.0842 3.09988
      vertex 0.661739 -29.5 3.43629
    endloop
  endfacet
  facet normal 0.155405 0.977921 0.139711
    outer loop
      vertex 14.1691 -27.511 2.07288
      vertex 14.1399 -27.511 2.10536
      vertex 14.4135 -27.5979 2.40929
    endloop
  endfacet
  facet normal 0.584559 -0.104047 0.804652
    outer loop
      vertex 15.3383 -36.5 3.43629
      vertex 14.9781 -36.9158 3.6442
      vertex 15.309 -36.9158 3.40381
    endloop
  endfacet
  facet normal 0.644549 -0.497951 0.580173
    outer loop
      vertex 15.2226 -37.3135 3.30779
      vertex 15.0827 -37.6756 3.15243
      vertex 15.4781 -37.3135 3.02394
    endloop
  endfacet
  facet normal 0.352735 -0.497945 0.79223
    outer loop
      vertex 14.5646 -37.3135 3.68767
      vertex 14.5 -37.6756 3.48884
      vertex 14.809 -37.6756 3.35126
    endloop
  endfacet
  facet normal 0.437828 -0.667134 0.602693
    outer loop
      vertex 14.809 -37.6756 3.35126
      vertex 14.6691 -37.9863 3.10897
      vertex 15.0827 -37.6756 3.15243
    endloop
  endfacet
  facet normal 0.122603 -0.807557 0.576905
    outer loop
      vertex 14.1399 -37.9863 3.28093
      vertex 14.1045 -38.232 2.94452
      vertex 14.309 -38.232 2.90106
    endloop
  endfacet
  facet normal -0.0849885 -0.912683 0.399734
    outer loop
      vertex 1.9354 -38.4021 2.56465
      vertex 1.69098 -38.232 2.90106
      vertex 1.80902 -38.4021 2.53778
    endloop
  endfacet
  facet normal -0.0849589 -0.912677 0.399753
    outer loop
      vertex 1.89547 -38.232 2.94452
      vertex 1.69098 -38.232 2.90106
      vertex 1.9354 -38.4021 2.56465
    endloop
  endfacet
  facet normal -0.207789 -0.97793 0.0218499
    outer loop
      vertex 1.79551 -38.489 1.99346
      vertex 1.39547 -38.4021 2.0785
      vertex 1.79094 -38.489 1.95
    endloop
  endfacet
  facet normal -0.353926 -0.912678 0.20434
    outer loop
      vertex 1.5 -38.4021 2.31327
      vertex 1.19098 -38.232 2.53778
      vertex 1.4354 -38.4021 2.20138
    endloop
  endfacet
  facet normal -0.207795 -0.977929 0.0218306
    outer loop
      vertex 1.39547 -38.4021 2.0785
      vertex 1.38197 -38.4021 1.95
      vertex 1.79094 -38.489 1.95
    endloop
  endfacet
  facet normal -0 0.307457 0.951562
    outer loop
      vertex 1.80902 -28.6865 3.76708
      vertex 14.2045 -29.0842 3.89558
      vertex 14.191 -28.6865 3.76708
    endloop
  endfacet
  facet normal 0 0.307457 0.951562
    outer loop
      vertex 14.2045 -29.0842 3.89558
      vertex 1.80902 -28.6865 3.76708
      vertex 1.79551 -29.0842 3.89558
    endloop
  endfacet
  facet normal -0.352716 0.497946 0.792238
    outer loop
      vertex 1.5 -28.3244 3.48884
      vertex 1.19098 -28.3244 3.35126
      vertex 1.4354 -28.6865 3.68767
    endloop
  endfacet
  facet normal -0.239887 0.807541 0.538824
    outer loop
      vertex 1.69098 -27.768 2.90106
      vertex 1.33087 -28.0137 3.10897
      vertex 1.58646 -28.0137 3.22276
    endloop
  endfacet
  facet normal -0.509738 0.497939 0.701587
    outer loop
      vertex 0.917324 -28.3244 3.15243
      vertex 0.777438 -28.6865 3.30779
      vertex 1.08646 -28.6865 3.53231
    endloop
  endfacet
  facet normal -0.75103 0.49794 0.4336
    outer loop
      vertex 0.690984 -28.3244 2.90106
      vertex 0.521852 -28.3244 2.60811
      vertex 0.521852 -28.6865 3.02394
    endloop
  endfacet
  facet normal -0.510789 0.807547 0.294894
    outer loop
      vertex 1.08646 -27.768 2.35674
      vertex 0.917324 -28.0137 2.73661
      vertex 1.19098 -27.768 2.53778
    endloop
  endfacet
  facet normal -0.708488 0.667121 0.230205
    outer loop
      vertex 0.777438 -28.0137 2.49432
      vertex 0.417324 -28.3244 2.28641
      vertex 0.521852 -28.3244 2.60811
    endloop
  endfacet
  facet normal -0.239915 0.807554 0.538792
    outer loop
      vertex 1.5 -27.768 2.81602
      vertex 1.33087 -28.0137 3.10897
      vertex 1.69098 -27.768 2.90106
    endloop
  endfacet
  facet normal -0.122636 0.807542 0.57692
    outer loop
      vertex 1.69098 -27.768 2.90106
      vertex 1.58646 -28.0137 3.22276
      vertex 1.86011 -28.0137 3.28093
    endloop
  endfacet
  facet normal 0.586523 0.807573 0.0617808
    outer loop
      vertex 15 -27.768 1.95
      vertex 14.9781 -27.768 2.15791
      vertex 15.3383 -28.0137 1.95
    endloop
  endfacet
  facet normal 0.945949 -0.104078 0.307161
    outer loop
      vertex 15.9563 -36.5 2.36582
      vertex 15.7872 -36.9158 2.7457
      vertex 15.9135 -36.9158 2.35674
    endloop
  endfacet
  facet normal 0.905005 -0.307585 0.293866
    outer loop
      vertex 15.7872 -36.9158 2.7457
      vertex 15.6691 -37.3135 2.69314
      vertex 15.9135 -36.9158 2.35674
    endloop
  endfacet
  facet normal 0.740797 -0.667184 0.0780095
    outer loop
      vertex 15.5827 -37.6756 2.28641
      vertex 15.309 -37.9863 2.22824
      vertex 15.3383 -37.9863 1.95
    endloop
  endfacet
  facet normal 0.740961 -0.667032 0.0777501
    outer loop
      vertex 15.5827 -37.6756 2.28641
      vertex 15.3383 -37.9863 1.95
      vertex 15.618 -37.6756 1.95
    endloop
  endfacet
  facet normal 0.862429 -0.498022 0.090496
    outer loop
      vertex 15.8271 -37.3135 1.95
      vertex 15.5827 -37.6756 2.28641
      vertex 15.618 -37.6756 1.95
    endloop
  endfacet
  facet normal 0.645215 -0.667073 0.372439
    outer loop
      vertex 15.309 -37.6756 2.90106
      vertex 15.0827 -37.9863 2.73661
      vertex 15.4781 -37.6756 2.60811
    endloop
  endfacet
  facet normal 0.553666 -0.667087 0.498447
    outer loop
      vertex 15.0827 -37.6756 3.15243
      vertex 15.0827 -37.9863 2.73661
      vertex 15.309 -37.6756 2.90106
    endloop
  endfacet
  facet normal 0.166229 0.912676 0.373351
    outer loop
      vertex 14.5 -27.768 2.81602
      vertex 14.191 -27.5979 2.53778
      vertex 14.309 -27.768 2.90106
    endloop
  endfacet
  facet normal 0.824693 0.497975 0.268147
    outer loop
      vertex 15.5827 -28.3244 2.28641
      vertex 15.4781 -28.3244 2.60811
      vertex 15.6691 -28.6865 2.69314
    endloop
  endfacet
  facet normal 0.862458 0.497955 0.0905891
    outer loop
      vertex 15.8271 -28.6865 1.95
      vertex 15.5827 -28.3244 2.28641
      vertex 15.7872 -28.6865 2.32987
    endloop
  endfacet
  facet normal 0.945949 0.104078 0.307161
    outer loop
      vertex 15.9135 -29.0842 2.35674
      vertex 15.7872 -29.0842 2.7457
      vertex 15.9563 -29.5 2.36582
    endloop
  endfacet
  facet normal 0.989107 0.104086 0.104081
    outer loop
      vertex 15.9563 -29.0842 1.95
      vertex 15.9135 -29.0842 2.35674
      vertex 15.9563 -29.5 2.36582
    endloop
  endfacet
  facet normal -0.866027 -0.499997 -0
    outer loop
      vertex 0.381967 -37.6756 1.95
      vertex 0.17291 -37.3135 -5.18292
      vertex 0.381967 -37.6756 -5.39083
    endloop
  endfacet
  facet normal -0.866027 -0.499997 0
    outer loop
      vertex 0.17291 -37.3135 -5.18292
      vertex 0.381967 -37.6756 1.95
      vertex 0.17291 -37.3135 1.95
    endloop
  endfacet
  facet normal -0.406441 -0.912678 0.0427144
    outer loop
      vertex 1.02185 -38.232 2.15791
      vertex 1 -38.232 1.95
      vertex 1.39547 -38.4021 2.0785
    endloop
  endfacet
  facet normal -0.388675 -0.912677 0.1263
    outer loop
      vertex 1.4354 -38.4021 2.20138
      vertex 1.02185 -38.232 2.15791
      vertex 1.39547 -38.4021 2.0785
    endloop
  endfacet
  facet normal -0.198707 -0.97793 0.06457
    outer loop
      vertex 1.4354 -38.4021 2.20138
      vertex 1.39547 -38.4021 2.0785
      vertex 1.80902 -38.489 2.03503
    endloop
  endfacet
  facet normal -0.824768 -0.497936 0.267987
    outer loop
      vertex 0.521852 -37.6756 2.60811
      vertex 0.33087 -37.3135 2.69314
      vertex 0.417324 -37.6756 2.28641
    endloop
  endfacet
  facet normal -0.560925 -0.807551 0.182273
    outer loop
      vertex 1.08646 -38.232 2.35674
      vertex 0.777438 -37.9863 2.49432
      vertex 1.02185 -38.232 2.15791
    endloop
  endfacet
  facet normal -0.644457 -0.497939 0.580286
    outer loop
      vertex 0.777438 -37.3135 3.30779
      vertex 0.521852 -37.3135 3.02394
      vertex 0.917324 -37.6756 3.15243
    endloop
  endfacet
  facet normal -0.707144 -0.307442 0.636731
    outer loop
      vertex 0.777438 -37.3135 3.30779
      vertex 0.417324 -36.9158 3.09988
      vertex 0.521852 -37.3135 3.02394
    endloop
  endfacet
  facet normal -0.946351 0.307451 0.0994656
    outer loop
      vertex 0.17291 -28.6865 1.95
      vertex 0.043705 -29.0842 1.95
      vertex 0.212836 -28.6865 2.32987
    endloop
  endfacet
  facet normal -0.946351 0.307451 0.099466
    outer loop
      vertex 0.212836 -28.6865 2.32987
      vertex 0.043705 -29.0842 1.95
      vertex 0.0864553 -29.0842 2.35674
    endloop
  endfacet
  facet normal -0.824074 0.307458 0.475784
    outer loop
      vertex 0.33087 -28.6865 2.69314
      vertex 0.212836 -29.0842 2.7457
      vertex 0.417324 -29.0842 3.09988
    endloop
  endfacet
  facet normal -0.90499 0.307455 0.294049
    outer loop
      vertex 0.33087 -28.6865 2.69314
      vertex 0.0864553 -29.0842 2.35674
      vertex 0.212836 -29.0842 2.7457
    endloop
  endfacet
  facet normal -0.406808 0.913513 0
    outer loop
      vertex 1.38197 -27.5979 -5.01096
      vertex 1 -27.768 1.95
      vertex 1.38197 -27.5979 1.95
    endloop
  endfacet
  facet normal -0.406808 0.913513 0
    outer loop
      vertex 1 -27.768 1.95
      vertex 1.38197 -27.5979 -5.01096
      vertex 1 -27.768 -5.01096
    endloop
  endfacet
  facet normal -0.353926 0.912678 0.20434
    outer loop
      vertex 1.4354 -27.5979 2.20138
      vertex 1.19098 -27.768 2.53778
      vertex 1.5 -27.5979 2.31327
    endloop
  endfacet
  facet normal -0.240222 0.912676 0.330629
    outer loop
      vertex 1.58646 -27.5979 2.40929
      vertex 1.5 -27.768 2.81602
      vertex 1.69098 -27.5979 2.48523
    endloop
  endfacet
  facet normal -0.707144 0.307442 0.636731
    outer loop
      vertex 0.521852 -28.6865 3.02394
      vertex 0.417324 -29.0842 3.09988
      vertex 0.777438 -28.6865 3.30779
    endloop
  endfacet
  facet normal -0.707149 0.307452 0.636721
    outer loop
      vertex 0.777438 -28.6865 3.30779
      vertex 0.417324 -29.0842 3.09988
      vertex 0.690984 -29.0842 3.40381
    endloop
  endfacet
  facet normal 0.0434442 0.97793 0.204367
    outer loop
      vertex 14.191 -27.5979 2.53778
      vertex 14.0646 -27.511 2.14882
      vertex 14.0646 -27.5979 2.56465
    endloop
  endfacet
  facet normal 0.155231 0.97793 0.13984
    outer loop
      vertex 14.5 -27.5979 2.31327
      vertex 14.1691 -27.511 2.07288
      vertex 14.4135 -27.5979 2.40929
    endloop
  endfacet
  facet normal 0.0435057 0.977927 0.204367
    outer loop
      vertex 14.0646 -27.511 2.14882
      vertex 14.0219 -27.511 2.15791
      vertex 14.0646 -27.5979 2.56465
    endloop
  endfacet
  facet normal -0.0434511 0.977929 0.204367
    outer loop
      vertex 1.9354 -27.511 2.14882
      vertex 1.80902 -27.5979 2.53778
      vertex 1.9354 -27.5979 2.56465
    endloop
  endfacet
  facet normal 0.559293 -0.307383 0.769874
    outer loop
      vertex 15.309 -36.9158 3.40381
      vertex 14.9781 -36.9158 3.6442
      vertex 15.2226 -37.3135 3.30779
    endloop
  endfacet
  facet normal 0.739061 -0.104068 0.665551
    outer loop
      vertex 15.3383 -36.5 3.43629
      vertex 15.309 -36.9158 3.40381
      vertex 15.5827 -36.9158 3.09988
    endloop
  endfacet
  facet normal 0.18029 -0.497946 0.84826
    outer loop
      vertex 14.5646 -37.3135 3.68767
      vertex 14.1691 -37.6756 3.55917
      vertex 14.5 -37.6756 3.48884
    endloop
  endfacet
  facet normal 0.154875 -0.66711 0.728683
    outer loop
      vertex 14.1691 -37.6756 3.55917
      vertex 14.1399 -37.9863 3.28093
      vertex 14.5 -37.6756 3.48884
    endloop
  endfacet
  facet normal 0.166229 -0.912676 0.373351
    outer loop
      vertex 14.309 -38.232 2.90106
      vertex 14.191 -38.4021 2.53778
      vertex 14.5 -38.232 2.81602
    endloop
  endfacet
  facet normal 0.438273 -0.807586 0.394617
    outer loop
      vertex 14.8955 -37.9863 2.94452
      vertex 14.6691 -38.232 2.69314
      vertex 15.0827 -37.9863 2.73661
    endloop
  endfacet
  facet normal 0 -0.807549 0.589801
    outer loop
      vertex 1.89547 -38.232 2.94452
      vertex 14.1399 -37.9863 3.28093
      vertex 1.86011 -37.9863 3.28093
    endloop
  endfacet
  facet normal 0 -0.807549 0.589801
    outer loop
      vertex 14.1399 -37.9863 3.28093
      vertex 1.89547 -38.232 2.94452
      vertex 14.1045 -38.232 2.94452
    endloop
  endfacet
  facet normal -0.155286 -0.977928 0.139795
    outer loop
      vertex 1.86011 -38.489 2.10536
      vertex 1.58646 -38.4021 2.40929
      vertex 1.83087 -38.489 2.07288
    endloop
  endfacet
  facet normal -0.155268 -0.977929 0.139809
    outer loop
      vertex 1.58646 -38.4021 2.40929
      vertex 1.5 -38.4021 2.31327
      vertex 1.83087 -38.489 2.07288
    endloop
  endfacet
  facet normal -0.197829 0.30745 0.930773
    outer loop
      vertex 1.4354 -28.6865 3.68767
      vertex 1.39547 -29.0842 3.81055
      vertex 1.80902 -28.6865 3.76708
    endloop
  endfacet
  facet normal -0.180292 0.497935 0.848266
    outer loop
      vertex 1.83087 -28.3244 3.55917
      vertex 1.4354 -28.6865 3.68767
      vertex 1.80902 -28.6865 3.76708
    endloop
  endfacet
  facet normal -0.553598 0.667123 0.498474
    outer loop
      vertex 0.917324 -28.0137 2.73661
      vertex 0.690984 -28.3244 2.90106
      vertex 0.917324 -28.3244 3.15243
    endloop
  endfacet
  facet normal -0.645146 0.667123 0.372469
    outer loop
      vertex 0.917324 -28.0137 2.73661
      vertex 0.521852 -28.3244 2.60811
      vertex 0.690984 -28.3244 2.90106
    endloop
  endfacet
  facet normal -0.510781 0.80755 0.294899
    outer loop
      vertex 1.08646 -27.768 2.35674
      vertex 0.777438 -28.0137 2.49432
      vertex 0.917324 -28.0137 2.73661
    endloop
  endfacet
  facet normal -0.560925 0.807551 0.182273
    outer loop
      vertex 1.02185 -27.768 2.15791
      vertex 0.777438 -28.0137 2.49432
      vertex 1.08646 -27.768 2.35674
    endloop
  endfacet
  facet normal -0.302983 0.667126 0.680547
    outer loop
      vertex 1.58646 -28.0137 3.22276
      vertex 1.33087 -28.0137 3.10897
      vertex 1.5 -28.3244 3.48884
    endloop
  endfacet
  facet normal -0.302989 0.667123 0.680547
    outer loop
      vertex 1.33087 -28.0137 3.10897
      vertex 1.19098 -28.3244 3.35126
      vertex 1.5 -28.3244 3.48884
    endloop
  endfacet
  facet normal 0.166256 0.912681 0.373325
    outer loop
      vertex 14.309 -27.5979 2.48523
      vertex 14.191 -27.5979 2.53778
      vertex 14.5 -27.768 2.81602
    endloop
  endfacet
  facet normal 0.824693 -0.497975 0.268147
    outer loop
      vertex 15.6691 -37.3135 2.69314
      vertex 15.4781 -37.6756 2.60811
      vertex 15.5827 -37.6756 2.28641
    endloop
  endfacet
  facet normal 0.824718 -0.497949 0.268118
    outer loop
      vertex 15.6691 -37.3135 2.69314
      vertex 15.5827 -37.6756 2.28641
      vertex 15.7872 -37.3135 2.32987
    endloop
  endfacet
  facet normal 0.946394 -0.30728 0.0995861
    outer loop
      vertex 15.9135 -36.9158 2.35674
      vertex 15.7872 -37.3135 2.32987
      vertex 15.9563 -36.9158 1.95
    endloop
  endfacet
  facet normal 0.989107 -0.104086 0.104081
    outer loop
      vertex 15.9563 -36.5 2.36582
      vertex 15.9135 -36.9158 2.35674
      vertex 15.9563 -36.9158 1.95
    endloop
  endfacet
  facet normal 0.346601 -0.807575 0.477169
    outer loop
      vertex 14.6691 -37.9863 3.10897
      vertex 14.6691 -38.232 2.69314
      vertex 14.8955 -37.9863 2.94452
    endloop
  endfacet
  facet normal 0.553613 -0.667115 0.498467
    outer loop
      vertex 15.0827 -37.6756 3.15243
      vertex 14.8955 -37.9863 2.94452
      vertex 15.0827 -37.9863 2.73661
    endloop
  endfacet
  facet normal 0.239883 0.807535 0.538836
    outer loop
      vertex 14.6691 -28.0137 3.10897
      vertex 14.309 -27.768 2.90106
      vertex 14.4135 -28.0137 3.22276
    endloop
  endfacet
  facet normal 0.2399 0.807543 0.538816
    outer loop
      vertex 14.5 -27.768 2.81602
      vertex 14.309 -27.768 2.90106
      vertex 14.6691 -28.0137 3.10897
    endloop
  endfacet
  facet normal 0.559293 0.307383 0.769874
    outer loop
      vertex 15.2226 -28.6865 3.30779
      vertex 14.9781 -29.0842 3.6442
      vertex 15.309 -29.0842 3.40381
    endloop
  endfacet
  facet normal 0.645208 0.667019 0.372548
    outer loop
      vertex 15.2226 -28.0137 2.49432
      vertex 15.0827 -28.0137 2.73661
      vertex 15.4781 -28.3244 2.60811
    endloop
  endfacet
  facet normal 0.905005 0.307585 0.293866
    outer loop
      vertex 15.9135 -29.0842 2.35674
      vertex 15.6691 -28.6865 2.69314
      vertex 15.7872 -29.0842 2.7457
    endloop
  endfacet
  facet normal -0.862462 -0.497939 0.0906455
    outer loop
      vertex 0.417324 -37.6756 2.28641
      vertex 0.17291 -37.3135 1.95
      vertex 0.381967 -37.6756 1.95
    endloop
  endfacet
  facet normal -0.951067 -0.308983 -0
    outer loop
      vertex 0.17291 -37.3135 1.95
      vertex 0.043705 -36.9158 -5.05442
      vertex 0.17291 -37.3135 -5.18292
    endloop
  endfacet
  facet normal -0.951067 -0.308983 0
    outer loop
      vertex 0.043705 -36.9158 -5.05442
      vertex 0.17291 -37.3135 1.95
      vertex 0.043705 -36.9158 1.95
    endloop
  endfacet
  facet normal -0.90499 -0.307454 0.29405
    outer loop
      vertex 0.33087 -37.3135 2.69314
      vertex 0.0864553 -36.9158 2.35674
      vertex 0.212836 -37.3135 2.32987
    endloop
  endfacet
  facet normal -0.994521 -0.104535 -0
    outer loop
      vertex 0.043705 -36.9158 1.95
      vertex 0 -36.5 -5.01096
      vertex 0.043705 -36.9158 -5.05442
    endloop
  endfacet
  facet normal -0.994521 -0.104535 0
    outer loop
      vertex 0 -36.5 -5.01096
      vertex 0.043705 -36.9158 1.95
      vertex 0 -36.5 1.95
    endloop
  endfacet
  facet normal -0.989132 -0.103967 0.103962
    outer loop
      vertex 0.043705 -36.5 2.36582
      vertex 0.043705 -36.9158 1.95
      vertex 0.0864553 -36.9158 2.35674
    endloop
  endfacet
  facet normal -0.989132 -0.103968 0.103963
    outer loop
      vertex 0.043705 -36.5 2.36582
      vertex 0 -36.5 1.95
      vertex 0.043705 -36.9158 1.95
    endloop
  endfacet
  facet normal -0.198706 -0.977929 0.0645782
    outer loop
      vertex 1.80902 -38.489 2.03503
      vertex 1.39547 -38.4021 2.0785
      vertex 1.79551 -38.489 1.99346
    endloop
  endfacet
  facet normal -0.708488 -0.667121 0.230205
    outer loop
      vertex 0.521852 -37.6756 2.60811
      vertex 0.417324 -37.6756 2.28641
      vertex 0.777438 -37.9863 2.49432
    endloop
  endfacet
  facet normal -0.708487 -0.667124 0.2302
    outer loop
      vertex 0.777438 -37.9863 2.49432
      vertex 0.417324 -37.6756 2.28641
      vertex 0.690984 -37.9863 2.22824
    endloop
  endfacet
  facet normal -0.180944 0.977929 0.104468
    outer loop
      vertex 1.83087 -27.511 2.07288
      vertex 1.4354 -27.5979 2.20138
      vertex 1.5 -27.5979 2.31327
    endloop
  endfacet
  facet normal -0.207845 0.978162 0
    outer loop
      vertex 1.79094 -27.511 -5.01096
      vertex 1.38197 -27.5979 1.95
      vertex 1.79094 -27.511 1.95
    endloop
  endfacet
  facet normal -0.207845 0.978162 0
    outer loop
      vertex 1.38197 -27.5979 1.95
      vertex 1.79094 -27.511 -5.01096
      vertex 1.38197 -27.5979 -5.01096
    endloop
  endfacet
  facet normal -0.166214 0.912676 0.373357
    outer loop
      vertex 1.69098 -27.5979 2.48523
      vertex 1.5 -27.768 2.81602
      vertex 1.80902 -27.5979 2.53778
    endloop
  endfacet
  facet normal -0.166238 0.912681 0.373333
    outer loop
      vertex 1.80902 -27.5979 2.53778
      vertex 1.5 -27.768 2.81602
      vertex 1.69098 -27.768 2.90106
    endloop
  endfacet
  facet normal -0.207795 0.977929 0.0218306
    outer loop
      vertex 1.79094 -27.511 1.95
      vertex 1.38197 -27.5979 1.95
      vertex 1.39547 -27.5979 2.0785
    endloop
  endfacet
  facet normal -0.303705 0.912678 0.273463
    outer loop
      vertex 1.58646 -27.5979 2.40929
      vertex 1.19098 -27.768 2.53778
      vertex 1.33087 -27.768 2.69314
    endloop
  endfacet
  facet normal -0.198707 0.97793 0.06457
    outer loop
      vertex 1.80902 -27.511 2.03503
      vertex 1.39547 -27.5979 2.0785
      vertex 1.4354 -27.5979 2.20138
    endloop
  endfacet
  facet normal 0.559228 -0.307443 0.769898
    outer loop
      vertex 14.9781 -36.9158 3.6442
      vertex 14.9135 -37.3135 3.53231
      vertex 15.2226 -37.3135 3.30779
    endloop
  endfacet
  facet normal 0.38708 -0.307424 0.869287
    outer loop
      vertex 14.6045 -36.9158 3.81055
      vertex 14.5646 -37.3135 3.68767
      vertex 14.9135 -37.3135 3.53231
    endloop
  endfacet
  facet normal 0.166256 -0.912681 0.373325
    outer loop
      vertex 14.5 -38.232 2.81602
      vertex 14.191 -38.4021 2.53778
      vertex 14.309 -38.4021 2.48523
    endloop
  endfacet
  facet normal 0.240247 -0.91268 0.330601
    outer loop
      vertex 14.5 -38.232 2.81602
      vertex 14.309 -38.4021 2.48523
      vertex 14.4135 -38.4021 2.40929
    endloop
  endfacet
  facet normal -0.180306 0.497947 0.848256
    outer loop
      vertex 1.5 -28.3244 3.48884
      vertex 1.4354 -28.6865 3.68767
      vertex 1.83087 -28.3244 3.55917
    endloop
  endfacet
  facet normal -0.154887 0.66712 0.728671
    outer loop
      vertex 1.86011 -28.0137 3.28093
      vertex 1.5 -28.3244 3.48884
      vertex 1.83087 -28.3244 3.55917
    endloop
  endfacet
  facet normal -0.708487 0.667124 0.2302
    outer loop
      vertex 0.690984 -28.0137 2.22824
      vertex 0.417324 -28.3244 2.28641
      vertex 0.777438 -28.0137 2.49432
    endloop
  endfacet
  facet normal -0.560939 0.807545 0.182259
    outer loop
      vertex 1.02185 -27.768 2.15791
      vertex 0.690984 -28.0137 2.22824
      vertex 0.777438 -28.0137 2.49432
    endloop
  endfacet
  facet normal 0.198734 0.977927 0.0645305
    outer loop
      vertex 14.6045 -27.5979 2.0785
      vertex 14.191 -27.511 2.03503
      vertex 14.5646 -27.5979 2.20138
    endloop
  endfacet
  facet normal 0.553613 0.667115 0.498467
    outer loop
      vertex 15.0827 -28.0137 2.73661
      vertex 14.8955 -28.0137 2.94452
      vertex 15.0827 -28.3244 3.15243
    endloop
  endfacet
  facet normal 0.560855 0.807612 0.182222
    outer loop
      vertex 14.9781 -27.768 2.15791
      vertex 14.9135 -27.768 2.35674
      vertex 15.2226 -28.0137 2.49432
    endloop
  endfacet
  facet normal 0.644525 0.4979 0.580244
    outer loop
      vertex 15.309 -28.3244 2.90106
      vertex 15.0827 -28.3244 3.15243
      vertex 15.4781 -28.6865 3.02394
    endloop
  endfacet
  facet normal 0.707123 0.307368 0.63679
    outer loop
      vertex 15.5827 -29.0842 3.09988
      vertex 15.2226 -28.6865 3.30779
      vertex 15.309 -29.0842 3.40381
    endloop
  endfacet
  facet normal -0.198706 0.977929 0.0645782
    outer loop
      vertex 1.79551 -27.511 1.99346
      vertex 1.39547 -27.5979 2.0785
      vertex 1.80902 -27.511 2.03503
    endloop
  endfacet
  facet normal -0.0849885 0.912683 0.399734
    outer loop
      vertex 1.80902 -27.5979 2.53778
      vertex 1.69098 -27.768 2.90106
      vertex 1.9354 -27.5979 2.56465
    endloop
  endfacet
  facet normal -0.155286 0.977928 0.139795
    outer loop
      vertex 1.83087 -27.511 2.07288
      vertex 1.58646 -27.5979 2.40929
      vertex 1.86011 -27.511 2.10536
    endloop
  endfacet
  facet normal 0.085003 0.97793 0.190862
    outer loop
      vertex 14.1045 -27.511 2.13105
      vertex 14.0646 -27.511 2.14882
      vertex 14.191 -27.5979 2.53778
    endloop
  endfacet
  facet normal -0.0849489 0.97793 0.190884
    outer loop
      vertex 1.89547 -27.511 2.13105
      vertex 1.80902 -27.5979 2.53778
      vertex 1.9354 -27.511 2.14882
    endloop
  endfacet
  facet normal -0.0434549 0.977929 0.204367
    outer loop
      vertex 1.97815 -27.511 2.15791
      vertex 1.9354 -27.511 2.14882
      vertex 1.9354 -27.5979 2.56465
    endloop
  endfacet
  facet normal 0.352768 -0.497922 0.79223
    outer loop
      vertex 14.9135 -37.3135 3.53231
      vertex 14.5646 -37.3135 3.68767
      vertex 14.809 -37.6756 3.35126
    endloop
  endfacet
  facet normal 0.509702 -0.497913 0.701632
    outer loop
      vertex 14.9135 -37.3135 3.53231
      vertex 14.809 -37.6756 3.35126
      vertex 15.0827 -37.6756 3.15243
    endloop
  endfacet
  facet normal 0.346727 -0.807535 0.477145
    outer loop
      vertex 14.6691 -37.9863 3.10897
      vertex 14.5 -38.232 2.81602
      vertex 14.6691 -38.232 2.69314
    endloop
  endfacet
  facet normal 0.24024 -0.912681 0.330603
    outer loop
      vertex 14.5 -38.232 2.81602
      vertex 14.4135 -38.4021 2.40929
      vertex 14.6691 -38.232 2.69314
    endloop
  endfacet
  facet normal 0.353973 0.912665 0.20432
    outer loop
      vertex 14.9135 -27.768 2.35674
      vertex 14.5646 -27.5979 2.20138
      vertex 14.809 -27.768 2.53778
    endloop
  endfacet
  facet normal 0.510703 0.807605 0.294884
    outer loop
      vertex 15.2226 -28.0137 2.49432
      vertex 14.9135 -27.768 2.35674
      vertex 15.0827 -28.0137 2.73661
    endloop
  endfacet
  facet normal 0.510779 0.807576 0.294832
    outer loop
      vertex 14.9135 -27.768 2.35674
      vertex 14.809 -27.768 2.53778
      vertex 15.0827 -28.0137 2.73661
    endloop
  endfacet
  facet normal 0.122734 0.977923 0.169123
    outer loop
      vertex 14.1399 -27.511 2.10536
      vertex 14.1045 -27.511 2.13105
      vertex 14.4135 -27.5979 2.40929
    endloop
  endfacet
  facet normal 0.240247 0.91268 0.330601
    outer loop
      vertex 14.4135 -27.5979 2.40929
      vertex 14.309 -27.5979 2.48523
      vertex 14.5 -27.768 2.81602
    endloop
  endfacet
  facet normal 0.406411 0.912692 0.0426969
    outer loop
      vertex 14.618 -27.5979 1.95
      vertex 14.6045 -27.5979 2.0785
      vertex 15 -27.768 1.95
    endloop
  endfacet
  facet normal 0.207829 0.977921 0.0218342
    outer loop
      vertex 14.618 -27.5979 1.95
      vertex 14.2091 -27.511 1.95
      vertex 14.6045 -27.5979 2.0785
    endloop
  endfacet
  facet normal 0.346727 0.807535 0.477145
    outer loop
      vertex 14.6691 -27.768 2.69314
      vertex 14.5 -27.768 2.81602
      vertex 14.6691 -28.0137 3.10897
    endloop
  endfacet
  facet normal 0.751003 0.497963 0.43362
    outer loop
      vertex 15.6691 -28.6865 2.69314
      vertex 15.4781 -28.3244 2.60811
      vertex 15.4781 -28.6865 3.02394
    endloop
  endfacet
  facet normal 0.50965 0.497949 0.701643
    outer loop
      vertex 15.0827 -28.3244 3.15243
      vertex 14.9135 -28.6865 3.53231
      vertex 15.2226 -28.6865 3.30779
    endloop
  endfacet
  facet normal 0.437807 0.667112 0.602733
    outer loop
      vertex 14.8955 -28.0137 2.94452
      vertex 14.6691 -28.0137 3.10897
      vertex 15.0827 -28.3244 3.15243
    endloop
  endfacet
  facet normal 0.644549 0.497951 0.580173
    outer loop
      vertex 15.4781 -28.6865 3.02394
      vertex 15.0827 -28.3244 3.15243
      vertex 15.2226 -28.6865 3.30779
    endloop
  endfacet
  facet normal 0.553666 0.667087 0.498447
    outer loop
      vertex 15.309 -28.3244 2.90106
      vertex 15.0827 -28.0137 2.73661
      vertex 15.0827 -28.3244 3.15243
    endloop
  endfacet
  facet normal 0.824718 0.497949 0.268118
    outer loop
      vertex 15.7872 -28.6865 2.32987
      vertex 15.5827 -28.3244 2.28641
      vertex 15.6691 -28.6865 2.69314
    endloop
  endfacet
  facet normal 0.740797 0.667184 0.0780095
    outer loop
      vertex 15.3383 -28.0137 1.95
      vertex 15.309 -28.0137 2.22824
      vertex 15.5827 -28.3244 2.28641
    endloop
  endfacet
  facet normal 0.946394 0.30728 0.0995861
    outer loop
      vertex 15.9563 -29.0842 1.95
      vertex 15.7872 -28.6865 2.32987
      vertex 15.9135 -29.0842 2.35674
    endloop
  endfacet
  facet normal -0.406437 0.91268 0.0426997
    outer loop
      vertex 1.38197 -27.5979 1.95
      vertex 1 -27.768 1.95
      vertex 1.39547 -27.5979 2.0785
    endloop
  endfacet
  facet normal -0.406441 0.912678 0.0427144
    outer loop
      vertex 1.39547 -27.5979 2.0785
      vertex 1 -27.768 1.95
      vertex 1.02185 -27.768 2.15791
    endloop
  endfacet
  facet normal -0.155268 0.977929 0.139809
    outer loop
      vertex 1.83087 -27.511 2.07288
      vertex 1.5 -27.5979 2.31327
      vertex 1.58646 -27.5979 2.40929
    endloop
  endfacet
  facet normal -0.303704 0.912678 0.273466
    outer loop
      vertex 1.5 -27.5979 2.31327
      vertex 1.19098 -27.768 2.53778
      vertex 1.58646 -27.5979 2.40929
    endloop
  endfacet
  facet normal -0.122813 0.977929 0.169033
    outer loop
      vertex 1.89547 -27.511 2.13105
      vertex 1.58646 -27.5979 2.40929
      vertex 1.69098 -27.5979 2.48523
    endloop
  endfacet
  facet normal -0.0849766 0.977929 0.190878
    outer loop
      vertex 1.89547 -27.511 2.13105
      vertex 1.69098 -27.5979 2.48523
      vertex 1.80902 -27.5979 2.53778
    endloop
  endfacet
  facet normal 0.180933 0.977932 0.104462
    outer loop
      vertex 14.5646 -27.5979 2.20138
      vertex 14.1691 -27.511 2.07288
      vertex 14.5 -27.5979 2.31327
    endloop
  endfacet
  facet normal 0.122827 0.977929 0.169021
    outer loop
      vertex 14.4135 -27.5979 2.40929
      vertex 14.1045 -27.511 2.13105
      vertex 14.309 -27.5979 2.48523
    endloop
  endfacet
  facet normal 0.0849987 0.97793 0.190863
    outer loop
      vertex 14.309 -27.5979 2.48523
      vertex 14.1045 -27.511 2.13105
      vertex 14.191 -27.5979 2.53778
    endloop
  endfacet
  facet normal 0.198733 0.977926 0.0645394
    outer loop
      vertex 14.2045 -27.511 1.99346
      vertex 14.191 -27.511 2.03503
      vertex 14.6045 -27.5979 2.0785
    endloop
  endfacet
  facet normal 0.207779 0.977928 0.0219923
    outer loop
      vertex 14.2091 -27.511 1.95
      vertex 14.2045 -27.511 1.99346
      vertex 14.6045 -27.5979 2.0785
    endloop
  endfacet
  facet normal 0.70848 0.667181 0.230054
    outer loop
      vertex 15.309 -28.0137 2.22824
      vertex 15.2226 -28.0137 2.49432
      vertex 15.5827 -28.3244 2.28641
    endloop
  endfacet
  facet normal 0.708527 0.66702 0.230376
    outer loop
      vertex 15.5827 -28.3244 2.28641
      vertex 15.2226 -28.0137 2.49432
      vertex 15.4781 -28.3244 2.60811
    endloop
  endfacet
  facet normal 0.388715 0.912661 0.126294
    outer loop
      vertex 14.9781 -27.768 2.15791
      vertex 14.5646 -27.5979 2.20138
      vertex 14.9135 -27.768 2.35674
    endloop
  endfacet
  facet normal 0.40644 0.912674 0.042812
    outer loop
      vertex 15 -27.768 1.95
      vertex 14.6045 -27.5979 2.0785
      vertex 14.9781 -27.768 2.15791
    endloop
  endfacet
  facet normal 0.437828 0.667134 0.602693
    outer loop
      vertex 15.0827 -28.3244 3.15243
      vertex 14.6691 -28.0137 3.10897
      vertex 14.809 -28.3244 3.35126
    endloop
  endfacet
  facet normal 0.509702 0.497913 0.701632
    outer loop
      vertex 15.0827 -28.3244 3.15243
      vertex 14.809 -28.3244 3.35126
      vertex 14.9135 -28.6865 3.53231
    endloop
  endfacet
  facet normal 0.946361 0.307442 0.0994019
    outer loop
      vertex 15.8271 -28.6865 1.95
      vertex 15.7872 -28.6865 2.32987
      vertex 15.9563 -29.0842 1.95
    endloop
  endfacet
  facet normal -0.122809 0.977929 0.169036
    outer loop
      vertex 1.86011 -27.511 2.10536
      vertex 1.58646 -27.5979 2.40929
      vertex 1.89547 -27.511 2.13105
    endloop
  endfacet
  facet normal 0.56093 0.807578 0.182142
    outer loop
      vertex 15.309 -28.0137 2.22824
      vertex 14.9781 -27.768 2.15791
      vertex 15.2226 -28.0137 2.49432
    endloop
  endfacet
  facet normal 0.586517 0.807579 0.061763
    outer loop
      vertex 15.3383 -28.0137 1.95
      vertex 14.9781 -27.768 2.15791
      vertex 15.309 -28.0137 2.22824
    endloop
  endfacet
  facet normal 0.862429 0.498022 0.090496
    outer loop
      vertex 15.618 -28.3244 1.95
      vertex 15.5827 -28.3244 2.28641
      vertex 15.8271 -28.6865 1.95
    endloop
  endfacet
  facet normal 0.740961 0.667032 0.0777501
    outer loop
      vertex 15.618 -28.3244 1.95
      vertex 15.3383 -28.0137 1.95
      vertex 15.5827 -28.3244 2.28641
    endloop
  endfacet
  facet normal 0.303657 0.912668 0.273551
    outer loop
      vertex 14.5 -27.5979 2.31327
      vertex 14.4135 -27.5979 2.40929
      vertex 14.809 -27.768 2.53778
    endloop
  endfacet
  facet normal 0.438263 0.807574 0.394651
    outer loop
      vertex 14.809 -27.768 2.53778
      vertex 14.6691 -27.768 2.69314
      vertex 15.0827 -28.0137 2.73661
    endloop
  endfacet
  facet normal 0.751092 0.497887 0.433554
    outer loop
      vertex 15.4781 -28.3244 2.60811
      vertex 15.309 -28.3244 2.90106
      vertex 15.4781 -28.6865 3.02394
    endloop
  endfacet
  facet normal 0.645215 0.667073 0.372439
    outer loop
      vertex 15.4781 -28.3244 2.60811
      vertex 15.0827 -28.0137 2.73661
      vertex 15.309 -28.3244 2.90106
    endloop
  endfacet
  facet normal 0.438273 0.807586 0.394617
    outer loop
      vertex 15.0827 -28.0137 2.73661
      vertex 14.6691 -27.768 2.69314
      vertex 14.8955 -28.0137 2.94452
    endloop
  endfacet
  facet normal 0.346601 0.807575 0.477169
    outer loop
      vertex 14.8955 -28.0137 2.94452
      vertex 14.6691 -27.768 2.69314
      vertex 14.6691 -28.0137 3.10897
    endloop
  endfacet
  facet normal 0.303689 0.912682 0.273469
    outer loop
      vertex 14.809 -27.768 2.53778
      vertex 14.4135 -27.5979 2.40929
      vertex 14.6691 -27.768 2.69314
    endloop
  endfacet
  facet normal 0.24024 0.912681 0.330603
    outer loop
      vertex 14.6691 -27.768 2.69314
      vertex 14.4135 -27.5979 2.40929
      vertex 14.5 -27.768 2.81602
    endloop
  endfacet
  facet normal 0.994523 0 0.104518
    outer loop
      vertex 3.9563 -3.98904 -6.58418
      vertex 4 -7.17344 -7
      vertex 4 -3.98904 -7
    endloop
  endfacet
  facet normal 0.994525 2.99464e-06 0.104495
    outer loop
      vertex 3.9563 -3.98904 -6.58418
      vertex 3.9939 -7.30385 -6.94194
      vertex 4 -7.17344 -7
    endloop
  endfacet
  facet normal 0.994521 -1.32605e-06 0.104535
    outer loop
      vertex 3.9563 -3.98904 -6.58418
      vertex 3.98065 -7.89687 -6.81589
      vertex 3.9939 -7.30385 -6.94194
    endloop
  endfacet
  facet normal 0.994524 0 0.104513
    outer loop
      vertex 3.9563 -3.98904 -6.58418
      vertex 3.98065 -8.50313 -6.81589
      vertex 3.98065 -7.89687 -6.81589
    endloop
  endfacet
  facet normal 0.994524 -0 0.104513
    outer loop
      vertex 3.9563 -27.511 -6.58418
      vertex 3.98065 -8.50313 -6.81589
      vertex 3.9563 -3.98904 -6.58418
    endloop
  endfacet
  facet normal 0.994521 3.2976e-07 0.10454
    outer loop
      vertex 3.9563 -27.511 -6.58418
      vertex 3.9939 -9.09615 -6.94194
      vertex 3.98065 -8.50313 -6.81589
    endloop
  endfacet
  facet normal 0.994526 -6.41732e-07 0.10449
    outer loop
      vertex 3.9563 -27.511 -6.58418
      vertex 4 -9.22656 -7
      vertex 3.9939 -9.09615 -6.94194
    endloop
  endfacet
  facet normal 0.994523 0 0.104518
    outer loop
      vertex 4 -9.22656 -7
      vertex 3.9563 -27.511 -6.58418
      vertex 4 -27.511 -7
    endloop
  endfacet
  facet normal 1 0 0
    outer loop
      vertex 4 -11.0366 -9.09706
      vertex 4 -27.511 -7
      vertex 4 -11.1 -9.7
    endloop
  endfacet
  facet normal 1 0 0
    outer loop
      vertex 4 -10.8493 -8.52046
      vertex 4 -27.511 -7
      vertex 4 -11.0366 -9.09706
    endloop
  endfacet
  facet normal 1 0 0
    outer loop
      vertex 4 -10.5461 -7.99542
      vertex 4 -27.511 -7
      vertex 4 -10.8493 -8.52046
    endloop
  endfacet
  facet normal 1 0 0
    outer loop
      vertex 4 -10.1405 -7.54488
      vertex 4 -27.511 -7
      vertex 4 -10.5461 -7.99542
    endloop
  endfacet
  facet normal 1 0 0
    outer loop
      vertex 4 -9.65 -7.18853
      vertex 4 -27.511 -7
      vertex 4 -10.1405 -7.54488
    endloop
  endfacet
  facet normal 1 -0 0
    outer loop
      vertex 4 -27.511 -7
      vertex 4 -9.65 -7.18853
      vertex 4 -9.22656 -7
    endloop
  endfacet
  facet normal 1 0 0
    outer loop
      vertex 4 -3.98904 -7
      vertex 4 -5.3 -9.7
      vertex 4 -3.98904 -13
    endloop
  endfacet
  facet normal 1 0 0
    outer loop
      vertex 4 -3.98904 -7
      vertex 4 -5.36337 -9.09706
      vertex 4 -5.3 -9.7
    endloop
  endfacet
  facet normal 1 0 0
    outer loop
      vertex 4 -3.98904 -7
      vertex 4 -5.55072 -8.52046
      vertex 4 -5.36337 -9.09706
    endloop
  endfacet
  facet normal 1 0 0
    outer loop
      vertex 4 -3.98904 -7
      vertex 4 -5.85385 -7.99542
      vertex 4 -5.55072 -8.52046
    endloop
  endfacet
  facet normal 1 0 0
    outer loop
      vertex 4 -3.98904 -7
      vertex 4 -6.25952 -7.54488
      vertex 4 -5.85385 -7.99542
    endloop
  endfacet
  facet normal 1 0 0
    outer loop
      vertex 4 -3.98904 -7
      vertex 4 -6.75 -7.18853
      vertex 4 -6.25952 -7.54488
    endloop
  endfacet
  facet normal 1 0 -0
    outer loop
      vertex 4 -6.75 -7.18853
      vertex 4 -3.98904 -7
      vertex 4 -7.17344 -7
    endloop
  endfacet
  facet normal 1 -0 0
    outer loop
      vertex 4 -5.36337 -10.3029
      vertex 4 -3.98904 -13
      vertex 4 -5.3 -9.7
    endloop
  endfacet
  facet normal 1 -0 0
    outer loop
      vertex 4 -5.55072 -10.8795
      vertex 4 -3.98904 -13
      vertex 4 -5.36337 -10.3029
    endloop
  endfacet
  facet normal 1 -0 0
    outer loop
      vertex 4 -5.85385 -11.4046
      vertex 4 -3.98904 -13
      vertex 4 -5.55072 -10.8795
    endloop
  endfacet
  facet normal 1 -0 0
    outer loop
      vertex 4 -6.25952 -11.8551
      vertex 4 -3.98904 -13
      vertex 4 -5.85385 -11.4046
    endloop
  endfacet
  facet normal 1 -0 0
    outer loop
      vertex 4 -6.75 -12.2115
      vertex 4 -3.98904 -13
      vertex 4 -6.25952 -11.8551
    endloop
  endfacet
  facet normal 1 -0 0
    outer loop
      vertex 4 -7.30385 -12.4581
      vertex 4 -3.98904 -13
      vertex 4 -6.75 -12.2115
    endloop
  endfacet
  facet normal 1 -0 0
    outer loop
      vertex 4 -7.89687 -12.5841
      vertex 4 -3.98904 -13
      vertex 4 -7.30385 -12.4581
    endloop
  endfacet
  facet normal 1 -0 0
    outer loop
      vertex 4 -8.50313 -12.5841
      vertex 4 -3.98904 -13
      vertex 4 -7.89687 -12.5841
    endloop
  endfacet
  facet normal 1 0 0
    outer loop
      vertex 4 -27.511 -13
      vertex 4 -11.1 -9.7
      vertex 4 -27.511 -7
    endloop
  endfacet
  facet normal 1 0 0
    outer loop
      vertex 4 -11.1 -9.7
      vertex 4 -27.511 -13
      vertex 4 -11.0366 -10.3029
    endloop
  endfacet
  facet normal 1 0 0
    outer loop
      vertex 4 -11.0366 -10.3029
      vertex 4 -27.511 -13
      vertex 4 -10.8493 -10.8795
    endloop
  endfacet
  facet normal 1 0 0
    outer loop
      vertex 4 -10.8493 -10.8795
      vertex 4 -27.511 -13
      vertex 4 -10.5461 -11.4046
    endloop
  endfacet
  facet normal 1 0 0
    outer loop
      vertex 4 -10.5461 -11.4046
      vertex 4 -27.511 -13
      vertex 4 -10.1405 -11.8551
    endloop
  endfacet
  facet normal 1 0 0
    outer loop
      vertex 4 -10.1405 -11.8551
      vertex 4 -27.511 -13
      vertex 4 -9.65 -12.2115
    endloop
  endfacet
  facet normal 1 0 0
    outer loop
      vertex 4 -8.50313 -12.5841
      vertex 4 -27.511 -13
      vertex 4 -3.98904 -13
    endloop
  endfacet
  facet normal 1 0 0
    outer loop
      vertex 4 -9.09615 -12.4581
      vertex 4 -27.511 -13
      vertex 4 -8.50313 -12.5841
    endloop
  endfacet
  facet normal 1 0 0
    outer loop
      vertex 4 -9.65 -12.2115
      vertex 4 -27.511 -13
      vertex 4 -9.09615 -12.4581
    endloop
  endfacet
  facet normal 0.207908 0 0.978148
    outer loop
      vertex 2.20906 -3.98904 -5.01096
      vertex 2.5 -27.511 -5.0728
      vertex 2.5 -3.98904 -5.0728
    endloop
  endfacet
  facet normal 0.207908 0 0.978148
    outer loop
      vertex 2.5 -27.511 -5.0728
      vertex 2.20906 -3.98904 -5.01096
      vertex 2.20906 -27.511 -5.01096
    endloop
  endfacet
  facet normal 0.994522 0 -0.104523
    outer loop
      vertex 4 -3.98904 -13
      vertex 4 -27.511 -13
      vertex 3.97815 -3.98904 -13.2079
    endloop
  endfacet
  facet normal 0.994522 0 -0.104523
    outer loop
      vertex 3.97815 -27.511 -13.2079
      vertex 3.97815 -3.98904 -13.2079
      vertex 4 -27.511 -13
    endloop
  endfacet
  facet normal 0.994522 0 -0.104523
    outer loop
      vertex 3.97815 -3.98904 -13.2079
      vertex 3.97815 -27.511 -13.2079
      vertex 3.9563 -3.94461 -13.4158
    endloop
  endfacet
  facet normal 0.994522 0 -0.104523
    outer loop
      vertex 3.9563 -3.94461 -13.4158
      vertex 3.97815 -27.511 -13.2079
      vertex 3.9563 -27.5554 -13.4158
    endloop
  endfacet
  facet normal 0.743032 0 -0.669255
    outer loop
      vertex 3.61803 -27.9002 -14.1756
      vertex 3.47815 -3.48629 -14.3309
      vertex 3.61803 -3.59979 -14.1756
    endloop
  endfacet
  facet normal 0.743032 0 -0.669255
    outer loop
      vertex 3.47815 -28.0137 -14.3309
      vertex 3.47815 -3.48629 -14.3309
      vertex 3.61803 -27.9002 -14.1756
    endloop
  endfacet
  facet normal 0.743223 0 -0.669044
    outer loop
      vertex 3.47815 -3.48629 -14.3309
      vertex 3.47815 -28.0137 -14.3309
      vertex 3.33826 -3.31279 -14.4863
    endloop
  endfacet
  facet normal 0.743223 0 -0.669044
    outer loop
      vertex 3.33826 -3.31279 -14.4863
      vertex 3.47815 -28.0137 -14.3309
      vertex 3.33826 -28.1872 -14.4863
    endloop
  endfacet
  facet normal 0.866041 -0 0.499973
    outer loop
      vertex 3.74827 -27.511 -6.05
      vertex 3.82709 -3.98904 -6.18653
      vertex 3.74827 -3.98904 -6.05
    endloop
  endfacet
  facet normal 0.866041 0 0.499973
    outer loop
      vertex 3.82709 -3.98904 -6.18653
      vertex 3.74827 -27.511 -6.05
      vertex 3.82709 -27.511 -6.18653
    endloop
  endfacet
  facet normal 0.951053 -0 0.309029
    outer loop
      vertex 3.82709 -27.511 -6.18653
      vertex 3.9563 -3.98904 -6.58418
      vertex 3.82709 -3.98904 -6.18653
    endloop
  endfacet
  facet normal 0.951053 0 0.309029
    outer loop
      vertex 3.9563 -3.98904 -6.58418
      vertex 3.82709 -27.511 -6.18653
      vertex 3.9563 -27.511 -6.58418
    endloop
  endfacet
  facet normal 0.865964 0 -0.500106
    outer loop
      vertex 3.82709 -27.6869 -13.8135
      vertex 3.72256 -3.73205 -13.9945
      vertex 3.82709 -3.8131 -13.8135
    endloop
  endfacet
  facet normal 0.865964 0 -0.500106
    outer loop
      vertex 3.72256 -27.768 -13.9945
      vertex 3.72256 -3.73205 -13.9945
      vertex 3.82709 -27.6869 -13.8135
    endloop
  endfacet
  facet normal 0.866084 0 -0.499899
    outer loop
      vertex 3.72256 -3.73205 -13.9945
      vertex 3.72256 -27.768 -13.9945
      vertex 3.61803 -3.59979 -14.1756
    endloop
  endfacet
  facet normal 0.866084 0 -0.499899
    outer loop
      vertex 3.61803 -3.59979 -14.1756
      vertex 3.72256 -27.768 -13.9945
      vertex 3.61803 -27.9002 -14.1756
    endloop
  endfacet
  facet normal 0.208078 0 -0.978112
    outer loop
      vertex 2.41355 -29.0842 -14.9456
      vertex 2.61803 -2.55033 -14.9021
      vertex 2.61803 -28.9497 -14.9021
    endloop
  endfacet
  facet normal 0.208078 0 -0.978112
    outer loop
      vertex 2.41355 -29.0842 -14.9456
      vertex 2.41355 -2.41582 -14.9456
      vertex 2.61803 -2.55033 -14.9021
    endloop
  endfacet
  facet normal 0.207611 0 -0.978211
    outer loop
      vertex 2.20906 -29.5 -14.989
      vertex 2.41355 -2.41582 -14.9456
      vertex 2.41355 -29.0842 -14.9456
    endloop
  endfacet
  facet normal 0.207611 0 -0.978211
    outer loop
      vertex 2.41355 -2.41582 -14.9456
      vertex 2.20906 -29.5 -14.989
      vertex 2.20906 -2 -14.989
    endloop
  endfacet
  facet normal 0.407017 0 -0.913421
    outer loop
      vertex 2.80902 -28.6865 -14.8171
      vertex 3 -2.96156 -14.732
      vertex 3 -28.5384 -14.732
    endloop
  endfacet
  facet normal 0.407017 0 -0.913421
    outer loop
      vertex 2.80902 -28.6865 -14.8171
      vertex 2.80902 -2.81347 -14.8171
      vertex 3 -2.96156 -14.732
    endloop
  endfacet
  facet normal 0.4066 0 -0.913606
    outer loop
      vertex 2.61803 -28.9497 -14.9021
      vertex 2.80902 -2.81347 -14.8171
      vertex 2.80902 -28.6865 -14.8171
    endloop
  endfacet
  facet normal 0.4066 0 -0.913606
    outer loop
      vertex 2.80902 -2.81347 -14.8171
      vertex 2.61803 -28.9497 -14.9021
      vertex 2.61803 -2.55033 -14.9021
    endloop
  endfacet
  facet normal 0.587847 0 -0.808972
    outer loop
      vertex 3.16913 -28.3244 -14.6092
      vertex 3.33826 -3.31279 -14.4863
      vertex 3.33826 -28.1872 -14.4863
    endloop
  endfacet
  facet normal 0.587847 0 -0.808972
    outer loop
      vertex 3.16913 -28.3244 -14.6092
      vertex 3.16913 -3.17557 -14.6092
      vertex 3.33826 -3.31279 -14.4863
    endloop
  endfacet
  facet normal 0.587534 0 -0.809199
    outer loop
      vertex 3 -28.5384 -14.732
      vertex 3.16913 -3.17557 -14.6092
      vertex 3.16913 -28.3244 -14.6092
    endloop
  endfacet
  facet normal 0.587534 0 -0.809199
    outer loop
      vertex 3.16913 -3.17557 -14.6092
      vertex 3 -28.5384 -14.732
      vertex 3 -2.96156 -14.732
    endloop
  endfacet
  facet normal 0.951034 0 -0.309086
    outer loop
      vertex 3.9563 -27.5554 -13.4158
      vertex 3.89169 -3.90211 -13.6146
      vertex 3.9563 -3.94461 -13.4158
    endloop
  endfacet
  facet normal 0.951034 0 -0.309086
    outer loop
      vertex 3.89169 -27.5979 -13.6146
      vertex 3.89169 -3.90211 -13.6146
      vertex 3.9563 -27.5554 -13.4158
    endloop
  endfacet
  facet normal 0.951094 0 -0.308902
    outer loop
      vertex 3.89169 -3.90211 -13.6146
      vertex 3.89169 -27.5979 -13.6146
      vertex 3.82709 -3.8131 -13.8135
    endloop
  endfacet
  facet normal 0.951094 0 -0.308902
    outer loop
      vertex 3.82709 -3.8131 -13.8135
      vertex 3.89169 -27.5979 -13.6146
      vertex 3.82709 -27.6869 -13.8135
    endloop
  endfacet
  facet normal -0.404443 0.103853 -0.908648
    outer loop
      vertex -4.60453 1.41582 -14.8605
      vertex -5 1 -14.732
      vertex -4.97815 1.41582 -14.6942
    endloop
  endfacet
  facet normal -0.739101 0.103966 -0.665523
    outer loop
      vertex -5.33826 1 -14.4863
      vertex -5.61803 1 -14.1756
      vertex -5.58268 1.41582 -14.1499
    endloop
  endfacet
  facet normal 0 -0.497918 -0.867224
    outer loop
      vertex 3.16913 -3.17557 -14.6092
      vertex 14.191 -2.81347 -14.8171
      vertex 14.1691 -3.17557 -14.6092
    endloop
  endfacet
  facet normal -9.60488e-06 -0.497698 -0.867351
    outer loop
      vertex 3 -2.96156 -14.732
      vertex 14.191 -2.81347 -14.8171
      vertex 3.16913 -3.17557 -14.6092
    endloop
  endfacet
  facet normal -0 -0.498243 -0.867037
    outer loop
      vertex 14.191 -2.81347 -14.8171
      vertex 3 -2.96156 -14.732
      vertex 2.80902 -2.81347 -14.8171
    endloop
  endfacet
  facet normal -0.989135 0.103952 -0.103957
    outer loop
      vertex -5.9563 1 -13.4158
      vertex -6 1 -13
      vertex -5.9563 1.41582 -13
    endloop
  endfacet
  facet normal -0.206787 0.103947 0.972848
    outer loop
      vertex -4.60453 1.41582 -5.13945
      vertex -4.61803 1 -5.09789
      vertex -4.20906 1 -5.01096
    endloop
  endfacet
  facet normal -0.239953 0.807485 0.538878
    outer loop
      vertex -4.5 2.73205 -6.13398
      vertex -4.66913 2.48629 -5.84103
      vertex -4.30902 2.73205 -6.04894
    endloop
  endfacet
  facet normal 0 0.977918 -0.208989
    outer loop
      vertex 0.043705 2.94461 -13.4158
      vertex -4.02185 2.98904 -13.2079
      vertex 0.0218525 2.98904 -13.2079
    endloop
  endfacet
  facet normal 0 0.977903 -0.209059
    outer loop
      vertex -4.0646 2.90211 -13.6146
      vertex 0.043705 2.94461 -13.4158
      vertex 0.108307 2.90211 -13.6146
    endloop
  endfacet
  facet normal -1.80364e-06 0.977911 -0.209023
    outer loop
      vertex 0.043705 2.94461 -13.4158
      vertex -4.0646 2.90211 -13.6146
      vertex -4.02185 2.98904 -13.2079
    endloop
  endfacet
  facet normal 0.861299 -0.103858 -0.49737
    outer loop
      vertex 15.8271 -2 -13.8135
      vertex 15.5827 -2.41582 -14.1499
      vertex 15.618 -2 -14.1756
    endloop
  endfacet
  facet normal -0.166206 0.912717 0.37326
    outer loop
      vertex -4.19098 2.90211 -6.41222
      vertex -4.5 2.73205 -6.13398
      vertex -4.30902 2.73205 -6.04894
    endloop
  endfacet
  facet normal 0.824692 -0.497969 -0.268161
    outer loop
      vertex 15.7872 -2.81347 -13.3799
      vertex 15.5827 -3.17557 -13.3364
      vertex 15.6691 -2.81347 -13.7431
    endloop
  endfacet
  facet normal 0.94635 -0.307478 -0.0993929
    outer loop
      vertex 15.8271 -2.81347 -13
      vertex 15.7872 -2.81347 -13.3799
      vertex 15.9563 -2.41582 -13
    endloop
  endfacet
  facet normal -0.946336 0.307497 -0.0994662
    outer loop
      vertex -5.78716 1.81347 -13.3799
      vertex -5.9563 1.41582 -13
      vertex -5.82709 1.81347 -13
    endloop
  endfacet
  facet normal 0.751161 -0.497812 -0.43352
    outer loop
      vertex 15.4781 -3.17557 -13.6581
      vertex 15.309 -3.17557 -13.9511
      vertex 15.4781 -2.81347 -14.0739
    endloop
  endfacet
  facet normal 0.240054 -0.80752 -0.538782
    outer loop
      vertex 14.5 -3.73205 -13.866
      vertex 14.309 -3.73205 -13.9511
      vertex 14.6691 -3.48629 -14.159
    endloop
  endfacet
  facet normal -0.34674 0.807515 -0.47717
    outer loop
      vertex -4.5 2.73205 -13.866
      vertex -4.66913 2.48629 -14.159
      vertex -4.66913 2.73205 -13.7431
    endloop
  endfacet
  facet normal -0.945902 0.103981 0.30734
    outer loop
      vertex -5.91354 1.41582 -6.59326
      vertex -5.9563 1 -6.58418
      vertex -5.78716 1.41582 -6.2043
    endloop
  endfacet
  facet normal -0.561021 0.807479 0.182298
    outer loop
      vertex -4.97815 2.73205 -6.79209
      vertex -5.30902 2.48629 -6.72176
      vertex -5.22256 2.48629 -6.45568
    endloop
  endfacet
  facet normal -0 0.667098 0.74497
    outer loop
      vertex -4.13989 2.48629 -5.66907
      vertex 0 2.17557 -5.39083
      vertex 0 2.48629 -5.66907
    endloop
  endfacet
  facet normal 0 0.667098 0.74497
    outer loop
      vertex 0 2.17557 -5.39083
      vertex -4.13989 2.48629 -5.66907
      vertex -4.16913 2.17557 -5.39083
    endloop
  endfacet
  facet normal 0.989106 -0.104086 -0.104091
    outer loop
      vertex 15.9563 -2.41582 -13
      vertex 15.9135 -2.41582 -13.4067
      vertex 15.9563 -2 -13.4158
    endloop
  endfacet
  facet normal 0.207898 -0.977907 -0.0218414
    outer loop
      vertex 14.618 -3.90211 -13
      vertex 14.2091 -3.98904 -13
      vertex 14.6045 -3.90211 -13.1285
    endloop
  endfacet
  facet normal -0.239926 0.807472 0.53891
    outer loop
      vertex -4.30902 2.73205 -6.04894
      vertex -4.66913 2.48629 -5.84103
      vertex -4.41354 2.48629 -5.72724
    endloop
  endfacet
  facet normal -0.122656 0.807473 0.577012
    outer loop
      vertex -4.30902 2.73205 -6.04894
      vertex -4.41354 2.48629 -5.72724
      vertex -4.13989 2.48629 -5.66907
    endloop
  endfacet
  facet normal -0.206949 0.103811 -0.972829
    outer loop
      vertex -4.20906 1 -14.989
      vertex -4.60453 1.41582 -14.8605
      vertex -4.20449 1.41582 -14.9456
    endloop
  endfacet
  facet normal 0 -0.103808 -0.994597
    outer loop
      vertex 2.41355 -2.41582 -14.9456
      vertex 14.2091 -2 -14.989
      vertex 14.2045 -2.41582 -14.9456
    endloop
  endfacet
  facet normal -0 -0.103808 -0.994597
    outer loop
      vertex 14.2091 -2 -14.989
      vertex 2.41355 -2.41582 -14.9456
      vertex 2.20906 -2 -14.989
    endloop
  endfacet
  facet normal 0 -0.977918 -0.208989
    outer loop
      vertex 3.9563 -3.94461 -13.4158
      vertex 14.0219 -3.98904 -13.2079
      vertex 3.97815 -3.98904 -13.2079
    endloop
  endfacet
  facet normal -0 -0.977903 -0.209059
    outer loop
      vertex 14.0646 -3.90211 -13.6146
      vertex 3.9563 -3.94461 -13.4158
      vertex 3.89169 -3.90211 -13.6146
    endloop
  endfacet
  facet normal 7.30831e-07 -0.977911 -0.209023
    outer loop
      vertex 3.9563 -3.94461 -13.4158
      vertex 14.0646 -3.90211 -13.6146
      vertex 14.0219 -3.98904 -13.2079
    endloop
  endfacet
  facet normal 0.166292 -0.912715 -0.373228
    outer loop
      vertex 14.5 -3.73205 -13.866
      vertex 14.191 -3.90211 -13.5878
      vertex 14.309 -3.73205 -13.9511
    endloop
  endfacet
  facet normal 0.198011 -0.307484 -0.930723
    outer loop
      vertex 14.6045 -2.41582 -14.8605
      vertex 14.191 -2.81347 -14.8171
      vertex 14.2045 -2.41582 -14.9456
    endloop
  endfacet
  facet normal 0.904995 -0.307646 -0.293833
    outer loop
      vertex 15.9135 -2.41582 -13.4067
      vertex 15.6691 -2.81347 -13.7431
      vertex 15.7872 -2.41582 -13.7957
    endloop
  endfacet
  facet normal -0.166305 0.912721 -0.373206
    outer loop
      vertex -4.19098 2.90211 -13.5878
      vertex -4.5 2.73205 -13.866
      vertex -4.30902 2.90211 -13.5352
    endloop
  endfacet
  facet normal -0.15474 0.666986 -0.728824
    outer loop
      vertex -4.13989 2.48629 -14.3309
      vertex -4.5 2.17557 -14.5388
      vertex -4.41354 2.48629 -14.2728
    endloop
  endfacet
  facet normal 0 0.103808 -0.994597
    outer loop
      vertex -4.20906 1 -14.989
      vertex 1.58645 1.41582 -14.9456
      vertex 1.79094 1 -14.989
    endloop
  endfacet
  facet normal 0 0.103808 -0.994597
    outer loop
      vertex 1.58645 1.41582 -14.9456
      vertex -4.20906 1 -14.989
      vertex -4.20449 1.41582 -14.9456
    endloop
  endfacet
  facet normal 0.302864 -0.667109 -0.680617
    outer loop
      vertex 14.6691 -3.48629 -14.159
      vertex 14.5 -3.17557 -14.5388
      vertex 14.809 -3.17557 -14.4013
    endloop
  endfacet
  facet normal -0.740893 0.667095 -0.0778555
    outer loop
      vertex -5.58268 2.17557 -13.3364
      vertex -5.61803 2.17557 -13
      vertex -5.33826 2.48629 -13
    endloop
  endfacet
  facet normal -0.388599 0.912713 0.126276
    outer loop
      vertex -4.60453 2.90211 -6.8715
      vertex -4.97815 2.73205 -6.79209
      vertex -4.5646 2.90211 -6.74862
    endloop
  endfacet
  facet normal -0 0.497936 0.867214
    outer loop
      vertex -4.16913 2.17557 -5.39083
      vertex 0 1.81347 -5.18292
      vertex 0 2.17557 -5.39083
    endloop
  endfacet
  facet normal 0 0.497936 0.867214
    outer loop
      vertex 0 1.81347 -5.18292
      vertex -4.16913 2.17557 -5.39083
      vertex -4.19098 1.81347 -5.18292
    endloop
  endfacet
  facet normal -0.0849423 0.912713 0.399674
    outer loop
      vertex -4.0646 2.90211 -6.38535
      vertex -4.30902 2.73205 -6.04894
      vertex -4.10453 2.73205 -6.00548
    endloop
  endfacet
  facet normal -0.584512 0.103866 -0.804709
    outer loop
      vertex -5 1 -14.732
      vertex -5.33826 1 -14.4863
      vertex -4.97815 1.41582 -14.6942
    endloop
  endfacet
  facet normal -0.559327 0.307461 -0.769819
    outer loop
      vertex -4.97815 1.41582 -14.6942
      vertex -5.30902 1.41582 -14.4538
      vertex -5.22256 1.81347 -14.3578
    endloop
  endfacet
  facet normal 0.751017 -0.497936 -0.433628
    outer loop
      vertex 15.4781 -3.17557 -13.6581
      vertex 15.4781 -2.81347 -14.0739
      vertex 15.6691 -2.81347 -13.7431
    endloop
  endfacet
  facet normal -0.861339 0.103963 0.49728
    outer loop
      vertex -5.78716 1.41582 -6.2043
      vertex -5.82709 1 -6.18653
      vertex -5.58268 1.41582 -5.85012
    endloop
  endfacet
  facet normal -0.708503 0.667099 0.230221
    outer loop
      vertex -5.30902 2.48629 -6.72176
      vertex -5.58268 2.17557 -6.66359
      vertex -5.22256 2.48629 -6.45568
    endloop
  endfacet
  facet normal -0.0849719 0.912719 0.399655
    outer loop
      vertex -4.19098 2.90211 -6.41222
      vertex -4.30902 2.73205 -6.04894
      vertex -4.0646 2.90211 -6.38535
    endloop
  endfacet
  facet normal 0 -0.307492 -0.951551
    outer loop
      vertex 2.80902 -2.81347 -14.8171
      vertex 14.2045 -2.41582 -14.9456
      vertex 14.191 -2.81347 -14.8171
    endloop
  endfacet
  facet normal -4.09783e-06 -0.307386 -0.951585
    outer loop
      vertex 2.61803 -2.55033 -14.9021
      vertex 14.2045 -2.41582 -14.9456
      vertex 2.80902 -2.81347 -14.8171
    endloop
  endfacet
  facet normal -0 -0.307705 -0.951482
    outer loop
      vertex 14.2045 -2.41582 -14.9456
      vertex 2.61803 -2.55033 -14.9021
      vertex 2.41355 -2.41582 -14.9456
    endloop
  endfacet
  facet normal 0.0435709 -0.977907 -0.204448
    outer loop
      vertex 14.0646 -3.98904 -13.1988
      vertex 14.0219 -3.98904 -13.2079
      vertex 14.0646 -3.90211 -13.6146
    endloop
  endfacet
  facet normal 0.239939 -0.807465 -0.538915
    outer loop
      vertex 14.6691 -3.48629 -14.159
      vertex 14.309 -3.73205 -13.9511
      vertex 14.4135 -3.48629 -14.2728
    endloop
  endfacet
  facet normal 0.587739 -0.80905 0
    outer loop
      vertex 15 -3.73205 -13
      vertex 15.3383 -3.48629 -1
      vertex 15 -3.73205 -1
    endloop
  endfacet
  facet normal 0.587739 -0.80905 0
    outer loop
      vertex 15.3383 -3.48629 -1
      vertex 15 -3.73205 -13
      vertex 15.3383 -3.48629 -13
    endloop
  endfacet
  facet normal 0.303594 -0.912707 -0.273489
    outer loop
      vertex 14.809 -3.73205 -13.5878
      vertex 14.4135 -3.90211 -13.4593
      vertex 14.6691 -3.73205 -13.7431
    endloop
  endfacet
  facet normal 0.353883 -0.912705 -0.204297
    outer loop
      vertex 14.5646 -3.90211 -13.2514
      vertex 14.5 -3.90211 -13.3633
      vertex 14.809 -3.73205 -13.5878
    endloop
  endfacet
  facet normal -0.751103 0.497862 -0.433564
    outer loop
      vertex -5.30902 2.17557 -13.9511
      vertex -5.47815 1.81347 -14.0739
      vertex -5.47815 2.17557 -13.6581
    endloop
  endfacet
  facet normal -0.751051 0.497907 -0.433603
    outer loop
      vertex -5.47815 1.81347 -14.0739
      vertex -5.66913 1.81347 -13.7431
      vertex -5.47815 2.17557 -13.6581
    endloop
  endfacet
  facet normal -0 0.912712 0.408603
    outer loop
      vertex -4.0646 2.90211 -6.38535
      vertex 0 2.73205 -6.00548
      vertex 0 2.90211 -6.38535
    endloop
  endfacet
  facet normal 0 0.912712 0.408603
    outer loop
      vertex 0 2.73205 -6.00548
      vertex -4.0646 2.90211 -6.38535
      vertex -4.10453 2.73205 -6.00548
    endloop
  endfacet
  facet normal -0.04352 0.977909 -0.204448
    outer loop
      vertex -4.02185 2.98904 -13.2079
      vertex -4.0646 2.90211 -13.6146
      vertex -4.0646 2.98904 -13.1988
    endloop
  endfacet
  facet normal 0.73919 -0.103879 -0.665438
    outer loop
      vertex 15.5827 -2.41582 -14.1499
      vertex 15.3383 -2 -14.4863
      vertex 15.618 -2 -14.1756
    endloop
  endfacet
  facet normal -1.43809e-05 0.807562 -0.589783
    outer loop
      vertex -4.13989 2.48629 -14.3309
      vertex 0.277438 2.73205 -13.9945
      vertex 0.381967 2.59979 -14.1756
    endloop
  endfacet
  facet normal 0 0.807363 -0.590056
    outer loop
      vertex -4.13989 2.48629 -14.3309
      vertex 0.381967 2.59979 -14.1756
      vertex 0.521853 2.48629 -14.3309
    endloop
  endfacet
  facet normal 0 0.807472 -0.589906
    outer loop
      vertex 0.277438 2.73205 -13.9945
      vertex -4.13989 2.48629 -14.3309
      vertex -4.10453 2.73205 -13.9945
    endloop
  endfacet
  facet normal 0.824001 -0.30768 -0.475768
    outer loop
      vertex 15.6691 -2.81347 -13.7431
      vertex 15.4781 -2.81347 -14.0739
      vertex 15.5827 -2.41582 -14.1499
    endloop
  endfacet
  facet normal 0.303032 -0.667026 -0.680624
    outer loop
      vertex 14.6691 -3.48629 -14.159
      vertex 14.4135 -3.48629 -14.2728
      vertex 14.5 -3.17557 -14.5388
    endloop
  endfacet
  facet normal 0.38718 -0.307298 -0.869287
    outer loop
      vertex 14.9135 -2.81347 -14.5823
      vertex 14.5646 -2.81347 -14.7377
      vertex 14.6045 -2.41582 -14.8605
    endloop
  endfacet
  facet normal -0.824777 0.497917 -0.267995
    outer loop
      vertex -5.47815 2.17557 -13.6581
      vertex -5.66913 1.81347 -13.7431
      vertex -5.58268 2.17557 -13.3364
    endloop
  endfacet
  facet normal -0.346792 0.807499 -0.47716
    outer loop
      vertex -4.66913 2.48629 -14.159
      vertex -4.89547 2.48629 -13.9945
      vertex -4.66913 2.73205 -13.7431
    endloop
  endfacet
  facet normal -0.86247 0.497923 0.0906584
    outer loop
      vertex -5.58268 2.17557 -6.66359
      vertex -5.82709 1.81347 -7
      vertex -5.78716 1.81347 -6.62013
    endloop
  endfacet
  facet normal -0.70713 0.30748 0.636728
    outer loop
      vertex -5.47815 1.81347 -5.92606
      vertex -5.58268 1.41582 -5.85012
      vertex -5.22256 1.81347 -5.64221
    endloop
  endfacet
  facet normal -0.824078 0.307482 0.475763
    outer loop
      vertex -5.47815 1.81347 -5.92606
      vertex -5.66913 1.81347 -6.25686
      vertex -5.58268 1.41582 -5.85012
    endloop
  endfacet
  facet normal -0.154891 0.667096 0.728692
    outer loop
      vertex -4.13989 2.48629 -5.66907
      vertex -4.5 2.17557 -5.46116
      vertex -4.16913 2.17557 -5.39083
    endloop
  endfacet
  facet normal -0.352731 0.497935 0.792238
    outer loop
      vertex -4.80902 2.17557 -5.59874
      vertex -4.91354 1.81347 -5.41769
      vertex -4.5646 1.81347 -5.26233
    endloop
  endfacet
  facet normal -0.0434654 0.977915 0.204435
    outer loop
      vertex -4.0646 2.98904 -6.80118
      vertex -4.19098 2.90211 -6.41222
      vertex -4.0646 2.90211 -6.38535
    endloop
  endfacet
  facet normal -0.197814 0.307314 -0.930821
    outer loop
      vertex -4.19098 1.81347 -14.8171
      vertex -4.60453 1.41582 -14.8605
      vertex -4.5646 1.81347 -14.7377
    endloop
  endfacet
  facet normal 0.740982 -0.667008 -0.0777547
    outer loop
      vertex 15.618 -3.17557 -13
      vertex 15.3383 -3.48629 -13
      vertex 15.5827 -3.17557 -13.3364
    endloop
  endfacet
  facet normal 0.406702 -0.913561 0
    outer loop
      vertex 14.618 -3.90211 -13
      vertex 15 -3.73205 -1
      vertex 14.618 -3.90211 -1
    endloop
  endfacet
  facet normal 0.406702 -0.913561 0
    outer loop
      vertex 15 -3.73205 -1
      vertex 14.618 -3.90211 -13
      vertex 15 -3.73205 -13
    endloop
  endfacet
  facet normal -0.180292 0.497935 0.848266
    outer loop
      vertex -4.16913 2.17557 -5.39083
      vertex -4.5646 1.81347 -5.26233
      vertex -4.19098 1.81347 -5.18292
    endloop
  endfacet
  facet normal -0.945899 0.103967 0.307355
    outer loop
      vertex -5.78716 1.41582 -6.2043
      vertex -5.9563 1 -6.58418
      vertex -5.82709 1 -6.18653
    endloop
  endfacet
  facet normal -0.154897 0.6671 0.728687
    outer loop
      vertex -4.41354 2.48629 -5.72724
      vertex -4.5 2.17557 -5.46116
      vertex -4.13989 2.48629 -5.66907
    endloop
  endfacet
  facet normal -0.302992 0.667102 0.680567
    outer loop
      vertex -4.41354 2.48629 -5.72724
      vertex -4.66913 2.48629 -5.84103
      vertex -4.5 2.17557 -5.46116
    endloop
  endfacet
  facet normal -0.12263 0.807482 0.577006
    outer loop
      vertex -4.10453 2.73205 -6.00548
      vertex -4.30902 2.73205 -6.04894
      vertex -4.13989 2.48629 -5.66907
    endloop
  endfacet
  facet normal 0.95106 -0.309008 0
    outer loop
      vertex 15.8271 -2.81347 -1
      vertex 15.9563 -2.41582 -13
      vertex 15.9563 -2.41582 -1
    endloop
  endfacet
  facet normal 0.95106 -0.309008 0
    outer loop
      vertex 15.9563 -2.41582 -13
      vertex 15.8271 -2.81347 -1
      vertex 15.8271 -2.81347 -13
    endloop
  endfacet
  facet normal 0.0847493 -0.912714 -0.399713
    outer loop
      vertex 14.191 -3.90211 -13.5878
      vertex 14.0646 -3.90211 -13.6146
      vertex 14.309 -3.73205 -13.9511
    endloop
  endfacet
  facet normal 0.122818 -0.977917 -0.169097
    outer loop
      vertex 14.4135 -3.90211 -13.4593
      vertex 14.1045 -3.98904 -13.181
      vertex 14.309 -3.90211 -13.5352
    endloop
  endfacet
  facet normal 4.45536e-06 -0.912769 -0.408476
    outer loop
      vertex 14.1045 -3.73205 -13.9945
      vertex 3.89169 -3.90211 -13.6146
      vertex 3.82709 -3.8131 -13.8135
    endloop
  endfacet
  facet normal -0 -0.912675 -0.408687
    outer loop
      vertex 14.1045 -3.73205 -13.9945
      vertex 3.82709 -3.8131 -13.8135
      vertex 3.72256 -3.73205 -13.9945
    endloop
  endfacet
  facet normal 0 -0.912724 -0.408576
    outer loop
      vertex 3.89169 -3.90211 -13.6146
      vertex 14.1045 -3.73205 -13.9945
      vertex 14.0646 -3.90211 -13.6146
    endloop
  endfacet
  facet normal 0.559185 -0.307497 -0.769907
    outer loop
      vertex 15.2226 -2.81347 -14.3578
      vertex 14.9135 -2.81347 -14.5823
      vertex 14.9781 -2.41582 -14.6942
    endloop
  endfacet
  facet normal 0.197825 -0.307301 -0.930823
    outer loop
      vertex 14.5646 -2.81347 -14.7377
      vertex 14.191 -2.81347 -14.8171
      vertex 14.6045 -2.41582 -14.8605
    endloop
  endfacet
  facet normal 0.584572 -0.10408 -0.804638
    outer loop
      vertex 15.309 -2.41582 -14.4538
      vertex 14.9781 -2.41582 -14.6942
      vertex 15.3383 -2 -14.4863
    endloop
  endfacet
  facet normal 0.708494 -0.667171 -0.230041
    outer loop
      vertex 15.309 -3.48629 -13.2782
      vertex 15.2226 -3.48629 -13.5443
      vertex 15.5827 -3.17557 -13.3364
    endloop
  endfacet
  facet normal 0.586612 -0.807508 -0.0617819
    outer loop
      vertex 15.3383 -3.48629 -13
      vertex 14.9781 -3.73205 -13.2079
      vertex 15.309 -3.48629 -13.2782
    endloop
  endfacet
  facet normal 0.865982 -0.500074 0
    outer loop
      vertex 15.618 -3.17557 -1
      vertex 15.8271 -2.81347 -13
      vertex 15.8271 -2.81347 -1
    endloop
  endfacet
  facet normal 0.865982 -0.500074 0
    outer loop
      vertex 15.8271 -2.81347 -13
      vertex 15.618 -3.17557 -1
      vertex 15.618 -3.17557 -13
    endloop
  endfacet
  facet normal -0 0.977915 0.209004
    outer loop
      vertex -4.02185 2.98904 -6.79209
      vertex 0 2.90211 -6.38535
      vertex 0 2.98904 -6.79209
    endloop
  endfacet
  facet normal 0 0.977915 0.209004
    outer loop
      vertex 0 2.90211 -6.38535
      vertex -4.02185 2.98904 -6.79209
      vertex -4.0646 2.90211 -6.38535
    endloop
  endfacet
  facet normal -0.644421 0.497835 -0.580415
    outer loop
      vertex -5.08268 2.17557 -14.2024
      vertex -5.47815 1.81347 -14.0739
      vertex -5.30902 2.17557 -13.9511
    endloop
  endfacet
  facet normal -0.708497 0.667112 -0.230202
    outer loop
      vertex -5.22256 2.48629 -13.5443
      vertex -5.58268 2.17557 -13.3364
      vertex -5.30902 2.48629 -13.2782
    endloop
  endfacet
  facet normal -0.197992 0.307489 -0.930725
    outer loop
      vertex -4.20449 1.41582 -14.9456
      vertex -4.60453 1.41582 -14.8605
      vertex -4.19098 1.81347 -14.8171
    endloop
  endfacet
  facet normal -0.0433554 0.977916 -0.20445
    outer loop
      vertex -4.0646 2.90211 -13.6146
      vertex -4.19098 2.90211 -13.5878
      vertex -4.0646 2.98904 -13.1988
    endloop
  endfacet
  facet normal -0.437978 0.667096 -0.602626
    outer loop
      vertex -4.66913 2.48629 -14.159
      vertex -5.08268 2.17557 -14.2024
      vertex -4.89547 2.48629 -13.9945
    endloop
  endfacet
  facet normal -0.0848225 0.912729 -0.399663
    outer loop
      vertex -4.10453 2.73205 -13.9945
      vertex -4.30902 2.73205 -13.9511
      vertex -4.0646 2.90211 -13.6146
    endloop
  endfacet
  facet normal -0.352515 0.49807 -0.79225
    outer loop
      vertex -4.5646 1.81347 -14.7377
      vertex -4.80902 2.17557 -14.4013
      vertex -4.5 2.17557 -14.5388
    endloop
  endfacet
  facet normal -0.862466 0.49793 -0.0906509
    outer loop
      vertex -5.78716 1.81347 -13.3799
      vertex -5.82709 1.81347 -13
      vertex -5.58268 2.17557 -13.3364
    endloop
  endfacet
  facet normal -0.824754 0.497941 -0.268022
    outer loop
      vertex -5.66913 1.81347 -13.7431
      vertex -5.78716 1.81347 -13.3799
      vertex -5.58268 2.17557 -13.3364
    endloop
  endfacet
  facet normal -0.0847603 0.912718 -0.399702
    outer loop
      vertex -4.0646 2.90211 -13.6146
      vertex -4.30902 2.73205 -13.9511
      vertex -4.19098 2.90211 -13.5878
    endloop
  endfacet
  facet normal 0.404575 -0.104031 -0.908569
    outer loop
      vertex 15 -2 -14.732
      vertex 14.6045 -2.41582 -14.8605
      vertex 14.618 -2 -14.9021
    endloop
  endfacet
  facet normal 0.584463 -0.103936 -0.804736
    outer loop
      vertex 15.3383 -2 -14.4863
      vertex 14.9781 -2.41582 -14.6942
      vertex 15 -2 -14.732
    endloop
  endfacet
  facet normal -0.994523 0.104518 0
    outer loop
      vertex -6 1 -13
      vertex -5.9563 1.41582 -7
      vertex -5.9563 1.41582 -13
    endloop
  endfacet
  facet normal -0.994523 0.104518 0
    outer loop
      vertex -5.9563 1.41582 -7
      vertex -6 1 -13
      vertex -6 1 -7
    endloop
  endfacet
  facet normal -0.584599 0.103959 0.804635
    outer loop
      vertex -5.30902 1.41582 -5.54619
      vertex -5.33826 1 -5.51371
      vertex -4.97815 1.41582 -5.3058
    endloop
  endfacet
  facet normal -0.346737 0.807481 0.47723
    outer loop
      vertex -4.66913 2.73205 -6.25686
      vertex -4.89547 2.48629 -6.00548
      vertex -4.66913 2.48629 -5.84103
    endloop
  endfacet
  facet normal -0.438371 0.807482 0.39472
    outer loop
      vertex -4.80902 2.73205 -6.41222
      vertex -5.08268 2.48629 -6.21339
      vertex -4.66913 2.73205 -6.25686
    endloop
  endfacet
  facet normal -0.510867 0.807481 0.294939
    outer loop
      vertex -4.91354 2.73205 -6.59326
      vertex -5.08268 2.48629 -6.21339
      vertex -4.80902 2.73205 -6.41222
    endloop
  endfacet
  facet normal -0.989135 0.103952 0.103952
    outer loop
      vertex -5.9563 1.41582 -7
      vertex -6 1 -7
      vertex -5.9563 1 -6.58418
    endloop
  endfacet
  facet normal -0.989128 0.103986 0.103986
    outer loop
      vertex -5.91354 1.41582 -6.59326
      vertex -5.9563 1.41582 -7
      vertex -5.9563 1 -6.58418
    endloop
  endfacet
  facet normal -0.388599 0.912713 0.126276
    outer loop
      vertex -4.5646 2.90211 -6.74862
      vertex -4.97815 2.73205 -6.79209
      vertex -4.91354 2.73205 -6.59326
    endloop
  endfacet
  facet normal -0.406358 0.912716 0.0426913
    outer loop
      vertex -4.61803 2.90211 -7
      vertex -5 2.73205 -7
      vertex -4.60453 2.90211 -6.8715
    endloop
  endfacet
  facet normal -0.824768 0.497933 0.267992
    outer loop
      vertex -5.58268 2.17557 -6.66359
      vertex -5.66913 1.81347 -6.25686
      vertex -5.47815 2.17557 -6.34189
    endloop
  endfacet
  facet normal -0.82478 0.497921 0.267979
    outer loop
      vertex -5.58268 2.17557 -6.66359
      vertex -5.78716 1.81347 -6.62013
      vertex -5.66913 1.81347 -6.25686
    endloop
  endfacet
  facet normal -0.0434693 0.977915 0.204435
    outer loop
      vertex -4.02185 2.98904 -6.79209
      vertex -4.0646 2.98904 -6.80118
      vertex -4.0646 2.90211 -6.38535
    endloop
  endfacet
  facet normal 0.946387 -0.3073 -0.0995951
    outer loop
      vertex 15.9563 -2.41582 -13
      vertex 15.7872 -2.81347 -13.3799
      vertex 15.9135 -2.41582 -13.4067
    endloop
  endfacet
  facet normal 0.945922 -0.10392 -0.3073
    outer loop
      vertex 15.9563 -2 -13.4158
      vertex 15.7872 -2.41582 -13.7957
      vertex 15.8271 -2 -13.8135
    endloop
  endfacet
  facet normal 0.303576 -0.912699 -0.273535
    outer loop
      vertex 14.5 -3.90211 -13.3633
      vertex 14.4135 -3.90211 -13.4593
      vertex 14.809 -3.73205 -13.5878
    endloop
  endfacet
  facet normal -0 0.10395 0.994583
    outer loop
      vertex -4.20449 1.41582 -5.05442
      vertex 0 1 -5.01096
      vertex 0 1.41582 -5.05442
    endloop
  endfacet
  facet normal 0 0.10395 0.994583
    outer loop
      vertex 0 1 -5.01096
      vertex -4.20449 1.41582 -5.05442
      vertex -4.20906 1 -5.01096
    endloop
  endfacet
  facet normal -0.824075 0.307486 0.475766
    outer loop
      vertex -5.66913 1.81347 -6.25686
      vertex -5.78716 1.41582 -6.2043
      vertex -5.58268 1.41582 -5.85012
    endloop
  endfacet
  facet normal -0.180306 0.497947 0.848256
    outer loop
      vertex -4.5 2.17557 -5.46116
      vertex -4.5646 1.81347 -5.26233
      vertex -4.16913 2.17557 -5.39083
    endloop
  endfacet
  facet normal -0.509742 0.497933 0.701588
    outer loop
      vertex -5.08268 2.17557 -5.79757
      vertex -5.22256 1.81347 -5.64221
      vertex -4.91354 1.81347 -5.41769
    endloop
  endfacet
  facet normal 0.122539 -0.807464 -0.57705
    outer loop
      vertex 14.309 -3.73205 -13.9511
      vertex 14.1399 -3.48629 -14.3309
      vertex 14.4135 -3.48629 -14.2728
    endloop
  endfacet
  facet normal 0.240108 -0.912723 -0.330583
    outer loop
      vertex 14.4135 -3.90211 -13.4593
      vertex 14.309 -3.90211 -13.5352
      vertex 14.5 -3.73205 -13.866
    endloop
  endfacet
  facet normal 0.0433486 -0.977917 -0.20445
    outer loop
      vertex 14.0646 -3.98904 -13.1988
      vertex 14.0646 -3.90211 -13.6146
      vertex 14.191 -3.90211 -13.5878
    endloop
  endfacet
  facet normal 0.406361 -0.912709 -0.0428057
    outer loop
      vertex 15 -3.73205 -13
      vertex 14.6045 -3.90211 -13.1285
      vertex 14.9781 -3.73205 -13.2079
    endloop
  endfacet
  facet normal 0.0850876 -0.977918 -0.190881
    outer loop
      vertex 14.309 -3.90211 -13.5352
      vertex 14.1045 -3.98904 -13.181
      vertex 14.191 -3.90211 -13.5878
    endloop
  endfacet
  facet normal 0.12246 -0.807489 -0.577031
    outer loop
      vertex 14.309 -3.73205 -13.9511
      vertex 14.1045 -3.73205 -13.9945
      vertex 14.1399 -3.48629 -14.3309
    endloop
  endfacet
  facet normal 0.0848196 -0.912727 -0.399669
    outer loop
      vertex 14.309 -3.73205 -13.9511
      vertex 14.0646 -3.90211 -13.6146
      vertex 14.1045 -3.73205 -13.9945
    endloop
  endfacet
  facet normal 0.861332 -0.103937 -0.497297
    outer loop
      vertex 15.7872 -2.41582 -13.7957
      vertex 15.5827 -2.41582 -14.1499
      vertex 15.8271 -2 -13.8135
    endloop
  endfacet
  facet normal 0.353951 -0.912691 -0.20424
    outer loop
      vertex 14.9135 -3.73205 -13.4067
      vertex 14.5646 -3.90211 -13.2514
      vertex 14.809 -3.73205 -13.5878
    endloop
  endfacet
  facet normal 0.346794 -0.807498 -0.47716
    outer loop
      vertex 14.6691 -3.73205 -13.7431
      vertex 14.5 -3.73205 -13.866
      vertex 14.6691 -3.48629 -14.159
    endloop
  endfacet
  facet normal 0 -0.667177 -0.744899
    outer loop
      vertex 3.47815 -3.48629 -14.3309
      vertex 14.1691 -3.17557 -14.6092
      vertex 14.1399 -3.48629 -14.3309
    endloop
  endfacet
  facet normal 3.28823e-07 -0.667184 -0.744893
    outer loop
      vertex 3.33826 -3.31279 -14.4863
      vertex 14.1691 -3.17557 -14.6092
      vertex 3.47815 -3.48629 -14.3309
    endloop
  endfacet
  facet normal -0 -0.667169 -0.744906
    outer loop
      vertex 14.1691 -3.17557 -14.6092
      vertex 3.33826 -3.31279 -14.4863
      vertex 3.16913 -3.17557 -14.6092
    endloop
  endfacet
  facet normal 0.386958 -0.307492 -0.869317
    outer loop
      vertex 14.9135 -2.81347 -14.5823
      vertex 14.6045 -2.41582 -14.8605
      vertex 14.9781 -2.41582 -14.6942
    endloop
  endfacet
  facet normal 0.904982 -0.307269 -0.294269
    outer loop
      vertex 15.7872 -2.81347 -13.3799
      vertex 15.6691 -2.81347 -13.7431
      vertex 15.9135 -2.41582 -13.4067
    endloop
  endfacet
  facet normal 0.740813 -0.667165 -0.0780224
    outer loop
      vertex 15.3383 -3.48629 -13
      vertex 15.309 -3.48629 -13.2782
      vertex 15.5827 -3.17557 -13.3364
    endloop
  endfacet
  facet normal 0.743232 -0.669033 0
    outer loop
      vertex 15.3383 -3.48629 -1
      vertex 15.618 -3.17557 -13
      vertex 15.618 -3.17557 -1
    endloop
  endfacet
  facet normal 0.743232 -0.669033 0
    outer loop
      vertex 15.618 -3.17557 -13
      vertex 15.3383 -3.48629 -1
      vertex 15.3383 -3.48629 -13
    endloop
  endfacet
  facet normal -0 0.80748 0.589894
    outer loop
      vertex -4.10453 2.73205 -6.00548
      vertex 0 2.48629 -5.66907
      vertex 0 2.73205 -6.00548
    endloop
  endfacet
  facet normal 0 0.80748 0.589894
    outer loop
      vertex 0 2.48629 -5.66907
      vertex -4.10453 2.73205 -6.00548
      vertex -4.13989 2.48629 -5.66907
    endloop
  endfacet
  facet normal -0.82406 0.307547 -0.475752
    outer loop
      vertex -5.58268 1.41582 -14.1499
      vertex -5.66913 1.81347 -13.7431
      vertex -5.47815 1.81347 -14.0739
    endloop
  endfacet
  facet normal -0.438318 0.807459 -0.394825
    outer loop
      vertex -4.66913 2.73205 -13.7431
      vertex -5.08268 2.48629 -13.7866
      vertex -4.80902 2.73205 -13.5878
    endloop
  endfacet
  facet normal -0.86246 0.497945 -0.0906301
    outer loop
      vertex -5.58268 2.17557 -13.3364
      vertex -5.82709 1.81347 -13
      vertex -5.61803 2.17557 -13
    endloop
  endfacet
  facet normal -0.904982 0.307488 0.294038
    outer loop
      vertex -5.78716 1.81347 -6.62013
      vertex -5.91354 1.41582 -6.59326
      vertex -5.66913 1.81347 -6.25686
    endloop
  endfacet
  facet normal -0.386939 0.3075 -0.869323
    outer loop
      vertex -4.60453 1.41582 -14.8605
      vertex -4.97815 1.41582 -14.6942
      vertex -4.91354 1.81347 -14.5823
    endloop
  endfacet
  facet normal -0.707114 0.307469 -0.636752
    outer loop
      vertex -5.30902 1.41582 -14.4538
      vertex -5.58268 1.41582 -14.1499
      vertex -5.22256 1.81347 -14.3578
    endloop
  endfacet
  facet normal -0.198772 0.977915 0.0645913
    outer loop
      vertex -4.19098 2.98904 -6.91497
      vertex -4.60453 2.90211 -6.8715
      vertex -4.5646 2.90211 -6.74862
    endloop
  endfacet
  facet normal -0.0850654 0.977917 -0.190896
    outer loop
      vertex -4.19098 2.90211 -13.5878
      vertex -4.30902 2.90211 -13.5352
      vertex -4.10453 2.98904 -13.181
    endloop
  endfacet
  facet normal 8.4234e-06 0.307389 -0.951584
    outer loop
      vertex -4.20449 1.41582 -14.9456
      vertex 1.19098 1.81347 -14.8171
      vertex 1.38197 1.55033 -14.9021
    endloop
  endfacet
  facet normal 0 0.307705 -0.951482
    outer loop
      vertex -4.20449 1.41582 -14.9456
      vertex 1.38197 1.55033 -14.9021
      vertex 1.58645 1.41582 -14.9456
    endloop
  endfacet
  facet normal 0 0.307492 -0.951551
    outer loop
      vertex 1.19098 1.81347 -14.8171
      vertex -4.20449 1.41582 -14.9456
      vertex -4.19098 1.81347 -14.8171
    endloop
  endfacet
  facet normal -0.206717 0.104039 -0.972854
    outer loop
      vertex -4.20906 1 -14.989
      vertex -4.61803 1 -14.9021
      vertex -4.60453 1.41582 -14.8605
    endloop
  endfacet
  facet normal -0.404601 0.104031 -0.908557
    outer loop
      vertex -4.61803 1 -14.9021
      vertex -5 1 -14.732
      vertex -4.60453 1.41582 -14.8605
    endloop
  endfacet
  facet normal -7.28081e-07 0.667183 -0.744893
    outer loop
      vertex -4.16913 2.17557 -14.6092
      vertex 0.521853 2.48629 -14.3309
      vertex 0.661739 2.31279 -14.4863
    endloop
  endfacet
  facet normal 0 0.667169 -0.744906
    outer loop
      vertex -4.16913 2.17557 -14.6092
      vertex 0.661739 2.31279 -14.4863
      vertex 0.83087 2.17557 -14.6092
    endloop
  endfacet
  facet normal 0 0.667177 -0.744899
    outer loop
      vertex 0.521853 2.48629 -14.3309
      vertex -4.16913 2.17557 -14.6092
      vertex -4.13989 2.48629 -14.3309
    endloop
  endfacet
  facet normal -0.437986 0.667104 -0.602611
    outer loop
      vertex -4.80902 2.17557 -14.4013
      vertex -5.08268 2.17557 -14.2024
      vertex -4.66913 2.48629 -14.159
    endloop
  endfacet
  facet normal -0.122468 0.807482 -0.57704
    outer loop
      vertex -4.13989 2.48629 -14.3309
      vertex -4.30902 2.73205 -13.9511
      vertex -4.10453 2.73205 -13.9945
    endloop
  endfacet
  facet normal -1.06202e-05 0.912768 -0.408478
    outer loop
      vertex -4.10453 2.73205 -13.9945
      vertex 0.108307 2.90211 -13.6146
      vertex 0.17291 2.8131 -13.8135
    endloop
  endfacet
  facet normal 0 0.912675 -0.408687
    outer loop
      vertex -4.10453 2.73205 -13.9945
      vertex 0.17291 2.8131 -13.8135
      vertex 0.277438 2.73205 -13.9945
    endloop
  endfacet
  facet normal 0 0.912724 -0.408576
    outer loop
      vertex 0.108307 2.90211 -13.6146
      vertex -4.10453 2.73205 -13.9945
      vertex -4.0646 2.90211 -13.6146
    endloop
  endfacet
  facet normal 0.559308 -0.307384 -0.769863
    outer loop
      vertex 15.2226 -2.81347 -14.3578
      vertex 14.9781 -2.41582 -14.6942
      vertex 15.309 -2.41582 -14.4538
    endloop
  endfacet
  facet normal 0.404459 -0.103901 -0.908635
    outer loop
      vertex 14.9781 -2.41582 -14.6942
      vertex 14.6045 -2.41582 -14.8605
      vertex 15 -2 -14.732
    endloop
  endfacet
  facet normal -0.945908 0.103988 -0.307319
    outer loop
      vertex -5.82709 1 -13.8135
      vertex -5.9563 1 -13.4158
      vertex -5.78716 1.41582 -13.7957
    endloop
  endfacet
  facet normal -0.946342 0.307469 -0.0994974
    outer loop
      vertex -5.91354 1.41582 -13.4067
      vertex -5.9563 1.41582 -13
      vertex -5.78716 1.81347 -13.3799
    endloop
  endfacet
  facet normal -0.084977 0.977915 0.190947
    outer loop
      vertex -4.10453 2.98904 -6.81895
      vertex -4.19098 2.90211 -6.41222
      vertex -4.0646 2.98904 -6.80118
    endloop
  endfacet
  facet normal -0.346729 0.807483 0.477231
    outer loop
      vertex -4.5 2.73205 -6.13398
      vertex -4.66913 2.73205 -6.25686
      vertex -4.66913 2.48629 -5.84103
    endloop
  endfacet
  facet normal -0.437889 0.667101 0.602686
    outer loop
      vertex -4.89547 2.48629 -6.00548
      vertex -5.08268 2.17557 -5.79757
      vertex -4.66913 2.48629 -5.84103
    endloop
  endfacet
  facet normal -0.43837 0.80748 0.394724
    outer loop
      vertex -4.66913 2.73205 -6.25686
      vertex -5.08268 2.48629 -6.21339
      vertex -4.89547 2.48629 -6.00548
    endloop
  endfacet
  facet normal -0.561017 0.807481 0.182303
    outer loop
      vertex -4.97815 2.73205 -6.79209
      vertex -5.22256 2.48629 -6.45568
      vertex -4.91354 2.73205 -6.59326
    endloop
  endfacet
  facet normal -0.586666 0.807479 0.0616522
    outer loop
      vertex -4.97815 2.73205 -6.79209
      vertex -5.33826 2.48629 -7
      vertex -5.30902 2.48629 -6.72176
    endloop
  endfacet
  facet normal -0.303644 0.912713 0.273413
    outer loop
      vertex -4.5 2.90211 -6.63673
      vertex -4.80902 2.73205 -6.41222
      vertex -4.41354 2.90211 -6.54071
    endloop
  endfacet
  facet normal -0.353862 0.912713 0.204296
    outer loop
      vertex -4.5646 2.90211 -6.74862
      vertex -4.91354 2.73205 -6.59326
      vertex -4.80902 2.73205 -6.41222
    endloop
  endfacet
  facet normal -0.708502 0.667103 0.230214
    outer loop
      vertex -5.22256 2.48629 -6.45568
      vertex -5.58268 2.17557 -6.66359
      vertex -5.47815 2.17557 -6.34189
    endloop
  endfacet
  facet normal -0.740889 0.667099 0.0778594
    outer loop
      vertex -5.33826 2.48629 -7
      vertex -5.58268 2.17557 -6.66359
      vertex -5.30902 2.48629 -6.72176
    endloop
  endfacet
  facet normal -0.707139 0.307497 0.636711
    outer loop
      vertex -5.22256 1.81347 -5.64221
      vertex -5.58268 1.41582 -5.85012
      vertex -5.30902 1.41582 -5.54619
    endloop
  endfacet
  facet normal -0.904982 0.307482 0.294045
    outer loop
      vertex -5.66913 1.81347 -6.25686
      vertex -5.91354 1.41582 -6.59326
      vertex -5.78716 1.41582 -6.2043
    endloop
  endfacet
  facet normal -0.303645 0.912714 0.27341
    outer loop
      vertex -4.41354 2.90211 -6.54071
      vertex -4.80902 2.73205 -6.41222
      vertex -4.66913 2.73205 -6.25686
    endloop
  endfacet
  facet normal 0.994523 -0.104518 0
    outer loop
      vertex 15.9563 -2.41582 -1
      vertex 16 -2 -13
      vertex 16 -2 -1
    endloop
  endfacet
  facet normal 0.994523 -0.104518 0
    outer loop
      vertex 16 -2 -13
      vertex 15.9563 -2.41582 -1
      vertex 15.9563 -2.41582 -13
    endloop
  endfacet
  facet normal 0.945957 -0.104088 -0.307132
    outer loop
      vertex 15.9135 -2.41582 -13.4067
      vertex 15.7872 -2.41582 -13.7957
      vertex 15.9563 -2 -13.4158
    endloop
  endfacet
  facet normal 0.989135 -0.103952 -0.103957
    outer loop
      vertex 15.9563 -2.41582 -13
      vertex 15.9563 -2 -13.4158
      vertex 16 -2 -13
    endloop
  endfacet
  facet normal 0.155511 -0.977903 -0.139721
    outer loop
      vertex 14.1691 -3.98904 -13.1229
      vertex 14.1399 -3.98904 -13.1554
      vertex 14.4135 -3.90211 -13.4593
    endloop
  endfacet
  facet normal -0 0.307492 0.951551
    outer loop
      vertex -4.19098 1.81347 -5.18292
      vertex 0 1.41582 -5.05442
      vertex 0 1.81347 -5.18292
    endloop
  endfacet
  facet normal 0 0.307492 0.951551
    outer loop
      vertex 0 1.41582 -5.05442
      vertex -4.19098 1.81347 -5.18292
      vertex -4.20449 1.41582 -5.05442
    endloop
  endfacet
  facet normal -0.404525 0.103945 0.9086
    outer loop
      vertex -4.60453 1.41582 -5.13945
      vertex -5 1 -5.26795
      vertex -4.61803 1 -5.09789
    endloop
  endfacet
  facet normal -0.387039 0.307483 0.869284
    outer loop
      vertex -4.91354 1.81347 -5.41769
      vertex -4.97815 1.41582 -5.3058
      vertex -4.60453 1.41582 -5.13945
    endloop
  endfacet
  facet normal 0.0851489 -0.977916 -0.190867
    outer loop
      vertex 14.1045 -3.98904 -13.181
      vertex 14.0646 -3.98904 -13.1988
      vertex 14.191 -3.90211 -13.5878
    endloop
  endfacet
  facet normal 0.166347 -0.912727 -0.373174
    outer loop
      vertex 14.309 -3.90211 -13.5352
      vertex 14.191 -3.90211 -13.5878
      vertex 14.5 -3.73205 -13.866
    endloop
  endfacet
  facet normal 0.586616 -0.807504 -0.0617936
    outer loop
      vertex 15 -3.73205 -13
      vertex 14.9781 -3.73205 -13.2079
      vertex 15.3383 -3.48629 -13
    endloop
  endfacet
  facet normal 0.406331 -0.912728 -0.0426885
    outer loop
      vertex 14.618 -3.90211 -13
      vertex 14.6045 -3.90211 -13.1285
      vertex 15 -3.73205 -13
    endloop
  endfacet
  facet normal 0.207947 -0.97814 0
    outer loop
      vertex 14.2091 -3.98904 -13
      vertex 14.618 -3.90211 -1
      vertex 14.2091 -3.98904 -1
    endloop
  endfacet
  facet normal 0.207947 -0.97814 0
    outer loop
      vertex 14.618 -3.90211 -1
      vertex 14.2091 -3.98904 -13
      vertex 14.618 -3.90211 -13
    endloop
  endfacet
  facet normal 0.180968 -0.977914 -0.10457
    outer loop
      vertex 14.191 -3.98904 -13.085
      vertex 14.1691 -3.98904 -13.1229
      vertex 14.5646 -3.90211 -13.2514
    endloop
  endfacet
  facet normal 0.155014 -0.667156 -0.728611
    outer loop
      vertex 14.5 -3.17557 -14.5388
      vertex 14.1399 -3.48629 -14.3309
      vertex 14.1691 -3.17557 -14.6092
    endloop
  endfacet
  facet normal 0.154765 -0.666999 -0.728807
    outer loop
      vertex 14.4135 -3.48629 -14.2728
      vertex 14.1399 -3.48629 -14.3309
      vertex 14.5 -3.17557 -14.5388
    endloop
  endfacet
  facet normal 0.510922 -0.807491 -0.294817
    outer loop
      vertex 14.9135 -3.73205 -13.4067
      vertex 14.809 -3.73205 -13.5878
      vertex 15.0827 -3.48629 -13.7866
    endloop
  endfacet
  facet normal 0.824017 -0.30766 -0.475753
    outer loop
      vertex 15.6691 -2.81347 -13.7431
      vertex 15.5827 -2.41582 -14.1499
      vertex 15.7872 -2.41582 -13.7957
    endloop
  endfacet
  facet normal 0.553586 -0.667103 -0.498514
    outer loop
      vertex 15.0827 -3.48629 -13.7866
      vertex 15.0827 -3.17557 -14.2024
      vertex 15.309 -3.17557 -13.9511
    endloop
  endfacet
  facet normal 0.240238 -0.912702 -0.330547
    outer loop
      vertex 14.6691 -3.73205 -13.7431
      vertex 14.4135 -3.90211 -13.4593
      vertex 14.5 -3.73205 -13.866
    endloop
  endfacet
  facet normal 0.180446 -0.498077 -0.84815
    outer loop
      vertex 14.5 -3.17557 -14.5388
      vertex 14.1691 -3.17557 -14.6092
      vertex 14.5646 -2.81347 -14.7377
    endloop
  endfacet
  facet normal 0.18028 -0.497937 -0.848268
    outer loop
      vertex 14.5646 -2.81347 -14.7377
      vertex 14.1691 -3.17557 -14.6092
      vertex 14.191 -2.81347 -14.8171
    endloop
  endfacet
  facet normal 0.352535 -0.498069 -0.792242
    outer loop
      vertex 14.809 -3.17557 -14.4013
      vertex 14.5 -3.17557 -14.5388
      vertex 14.5646 -2.81347 -14.7377
    endloop
  endfacet
  facet normal 0.352862 -0.497843 -0.792237
    outer loop
      vertex 14.809 -3.17557 -14.4013
      vertex 14.5646 -2.81347 -14.7377
      vertex 14.9135 -2.81347 -14.5823
    endloop
  endfacet
  facet normal 0.388643 -0.912708 -0.126175
    outer loop
      vertex 14.6045 -3.90211 -13.1285
      vertex 14.5646 -3.90211 -13.2514
      vertex 14.9781 -3.73205 -13.2079
    endloop
  endfacet
  facet normal 0.388648 -0.91269 -0.126291
    outer loop
      vertex 14.9781 -3.73205 -13.2079
      vertex 14.5646 -3.90211 -13.2514
      vertex 14.9135 -3.73205 -13.4067
    endloop
  endfacet
  facet normal 0.346711 -0.807524 -0.477175
    outer loop
      vertex 14.6691 -3.73205 -13.7431
      vertex 14.6691 -3.48629 -14.159
      vertex 14.8955 -3.48629 -13.9945
    endloop
  endfacet
  facet normal 0.437909 -0.667083 -0.602691
    outer loop
      vertex 14.8955 -3.48629 -13.9945
      vertex 14.6691 -3.48629 -14.159
      vertex 15.0827 -3.17557 -14.2024
    endloop
  endfacet
  facet normal -0.644487 0.497976 -0.58022
    outer loop
      vertex -5.22256 1.81347 -14.3578
      vertex -5.47815 1.81347 -14.0739
      vertex -5.08268 2.17557 -14.2024
    endloop
  endfacet
  facet normal -0.707164 0.30757 -0.636647
    outer loop
      vertex -5.22256 1.81347 -14.3578
      vertex -5.58268 1.41582 -14.1499
      vertex -5.47815 1.81347 -14.0739
    endloop
  endfacet
  facet normal -0.861348 0.103999 -0.497257
    outer loop
      vertex -5.58268 1.41582 -14.1499
      vertex -5.82709 1 -13.8135
      vertex -5.78716 1.41582 -13.7957
    endloop
  endfacet
  facet normal -0.866024 0.500003 0
    outer loop
      vertex -5.82709 1.81347 -13
      vertex -5.61803 2.17557 -7
      vertex -5.61803 2.17557 -13
    endloop
  endfacet
  facet normal -0.866024 0.500003 0
    outer loop
      vertex -5.61803 2.17557 -7
      vertex -5.82709 1.81347 -13
      vertex -5.82709 1.81347 -7
    endloop
  endfacet
  facet normal -0.559278 0.307506 -0.769836
    outer loop
      vertex -4.97815 1.41582 -14.6942
      vertex -5.22256 1.81347 -14.3578
      vertex -4.91354 1.81347 -14.5823
    endloop
  endfacet
  facet normal -0.509693 0.497989 -0.701583
    outer loop
      vertex -4.91354 1.81347 -14.5823
      vertex -5.22256 1.81347 -14.3578
      vertex -5.08268 2.17557 -14.2024
    endloop
  endfacet
  facet normal -0.584612 0.103997 -0.80462
    outer loop
      vertex -4.97815 1.41582 -14.6942
      vertex -5.33826 1 -14.4863
      vertex -5.30902 1.41582 -14.4538
    endloop
  endfacet
  facet normal -0.739083 0.103989 -0.665539
    outer loop
      vertex -5.33826 1 -14.4863
      vertex -5.58268 1.41582 -14.1499
      vertex -5.30902 1.41582 -14.4538
    endloop
  endfacet
  facet normal -0.388606 0.912713 -0.126257
    outer loop
      vertex -4.5646 2.90211 -13.2514
      vertex -4.97815 2.73205 -13.2079
      vertex -4.60453 2.90211 -13.1285
    endloop
  endfacet
  facet normal -0.198772 0.977915 0.0645996
    outer loop
      vertex -4.20449 2.98904 -6.95654
      vertex -4.60453 2.90211 -6.8715
      vertex -4.19098 2.98904 -6.91497
    endloop
  endfacet
  facet normal 2.04619e-05 0.497704 -0.867347
    outer loop
      vertex -4.19098 1.81347 -14.8171
      vertex 0.83087 2.17557 -14.6092
      vertex 1 1.96156 -14.732
    endloop
  endfacet
  facet normal 0 0.498243 -0.867037
    outer loop
      vertex -4.19098 1.81347 -14.8171
      vertex 1 1.96156 -14.732
      vertex 1.19098 1.81347 -14.8171
    endloop
  endfacet
  facet normal 0 0.497918 -0.867224
    outer loop
      vertex 0.83087 2.17557 -14.6092
      vertex -4.19098 1.81347 -14.8171
      vertex -4.16913 2.17557 -14.6092
    endloop
  endfacet
  facet normal -0.30305 0.667003 -0.680637
    outer loop
      vertex -4.5 2.17557 -14.5388
      vertex -4.66913 2.48629 -14.159
      vertex -4.41354 2.48629 -14.2728
    endloop
  endfacet
  facet normal -0.155026 0.667166 -0.728599
    outer loop
      vertex -4.16913 2.17557 -14.6092
      vertex -4.5 2.17557 -14.5388
      vertex -4.13989 2.48629 -14.3309
    endloop
  endfacet
  facet normal -0.553518 0.667139 -0.498541
    outer loop
      vertex -5.08268 2.17557 -14.2024
      vertex -5.30902 2.17557 -13.9511
      vertex -5.08268 2.48629 -13.7866
    endloop
  endfacet
  facet normal -0.645171 0.667129 -0.372416
    outer loop
      vertex -5.30902 2.17557 -13.9511
      vertex -5.47815 2.17557 -13.6581
      vertex -5.08268 2.48629 -13.7866
    endloop
  endfacet
  facet normal -0.240069 0.807531 -0.538758
    outer loop
      vertex -4.30902 2.73205 -13.9511
      vertex -4.66913 2.48629 -14.159
      vertex -4.5 2.73205 -13.866
    endloop
  endfacet
  facet normal -0.166301 0.91272 -0.37321
    outer loop
      vertex -4.30902 2.73205 -13.9511
      vertex -4.5 2.73205 -13.866
      vertex -4.19098 2.90211 -13.5878
    endloop
  endfacet
  facet normal 0.206968 -0.103825 -0.972823
    outer loop
      vertex 14.6045 -2.41582 -14.8605
      vertex 14.2045 -2.41582 -14.9456
      vertex 14.2091 -2 -14.989
    endloop
  endfacet
  facet normal 0.206751 -0.104039 -0.972846
    outer loop
      vertex 14.6045 -2.41582 -14.8605
      vertex 14.2091 -2 -14.989
      vertex 14.618 -2 -14.9021
    endloop
  endfacet
  facet normal 0.739026 -0.104096 -0.665586
    outer loop
      vertex 15.5827 -2.41582 -14.1499
      vertex 15.309 -2.41582 -14.4538
      vertex 15.3383 -2 -14.4863
    endloop
  endfacet
  facet normal 0.43828 -0.807483 -0.394819
    outer loop
      vertex 14.809 -3.73205 -13.5878
      vertex 14.6691 -3.73205 -13.7431
      vertex 15.0827 -3.48629 -13.7866
    endloop
  endfacet
  facet normal -0.861331 0.10396 -0.497293
    outer loop
      vertex -5.61803 1 -14.1756
      vertex -5.82709 1 -13.8135
      vertex -5.58268 1.41582 -14.1499
    endloop
  endfacet
  facet normal -0.989126 0.103991 -0.103996
    outer loop
      vertex -5.91354 1.41582 -13.4067
      vertex -5.9563 1 -13.4158
      vertex -5.9563 1.41582 -13
    endloop
  endfacet
  facet normal -0.24017 0.912713 0.330565
    outer loop
      vertex -4.41354 2.90211 -6.54071
      vertex -4.66913 2.73205 -6.25686
      vertex -4.5 2.73205 -6.13398
    endloop
  endfacet
  facet normal -0.553608 0.667102 0.49849
    outer loop
      vertex -4.89547 2.48629 -6.00548
      vertex -5.08268 2.48629 -6.21339
      vertex -5.08268 2.17557 -5.79757
    endloop
  endfacet
  facet normal -0.751038 0.497934 0.433595
    outer loop
      vertex -5.47815 2.17557 -6.34189
      vertex -5.66913 1.81347 -6.25686
      vertex -5.47815 1.81347 -5.92606
    endloop
  endfacet
  facet normal -0.645167 0.667102 0.372471
    outer loop
      vertex -5.22256 2.48629 -6.45568
      vertex -5.47815 2.17557 -6.34189
      vertex -5.08268 2.48629 -6.21339
    endloop
  endfacet
  facet normal -0.510869 0.80748 0.294937
    outer loop
      vertex -4.91354 2.73205 -6.59326
      vertex -5.22256 2.48629 -6.45568
      vertex -5.08268 2.48629 -6.21339
    endloop
  endfacet
  facet normal -0.207864 0.977914 0.0218378
    outer loop
      vertex -4.20906 2.98904 -7
      vertex -4.61803 2.90211 -7
      vertex -4.60453 2.90211 -6.8715
    endloop
  endfacet
  facet normal -0.303623 0.912709 -0.273451
    outer loop
      vertex -4.41354 2.90211 -13.4593
      vertex -4.80902 2.73205 -13.5878
      vertex -4.5 2.90211 -13.3633
    endloop
  endfacet
  facet normal -0.207858 0.977915 0.0218571
    outer loop
      vertex -4.20906 2.98904 -7
      vertex -4.60453 2.90211 -6.8715
      vertex -4.20449 2.98904 -6.95654
    endloop
  endfacet
  facet normal -0.207913 0.978147 0
    outer loop
      vertex -4.20906 2.98904 -13
      vertex -4.61803 2.90211 -7
      vertex -4.20906 2.98904 -7
    endloop
  endfacet
  facet normal -0.207913 0.978147 0
    outer loop
      vertex -4.61803 2.90211 -7
      vertex -4.20906 2.98904 -13
      vertex -4.61803 2.90211 -13
    endloop
  endfacet
  facet normal -0.86246 0.497945 0.0906274
    outer loop
      vertex -5.61803 2.17557 -7
      vertex -5.82709 1.81347 -7
      vertex -5.58268 2.17557 -6.66359
    endloop
  endfacet
  facet normal -0.740893 0.667095 0.0778532
    outer loop
      vertex -5.33826 2.48629 -7
      vertex -5.61803 2.17557 -7
      vertex -5.58268 2.17557 -6.66359
    endloop
  endfacet
  facet normal -0.946335 0.307497 0.099474
    outer loop
      vertex -5.82709 1.81347 -7
      vertex -5.9563 1.41582 -7
      vertex -5.78716 1.81347 -6.62013
    endloop
  endfacet
  facet normal -0.946338 0.307485 0.0994872
    outer loop
      vertex -5.78716 1.81347 -6.62013
      vertex -5.9563 1.41582 -7
      vertex -5.91354 1.41582 -6.59326
    endloop
  endfacet
  facet normal -0.739123 0.103951 0.665501
    outer loop
      vertex -5.58268 1.41582 -5.85012
      vertex -5.61803 1 -5.82443
      vertex -5.33826 1 -5.51371
    endloop
  endfacet
  facet normal -0.861332 0.103948 0.497294
    outer loop
      vertex -5.58268 1.41582 -5.85012
      vertex -5.82709 1 -6.18653
      vertex -5.61803 1 -5.82443
    endloop
  endfacet
  facet normal -0.206783 0.103951 0.972849
    outer loop
      vertex -4.20449 1.41582 -5.05442
      vertex -4.60453 1.41582 -5.13945
      vertex -4.20906 1 -5.01096
    endloop
  endfacet
  facet normal -0.197836 0.307494 0.930757
    outer loop
      vertex -4.19098 1.81347 -5.18292
      vertex -4.60453 1.41582 -5.13945
      vertex -4.20449 1.41582 -5.05442
    endloop
  endfacet
  facet normal -0.40454 0.103962 0.908592
    outer loop
      vertex -4.97815 1.41582 -5.3058
      vertex -5 1 -5.26795
      vertex -4.60453 1.41582 -5.13945
    endloop
  endfacet
  facet normal -0.5846 0.103961 0.804634
    outer loop
      vertex -4.97815 1.41582 -5.3058
      vertex -5.33826 1 -5.51371
      vertex -5 1 -5.26795
    endloop
  endfacet
  facet normal 0.198783 -0.977908 -0.0646642
    outer loop
      vertex 14.2045 -3.98904 -13.0435
      vertex 14.191 -3.98904 -13.085
      vertex 14.6045 -3.90211 -13.1285
    endloop
  endfacet
  facet normal 0.198797 -0.977913 -0.0645402
    outer loop
      vertex 14.6045 -3.90211 -13.1285
      vertex 14.191 -3.98904 -13.085
      vertex 14.5646 -3.90211 -13.2514
    endloop
  endfacet
  facet normal 0.12252 -0.977898 -0.169422
    outer loop
      vertex 14.1399 -3.98904 -13.1554
      vertex 14.1045 -3.98904 -13.181
      vertex 14.4135 -3.90211 -13.4593
    endloop
  endfacet
  facet normal 0.180995 -0.977918 -0.104489
    outer loop
      vertex 14.5646 -3.90211 -13.2514
      vertex 14.1691 -3.98904 -13.1229
      vertex 14.5 -3.90211 -13.3633
    endloop
  endfacet
  facet normal 0.155267 -0.977916 -0.139902
    outer loop
      vertex 14.5 -3.90211 -13.3633
      vertex 14.1691 -3.98904 -13.1229
      vertex 14.4135 -3.90211 -13.4593
    endloop
  endfacet
  facet normal 0.862455 -0.497963 -0.0905816
    outer loop
      vertex 15.8271 -2.81347 -13
      vertex 15.5827 -3.17557 -13.3364
      vertex 15.7872 -2.81347 -13.3799
    endloop
  endfacet
  facet normal 0.862429 -0.498022 -0.0904986
    outer loop
      vertex 15.618 -3.17557 -13
      vertex 15.5827 -3.17557 -13.3364
      vertex 15.8271 -2.81347 -13
    endloop
  endfacet
  facet normal 0.645238 -0.66708 -0.372388
    outer loop
      vertex 15.4781 -3.17557 -13.6581
      vertex 15.0827 -3.48629 -13.7866
      vertex 15.309 -3.17557 -13.9511
    endloop
  endfacet
  facet normal 0.70709 -0.307375 -0.636823
    outer loop
      vertex 15.5827 -2.41582 -14.1499
      vertex 15.2226 -2.81347 -14.3578
      vertex 15.309 -2.41582 -14.4538
    endloop
  endfacet
  facet normal -0.951053 0.309029 0
    outer loop
      vertex -5.9563 1.41582 -13
      vertex -5.82709 1.81347 -7
      vertex -5.82709 1.81347 -13
    endloop
  endfacet
  facet normal -0.951053 0.309029 0
    outer loop
      vertex -5.82709 1.81347 -7
      vertex -5.9563 1.41582 -13
      vertex -5.9563 1.41582 -7
    endloop
  endfacet
  facet normal -0.181007 0.977915 0.104492
    outer loop
      vertex -4.19098 2.98904 -6.91497
      vertex -4.5646 2.90211 -6.74862
      vertex -4.16913 2.98904 -6.87712
    endloop
  endfacet
  facet normal -0.353857 0.912714 0.2043
    outer loop
      vertex -4.5646 2.90211 -6.74862
      vertex -4.80902 2.73205 -6.41222
      vertex -4.5 2.90211 -6.63673
    endloop
  endfacet
  facet normal -0.38714 0.307325 -0.869295
    outer loop
      vertex -4.60453 1.41582 -14.8605
      vertex -4.91354 1.81347 -14.5823
      vertex -4.5646 1.81347 -14.7377
    endloop
  endfacet
  facet normal -0.302849 0.667103 -0.680629
    outer loop
      vertex -4.5 2.17557 -14.5388
      vertex -4.80902 2.17557 -14.4013
      vertex -4.66913 2.48629 -14.159
    endloop
  endfacet
  facet normal -0.388608 0.912706 -0.126298
    outer loop
      vertex -4.91354 2.73205 -13.4067
      vertex -4.97815 2.73205 -13.2079
      vertex -4.5646 2.90211 -13.2514
    endloop
  endfacet
  facet normal -0.553602 0.667094 -0.498508
    outer loop
      vertex -4.89547 2.48629 -13.9945
      vertex -5.08268 2.17557 -14.2024
      vertex -5.08268 2.48629 -13.7866
    endloop
  endfacet
  facet normal -0.240082 0.912719 -0.330611
    outer loop
      vertex -4.30902 2.90211 -13.5352
      vertex -4.5 2.73205 -13.866
      vertex -4.41354 2.90211 -13.4593
    endloop
  endfacet
  facet normal -0.743149 0.669126 0
    outer loop
      vertex -5.61803 2.17557 -13
      vertex -5.33826 2.48629 -7
      vertex -5.33826 2.48629 -13
    endloop
  endfacet
  facet normal -0.743149 0.669126 0
    outer loop
      vertex -5.33826 2.48629 -7
      vertex -5.61803 2.17557 -13
      vertex -5.61803 2.17557 -7
    endloop
  endfacet
  facet normal -0.406358 0.912716 -0.0426913
    outer loop
      vertex -4.60453 2.90211 -13.1285
      vertex -5 2.73205 -13
      vertex -4.61803 2.90211 -13
    endloop
  endfacet
  facet normal -0.406362 0.912713 -0.0427081
    outer loop
      vertex -4.97815 2.73205 -13.2079
      vertex -5 2.73205 -13
      vertex -4.60453 2.90211 -13.1285
    endloop
  endfacet
  facet normal -0.239944 0.807471 -0.538903
    outer loop
      vertex -4.41354 2.48629 -14.2728
      vertex -4.66913 2.48629 -14.159
      vertex -4.30902 2.73205 -13.9511
    endloop
  endfacet
  facet normal -0.122517 0.807466 -0.577051
    outer loop
      vertex -4.13989 2.48629 -14.3309
      vertex -4.41354 2.48629 -14.2728
      vertex -4.30902 2.73205 -13.9511
    endloop
  endfacet
  facet normal 6.24958e-06 -0.807564 -0.58978
    outer loop
      vertex 14.1399 -3.48629 -14.3309
      vertex 3.72256 -3.73205 -13.9945
      vertex 3.61803 -3.59979 -14.1756
    endloop
  endfacet
  facet normal -0 -0.807363 -0.590056
    outer loop
      vertex 14.1399 -3.48629 -14.3309
      vertex 3.61803 -3.59979 -14.1756
      vertex 3.47815 -3.48629 -14.3309
    endloop
  endfacet
  facet normal 0 -0.807472 -0.589906
    outer loop
      vertex 3.72256 -3.73205 -13.9945
      vertex 14.1399 -3.48629 -14.3309
      vertex 14.1045 -3.73205 -13.9945
    endloop
  endfacet
  facet normal -0.904981 0.307439 -0.294094
    outer loop
      vertex -5.66913 1.81347 -13.7431
      vertex -5.91354 1.41582 -13.4067
      vertex -5.78716 1.81347 -13.3799
    endloop
  endfacet
  facet normal -0.945909 0.103996 -0.307311
    outer loop
      vertex -5.78716 1.41582 -13.7957
      vertex -5.9563 1 -13.4158
      vertex -5.91354 1.41582 -13.4067
    endloop
  endfacet
  facet normal -0.240175 0.912712 0.330564
    outer loop
      vertex -4.41354 2.90211 -6.54071
      vertex -4.5 2.73205 -6.13398
      vertex -4.30902 2.90211 -6.46477
    endloop
  endfacet
  facet normal -0.166181 0.912712 0.373284
    outer loop
      vertex -4.30902 2.90211 -6.46477
      vertex -4.5 2.73205 -6.13398
      vertex -4.19098 2.90211 -6.41222
    endloop
  endfacet
  facet normal -0.155392 0.97791 -0.139805
    outer loop
      vertex -4.13989 2.98904 -13.1554
      vertex -4.41354 2.90211 -13.4593
      vertex -4.16913 2.98904 -13.1229
    endloop
  endfacet
  facet normal -0.437888 0.6671 0.602687
    outer loop
      vertex -4.66913 2.48629 -5.84103
      vertex -5.08268 2.17557 -5.79757
      vertex -4.80902 2.17557 -5.59874
    endloop
  endfacet
  facet normal -0.509744 0.497931 0.701588
    outer loop
      vertex -4.80902 2.17557 -5.59874
      vertex -5.08268 2.17557 -5.79757
      vertex -4.91354 1.81347 -5.41769
    endloop
  endfacet
  facet normal -0.644456 0.497931 0.580294
    outer loop
      vertex -5.08268 2.17557 -5.79757
      vertex -5.47815 1.81347 -5.92606
      vertex -5.22256 1.81347 -5.64221
    endloop
  endfacet
  facet normal -0.739118 0.103957 0.665505
    outer loop
      vertex -5.30902 1.41582 -5.54619
      vertex -5.58268 1.41582 -5.85012
      vertex -5.33826 1 -5.51371
    endloop
  endfacet
  facet normal -0.387035 0.307487 0.869285
    outer loop
      vertex -4.5646 1.81347 -5.26233
      vertex -4.91354 1.81347 -5.41769
      vertex -4.60453 1.41582 -5.13945
    endloop
  endfacet
  facet normal -0.197826 0.307485 0.930762
    outer loop
      vertex -4.5646 1.81347 -5.26233
      vertex -4.60453 1.41582 -5.13945
      vertex -4.19098 1.81347 -5.18292
    endloop
  endfacet
  facet normal 0.207854 -0.977913 -0.02198
    outer loop
      vertex 14.2091 -3.98904 -13
      vertex 14.2045 -3.98904 -13.0435
      vertex 14.6045 -3.90211 -13.1285
    endloop
  endfacet
  facet normal 0 -1 0
    outer loop
      vertex 13.1 -3.98904 -2.75
      vertex 14.0219 -3.98904 -0.792089
      vertex 11.1421 -3.98904 -0.792089
    endloop
  endfacet
  facet normal -0 -1 0
    outer loop
      vertex 14.2091 -3.98904 -1
      vertex 14.0219 -3.98904 -0.792089
      vertex 13.1 -3.98904 -2.75
    endloop
  endfacet
  facet normal 0 -1 0
    outer loop
      vertex 14.0646 -3.98904 -0.801175
      vertex 14.2091 -3.98904 -1
      vertex 14.1045 -3.98904 -0.818952
    endloop
  endfacet
  facet normal 0 -1 0
    outer loop
      vertex 14.1045 -3.98904 -0.818952
      vertex 14.2091 -3.98904 -1
      vertex 14.1399 -3.98904 -0.844641
    endloop
  endfacet
  facet normal 0 -1 0
    outer loop
      vertex 14.1399 -3.98904 -0.844641
      vertex 14.2091 -3.98904 -1
      vertex 14.1691 -3.98904 -0.87712
    endloop
  endfacet
  facet normal 0 -1 0
    outer loop
      vertex 14.191 -3.98904 -0.914969
      vertex 14.2091 -3.98904 -1
      vertex 14.2045 -3.98904 -0.956535
    endloop
  endfacet
  facet normal 0 -1 0
    outer loop
      vertex 14.1691 -3.98904 -0.87712
      vertex 14.2091 -3.98904 -1
      vertex 14.191 -3.98904 -0.914969
    endloop
  endfacet
  facet normal 0 -1 0
    outer loop
      vertex 14.0219 -3.98904 -0.792089
      vertex 14.2091 -3.98904 -1
      vertex 14.0646 -3.98904 -0.801175
    endloop
  endfacet
  facet normal 0 -1 0
    outer loop
      vertex 13.1 -3.98904 -6.05
      vertex 14.2091 -3.98904 -1
      vertex 13.1 -3.98904 -2.75
    endloop
  endfacet
  facet normal 0 -1 0
    outer loop
      vertex 3.9563 -3.98904 -6.58418
      vertex 13.1 -3.98904 -6.05
      vertex 3.82709 -3.98904 -6.18653
    endloop
  endfacet
  facet normal 0 -1 0
    outer loop
      vertex 4 -3.98904 -7
      vertex 13.1 -3.98904 -6.05
      vertex 3.9563 -3.98904 -6.58418
    endloop
  endfacet
  facet normal 0 -1 0
    outer loop
      vertex 4 -3.98904 -13
      vertex 13.1 -3.98904 -6.05
      vertex 4 -3.98904 -7
    endloop
  endfacet
  facet normal 0 -1 0
    outer loop
      vertex 13.1 -3.98904 -6.05
      vertex 14.2091 -3.98904 -13
      vertex 14.2091 -3.98904 -1
    endloop
  endfacet
  facet normal 0 -1 0
    outer loop
      vertex 14.0219 -3.98904 -13.2079
      vertex 13.1 -3.98904 -6.05
      vertex 4 -3.98904 -13
    endloop
  endfacet
  facet normal 0 -1 0
    outer loop
      vertex 13.1 -3.98904 -6.05
      vertex 14.0219 -3.98904 -13.2079
      vertex 14.2091 -3.98904 -13
    endloop
  endfacet
  facet normal 0 -1 0
    outer loop
      vertex 14.2091 -3.98904 -13
      vertex 14.0219 -3.98904 -13.2079
      vertex 14.2045 -3.98904 -13.0435
    endloop
  endfacet
  facet normal 0 -1 0
    outer loop
      vertex 14.2045 -3.98904 -13.0435
      vertex 14.0219 -3.98904 -13.2079
      vertex 14.191 -3.98904 -13.085
    endloop
  endfacet
  facet normal 0 -1 0
    outer loop
      vertex 14.191 -3.98904 -13.085
      vertex 14.0219 -3.98904 -13.2079
      vertex 14.1691 -3.98904 -13.1229
    endloop
  endfacet
  facet normal 0 -1 0
    outer loop
      vertex 14.1691 -3.98904 -13.1229
      vertex 14.0219 -3.98904 -13.2079
      vertex 14.1399 -3.98904 -13.1554
    endloop
  endfacet
  facet normal 0 -1 0
    outer loop
      vertex 14.1399 -3.98904 -13.1554
      vertex 14.0219 -3.98904 -13.2079
      vertex 14.1045 -3.98904 -13.181
    endloop
  endfacet
  facet normal 0 -1 0
    outer loop
      vertex 14.0219 -3.98904 -13.2079
      vertex 4 -3.98904 -13
      vertex 3.97815 -3.98904 -13.2079
    endloop
  endfacet
  facet normal 0 -1 0
    outer loop
      vertex 14.1045 -3.98904 -13.181
      vertex 14.0219 -3.98904 -13.2079
      vertex 14.0646 -3.98904 -13.1988
    endloop
  endfacet
  facet normal 0 -1 0
    outer loop
      vertex 3.74827 -3.98904 -6.05
      vertex 3.82709 -3.98904 -6.18653
      vertex 13.1 -3.98904 -6.05
    endloop
  endfacet
  facet normal 0 -1 0
    outer loop
      vertex 1.79094 -3.98904 -1
      vertex 1.97815 -3.98904 -0.792089
      vertex 1.9354 -3.98904 -0.801175
    endloop
  endfacet
  facet normal 0 -1 0
    outer loop
      vertex 1.79094 -3.98904 -1
      vertex 1.9354 -3.98904 -0.801175
      vertex 1.89547 -3.98904 -0.818952
    endloop
  endfacet
  facet normal 0 -1 0
    outer loop
      vertex 1.79094 -3.98904 -1
      vertex 1.89547 -3.98904 -0.818952
      vertex 1.86011 -3.98904 -0.844641
    endloop
  endfacet
  facet normal 0 -1 0
    outer loop
      vertex 1.79094 -3.98904 -1
      vertex 1.86011 -3.98904 -0.844641
      vertex 1.83087 -3.98904 -0.87712
    endloop
  endfacet
  facet normal 0 -1 0
    outer loop
      vertex 1.79094 -3.98904 -1
      vertex 1.83087 -3.98904 -0.87712
      vertex 1.80902 -3.98904 -0.914969
    endloop
  endfacet
  facet normal 0 -1 0
    outer loop
      vertex 1.79094 -3.98904 -1
      vertex 1.80902 -3.98904 -0.914969
      vertex 1.79551 -3.98904 -0.956535
    endloop
  endfacet
  facet normal 0 -1 -0
    outer loop
      vertex 1.97815 -3.98904 -0.792089
      vertex 1.79094 -3.98904 -1
      vertex 2.5 -3.98904 -0.792089
    endloop
  endfacet
  facet normal 0 -1 0
    outer loop
      vertex 2.20906 -3.98904 -5.01096
      vertex 1.79094 -3.98904 -1
      vertex 1.79094 -3.98904 -5.01096
    endloop
  endfacet
  facet normal 0 -1 0
    outer loop
      vertex 1.79094 -3.98904 -1
      vertex 2.20906 -3.98904 -5.01096
      vertex 2.5 -3.98904 -0.792089
    endloop
  endfacet
  facet normal 0 -1 -0
    outer loop
      vertex 2.5 -3.98904 -0.792089
      vertex 2.20906 -3.98904 -5.01096
      vertex 2.5 -3.98904 -5.0728
    endloop
  endfacet
  facet normal 0.509602 -0.498006 -0.701638
    outer loop
      vertex 15.0827 -3.17557 -14.2024
      vertex 14.9135 -2.81347 -14.5823
      vertex 15.2226 -2.81347 -14.3578
    endloop
  endfacet
  facet normal 0.644581 -0.497996 -0.5801
    outer loop
      vertex 15.4781 -2.81347 -14.0739
      vertex 15.0827 -3.17557 -14.2024
      vertex 15.2226 -2.81347 -14.3578
    endloop
  endfacet
  facet normal 0.824702 -0.497959 -0.26815
    outer loop
      vertex 15.5827 -3.17557 -13.3364
      vertex 15.4781 -3.17557 -13.6581
      vertex 15.6691 -2.81347 -13.7431
    endloop
  endfacet
  facet normal 0.708544 -0.667001 -0.230381
    outer loop
      vertex 15.5827 -3.17557 -13.3364
      vertex 15.2226 -3.48629 -13.5443
      vertex 15.4781 -3.17557 -13.6581
    endloop
  endfacet
  facet normal 0.553622 -0.667083 -0.4985
    outer loop
      vertex 15.0827 -3.48629 -13.7866
      vertex 14.8955 -3.48629 -13.9945
      vertex 15.0827 -3.17557 -14.2024
    endloop
  endfacet
  facet normal 0.438321 -0.807529 -0.394679
    outer loop
      vertex 15.0827 -3.48629 -13.7866
      vertex 14.6691 -3.73205 -13.7431
      vertex 14.8955 -3.48629 -13.9945
    endloop
  endfacet
  facet normal -0.122596 0.977904 -0.169335
    outer loop
      vertex -4.10453 2.98904 -13.181
      vertex -4.41354 2.90211 -13.4593
      vertex -4.13989 2.98904 -13.1554
    endloop
  endfacet
  facet normal -0.155337 0.977913 0.139842
    outer loop
      vertex -4.16913 2.98904 -6.87712
      vertex -4.41354 2.90211 -6.54071
      vertex -4.13989 2.98904 -6.84464
    endloop
  endfacet
  facet normal -0.12285 0.977914 0.169092
    outer loop
      vertex -4.13989 2.98904 -6.84464
      vertex -4.41354 2.90211 -6.54071
      vertex -4.10453 2.98904 -6.81895
    endloop
  endfacet
  facet normal -0.207864 0.977914 -0.0218377
    outer loop
      vertex -4.20449 2.98904 -13.0435
      vertex -4.60453 2.90211 -13.1285
      vertex -4.20906 2.98904 -13
    endloop
  endfacet
  facet normal -0.352826 0.497856 -0.792246
    outer loop
      vertex -4.5646 1.81347 -14.7377
      vertex -4.91354 1.81347 -14.5823
      vertex -4.80902 2.17557 -14.4013
    endloop
  endfacet
  facet normal -0.509889 0.497852 -0.701539
    outer loop
      vertex -4.91354 1.81347 -14.5823
      vertex -5.08268 2.17557 -14.2024
      vertex -4.80902 2.17557 -14.4013
    endloop
  endfacet
  facet normal -0.180462 0.498078 -0.848146
    outer loop
      vertex -4.16913 2.17557 -14.6092
      vertex -4.5646 1.81347 -14.7377
      vertex -4.5 2.17557 -14.5388
    endloop
  endfacet
  facet normal -0.180273 0.497919 -0.84828
    outer loop
      vertex -4.19098 1.81347 -14.8171
      vertex -4.5646 1.81347 -14.7377
      vertex -4.16913 2.17557 -14.6092
    endloop
  endfacet
  facet normal -0.438348 0.807492 -0.394724
    outer loop
      vertex -4.89547 2.48629 -13.9945
      vertex -5.08268 2.48629 -13.7866
      vertex -4.66913 2.73205 -13.7431
    endloop
  endfacet
  facet normal -0.207864 0.977914 -0.0218378
    outer loop
      vertex -4.60453 2.90211 -13.1285
      vertex -4.61803 2.90211 -13
      vertex -4.20906 2.98904 -13
    endloop
  endfacet
  facet normal -0.35391 0.912703 -0.204256
    outer loop
      vertex -4.80902 2.73205 -13.5878
      vertex -4.91354 2.73205 -13.4067
      vertex -4.5646 2.90211 -13.2514
    endloop
  endfacet
  facet normal -0.645168 0.667109 -0.372456
    outer loop
      vertex -5.08268 2.48629 -13.7866
      vertex -5.47815 2.17557 -13.6581
      vertex -5.22256 2.48629 -13.5443
    endloop
  endfacet
  facet normal -0.561034 0.807472 -0.182289
    outer loop
      vertex -5.22256 2.48629 -13.5443
      vertex -5.30902 2.48629 -13.2782
      vertex -4.97815 2.73205 -13.2079
    endloop
  endfacet
  facet normal -0.708499 0.667107 -0.230213
    outer loop
      vertex -5.47815 2.17557 -13.6581
      vertex -5.58268 2.17557 -13.3364
      vertex -5.22256 2.48629 -13.5443
    endloop
  endfacet
  facet normal -0.406362 0.912714 0.042706
    outer loop
      vertex -4.60453 2.90211 -6.8715
      vertex -5 2.73205 -7
      vertex -4.97815 2.73205 -6.79209
    endloop
  endfacet
  facet normal -0.586667 0.807478 0.0616549
    outer loop
      vertex -5 2.73205 -7
      vertex -5.33826 2.48629 -7
      vertex -4.97815 2.73205 -6.79209
    endloop
  endfacet
  facet normal -0.904983 0.307507 -0.294015
    outer loop
      vertex -5.78716 1.41582 -13.7957
      vertex -5.91354 1.41582 -13.4067
      vertex -5.66913 1.81347 -13.7431
    endloop
  endfacet
  facet normal -0.824074 0.30753 -0.475739
    outer loop
      vertex -5.58268 1.41582 -14.1499
      vertex -5.78716 1.41582 -13.7957
      vertex -5.66913 1.81347 -13.7431
    endloop
  endfacet
  facet normal -0.122853 0.977914 0.169089
    outer loop
      vertex -4.10453 2.98904 -6.81895
      vertex -4.41354 2.90211 -6.54071
      vertex -4.30902 2.90211 -6.46477
    endloop
  endfacet
  facet normal -0.0850046 0.977914 0.190941
    outer loop
      vertex -4.10453 2.98904 -6.81895
      vertex -4.30902 2.90211 -6.46477
      vertex -4.19098 2.90211 -6.41222
    endloop
  endfacet
  facet normal -0.122803 0.977917 -0.169109
    outer loop
      vertex -4.30902 2.90211 -13.5352
      vertex -4.41354 2.90211 -13.4593
      vertex -4.10453 2.98904 -13.181
    endloop
  endfacet
  facet normal -0.198769 0.977916 -0.0645798
    outer loop
      vertex -4.5646 2.90211 -13.2514
      vertex -4.60453 2.90211 -13.1285
      vertex -4.19098 2.98904 -13.085
    endloop
  endfacet
  facet normal -0.155319 0.977914 0.139855
    outer loop
      vertex -4.16913 2.98904 -6.87712
      vertex -4.5 2.90211 -6.63673
      vertex -4.41354 2.90211 -6.54071
    endloop
  endfacet
  facet normal -0.181004 0.977915 0.104503
    outer loop
      vertex -4.16913 2.98904 -6.87712
      vertex -4.5646 2.90211 -6.74862
      vertex -4.5 2.90211 -6.63673
    endloop
  endfacet
  facet normal -0.553614 0.6671 0.498488
    outer loop
      vertex -5.08268 2.48629 -6.21339
      vertex -5.30902 2.17557 -6.04894
      vertex -5.08268 2.17557 -5.79757
    endloop
  endfacet
  facet normal -0.645167 0.667099 0.372477
    outer loop
      vertex -5.08268 2.48629 -6.21339
      vertex -5.47815 2.17557 -6.34189
      vertex -5.30902 2.17557 -6.04894
    endloop
  endfacet
  facet normal -0.352716 0.497946 0.792238
    outer loop
      vertex -4.5 2.17557 -5.46116
      vertex -4.80902 2.17557 -5.59874
      vertex -4.5646 1.81347 -5.26233
    endloop
  endfacet
  facet normal -0.302998 0.667099 0.680567
    outer loop
      vertex -4.66913 2.48629 -5.84103
      vertex -4.80902 2.17557 -5.59874
      vertex -4.5 2.17557 -5.46116
    endloop
  endfacet
  facet normal 0.644488 -0.497798 -0.580373
    outer loop
      vertex 15.309 -3.17557 -13.9511
      vertex 15.0827 -3.17557 -14.2024
      vertex 15.4781 -2.81347 -14.0739
    endloop
  endfacet
  facet normal 0.707247 -0.307687 -0.636498
    outer loop
      vertex 15.4781 -2.81347 -14.0739
      vertex 15.2226 -2.81347 -14.3578
      vertex 15.5827 -2.41582 -14.1499
    endloop
  endfacet
  facet normal 0.437939 -0.667115 -0.602634
    outer loop
      vertex 15.0827 -3.17557 -14.2024
      vertex 14.6691 -3.48629 -14.159
      vertex 14.809 -3.17557 -14.4013
    endloop
  endfacet
  facet normal 0.509846 -0.497833 -0.701583
    outer loop
      vertex 15.0827 -3.17557 -14.2024
      vertex 14.809 -3.17557 -14.4013
      vertex 14.9135 -2.81347 -14.5823
    endloop
  endfacet
  facet normal 0.510779 -0.807545 -0.294916
    outer loop
      vertex 15.2226 -3.48629 -13.5443
      vertex 14.9135 -3.73205 -13.4067
      vertex 15.0827 -3.48629 -13.7866
    endloop
  endfacet
  facet normal 0.645228 -0.667003 -0.372544
    outer loop
      vertex 15.2226 -3.48629 -13.5443
      vertex 15.0827 -3.48629 -13.7866
      vertex 15.4781 -3.17557 -13.6581
    endloop
  endfacet
  facet normal -0.181046 0.97792 -0.104376
    outer loop
      vertex -4.16913 2.98904 -13.1229
      vertex -4.5646 2.90211 -13.2514
      vertex -4.19098 2.98904 -13.085
    endloop
  endfacet
  facet normal -0.30361 0.912703 -0.273484
    outer loop
      vertex -4.66913 2.73205 -13.7431
      vertex -4.80902 2.73205 -13.5878
      vertex -4.41354 2.90211 -13.4593
    endloop
  endfacet
  facet normal -0.240215 0.912698 -0.330574
    outer loop
      vertex -4.5 2.73205 -13.866
      vertex -4.66913 2.73205 -13.7431
      vertex -4.41354 2.90211 -13.4593
    endloop
  endfacet
  facet normal -0.406729 0.913549 0
    outer loop
      vertex -4.61803 2.90211 -13
      vertex -5 2.73205 -7
      vertex -4.61803 2.90211 -7
    endloop
  endfacet
  facet normal -0.406729 0.913549 0
    outer loop
      vertex -5 2.73205 -7
      vertex -4.61803 2.90211 -13
      vertex -5 2.73205 -13
    endloop
  endfacet
  facet normal -0.0850947 0.977916 -0.190889
    outer loop
      vertex -4.0646 2.98904 -13.1988
      vertex -4.19098 2.90211 -13.5878
      vertex -4.10453 2.98904 -13.181
    endloop
  endfacet
  facet normal -0.35387 0.912711 -0.204289
    outer loop
      vertex -4.5 2.90211 -13.3633
      vertex -4.80902 2.73205 -13.5878
      vertex -4.5646 2.90211 -13.2514
    endloop
  endfacet
  facet normal -0.510929 0.807464 -0.294877
    outer loop
      vertex -4.80902 2.73205 -13.5878
      vertex -5.08268 2.48629 -13.7866
      vertex -4.91354 2.73205 -13.4067
    endloop
  endfacet
  facet normal -0.510864 0.807489 -0.294922
    outer loop
      vertex -5.08268 2.48629 -13.7866
      vertex -5.22256 2.48629 -13.5443
      vertex -4.91354 2.73205 -13.4067
    endloop
  endfacet
  facet normal -0.561 0.807488 -0.182325
    outer loop
      vertex -4.91354 2.73205 -13.4067
      vertex -5.22256 2.48629 -13.5443
      vertex -4.97815 2.73205 -13.2079
    endloop
  endfacet
  facet normal -0.740884 0.667103 -0.0778701
    outer loop
      vertex -5.30902 2.48629 -13.2782
      vertex -5.58268 2.17557 -13.3364
      vertex -5.33826 2.48629 -13
    endloop
  endfacet
  facet normal -0.586668 0.807477 -0.0616613
    outer loop
      vertex -5.30902 2.48629 -13.2782
      vertex -5.33826 2.48629 -13
      vertex -4.97815 2.73205 -13.2079
    endloop
  endfacet
  facet normal -0.198755 0.977911 -0.0647032
    outer loop
      vertex -4.19098 2.98904 -13.085
      vertex -4.60453 2.90211 -13.1285
      vertex -4.20449 2.98904 -13.0435
    endloop
  endfacet
  facet normal -0.644458 0.497937 0.580287
    outer loop
      vertex -5.30902 2.17557 -6.04894
      vertex -5.47815 1.81347 -5.92606
      vertex -5.08268 2.17557 -5.79757
    endloop
  endfacet
  facet normal -0.751034 0.497937 0.433598
    outer loop
      vertex -5.30902 2.17557 -6.04894
      vertex -5.47815 2.17557 -6.34189
      vertex -5.47815 1.81347 -5.92606
    endloop
  endfacet
  facet normal 0.561033 -0.807502 -0.182162
    outer loop
      vertex 15.309 -3.48629 -13.2782
      vertex 14.9781 -3.73205 -13.2079
      vertex 15.2226 -3.48629 -13.5443
    endloop
  endfacet
  facet normal 0.560927 -0.80755 -0.182273
    outer loop
      vertex 14.9781 -3.73205 -13.2079
      vertex 14.9135 -3.73205 -13.4067
      vertex 15.2226 -3.48629 -13.5443
    endloop
  endfacet
  facet normal -0.586666 0.807478 -0.0616578
    outer loop
      vertex -4.97815 2.73205 -13.2079
      vertex -5.33826 2.48629 -13
      vertex -5 2.73205 -13
    endloop
  endfacet
  facet normal -0.587785 0.809017 0
    outer loop
      vertex -5 2.73205 -13
      vertex -5.33826 2.48629 -7
      vertex -5 2.73205 -7
    endloop
  endfacet
  facet normal -0.587785 0.809017 0
    outer loop
      vertex -5.33826 2.48629 -7
      vertex -5 2.73205 -13
      vertex -5.33826 2.48629 -13
    endloop
  endfacet
  facet normal 0 1 0
    outer loop
      vertex -4.20906 2.98904 -7
      vertex -4.02185 2.98904 -6.79209
      vertex 0 2.98904 -6.79209
    endloop
  endfacet
  facet normal 0 1 0
    outer loop
      vertex -4.02185 2.98904 -6.79209
      vertex -4.20906 2.98904 -7
      vertex -4.0646 2.98904 -6.80118
    endloop
  endfacet
  facet normal 0 1 0
    outer loop
      vertex -4.0646 2.98904 -6.80118
      vertex -4.20906 2.98904 -7
      vertex -4.10453 2.98904 -6.81895
    endloop
  endfacet
  facet normal 0 1 0
    outer loop
      vertex -4.10453 2.98904 -6.81895
      vertex -4.20906 2.98904 -7
      vertex -4.13989 2.98904 -6.84464
    endloop
  endfacet
  facet normal 0 1 0
    outer loop
      vertex -4.13989 2.98904 -6.84464
      vertex -4.20906 2.98904 -7
      vertex -4.16913 2.98904 -6.87712
    endloop
  endfacet
  facet normal 0 1 0
    outer loop
      vertex -4.16913 2.98904 -6.87712
      vertex -4.20906 2.98904 -7
      vertex -4.19098 2.98904 -6.91497
    endloop
  endfacet
  facet normal 0 1 0
    outer loop
      vertex -4.19098 2.98904 -6.91497
      vertex -4.20906 2.98904 -7
      vertex -4.20449 2.98904 -6.95654
    endloop
  endfacet
  facet normal 0 1 -0
    outer loop
      vertex 0 2.98904 -13
      vertex -4.20906 2.98904 -7
      vertex 0 2.98904 -6.79209
    endloop
  endfacet
  facet normal 0 1 0
    outer loop
      vertex 0 2.98904 -13
      vertex -4.20906 2.98904 -13
      vertex -4.20906 2.98904 -7
    endloop
  endfacet
  facet normal 0 1 -0
    outer loop
      vertex -4.02185 2.98904 -13.2079
      vertex -4.20906 2.98904 -13
      vertex 0 2.98904 -13
    endloop
  endfacet
  facet normal 0 1 0
    outer loop
      vertex -4.20906 2.98904 -13
      vertex -4.02185 2.98904 -13.2079
      vertex -4.20449 2.98904 -13.0435
    endloop
  endfacet
  facet normal 0 1 0
    outer loop
      vertex -4.20449 2.98904 -13.0435
      vertex -4.02185 2.98904 -13.2079
      vertex -4.19098 2.98904 -13.085
    endloop
  endfacet
  facet normal 0 1 0
    outer loop
      vertex -4.19098 2.98904 -13.085
      vertex -4.02185 2.98904 -13.2079
      vertex -4.16913 2.98904 -13.1229
    endloop
  endfacet
  facet normal 0 1 0
    outer loop
      vertex -4.16913 2.98904 -13.1229
      vertex -4.02185 2.98904 -13.2079
      vertex -4.13989 2.98904 -13.1554
    endloop
  endfacet
  facet normal 0 1 0
    outer loop
      vertex -4.13989 2.98904 -13.1554
      vertex -4.02185 2.98904 -13.2079
      vertex -4.10453 2.98904 -13.181
    endloop
  endfacet
  facet normal 0 1 0
    outer loop
      vertex -4.02185 2.98904 -13.2079
      vertex 0 2.98904 -13
      vertex 0.0218525 2.98904 -13.2079
    endloop
  endfacet
  facet normal 0 1 0
    outer loop
      vertex -4.10453 2.98904 -13.181
      vertex -4.02185 2.98904 -13.2079
      vertex -4.0646 2.98904 -13.1988
    endloop
  endfacet
  facet normal -0.181006 0.977915 -0.104495
    outer loop
      vertex -4.5 2.90211 -13.3633
      vertex -4.5646 2.90211 -13.2514
      vertex -4.16913 2.98904 -13.1229
    endloop
  endfacet
  facet normal -0.155304 0.977915 -0.13987
    outer loop
      vertex -4.41354 2.90211 -13.4593
      vertex -4.5 2.90211 -13.3633
      vertex -4.16913 2.98904 -13.1229
    endloop
  endfacet
  facet normal -0.559305 0.307496 0.769821
    outer loop
      vertex -5.22256 1.81347 -5.64221
      vertex -5.30902 1.41582 -5.54619
      vertex -4.97815 1.41582 -5.3058
    endloop
  endfacet
  facet normal -0.559315 0.307487 0.769817
    outer loop
      vertex -4.91354 1.81347 -5.41769
      vertex -5.22256 1.81347 -5.64221
      vertex -4.97815 1.41582 -5.3058
    endloop
  endfacet
  facet normal 0.239925 -0.807469 0.538915
    outer loop
      vertex 14.4135 -3.48629 0.272761
      vertex 14.309 -3.73205 -0.0489435
      vertex 14.6691 -3.48629 0.158968
    endloop
  endfacet
  facet normal -0.861333 -0.103961 0.497291
    outer loop
      vertex 0.381967 -2 0.17557
      vertex 0.17291 -2 -0.186527
      vertex 0.417324 -2.41582 0.149881
    endloop
  endfacet
  facet normal -0.387033 -0.307489 0.869285
    outer loop
      vertex 1.39547 -2.41582 0.860547
      vertex 1.08646 -2.81347 0.582307
      vertex 1.4354 -2.81347 0.737666
    endloop
  endfacet
  facet normal -0.862462 -0.497939 0.0906461
    outer loop
      vertex 0.417324 -3.17557 -0.663592
      vertex 0.17291 -2.81347 -1
      vertex 0.381967 -3.17557 -1
    endloop
  endfacet
  facet normal 0.406331 -0.912728 0.0426898
    outer loop
      vertex 15 -3.73205 -1
      vertex 14.6045 -3.90211 -0.871504
      vertex 14.618 -3.90211 -1
    endloop
  endfacet
  facet normal 0.509692 -0.497912 0.701639
    outer loop
      vertex 14.9135 -2.81347 0.582307
      vertex 14.809 -3.17557 0.401258
      vertex 15.0827 -3.17557 0.202434
    endloop
  endfacet
  facet normal 0.945912 -0.103904 0.307335
    outer loop
      vertex 15.8271 -2 -0.186527
      vertex 15.7872 -2.41582 -0.204304
      vertex 15.9563 -2 -0.584177
    endloop
  endfacet
  facet normal 0.438334 -0.807503 0.394718
    outer loop
      vertex 15.0827 -3.48629 -0.21339
      vertex 14.6691 -3.73205 -0.256856
      vertex 14.809 -3.73205 -0.412215
    endloop
  endfacet
  facet normal 0.198801 -0.977912 0.064552
    outer loop
      vertex 14.5646 -3.90211 -0.748624
      vertex 14.191 -3.98904 -0.914969
      vertex 14.6045 -3.90211 -0.871504
    endloop
  endfacet
  facet normal 0.198799 -0.977911 0.0645669
    outer loop
      vertex 14.6045 -3.90211 -0.871504
      vertex 14.191 -3.98904 -0.914969
      vertex 14.2045 -3.98904 -0.956535
    endloop
  endfacet
  facet normal -0.406361 -0.912714 0.0427057
    outer loop
      vertex 1.02185 -3.73205 -0.792089
      vertex 1 -3.73205 -1
      vertex 1.39547 -3.90211 -0.871504
    endloop
  endfacet
  facet normal 0.154878 -0.667086 0.728704
    outer loop
      vertex 14.1691 -3.17557 0.60917
      vertex 14.1399 -3.48629 0.33093
      vertex 14.5 -3.17557 0.538841
    endloop
  endfacet
  facet normal -0.197838 -0.307487 0.930759
    outer loop
      vertex 1.80902 -2.81347 0.817081
      vertex 1.39547 -2.41582 0.860547
      vertex 1.4354 -2.81347 0.737666
    endloop
  endfacet
  facet normal 0.207898 -0.977907 0.0218421
    outer loop
      vertex 14.6045 -3.90211 -0.871504
      vertex 14.2091 -3.98904 -1
      vertex 14.618 -3.90211 -1
    endloop
  endfacet
  facet normal 0.15492 -0.667113 0.728671
    outer loop
      vertex 14.5 -3.17557 0.538841
      vertex 14.1399 -3.48629 0.33093
      vertex 14.4135 -3.48629 0.272761
    endloop
  endfacet
  facet normal 0.904996 -0.307615 0.293863
    outer loop
      vertex 15.7872 -2.41582 -0.204304
      vertex 15.6691 -2.81347 -0.256856
      vertex 15.9135 -2.41582 -0.593264
    endloop
  endfacet
  facet normal 0.437831 -0.667111 0.602716
    outer loop
      vertex 14.809 -3.17557 0.401258
      vertex 14.6691 -3.48629 0.158968
      vertex 15.0827 -3.17557 0.202434
    endloop
  endfacet
  facet normal 0 -0.667098 0.74497
    outer loop
      vertex 11.1 -3.17557 0.60917
      vertex 14.1399 -3.48629 0.33093
      vertex 14.1691 -3.17557 0.60917
    endloop
  endfacet
  facet normal 0 -0.667098 0.74497
    outer loop
      vertex 14.1399 -3.48629 0.33093
      vertex 11.1 -3.17557 0.60917
      vertex 11.1 -3.48629 0.33093
    endloop
  endfacet
  facet normal 0 -0.667098 0.74497
    outer loop
      vertex 2.5 -3.17557 0.60917
      vertex 1.86011 -3.48629 0.33093
      vertex 2.5 -3.48629 0.33093
    endloop
  endfacet
  facet normal 0 -0.667098 0.74497
    outer loop
      vertex 1.86011 -3.48629 0.33093
      vertex 2.5 -3.17557 0.60917
      vertex 1.83087 -3.17557 0.60917
    endloop
  endfacet
  facet normal 0.122675 -0.807474 0.577006
    outer loop
      vertex 14.4135 -3.48629 0.272761
      vertex 14.1399 -3.48629 0.33093
      vertex 14.309 -3.73205 -0.0489435
    endloop
  endfacet
  facet normal -0.645163 -0.667099 0.372483
    outer loop
      vertex 0.917324 -3.48629 -0.21339
      vertex 0.521852 -3.17557 -0.341887
      vertex 0.777438 -3.48629 -0.455681
    endloop
  endfacet
  facet normal 0.180929 -0.977908 0.104688
    outer loop
      vertex 14.5646 -3.90211 -0.748624
      vertex 14.1691 -3.98904 -0.87712
      vertex 14.191 -3.98904 -0.914969
    endloop
  endfacet
  facet normal -0.904981 -0.307484 0.294046
    outer loop
      vertex 0.212836 -2.41582 -0.204304
      vertex 0.0864553 -2.41582 -0.593264
      vertex 0.33087 -2.81347 -0.256856
    endloop
  endfacet
  facet normal -0.0849505 -0.912714 0.39967
    outer loop
      vertex 1.89547 -3.73205 -0.00547886
      vertex 1.69098 -3.73205 -0.0489435
      vertex 1.9354 -3.90211 -0.385352
    endloop
  endfacet
  facet normal 0.644533 -0.497901 0.580234
    outer loop
      vertex 15.4781 -2.81347 0.0739365
      vertex 15.0827 -3.17557 0.202434
      vertex 15.309 -3.17557 -0.0489435
    endloop
  endfacet
  facet normal 0.180289 -0.497937 0.848266
    outer loop
      vertex 14.5646 -2.81347 0.737666
      vertex 14.1691 -3.17557 0.60917
      vertex 14.5 -3.17557 0.538841
    endloop
  endfacet
  facet normal -0.352724 -0.497937 0.79224
    outer loop
      vertex 1.4354 -2.81347 0.737666
      vertex 1.19098 -3.17557 0.401258
      vertex 1.5 -3.17557 0.538841
    endloop
  endfacet
  facet normal -0.0850061 -0.977915 0.190937
    outer loop
      vertex 1.9354 -3.98904 -0.801175
      vertex 1.80902 -3.90211 -0.412215
      vertex 1.89547 -3.98904 -0.818952
    endloop
  endfacet
  facet normal 0.207849 -0.977914 0.0219971
    outer loop
      vertex 14.6045 -3.90211 -0.871504
      vertex 14.2045 -3.98904 -0.956535
      vertex 14.2091 -3.98904 -1
    endloop
  endfacet
  facet normal 0.303627 -0.912719 0.273414
    outer loop
      vertex 14.6691 -3.73205 -0.256856
      vertex 14.4135 -3.90211 -0.540711
      vertex 14.809 -3.73205 -0.412215
    endloop
  endfacet
  facet normal -0.74089 -0.667097 0.0778687
    outer loop
      vertex 0.417324 -3.17557 -0.663592
      vertex 0.381967 -3.17557 -1
      vertex 0.661739 -3.48629 -1
    endloop
  endfacet
  facet normal -0.586665 -0.807479 0.0616545
    outer loop
      vertex 1.02185 -3.73205 -0.792089
      vertex 0.661739 -3.48629 -1
      vertex 1 -3.73205 -1
    endloop
  endfacet
  facet normal 0.0849415 -0.912711 0.39968
    outer loop
      vertex 14.309 -3.73205 -0.0489435
      vertex 14.0646 -3.90211 -0.385352
      vertex 14.191 -3.90211 -0.412215
    endloop
  endfacet
  facet normal 0.388638 -0.912697 0.126272
    outer loop
      vertex 14.9135 -3.73205 -0.593264
      vertex 14.5646 -3.90211 -0.748624
      vertex 14.9781 -3.73205 -0.792089
    endloop
  endfacet
  facet normal -0.50973 -0.497937 0.701594
    outer loop
      vertex 1.08646 -2.81347 0.582307
      vertex 0.777438 -2.81347 0.357793
      vertex 0.917324 -3.17557 0.202434
    endloop
  endfacet
  facet normal -0.743147 -0.669129 0
    outer loop
      vertex 0.661739 -3.48629 -5.01096
      vertex 0.381967 -3.17557 -1
      vertex 0.381967 -3.17557 -5.01096
    endloop
  endfacet
  facet normal -0.743147 -0.669129 0
    outer loop
      vertex 0.381967 -3.17557 -1
      vertex 0.661739 -3.48629 -5.01096
      vertex 0.661739 -3.48629 -1
    endloop
  endfacet
  facet normal -0.94634 -0.307486 0.0994637
    outer loop
      vertex 0.212836 -2.81347 -0.620127
      vertex 0.043705 -2.41582 -1
      vertex 0.17291 -2.81347 -1
    endloop
  endfacet
  facet normal -0.180305 -0.497938 0.848262
    outer loop
      vertex 1.83087 -3.17557 0.60917
      vertex 1.4354 -2.81347 0.737666
      vertex 1.5 -3.17557 0.538841
    endloop
  endfacet
  facet normal 0.197858 -0.307483 0.930756
    outer loop
      vertex 14.2045 -2.41582 0.945578
      vertex 14.191 -2.81347 0.817081
      vertex 14.6045 -2.41582 0.860547
    endloop
  endfacet
  facet normal 0.346788 -0.807461 0.477225
    outer loop
      vertex 14.6691 -3.48629 0.158968
      vertex 14.5 -3.73205 -0.133975
      vertex 14.6691 -3.73205 -0.256856
    endloop
  endfacet
  facet normal 0.645225 -0.666998 0.372556
    outer loop
      vertex 15.4781 -3.17557 -0.341887
      vertex 15.0827 -3.48629 -0.21339
      vertex 15.2226 -3.48629 -0.455681
    endloop
  endfacet
  facet normal 0.751088 -0.497887 0.433561
    outer loop
      vertex 15.4781 -2.81347 0.0739365
      vertex 15.309 -3.17557 -0.0489435
      vertex 15.4781 -3.17557 -0.341887
    endloop
  endfacet
  facet normal 0.303017 -0.667105 0.680552
    outer loop
      vertex 14.809 -3.17557 0.401258
      vertex 14.5 -3.17557 0.538841
      vertex 14.6691 -3.48629 0.158968
    endloop
  endfacet
  facet normal 0.0849476 -0.912712 0.399676
    outer loop
      vertex 14.1045 -3.73205 -0.00547886
      vertex 14.0646 -3.90211 -0.385352
      vertex 14.309 -3.73205 -0.0489435
    endloop
  endfacet
  facet normal 0.55921 -0.307485 0.769894
    outer loop
      vertex 14.9781 -2.41582 0.694201
      vertex 14.9135 -2.81347 0.582307
      vertex 15.2226 -2.81347 0.357793
    endloop
  endfacet
  facet normal 0.862458 -0.497956 0.0905883
    outer loop
      vertex 15.7872 -2.81347 -0.620127
      vertex 15.5827 -3.17557 -0.663592
      vertex 15.8271 -2.81347 -1
    endloop
  endfacet
  facet normal 0 -0.912714 0.4086
    outer loop
      vertex 14.0646 -3.90211 -0.385352
      vertex 11.1 -3.73205 -0.00547886
      vertex 11.1 -3.90211 -0.385352
    endloop
  endfacet
  facet normal 0 -0.912714 0.4086
    outer loop
      vertex 11.1 -3.73205 -0.00547886
      vertex 14.0646 -3.90211 -0.385352
      vertex 14.1045 -3.73205 -0.00547886
    endloop
  endfacet
  facet normal 0 -0.912714 0.4086
    outer loop
      vertex 1.9354 -3.90211 -0.385352
      vertex 2.5 -3.73205 -0.00547886
      vertex 1.89547 -3.73205 -0.00547886
    endloop
  endfacet
  facet normal 0 -0.912714 0.4086
    outer loop
      vertex 2.5 -3.73205 -0.00547886
      vertex 1.9354 -3.90211 -0.385352
      vertex 2.5 -3.90211 -0.385352
    endloop
  endfacet
  facet normal -0.207913 -0.978147 0
    outer loop
      vertex 1.38197 -3.90211 -5.01096
      vertex 1.79094 -3.98904 -1
      vertex 1.38197 -3.90211 -1
    endloop
  endfacet
  facet normal -0.207913 -0.978147 -0
    outer loop
      vertex 1.79094 -3.98904 -1
      vertex 1.38197 -3.90211 -5.01096
      vertex 1.79094 -3.98904 -5.01096
    endloop
  endfacet
  facet normal -0.862462 -0.497938 0.0906478
    outer loop
      vertex 0.212836 -2.81347 -0.620127
      vertex 0.17291 -2.81347 -1
      vertex 0.417324 -3.17557 -0.663592
    endloop
  endfacet
  facet normal -0.122643 -0.80748 0.577005
    outer loop
      vertex 1.86011 -3.48629 0.33093
      vertex 1.69098 -3.73205 -0.0489435
      vertex 1.89547 -3.73205 -0.00547886
    endloop
  endfacet
  facet normal 0.155281 -0.977916 0.139888
    outer loop
      vertex 14.4135 -3.90211 -0.540711
      vertex 14.1691 -3.98904 -0.87712
      vertex 14.5 -3.90211 -0.636729
    endloop
  endfacet
  facet normal 0.180995 -0.977917 0.104493
    outer loop
      vertex 14.5 -3.90211 -0.636729
      vertex 14.1691 -3.98904 -0.87712
      vertex 14.5646 -3.90211 -0.748624
    endloop
  endfacet
  facet normal -0.35273 -0.497933 0.79224
    outer loop
      vertex 1.4354 -2.81347 0.737666
      vertex 1.08646 -2.81347 0.582307
      vertex 1.19098 -3.17557 0.401258
    endloop
  endfacet
  facet normal -0.197839 -0.307488 0.930758
    outer loop
      vertex 1.79551 -2.41582 0.945578
      vertex 1.39547 -2.41582 0.860547
      vertex 1.80902 -2.81347 0.817081
    endloop
  endfacet
  facet normal -0.207859 -0.977915 0.0218547
    outer loop
      vertex 1.79551 -3.98904 -0.956535
      vertex 1.39547 -3.90211 -0.871504
      vertex 1.79094 -3.98904 -1
    endloop
  endfacet
  facet normal -0.406358 -0.912716 0.0426926
    outer loop
      vertex 1.39547 -3.90211 -0.871504
      vertex 1 -3.73205 -1
      vertex 1.38197 -3.90211 -1
    endloop
  endfacet
  facet normal -0.122847 -0.977914 0.169095
    outer loop
      vertex 1.89547 -3.98904 -0.818952
      vertex 1.58646 -3.90211 -0.540711
      vertex 1.86011 -3.98904 -0.844641
    endloop
  endfacet
  facet normal -0.994522 -0.10453 0
    outer loop
      vertex 0.043705 -2.41582 -5.01096
      vertex 0 -2 -1
      vertex 0 -2 -5.01096
    endloop
  endfacet
  facet normal -0.994522 -0.10453 0
    outer loop
      vertex 0 -2 -1
      vertex 0.043705 -2.41582 -5.01096
      vertex 0.043705 -2.41582 -1
    endloop
  endfacet
  facet normal -0.989133 -0.103963 0.103963
    outer loop
      vertex 0.043705 -2 -0.584177
      vertex 0 -2 -1
      vertex 0.043705 -2.41582 -1
    endloop
  endfacet
  facet normal -0.644465 -0.49794 0.580276
    outer loop
      vertex 0.917324 -3.17557 0.202434
      vertex 0.521852 -2.81347 0.0739365
      vertex 0.690984 -3.17557 -0.0489435
    endloop
  endfacet
  facet normal -0.404531 -0.103958 0.908596
    outer loop
      vertex 1.38197 -2 0.902113
      vertex 1 -2 0.73205
      vertex 1.39547 -2.41582 0.860547
    endloop
  endfacet
  facet normal 0.387048 -0.307483 0.86928
    outer loop
      vertex 14.9781 -2.41582 0.694201
      vertex 14.6045 -2.41582 0.860547
      vertex 14.9135 -2.81347 0.582307
    endloop
  endfacet
  facet normal -0.739119 -0.103961 0.665504
    outer loop
      vertex 0.661739 -2 0.486289
      vertex 0.381967 -2 0.17557
      vertex 0.417324 -2.41582 0.149881
    endloop
  endfacet
  facet normal 0.40636 -0.91271 0.0428034
    outer loop
      vertex 14.9781 -3.73205 -0.792089
      vertex 14.6045 -3.90211 -0.871504
      vertex 15 -3.73205 -1
    endloop
  endfacet
  facet normal 0.388634 -0.91271 0.126192
    outer loop
      vertex 14.9781 -3.73205 -0.792089
      vertex 14.5646 -3.90211 -0.748624
      vertex 14.6045 -3.90211 -0.871504
    endloop
  endfacet
  facet normal 0.645232 -0.667048 0.372456
    outer loop
      vertex 15.309 -3.17557 -0.0489435
      vertex 15.0827 -3.48629 -0.21339
      vertex 15.4781 -3.17557 -0.341887
    endloop
  endfacet
  facet normal 0.122635 -0.807487 0.576997
    outer loop
      vertex 14.1399 -3.48629 0.33093
      vertex 14.1045 -3.73205 -0.00547886
      vertex 14.309 -3.73205 -0.0489435
    endloop
  endfacet
  facet normal 0.302981 -0.667124 0.68055
    outer loop
      vertex 14.5 -3.17557 0.538841
      vertex 14.4135 -3.48629 0.272761
      vertex 14.6691 -3.48629 0.158968
    endloop
  endfacet
  facet normal -0.404532 -0.10396 0.908596
    outer loop
      vertex 1.39547 -2.41582 0.860547
      vertex 1 -2 0.73205
      vertex 1.02185 -2.41582 0.694201
    endloop
  endfacet
  facet normal 7.56727e-05 -0.977913 0.209013
    outer loop
      vertex 11.1421 -3.98904 -0.792089
      vertex 11.1 -3.90211 -0.385352
      vertex 11.1 -3.98005 -0.750012
    endloop
  endfacet
  facet normal 0 -0.977915 0.209005
    outer loop
      vertex 11.1 -3.90211 -0.385352
      vertex 11.1421 -3.98904 -0.792089
      vertex 14.0646 -3.90211 -0.385352
    endloop
  endfacet
  facet normal 0 -0.977915 0.209005
    outer loop
      vertex 14.0646 -3.90211 -0.385352
      vertex 11.1421 -3.98904 -0.792089
      vertex 14.0219 -3.98904 -0.792089
    endloop
  endfacet
  facet normal 0 -0.977915 0.209005
    outer loop
      vertex 1.97815 -3.98904 -0.792089
      vertex 2.5 -3.90211 -0.385352
      vertex 1.9354 -3.90211 -0.385352
    endloop
  endfacet
  facet normal 0 -0.977915 0.209005
    outer loop
      vertex 2.5 -3.90211 -0.385352
      vertex 1.97815 -3.98904 -0.792089
      vertex 2.5 -3.98904 -0.792089
    endloop
  endfacet
  facet normal 0.240208 -0.912716 0.33053
    outer loop
      vertex 14.5 -3.73205 -0.133975
      vertex 14.309 -3.90211 -0.464767
      vertex 14.4135 -3.90211 -0.540711
    endloop
  endfacet
  facet normal 0.239922 -0.807468 0.538919
    outer loop
      vertex 14.6691 -3.48629 0.158968
      vertex 14.309 -3.73205 -0.0489435
      vertex 14.5 -3.73205 -0.133975
    endloop
  endfacet
  facet normal 0.945949 -0.104078 0.307161
    outer loop
      vertex 15.9563 -2 -0.584177
      vertex 15.7872 -2.41582 -0.204304
      vertex 15.9135 -2.41582 -0.593264
    endloop
  endfacet
  facet normal 0.559289 -0.307413 0.769866
    outer loop
      vertex 15.309 -2.41582 0.45381
      vertex 14.9781 -2.41582 0.694201
      vertex 15.2226 -2.81347 0.357793
    endloop
  endfacet
  facet normal 0.55369 -0.667061 0.498454
    outer loop
      vertex 15.0827 -3.17557 0.202434
      vertex 15.0827 -3.48629 -0.21339
      vertex 15.309 -3.17557 -0.0489435
    endloop
  endfacet
  facet normal 0.740818 -0.66716 0.078012
    outer loop
      vertex 15.5827 -3.17557 -0.663592
      vertex 15.309 -3.48629 -0.721761
      vertex 15.3383 -3.48629 -1
    endloop
  endfacet
  facet normal 0 -0.807479 0.589896
    outer loop
      vertex 14.1045 -3.73205 -0.00547886
      vertex 11.1 -3.48629 0.33093
      vertex 11.1 -3.73205 -0.00547886
    endloop
  endfacet
  facet normal 0 -0.807479 0.589896
    outer loop
      vertex 11.1 -3.48629 0.33093
      vertex 14.1045 -3.73205 -0.00547886
      vertex 14.1399 -3.48629 0.33093
    endloop
  endfacet
  facet normal 0 -0.807479 0.589896
    outer loop
      vertex 1.89547 -3.73205 -0.00547886
      vertex 2.5 -3.48629 0.33093
      vertex 1.86011 -3.48629 0.33093
    endloop
  endfacet
  facet normal 0 -0.807479 0.589896
    outer loop
      vertex 2.5 -3.48629 0.33093
      vertex 1.89547 -3.73205 -0.00547886
      vertex 2.5 -3.73205 -0.00547886
    endloop
  endfacet
  facet normal -0.181007 -0.977915 0.104494
    outer loop
      vertex 1.83087 -3.98904 -0.87712
      vertex 1.4354 -3.90211 -0.748624
      vertex 1.80902 -3.98904 -0.914969
    endloop
  endfacet
  facet normal -0.561029 -0.807476 0.182288
    outer loop
      vertex 0.777438 -3.48629 -0.455681
      vertex 0.690984 -3.48629 -0.721761
      vertex 1.02185 -3.73205 -0.792089
    endloop
  endfacet
  facet normal -0.708508 -0.667099 0.230206
    outer loop
      vertex 0.777438 -3.48629 -0.455681
      vertex 0.417324 -3.17557 -0.663592
      vertex 0.690984 -3.48629 -0.721761
    endloop
  endfacet
  facet normal -0.406729 -0.913549 0
    outer loop
      vertex 1 -3.73205 -5.01096
      vertex 1.38197 -3.90211 -1
      vertex 1 -3.73205 -1
    endloop
  endfacet
  facet normal -0.406729 -0.913549 -0
    outer loop
      vertex 1.38197 -3.90211 -1
      vertex 1 -3.73205 -5.01096
      vertex 1.38197 -3.90211 -5.01096
    endloop
  endfacet
  facet normal 0.155454 -0.977907 0.13976
    outer loop
      vertex 14.4135 -3.90211 -0.540711
      vertex 14.1399 -3.98904 -0.844641
      vertex 14.1691 -3.98904 -0.87712
    endloop
  endfacet
  facet normal 0.0850602 -0.977914 0.190915
    outer loop
      vertex 14.191 -3.90211 -0.412215
      vertex 14.0646 -3.98904 -0.801175
      vertex 14.1045 -3.98904 -0.818952
    endloop
  endfacet
  facet normal 0.122771 -0.977908 0.169182
    outer loop
      vertex 14.4135 -3.90211 -0.540711
      vertex 14.1045 -3.98904 -0.818952
      vertex 14.1399 -3.98904 -0.844641
    endloop
  endfacet
  facet normal -0.181006 -0.977915 0.104499
    outer loop
      vertex 1.5 -3.90211 -0.636729
      vertex 1.4354 -3.90211 -0.748624
      vertex 1.83087 -3.98904 -0.87712
    endloop
  endfacet
  facet normal 0.586616 -0.807504 0.0617904
    outer loop
      vertex 15.3383 -3.48629 -1
      vertex 14.9781 -3.73205 -0.792089
      vertex 15 -3.73205 -1
    endloop
  endfacet
  facet normal -0.951056 -0.309018 0
    outer loop
      vertex 0.17291 -2.81347 -5.01096
      vertex 0.043705 -2.41582 -1
      vertex 0.043705 -2.41582 -5.01096
    endloop
  endfacet
  facet normal -0.951056 -0.309018 0
    outer loop
      vertex 0.043705 -2.41582 -1
      vertex 0.17291 -2.81347 -5.01096
      vertex 0.17291 -2.81347 -1
    endloop
  endfacet
  facet normal -0.82407 -0.307484 0.475775
    outer loop
      vertex 0.417324 -2.41582 0.149881
      vertex 0.212836 -2.41582 -0.204304
      vertex 0.33087 -2.81347 -0.256856
    endloop
  endfacet
  facet normal -0.989132 -0.103964 0.103964
    outer loop
      vertex 0.043705 -2 -0.584177
      vertex 0.043705 -2.41582 -1
      vertex 0.0864553 -2.41582 -0.593264
    endloop
  endfacet
  facet normal -0.553623 -0.667097 0.498481
    outer loop
      vertex 0.917324 -3.17557 0.202434
      vertex 0.690984 -3.17557 -0.0489435
      vertex 0.917324 -3.48629 -0.21339
    endloop
  endfacet
  facet normal -0.707141 -0.307484 0.636714
    outer loop
      vertex 0.777438 -2.81347 0.357793
      vertex 0.417324 -2.41582 0.149881
      vertex 0.521852 -2.81347 0.0739365
    endloop
  endfacet
  facet normal -0.584605 -0.103964 0.80463
    outer loop
      vertex 1.02185 -2.41582 0.694201
      vertex 0.661739 -2 0.486289
      vertex 0.690984 -2.41582 0.45381
    endloop
  endfacet
  facet normal -0.644464 -0.497937 0.580279
    outer loop
      vertex 0.777438 -2.81347 0.357793
      vertex 0.521852 -2.81347 0.0739365
      vertex 0.917324 -3.17557 0.202434
    endloop
  endfacet
  facet normal 0.206804 -0.103977 0.972842
    outer loop
      vertex 14.2091 -2 0.989043
      vertex 14.2045 -2.41582 0.945578
      vertex 14.6045 -2.41582 0.860547
    endloop
  endfacet
  facet normal 0.197849 -0.307474 0.930761
    outer loop
      vertex 14.6045 -2.41582 0.860547
      vertex 14.191 -2.81347 0.817081
      vertex 14.5646 -2.81347 0.737666
    endloop
  endfacet
  facet normal -0.206785 -0.103963 0.972847
    outer loop
      vertex 1.79094 -2 0.989043
      vertex 1.39547 -2.41582 0.860547
      vertex 1.79551 -2.41582 0.945578
    endloop
  endfacet
  facet normal -0.180303 -0.497937 0.848263
    outer loop
      vertex 1.80902 -2.81347 0.817081
      vertex 1.4354 -2.81347 0.737666
      vertex 1.83087 -3.17557 0.60917
    endloop
  endfacet
  facet normal 0.58661 -0.80751 0.0617731
    outer loop
      vertex 15.309 -3.48629 -0.721761
      vertex 14.9781 -3.73205 -0.792089
      vertex 15.3383 -3.48629 -1
    endloop
  endfacet
  facet normal 0.18031 -0.497955 0.848251
    outer loop
      vertex 14.191 -2.81347 0.817081
      vertex 14.1691 -3.17557 0.60917
      vertex 14.5646 -2.81347 0.737666
    endloop
  endfacet
  facet normal 0.166185 -0.912709 0.373289
    outer loop
      vertex 14.309 -3.73205 -0.0489435
      vertex 14.191 -3.90211 -0.412215
      vertex 14.5 -3.73205 -0.133975
    endloop
  endfacet
  facet normal 0.240192 -0.912718 0.330535
    outer loop
      vertex 14.5 -3.73205 -0.133975
      vertex 14.4135 -3.90211 -0.540711
      vertex 14.6691 -3.73205 -0.256856
    endloop
  endfacet
  facet normal -0.0434548 -0.977914 0.204438
    outer loop
      vertex 1.9354 -3.90211 -0.385352
      vertex 1.80902 -3.90211 -0.412215
      vertex 1.9354 -3.98904 -0.801175
    endloop
  endfacet
  facet normal 0.166228 -0.912718 0.373248
    outer loop
      vertex 14.5 -3.73205 -0.133975
      vertex 14.191 -3.90211 -0.412215
      vertex 14.309 -3.90211 -0.464767
    endloop
  endfacet
  facet normal 0.707115 -0.307398 0.636785
    outer loop
      vertex 15.309 -2.41582 0.45381
      vertex 15.2226 -2.81347 0.357793
      vertex 15.5827 -2.41582 0.149881
    endloop
  endfacet
  facet normal 0.404504 -0.103958 0.908608
    outer loop
      vertex 14.618 -2 0.902113
      vertex 14.6045 -2.41582 0.860547
      vertex 15 -2 0.73205
    endloop
  endfacet
  facet normal 0.824023 -0.307608 0.475776
    outer loop
      vertex 15.7872 -2.41582 -0.204304
      vertex 15.5827 -2.41582 0.149881
      vertex 15.6691 -2.81347 -0.256856
    endloop
  endfacet
  facet normal 0.644556 -0.49795 0.580167
    outer loop
      vertex 15.2226 -2.81347 0.357793
      vertex 15.0827 -3.17557 0.202434
      vertex 15.4781 -2.81347 0.0739365
    endloop
  endfacet
  facet normal 0.509642 -0.497947 0.701651
    outer loop
      vertex 15.2226 -2.81347 0.357793
      vertex 14.9135 -2.81347 0.582307
      vertex 15.0827 -3.17557 0.202434
    endloop
  endfacet
  facet normal 0.438346 -0.807515 0.39468
    outer loop
      vertex 14.8955 -3.48629 -0.00547886
      vertex 14.6691 -3.73205 -0.256856
      vertex 15.0827 -3.48629 -0.21339
    endloop
  endfacet
  facet normal 0.553629 -0.667094 0.498479
    outer loop
      vertex 15.0827 -3.17557 0.202434
      vertex 14.8955 -3.48629 -0.00547886
      vertex 15.0827 -3.48629 -0.21339
    endloop
  endfacet
  facet normal 0.404548 -0.104008 0.908583
    outer loop
      vertex 15 -2 0.73205
      vertex 14.6045 -2.41582 0.860547
      vertex 14.9781 -2.41582 0.694201
    endloop
  endfacet
  facet normal 0.206821 -0.103961 0.97284
    outer loop
      vertex 14.618 -2 0.902113
      vertex 14.2091 -2 0.989043
      vertex 14.6045 -2.41582 0.860547
    endloop
  endfacet
  facet normal 0.861326 -0.103909 0.497314
    outer loop
      vertex 15.8271 -2 -0.186527
      vertex 15.5827 -2.41582 0.149881
      vertex 15.7872 -2.41582 -0.204304
    endloop
  endfacet
  facet normal 0.750999 -0.497964 0.433628
    outer loop
      vertex 15.4781 -2.81347 0.0739365
      vertex 15.4781 -3.17557 -0.341887
      vertex 15.6691 -2.81347 -0.256856
    endloop
  endfacet
  facet normal -0.0434509 -0.977915 0.204438
    outer loop
      vertex 1.9354 -3.90211 -0.385352
      vertex 1.9354 -3.98904 -0.801175
      vertex 1.97815 -3.98904 -0.792089
    endloop
  endfacet
  facet normal -0.166186 -0.912713 0.373279
    outer loop
      vertex 1.80902 -3.90211 -0.412215
      vertex 1.5 -3.73205 -0.133975
      vertex 1.69098 -3.90211 -0.464767
    endloop
  endfacet
  facet normal -0.154889 -0.667096 0.728692
    outer loop
      vertex 1.83087 -3.17557 0.60917
      vertex 1.5 -3.17557 0.538841
      vertex 1.86011 -3.48629 0.33093
    endloop
  endfacet
  facet normal -0.708508 -0.667099 0.230208
    outer loop
      vertex 0.521852 -3.17557 -0.341887
      vertex 0.417324 -3.17557 -0.663592
      vertex 0.777438 -3.48629 -0.455681
    endloop
  endfacet
  facet normal -0.553616 -0.6671 0.498484
    outer loop
      vertex 0.917324 -3.17557 0.202434
      vertex 0.917324 -3.48629 -0.21339
      vertex 1.10453 -3.48629 -0.00547886
    endloop
  endfacet
  facet normal -0.945903 -0.103964 0.307342
    outer loop
      vertex 0.212836 -2.41582 -0.204304
      vertex 0.043705 -2 -0.584177
      vertex 0.0864553 -2.41582 -0.593264
    endloop
  endfacet
  facet normal -0.51088 -0.807476 0.294932
    outer loop
      vertex 1.19098 -3.73205 -0.412215
      vertex 0.917324 -3.48629 -0.21339
      vertex 1.08646 -3.73205 -0.593264
    endloop
  endfacet
  facet normal -0.740888 -0.667099 0.0778728
    outer loop
      vertex 0.690984 -3.48629 -0.721761
      vertex 0.417324 -3.17557 -0.663592
      vertex 0.661739 -3.48629 -1
    endloop
  endfacet
  facet normal -0.586669 -0.807476 0.0616633
    outer loop
      vertex 0.690984 -3.48629 -0.721761
      vertex 0.661739 -3.48629 -1
      vertex 1.02185 -3.73205 -0.792089
    endloop
  endfacet
  facet normal -0.207864 -0.977914 0.0218385
    outer loop
      vertex 1.39547 -3.90211 -0.871504
      vertex 1.38197 -3.90211 -1
      vertex 1.79094 -3.98904 -1
    endloop
  endfacet
  facet normal 0.043448 -0.977915 0.204438
    outer loop
      vertex 14.0646 -3.90211 -0.385352
      vertex 14.0646 -3.98904 -0.801175
      vertex 14.191 -3.90211 -0.412215
    endloop
  endfacet
  facet normal -0.240169 -0.912715 0.330562
    outer loop
      vertex 1.5 -3.73205 -0.133975
      vertex 1.33087 -3.73205 -0.256856
      vertex 1.58646 -3.90211 -0.540711
    endloop
  endfacet
  facet normal -0.0849526 -0.912714 0.399669
    outer loop
      vertex 1.9354 -3.90211 -0.385352
      vertex 1.69098 -3.73205 -0.0489435
      vertex 1.80902 -3.90211 -0.412215
    endloop
  endfacet
  facet normal 0.0435017 -0.977912 0.204438
    outer loop
      vertex 14.0646 -3.90211 -0.385352
      vertex 14.0219 -3.98904 -0.792089
      vertex 14.0646 -3.98904 -0.801175
    endloop
  endfacet
  facet normal -0.155335 -0.977914 0.139844
    outer loop
      vertex 1.86011 -3.98904 -0.844641
      vertex 1.58646 -3.90211 -0.540711
      vertex 1.83087 -3.98904 -0.87712
    endloop
  endfacet
  facet normal -0.122856 -0.977914 0.169085
    outer loop
      vertex 1.69098 -3.90211 -0.464767
      vertex 1.58646 -3.90211 -0.540711
      vertex 1.89547 -3.98904 -0.818952
    endloop
  endfacet
  facet normal -0.587784 -0.809018 0
    outer loop
      vertex 0.661739 -3.48629 -5.01096
      vertex 1 -3.73205 -1
      vertex 0.661739 -3.48629 -1
    endloop
  endfacet
  facet normal -0.587784 -0.809018 -0
    outer loop
      vertex 1 -3.73205 -1
      vertex 0.661739 -3.48629 -5.01096
      vertex 1 -3.73205 -5.01096
    endloop
  endfacet
  facet normal -0.824071 -0.307484 0.475775
    outer loop
      vertex 0.417324 -2.41582 0.149881
      vertex 0.33087 -2.81347 -0.256856
      vertex 0.521852 -2.81347 0.0739365
    endloop
  endfacet
  facet normal -0.94634 -0.307484 0.0994658
    outer loop
      vertex 0.0864553 -2.41582 -0.593264
      vertex 0.043705 -2.41582 -1
      vertex 0.212836 -2.81347 -0.620127
    endloop
  endfacet
  facet normal -0.5846 -0.103959 0.804633
    outer loop
      vertex 1 -2 0.73205
      vertex 0.661739 -2 0.486289
      vertex 1.02185 -2.41582 0.694201
    endloop
  endfacet
  facet normal -0.38703 -0.307491 0.869285
    outer loop
      vertex 1.39547 -2.41582 0.860547
      vertex 1.02185 -2.41582 0.694201
      vertex 1.08646 -2.81347 0.582307
    endloop
  endfacet
  facet normal 0 -0.497937 0.867213
    outer loop
      vertex 11.1 -2.81347 0.817081
      vertex 14.1691 -3.17557 0.60917
      vertex 14.191 -2.81347 0.817081
    endloop
  endfacet
  facet normal 0 -0.497937 0.867213
    outer loop
      vertex 14.1691 -3.17557 0.60917
      vertex 11.1 -2.81347 0.817081
      vertex 11.1 -3.17557 0.60917
    endloop
  endfacet
  facet normal 0 -0.497937 0.867213
    outer loop
      vertex 2.5 -2.81347 0.817081
      vertex 1.83087 -3.17557 0.60917
      vertex 2.5 -3.17557 0.60917
    endloop
  endfacet
  facet normal 0 -0.497937 0.867213
    outer loop
      vertex 1.83087 -3.17557 0.60917
      vertex 2.5 -2.81347 0.817081
      vertex 1.80902 -2.81347 0.817081
    endloop
  endfacet
  facet normal 0.739212 -0.103862 0.665416
    outer loop
      vertex 15.618 -2 0.17557
      vertex 15.3383 -2 0.486289
      vertex 15.5827 -2.41582 0.149881
    endloop
  endfacet
  facet normal 0.0850285 -0.977916 0.190922
    outer loop
      vertex 14.191 -3.90211 -0.412215
      vertex 14.1045 -3.98904 -0.818952
      vertex 14.309 -3.90211 -0.464767
    endloop
  endfacet
  facet normal 0.122871 -0.977915 0.169073
    outer loop
      vertex 14.309 -3.90211 -0.464767
      vertex 14.1045 -3.98904 -0.818952
      vertex 14.4135 -3.90211 -0.540711
    endloop
  endfacet
  facet normal 0.303593 -0.912705 0.273499
    outer loop
      vertex 14.809 -3.73205 -0.412215
      vertex 14.4135 -3.90211 -0.540711
      vertex 14.5 -3.90211 -0.636729
    endloop
  endfacet
  facet normal 0.353873 -0.912708 0.2043
    outer loop
      vertex 14.809 -3.73205 -0.412215
      vertex 14.5 -3.90211 -0.636729
      vertex 14.5646 -3.90211 -0.748624
    endloop
  endfacet
  facet normal 0.56102 -0.807509 0.182171
    outer loop
      vertex 15.2226 -3.48629 -0.455681
      vertex 14.9781 -3.73205 -0.792089
      vertex 15.309 -3.48629 -0.721761
    endloop
  endfacet
  facet normal 0.708501 -0.667157 0.23006
    outer loop
      vertex 15.5827 -3.17557 -0.663592
      vertex 15.2226 -3.48629 -0.455681
      vertex 15.309 -3.48629 -0.721761
    endloop
  endfacet
  facet normal 0.437812 -0.667091 0.602752
    outer loop
      vertex 15.0827 -3.17557 0.202434
      vertex 14.6691 -3.48629 0.158968
      vertex 14.8955 -3.48629 -0.00547886
    endloop
  endfacet
  facet normal 0.346654 -0.807504 0.477251
    outer loop
      vertex 14.6691 -3.48629 0.158968
      vertex 14.6691 -3.73205 -0.256856
      vertex 14.8955 -3.48629 -0.00547886
    endloop
  endfacet
  facet normal 0.861299 -0.103845 0.497374
    outer loop
      vertex 15.618 -2 0.17557
      vertex 15.5827 -2.41582 0.149881
      vertex 15.8271 -2 -0.186527
    endloop
  endfacet
  facet normal -0.303003 -0.667099 0.680564
    outer loop
      vertex 1.5 -3.17557 0.538841
      vertex 1.19098 -3.17557 0.401258
      vertex 1.33087 -3.48629 0.158968
    endloop
  endfacet
  facet normal -0.437883 -0.6671 0.60269
    outer loop
      vertex 1.33087 -3.48629 0.158968
      vertex 0.917324 -3.17557 0.202434
      vertex 1.10453 -3.48629 -0.00547886
    endloop
  endfacet
  facet normal -0.437883 -0.6671 0.60269
    outer loop
      vertex 1.19098 -3.17557 0.401258
      vertex 0.917324 -3.17557 0.202434
      vertex 1.33087 -3.48629 0.158968
    endloop
  endfacet
  facet normal -0.50974 -0.49793 0.701592
    outer loop
      vertex 1.08646 -2.81347 0.582307
      vertex 0.917324 -3.17557 0.202434
      vertex 1.19098 -3.17557 0.401258
    endloop
  endfacet
  facet normal -0.388598 -0.912714 0.126275
    outer loop
      vertex 1.4354 -3.90211 -0.748624
      vertex 1.02185 -3.73205 -0.792089
      vertex 1.39547 -3.90211 -0.871504
    endloop
  endfacet
  facet normal -0.346734 -0.807479 0.477235
    outer loop
      vertex 1.33087 -3.48629 0.158968
      vertex 1.10453 -3.48629 -0.00547886
      vertex 1.33087 -3.73205 -0.256856
    endloop
  endfacet
  facet normal -0.346734 -0.807479 0.477235
    outer loop
      vertex 1.33087 -3.48629 0.158968
      vertex 1.33087 -3.73205 -0.256856
      vertex 1.5 -3.73205 -0.133975
    endloop
  endfacet
  facet normal -0.240182 -0.912712 0.330558
    outer loop
      vertex 1.69098 -3.90211 -0.464767
      vertex 1.5 -3.73205 -0.133975
      vertex 1.58646 -3.90211 -0.540711
    endloop
  endfacet
  facet normal -0.198772 -0.977914 0.0646058
    outer loop
      vertex 1.80902 -3.98904 -0.914969
      vertex 1.39547 -3.90211 -0.871504
      vertex 1.79551 -3.98904 -0.956535
    endloop
  endfacet
  facet normal -0.866027 -0.499997 0
    outer loop
      vertex 0.381967 -3.17557 -5.01096
      vertex 0.17291 -2.81347 -1
      vertex 0.17291 -2.81347 -5.01096
    endloop
  endfacet
  facet normal -0.866027 -0.499997 0
    outer loop
      vertex 0.17291 -2.81347 -1
      vertex 0.381967 -3.17557 -5.01096
      vertex 0.381967 -3.17557 -1
    endloop
  endfacet
  facet normal -0.904981 -0.307484 0.294046
    outer loop
      vertex 0.33087 -2.81347 -0.256856
      vertex 0.0864553 -2.41582 -0.593264
      vertex 0.212836 -2.81347 -0.620127
    endloop
  endfacet
  facet normal -0.824768 -0.497937 0.267984
    outer loop
      vertex 0.33087 -2.81347 -0.256856
      vertex 0.212836 -2.81347 -0.620127
      vertex 0.417324 -3.17557 -0.663592
    endloop
  endfacet
  facet normal -0.206787 -0.103961 0.972847
    outer loop
      vertex 1.79094 -2 0.989043
      vertex 1.38197 -2 0.902113
      vertex 1.39547 -2.41582 0.860547
    endloop
  endfacet
  facet normal -0.739116 -0.103964 0.665506
    outer loop
      vertex 0.661739 -2 0.486289
      vertex 0.417324 -2.41582 0.149881
      vertex 0.690984 -2.41582 0.45381
    endloop
  endfacet
  facet normal -0.559301 -0.307494 0.769824
    outer loop
      vertex 1.02185 -2.41582 0.694201
      vertex 0.777438 -2.81347 0.357793
      vertex 1.08646 -2.81347 0.582307
    endloop
  endfacet
  facet normal 0.824694 -0.497976 0.268143
    outer loop
      vertex 15.6691 -2.81347 -0.256856
      vertex 15.4781 -3.17557 -0.341887
      vertex 15.5827 -3.17557 -0.663592
    endloop
  endfacet
  facet normal 0.824717 -0.497952 0.268117
    outer loop
      vertex 15.6691 -2.81347 -0.256856
      vertex 15.5827 -3.17557 -0.663592
      vertex 15.7872 -2.81347 -0.620127
    endloop
  endfacet
  facet normal 0.510869 -0.807505 0.29487
    outer loop
      vertex 15.0827 -3.48629 -0.21339
      vertex 14.809 -3.73205 -0.412215
      vertex 14.9135 -3.73205 -0.593264
    endloop
  endfacet
  facet normal 0.353907 -0.912701 0.204272
    outer loop
      vertex 14.809 -3.73205 -0.412215
      vertex 14.5646 -3.90211 -0.748624
      vertex 14.9135 -3.73205 -0.593264
    endloop
  endfacet
  facet normal 0.584561 -0.10404 0.804652
    outer loop
      vertex 15.3383 -2 0.486289
      vertex 14.9781 -2.41582 0.694201
      vertex 15.309 -2.41582 0.45381
    endloop
  endfacet
  facet normal 0.73906 -0.104062 0.665553
    outer loop
      vertex 15.3383 -2 0.486289
      vertex 15.309 -2.41582 0.45381
      vertex 15.5827 -2.41582 0.149881
    endloop
  endfacet
  facet normal 0.707219 -0.307605 0.63657
    outer loop
      vertex 15.5827 -2.41582 0.149881
      vertex 15.2226 -2.81347 0.357793
      vertex 15.4781 -2.81347 0.0739365
    endloop
  endfacet
  facet normal 0.824013 -0.30762 0.475786
    outer loop
      vertex 15.5827 -2.41582 0.149881
      vertex 15.4781 -2.81347 0.0739365
      vertex 15.6691 -2.81347 -0.256856
    endloop
  endfacet
  facet normal 0 -0.307486 0.951553
    outer loop
      vertex 11.1 -2.41582 0.945578
      vertex 14.191 -2.81347 0.817081
      vertex 14.2045 -2.41582 0.945578
    endloop
  endfacet
  facet normal 0 -0.307486 0.951553
    outer loop
      vertex 14.191 -2.81347 0.817081
      vertex 11.1 -2.41582 0.945578
      vertex 11.1 -2.81347 0.817081
    endloop
  endfacet
  facet normal 0 -0.307486 0.951553
    outer loop
      vertex 2.5 -2.41582 0.945578
      vertex 1.80902 -2.81347 0.817081
      vertex 2.5 -2.81347 0.817081
    endloop
  endfacet
  facet normal 0 -0.307486 0.951553
    outer loop
      vertex 1.80902 -2.81347 0.817081
      vertex 2.5 -2.41582 0.945578
      vertex 1.79551 -2.41582 0.945578
    endloop
  endfacet
  facet normal 0.387074 -0.307461 0.869277
    outer loop
      vertex 14.6045 -2.41582 0.860547
      vertex 14.5646 -2.81347 0.737666
      vertex 14.9135 -2.81347 0.582307
    endloop
  endfacet
  facet normal -0.438377 -0.807478 0.39472
    outer loop
      vertex 1.10453 -3.48629 -0.00547886
      vertex 0.917324 -3.48629 -0.21339
      vertex 1.33087 -3.73205 -0.256856
    endloop
  endfacet
  facet normal -0.438375 -0.807477 0.394726
    outer loop
      vertex 1.33087 -3.73205 -0.256856
      vertex 0.917324 -3.48629 -0.21339
      vertex 1.19098 -3.73205 -0.412215
    endloop
  endfacet
  facet normal -0.154895 -0.6671 0.728687
    outer loop
      vertex 1.86011 -3.48629 0.33093
      vertex 1.5 -3.17557 0.538841
      vertex 1.58646 -3.48629 0.272761
    endloop
  endfacet
  facet normal -0.302999 -0.667101 0.680564
    outer loop
      vertex 1.5 -3.17557 0.538841
      vertex 1.33087 -3.48629 0.158968
      vertex 1.58646 -3.48629 0.272761
    endloop
  endfacet
  facet normal -0.751026 -0.49794 0.433608
    outer loop
      vertex 0.521852 -2.81347 0.0739365
      vertex 0.521852 -3.17557 -0.341887
      vertex 0.690984 -3.17557 -0.0489435
    endloop
  endfacet
  facet normal -0.645163 -0.667097 0.372487
    outer loop
      vertex 0.690984 -3.17557 -0.0489435
      vertex 0.521852 -3.17557 -0.341887
      vertex 0.917324 -3.48629 -0.21339
    endloop
  endfacet
  facet normal -0.35386 -0.912715 0.204293
    outer loop
      vertex 1.5 -3.90211 -0.636729
      vertex 1.19098 -3.73205 -0.412215
      vertex 1.4354 -3.90211 -0.748624
    endloop
  endfacet
  facet normal -0.198773 -0.977915 0.0645916
    outer loop
      vertex 1.4354 -3.90211 -0.748624
      vertex 1.39547 -3.90211 -0.871504
      vertex 1.80902 -3.98904 -0.914969
    endloop
  endfacet
  facet normal -0.0850063 -0.977915 0.190937
    outer loop
      vertex 1.80902 -3.90211 -0.412215
      vertex 1.69098 -3.90211 -0.464767
      vertex 1.89547 -3.98904 -0.818952
    endloop
  endfacet
  facet normal 0.989135 -0.103952 0.103951
    outer loop
      vertex 15.9563 -2 -0.584177
      vertex 15.9563 -2.41582 -1
      vertex 16 -2 -1
    endloop
  endfacet
  facet normal 0.989108 -0.104083 0.104082
    outer loop
      vertex 15.9563 -2 -0.584177
      vertex 15.9135 -2.41582 -0.593264
      vertex 15.9563 -2.41582 -1
    endloop
  endfacet
  facet normal -0.861333 -0.103963 0.497289
    outer loop
      vertex 0.417324 -2.41582 0.149881
      vertex 0.17291 -2 -0.186527
      vertex 0.212836 -2.41582 -0.204304
    endloop
  endfacet
  facet normal -0.945902 -0.103963 0.307344
    outer loop
      vertex 0.17291 -2 -0.186527
      vertex 0.043705 -2 -0.584177
      vertex 0.212836 -2.41582 -0.204304
    endloop
  endfacet
  facet normal -0.707141 -0.307483 0.636715
    outer loop
      vertex 0.690984 -2.41582 0.45381
      vertex 0.417324 -2.41582 0.149881
      vertex 0.777438 -2.81347 0.357793
    endloop
  endfacet
  facet normal -0.559313 -0.307483 0.76982
    outer loop
      vertex 1.02185 -2.41582 0.694201
      vertex 0.690984 -2.41582 0.45381
      vertex 0.777438 -2.81347 0.357793
    endloop
  endfacet
  facet normal 0.708547 -0.666998 0.230379
    outer loop
      vertex 15.4781 -3.17557 -0.341887
      vertex 15.2226 -3.48629 -0.455681
      vertex 15.5827 -3.17557 -0.663592
    endloop
  endfacet
  facet normal 0.740982 -0.667008 0.0777528
    outer loop
      vertex 15.5827 -3.17557 -0.663592
      vertex 15.3383 -3.48629 -1
      vertex 15.618 -3.17557 -1
    endloop
  endfacet
  facet normal 0 -0.103962 0.994581
    outer loop
      vertex 11.1 -2 0.989043
      vertex 14.2045 -2.41582 0.945578
      vertex 14.2091 -2 0.989043
    endloop
  endfacet
  facet normal 0 -0.103962 0.994581
    outer loop
      vertex 14.2045 -2.41582 0.945578
      vertex 11.1 -2 0.989043
      vertex 11.1 -2.41582 0.945578
    endloop
  endfacet
  facet normal 0 -0.103962 0.994581
    outer loop
      vertex 2.5 -2 0.989043
      vertex 1.79551 -2.41582 0.945578
      vertex 2.5 -2.41582 0.945578
    endloop
  endfacet
  facet normal 0 -0.103962 0.994581
    outer loop
      vertex 1.79551 -2.41582 0.945578
      vertex 2.5 -2 0.989043
      vertex 1.79094 -2 0.989043
    endloop
  endfacet
  facet normal 0.352743 -0.497936 0.792232
    outer loop
      vertex 14.5646 -2.81347 0.737666
      vertex 14.5 -3.17557 0.538841
      vertex 14.809 -3.17557 0.401258
    endloop
  endfacet
  facet normal 0.352767 -0.49792 0.792232
    outer loop
      vertex 14.9135 -2.81347 0.582307
      vertex 14.5646 -2.81347 0.737666
      vertex 14.809 -3.17557 0.401258
    endloop
  endfacet
  facet normal -0.75103 -0.497937 0.433605
    outer loop
      vertex 0.521852 -2.81347 0.0739365
      vertex 0.33087 -2.81347 -0.256856
      vertex 0.521852 -3.17557 -0.341887
    endloop
  endfacet
  facet normal -0.824769 -0.497937 0.267983
    outer loop
      vertex 0.521852 -3.17557 -0.341887
      vertex 0.33087 -2.81347 -0.256856
      vertex 0.417324 -3.17557 -0.663592
    endloop
  endfacet
  facet normal -0.510862 -0.807482 0.294945
    outer loop
      vertex 0.917324 -3.48629 -0.21339
      vertex 0.777438 -3.48629 -0.455681
      vertex 1.08646 -3.73205 -0.593264
    endloop
  endfacet
  facet normal -0.561012 -0.807484 0.182306
    outer loop
      vertex 1.08646 -3.73205 -0.593264
      vertex 0.777438 -3.48629 -0.455681
      vertex 1.02185 -3.73205 -0.792089
    endloop
  endfacet
  facet normal -0.155317 -0.977914 0.139856
    outer loop
      vertex 1.58646 -3.90211 -0.540711
      vertex 1.5 -3.90211 -0.636729
      vertex 1.83087 -3.98904 -0.87712
    endloop
  endfacet
  facet normal -0.122653 -0.807477 0.577007
    outer loop
      vertex 1.86011 -3.48629 0.33093
      vertex 1.58646 -3.48629 0.272761
      vertex 1.69098 -3.73205 -0.0489435
    endloop
  endfacet
  facet normal -0.239929 -0.807475 0.538904
    outer loop
      vertex 1.58646 -3.48629 0.272761
      vertex 1.33087 -3.48629 0.158968
      vertex 1.69098 -3.73205 -0.0489435
    endloop
  endfacet
  facet normal 0.510784 -0.807538 0.294929
    outer loop
      vertex 15.0827 -3.48629 -0.21339
      vertex 14.9135 -3.73205 -0.593264
      vertex 15.2226 -3.48629 -0.455681
    endloop
  endfacet
  facet normal 0.560941 -0.807544 0.182255
    outer loop
      vertex 15.2226 -3.48629 -0.455681
      vertex 14.9135 -3.73205 -0.593264
      vertex 14.9781 -3.73205 -0.792089
    endloop
  endfacet
  facet normal 0.862429 -0.498022 0.0904965
    outer loop
      vertex 15.8271 -2.81347 -1
      vertex 15.5827 -3.17557 -0.663592
      vertex 15.618 -3.17557 -1
    endloop
  endfacet
  facet normal 0.904985 -0.307313 0.294212
    outer loop
      vertex 15.9135 -2.41582 -0.593264
      vertex 15.6691 -2.81347 -0.256856
      vertex 15.7872 -2.81347 -0.620127
    endloop
  endfacet
  facet normal 0.584552 -0.104029 0.80466
    outer loop
      vertex 15 -2 0.73205
      vertex 14.9781 -2.41582 0.694201
      vertex 15.3383 -2 0.486289
    endloop
  endfacet
  facet normal -0.353866 -0.912713 0.204288
    outer loop
      vertex 1.19098 -3.73205 -0.412215
      vertex 1.08646 -3.73205 -0.593264
      vertex 1.4354 -3.90211 -0.748624
    endloop
  endfacet
  facet normal -0.388598 -0.912713 0.126278
    outer loop
      vertex 1.08646 -3.73205 -0.593264
      vertex 1.02185 -3.73205 -0.792089
      vertex 1.4354 -3.90211 -0.748624
    endloop
  endfacet
  facet normal -0.30364 -0.912714 0.273414
    outer loop
      vertex 1.58646 -3.90211 -0.540711
      vertex 1.19098 -3.73205 -0.412215
      vertex 1.5 -3.90211 -0.636729
    endloop
  endfacet
  facet normal -0.303642 -0.912715 0.273409
    outer loop
      vertex 1.33087 -3.73205 -0.256856
      vertex 1.19098 -3.73205 -0.412215
      vertex 1.58646 -3.90211 -0.540711
    endloop
  endfacet
  facet normal -0.166194 -0.912715 0.373271
    outer loop
      vertex 1.69098 -3.73205 -0.0489435
      vertex 1.5 -3.73205 -0.133975
      vertex 1.80902 -3.90211 -0.412215
    endloop
  endfacet
  facet normal -0.239936 -0.807479 0.538895
    outer loop
      vertex 1.69098 -3.73205 -0.0489435
      vertex 1.33087 -3.48629 0.158968
      vertex 1.5 -3.73205 -0.133975
    endloop
  endfacet
  facet normal 0.946349 -0.307477 0.0993999
    outer loop
      vertex 15.9563 -2.41582 -1
      vertex 15.7872 -2.81347 -0.620127
      vertex 15.8271 -2.81347 -1
    endloop
  endfacet
  facet normal 0.946383 -0.307314 0.099586
    outer loop
      vertex 15.9135 -2.41582 -0.593264
      vertex 15.7872 -2.81347 -0.620127
      vertex 15.9563 -2.41582 -1
    endloop
  endfacet
  facet normal -0.739083 -0.103994 0.665539
    outer loop
      vertex -5.33826 -12 30.4863
      vertex -5.58268 -12.4158 30.1499
      vertex -5.30902 -12.4158 30.4538
    endloop
  endfacet
  facet normal -0.740863 -0.667127 0.0778678
    outer loop
      vertex -5.30902 -13.4863 29.2782
      vertex -5.58268 -13.1756 29.3364
      vertex -5.33826 -13.4863 29
    endloop
  endfacet
  facet normal -0.7391 -0.103971 0.665523
    outer loop
      vertex -5.33826 -12 30.4863
      vertex -5.61803 -12 30.1756
      vertex -5.58268 -12.4158 30.1499
    endloop
  endfacet
  facet normal 0.352826 -0.497856 0.792246
    outer loop
      vertex -1.08646 -12.8135 30.5823
      vertex -1.4354 -12.8135 30.7377
      vertex -1.19098 -13.1756 30.4013
    endloop
  endfacet
  facet normal -0.739101 0.103966 0.665523
    outer loop
      vertex -5.58268 -3.58418 30.1499
      vertex -5.61803 -4 30.1756
      vertex -5.33826 -4 30.4863
    endloop
  endfacet
  facet normal -0.989135 0.103952 0.103957
    outer loop
      vertex -5.9563 -3.58418 29
      vertex -6 -4 29
      vertex -5.9563 -4 29.4158
    endloop
  endfacet
  facet normal 0.70717 0.307567 0.636642
    outer loop
      vertex -0.521852 -3.18653 30.0739
      vertex -0.777438 -3.18653 30.3578
      vertex -0.417324 -3.58418 30.1499
    endloop
  endfacet
  facet normal -0.946336 0.307497 0.0994662
    outer loop
      vertex -5.82709 -3.18653 29
      vertex -5.9563 -3.58418 29
      vertex -5.78716 -3.18653 29.3799
    endloop
  endfacet
  facet normal -0.206717 -0.104044 0.972853
    outer loop
      vertex -4.20906 -12 30.989
      vertex -4.61803 -12 30.9021
      vertex -4.60453 -12.4158 30.8605
    endloop
  endfacet
  facet normal -0.707173 -0.307535 0.636655
    outer loop
      vertex -5.22256 -12.8135 30.3578
      vertex -5.58268 -12.4158 30.1499
      vertex -5.47815 -12.8135 30.0739
    endloop
  endfacet
  facet normal -0.584612 -0.104002 0.804619
    outer loop
      vertex -4.97815 -12.4158 30.6942
      vertex -5.33826 -12 30.4863
      vertex -5.30902 -12.4158 30.4538
    endloop
  endfacet
  facet normal 0.584511 -0.103871 0.80471
    outer loop
      vertex -1 -12 30.732
      vertex -1.02185 -12.4158 30.6942
      vertex -0.661739 -12 30.4863
    endloop
  endfacet
  facet normal -0.584512 -0.103871 0.804709
    outer loop
      vertex -5 -12 30.732
      vertex -5.33826 -12 30.4863
      vertex -4.97815 -12.4158 30.6942
    endloop
  endfacet
  facet normal 0.0848391 -0.912694 0.399741
    outer loop
      vertex -1.89547 -13.732 29.9945
      vertex -1.9354 -13.9021 29.6146
      vertex -1.69098 -13.732 29.9511
    endloop
  endfacet
  facet normal 0.866027 -0.499997 0
    outer loop
      vertex -0.381967 -13.1756 29
      vertex -0.17291 -12.8135 -5.01096
      vertex -0.17291 -12.8135 29
    endloop
  endfacet
  facet normal 0.866027 -0.499997 0
    outer loop
      vertex -0.17291 -12.8135 -5.01096
      vertex -0.381967 -13.1756 29
      vertex -0.381967 -13.1756 -5.01096
    endloop
  endfacet
  facet normal -0.861331 -0.103965 0.497293
    outer loop
      vertex -5.61803 -12 30.1756
      vertex -5.82709 -12 29.8135
      vertex -5.58268 -12.4158 30.1499
    endloop
  endfacet
  facet normal -0.406808 0 0.913513
    outer loop
      vertex -5 -4 30.732
      vertex -4.61803 -12 30.9021
      vertex -4.61803 -4 30.9021
    endloop
  endfacet
  facet normal -0.406808 0 0.913513
    outer loop
      vertex -4.61803 -12 30.9021
      vertex -5 -4 30.732
      vertex -5 -12 30.732
    endloop
  endfacet
  facet normal 0.240215 0.912698 0.330574
    outer loop
      vertex -1.33087 -2.26795 29.7431
      vertex -1.58646 -2.09789 29.4593
      vertex -1.5 -2.26795 29.866
    endloop
  endfacet
  facet normal -0.708477 -0.667136 0.230195
    outer loop
      vertex -5.22256 -13.4863 29.5443
      vertex -5.58268 -13.1756 29.3364
      vertex -5.30902 -13.4863 29.2782
    endloop
  endfacet
  facet normal -0.751051 -0.497907 0.433603
    outer loop
      vertex -5.47815 -12.8135 30.0739
      vertex -5.66913 -12.8135 29.7431
      vertex -5.47815 -13.1756 29.6581
    endloop
  endfacet
  facet normal -0.824069 -0.307512 0.475758
    outer loop
      vertex -5.58268 -12.4158 30.1499
      vertex -5.66913 -12.8135 29.7431
      vertex -5.47815 -12.8135 30.0739
    endloop
  endfacet
  facet normal -0.644421 -0.497835 0.580415
    outer loop
      vertex -5.08268 -13.1756 30.2024
      vertex -5.47815 -12.8135 30.0739
      vertex -5.30902 -13.1756 29.9511
    endloop
  endfacet
  facet normal -0.751103 -0.497862 0.433564
    outer loop
      vertex -5.47815 -12.8135 30.0739
      vertex -5.47815 -13.1756 29.6581
      vertex -5.30902 -13.1756 29.9511
    endloop
  endfacet
  facet normal 1 -0 0
    outer loop
      vertex 0 -5.36337 25.0971
      vertex 0 -4 12.4696
      vertex 0 -4 29
    endloop
  endfacet
  facet normal 1 -0 0
    outer loop
      vertex 0 -5.55072 24.5205
      vertex 0 -4 12.4696
      vertex 0 -5.36337 25.0971
    endloop
  endfacet
  facet normal 1 0 0
    outer loop
      vertex 0 -5.36337 25.0971
      vertex 0 -4 29
      vertex 0 -5.3 25.7
    endloop
  endfacet
  facet normal 1 0 0
    outer loop
      vertex 0 -4 29
      vertex 0 -5.36337 26.3029
      vertex 0 -5.3 25.7
    endloop
  endfacet
  facet normal 1 0 0
    outer loop
      vertex 0 -4 29
      vertex 0 -5.55072 26.8795
      vertex 0 -5.36337 26.3029
    endloop
  endfacet
  facet normal 1 0 0
    outer loop
      vertex 0 -4 29
      vertex 0 -5.85385 27.4046
      vertex 0 -5.55072 26.8795
    endloop
  endfacet
  facet normal 1 0 0
    outer loop
      vertex 0 -4 29
      vertex 0 -6.25952 27.8551
      vertex 0 -5.85385 27.4046
    endloop
  endfacet
  facet normal 1 0 0
    outer loop
      vertex 0 -4 29
      vertex 0 -6.75 28.2115
      vertex 0 -6.25952 27.8551
    endloop
  endfacet
  facet normal 1 0 0
    outer loop
      vertex 0 -4 29
      vertex 0 -7.30385 28.4581
      vertex 0 -6.75 28.2115
    endloop
  endfacet
  facet normal 1 0 0
    outer loop
      vertex 0 -4 29
      vertex 0 -7.89687 28.5841
      vertex 0 -7.30385 28.4581
    endloop
  endfacet
  facet normal 1 -0 0
    outer loop
      vertex 0 -12 29
      vertex 0 -7.89687 28.5841
      vertex 0 -4 29
    endloop
  endfacet
  facet normal 1 0 0
    outer loop
      vertex 0 -11.0366 26.3029
      vertex 0 -12 29
      vertex 0 -11.1 25.7
    endloop
  endfacet
  facet normal 1 0 0
    outer loop
      vertex 0 -10.8493 26.8795
      vertex 0 -12 29
      vertex 0 -11.0366 26.3029
    endloop
  endfacet
  facet normal 1 0 0
    outer loop
      vertex 0 -10.5461 27.4046
      vertex 0 -12 29
      vertex 0 -10.8493 26.8795
    endloop
  endfacet
  facet normal 1 0 0
    outer loop
      vertex 0 -10.1405 27.8551
      vertex 0 -12 29
      vertex 0 -10.5461 27.4046
    endloop
  endfacet
  facet normal 1 0 0
    outer loop
      vertex 0 -9.65 28.2115
      vertex 0 -12 29
      vertex 0 -10.1405 27.8551
    endloop
  endfacet
  facet normal 1 0 0
    outer loop
      vertex 0 -9.09615 28.4581
      vertex 0 -12 29
      vertex 0 -9.65 28.2115
    endloop
  endfacet
  facet normal 1 0 0
    outer loop
      vertex 0 -8.50313 28.5841
      vertex 0 -12 29
      vertex 0 -9.09615 28.4581
    endloop
  endfacet
  facet normal 1 0 0
    outer loop
      vertex 0 -7.89687 28.5841
      vertex 0 -12 29
      vertex 0 -8.50313 28.5841
    endloop
  endfacet
  facet normal 1 -0 0
    outer loop
      vertex 0 -5.85385 23.9954
      vertex 0 -4 12.4696
      vertex 0 -5.55072 24.5205
    endloop
  endfacet
  facet normal 1 -0 0
    outer loop
      vertex 0 -6.25952 23.5449
      vertex 0 -4 12.4696
      vertex 0 -5.85385 23.9954
    endloop
  endfacet
  facet normal 1 -0 0
    outer loop
      vertex 0 -6.75 23.1885
      vertex 0 -4 12.4696
      vertex 0 -6.25952 23.5449
    endloop
  endfacet
  facet normal 1 -0 0
    outer loop
      vertex 0 -7.30385 22.9419
      vertex 0 -4 12.4696
      vertex 0 -6.75 23.1885
    endloop
  endfacet
  facet normal 1 -0 0
    outer loop
      vertex 0 -7.89687 22.8159
      vertex 0 -4 12.4696
      vertex 0 -7.30385 22.9419
    endloop
  endfacet
  facet normal 1 0 0
    outer loop
      vertex 0 -4 12.4696
      vertex 0 -7.89687 22.8159
      vertex 0 -4.01478 12.4589
    endloop
  endfacet
  facet normal 1 -0 0
    outer loop
      vertex 0 -8.50313 22.8159
      vertex 0 -4.01478 12.4589
      vertex 0 -7.89687 22.8159
    endloop
  endfacet
  facet normal 1 0 0
    outer loop
      vertex 0 -4.01478 3.54113
      vertex 0 -4 -5.01096
      vertex 0 -4 3.53039
    endloop
  endfacet
  facet normal 1 0 0
    outer loop
      vertex 0 -12 -5.01096
      vertex 0 -4.01478 3.54113
      vertex 0 -4.8541 4.47329
    endloop
  endfacet
  facet normal 1 0 0
    outer loop
      vertex 0 -12 -5.01096
      vertex 0 -4.8541 4.47329
      vertex 0 -5.48127 5.55958
    endloop
  endfacet
  facet normal 1 0 0
    outer loop
      vertex 0 -12 -5.01096
      vertex 0 -5.48127 5.55958
      vertex 0 -5.86889 6.75253
    endloop
  endfacet
  facet normal 1 0 0
    outer loop
      vertex 0 -4.01478 12.4589
      vertex 0 -8.50313 22.8159
      vertex 0 -4.8541 11.5267
    endloop
  endfacet
  facet normal 1 0 0
    outer loop
      vertex 0 -9.09615 22.9419
      vertex 0 -4.8541 11.5267
      vertex 0 -8.50313 22.8159
    endloop
  endfacet
  facet normal 1 0 0
    outer loop
      vertex 0 -4.8541 11.5267
      vertex 0 -9.09615 22.9419
      vertex 0 -5.48127 10.4404
    endloop
  endfacet
  facet normal 1 0 0
    outer loop
      vertex 0 -9.65 23.1885
      vertex 0 -5.48127 10.4404
      vertex 0 -9.09615 22.9419
    endloop
  endfacet
  facet normal 1 0 0
    outer loop
      vertex 0 -10.1405 23.5449
      vertex 0 -5.48127 10.4404
      vertex 0 -9.65 23.1885
    endloop
  endfacet
  facet normal 1 0 0
    outer loop
      vertex 0 -5.48127 10.4404
      vertex 0 -10.1405 23.5449
      vertex 0 -5.86889 9.24747
    endloop
  endfacet
  facet normal 1 0 0
    outer loop
      vertex 0 -10.5461 23.9954
      vertex 0 -5.86889 9.24747
      vertex 0 -10.1405 23.5449
    endloop
  endfacet
  facet normal 1 0 0
    outer loop
      vertex 0 -5.86889 9.24747
      vertex 0 -10.5461 23.9954
      vertex 0 -6 8
    endloop
  endfacet
  facet normal 1 0 0
    outer loop
      vertex 0 -12 -5.01096
      vertex 0 -6 8
      vertex 0 -10.5461 23.9954
    endloop
  endfacet
  facet normal 1 0 0
    outer loop
      vertex 0 -6 8
      vertex 0 -12 -5.01096
      vertex 0 -5.86889 6.75253
    endloop
  endfacet
  facet normal 1 0 0
    outer loop
      vertex 0 -12 -5.01096
      vertex 0 -10.5461 23.9954
      vertex 0 -10.8493 24.5205
    endloop
  endfacet
  facet normal 1 0 0
    outer loop
      vertex 0 -12 -5.01096
      vertex 0 -10.8493 24.5205
      vertex 0 -11.0366 25.0971
    endloop
  endfacet
  facet normal 1 0 0
    outer loop
      vertex 0 -12 29
      vertex 0 -11.0366 25.0971
      vertex 0 -11.1 25.7
    endloop
  endfacet
  facet normal 1 0 0
    outer loop
      vertex 0 -12 -5.01096
      vertex 0 -11.0366 25.0971
      vertex 0 -12 29
    endloop
  endfacet
  facet normal 1 0 0
    outer loop
      vertex 0 -4.01478 3.54113
      vertex 0 -12 -5.01096
      vertex 0 -4 -5.01096
    endloop
  endfacet
  facet normal 0.989132 -0.103968 0.103968
    outer loop
      vertex -0.043705 -12 29.4158
      vertex -0.043705 -12.4158 29
      vertex 0 -12 29
    endloop
  endfacet
  facet normal 0.946352 -0.307451 0.0994579
    outer loop
      vertex -0.043705 -12.4158 29
      vertex -0.212836 -12.8135 29.3799
      vertex -0.17291 -12.8135 29
    endloop
  endfacet
  facet normal 0.645165 0.667104 0.372471
    outer loop
      vertex -0.777438 -2.51371 29.5443
      vertex -0.917324 -2.51371 29.7866
      vertex -0.521852 -2.82443 29.6581
    endloop
  endfacet
  facet normal -0.553518 0.667139 0.498541
    outer loop
      vertex -5.08268 -2.51371 29.7866
      vertex -5.30902 -2.82443 29.9511
      vertex -5.08268 -2.82443 30.2024
    endloop
  endfacet
  facet normal 0.862462 -0.497939 0.0906482
    outer loop
      vertex -0.17291 -12.8135 29
      vertex -0.417324 -13.1756 29.3364
      vertex -0.381967 -13.1756 29
    endloop
  endfacet
  facet normal -0.951064 0 0.308994
    outer loop
      vertex -5.9563 -12 29.4158
      vertex -5.82709 -4 29.8135
      vertex -5.9563 -4 29.4158
    endloop
  endfacet
  facet normal -0.951064 0 0.308994
    outer loop
      vertex -5.82709 -4 29.8135
      vertex -5.9563 -12 29.4158
      vertex -5.82709 -12 29.8135
    endloop
  endfacet
  facet normal -0.861347 -0.104004 0.497257
    outer loop
      vertex -5.58268 -12.4158 30.1499
      vertex -5.82709 -12 29.8135
      vertex -5.78716 -12.4158 29.7957
    endloop
  endfacet
  facet normal -0.994522 0 0.104523
    outer loop
      vertex -6 -12 29
      vertex -5.9563 -4 29.4158
      vertex -6 -4 29
    endloop
  endfacet
  facet normal -0.994522 0 0.104523
    outer loop
      vertex -5.9563 -4 29.4158
      vertex -6 -12 29
      vertex -5.9563 -12 29.4158
    endloop
  endfacet
  facet normal -0.35387 0.912711 0.204289
    outer loop
      vertex -4.5646 -2.09789 29.2514
      vertex -4.80902 -2.26795 29.5878
      vertex -4.5 -2.09789 29.3633
    endloop
  endfacet
  facet normal -0.406437 -0.91268 0.0426997
    outer loop
      vertex -4.60453 -13.9021 29.1285
      vertex -5 -13.732 29
      vertex -4.61803 -13.9021 29
    endloop
  endfacet
  facet normal 0.904988 -0.307405 0.294106
    outer loop
      vertex -0.0864553 -12.4158 29.4067
      vertex -0.33087 -12.8135 29.7431
      vertex -0.212836 -12.8135 29.3799
    endloop
  endfacet
  facet normal -0.951064 -0.308994 0
    outer loop
      vertex -5.82709 -12.8135 -6.18653
      vertex -5.9563 -12.4158 29
      vertex -5.9563 -12.4158 -6.58418
    endloop
  endfacet
  facet normal -0.951064 -0.308994 0
    outer loop
      vertex -5.9563 -12.4158 29
      vertex -5.82709 -12.8135 -6.18653
      vertex -5.82709 -12.8135 29
    endloop
  endfacet
  facet normal -0.989126 -0.103996 0.103996
    outer loop
      vertex -5.9563 -12 29.4158
      vertex -5.9563 -12.4158 29
      vertex -5.91354 -12.4158 29.4067
    endloop
  endfacet
  facet normal 0.946341 0.307486 0.0994567
    outer loop
      vertex -0.17291 -3.18653 29
      vertex -0.212836 -3.18653 29.3799
      vertex -0.043705 -3.58418 29
    endloop
  endfacet
  facet normal 0.739082 0.103998 0.665539
    outer loop
      vertex -0.417324 -3.58418 30.1499
      vertex -0.690984 -3.58418 30.4538
      vertex -0.661739 -4 30.4863
    endloop
  endfacet
  facet normal 0.945912 -0.103984 0.307308
    outer loop
      vertex -0.17291 -12 29.8135
      vertex -0.212836 -12.4158 29.7957
      vertex -0.043705 -12 29.4158
    endloop
  endfacet
  facet normal 0.824074 -0.307502 0.475757
    outer loop
      vertex -0.212836 -12.4158 29.7957
      vertex -0.417324 -12.4158 30.1499
      vertex -0.33087 -12.8135 29.7431
    endloop
  endfacet
  facet normal 0.207913 0.978147 0
    outer loop
      vertex -1.38197 -2.09789 29
      vertex -1.79094 -2.01096 13.6365
      vertex -1.79094 -2.01096 29
    endloop
  endfacet
  facet normal 0.207913 0.978147 0
    outer loop
      vertex -1.79094 -2.01096 13.6365
      vertex -1.38197 -2.09789 29
      vertex -1.38197 -2.09789 13.5978
    endloop
  endfacet
  facet normal 0.207913 0.978147 -0
    outer loop
      vertex -1.38197 -2.09789 -5.01096
      vertex -1.79094 -2.01096 2.3635
      vertex -1.38197 -2.09789 2.4022
    endloop
  endfacet
  facet normal 0.207913 0.978147 0
    outer loop
      vertex -1.79094 -2.01096 2.3635
      vertex -1.38197 -2.09789 -5.01096
      vertex -1.79094 -2.01096 -5.01096
    endloop
  endfacet
  facet normal -0.904981 0.307439 0.294094
    outer loop
      vertex -5.78716 -3.18653 29.3799
      vertex -5.91354 -3.58418 29.4067
      vertex -5.66913 -3.18653 29.7431
    endloop
  endfacet
  facet normal -0.989126 0.103991 0.103996
    outer loop
      vertex -5.91354 -3.58418 29.4067
      vertex -5.9563 -3.58418 29
      vertex -5.9563 -4 29.4158
    endloop
  endfacet
  facet normal -0.509889 0.497852 0.701539
    outer loop
      vertex -4.80902 -2.82443 30.4013
      vertex -5.08268 -2.82443 30.2024
      vertex -4.91354 -3.18653 30.5823
    endloop
  endfacet
  facet normal 0.584616 0.104004 0.804616
    outer loop
      vertex -0.690984 -3.58418 30.4538
      vertex -1.02185 -3.58418 30.6942
      vertex -0.661739 -4 30.4863
    endloop
  endfacet
  facet normal 0.180273 0.497919 0.84828
    outer loop
      vertex -1.4354 -3.18653 30.7377
      vertex -1.83087 -2.82443 30.6092
      vertex -1.80902 -3.18653 30.8171
    endloop
  endfacet
  facet normal -0.945907 -0.103993 0.307319
    outer loop
      vertex -5.82709 -12 29.8135
      vertex -5.9563 -12 29.4158
      vertex -5.78716 -12.4158 29.7957
    endloop
  endfacet
  facet normal -0.708479 -0.667131 0.230206
    outer loop
      vertex -5.47815 -13.1756 29.6581
      vertex -5.58268 -13.1756 29.3364
      vertex -5.22256 -13.4863 29.5443
    endloop
  endfacet
  facet normal -0.739083 0.103989 0.665539
    outer loop
      vertex -5.30902 -3.58418 30.4538
      vertex -5.58268 -3.58418 30.1499
      vertex -5.33826 -4 30.4863
    endloop
  endfacet
  facet normal -0.945908 0.103988 0.307319
    outer loop
      vertex -5.78716 -3.58418 29.7957
      vertex -5.9563 -4 29.4158
      vertex -5.82709 -4 29.8135
    endloop
  endfacet
  facet normal -0.989134 -0.103957 0.103957
    outer loop
      vertex -5.9563 -12 29.4158
      vertex -6 -12 29
      vertex -5.9563 -12.4158 29
    endloop
  endfacet
  facet normal -0.945909 -0.104001 0.307311
    outer loop
      vertex -5.78716 -12.4158 29.7957
      vertex -5.9563 -12 29.4158
      vertex -5.91354 -12.4158 29.4067
    endloop
  endfacet
  facet normal -0.388682 -0.912677 0.126282
    outer loop
      vertex -4.5646 -13.9021 29.2514
      vertex -4.97815 -13.732 29.2079
      vertex -4.60453 -13.9021 29.1285
    endloop
  endfacet
  facet normal 0.180986 -0.977935 0.104342
    outer loop
      vertex -1.4354 -13.9021 29.2514
      vertex -1.83087 -13.989 29.1229
      vertex -1.80902 -13.989 29.085
    endloop
  endfacet
  facet normal 0.35398 -0.912667 0.204296
    outer loop
      vertex -1.19098 -13.732 29.5878
      vertex -1.4354 -13.9021 29.2514
      vertex -1.08646 -13.732 29.4067
    endloop
  endfacet
  facet normal -0.559285 -0.307471 0.769845
    outer loop
      vertex -4.97815 -12.4158 30.6942
      vertex -5.22256 -12.8135 30.3578
      vertex -4.91354 -12.8135 30.5823
    endloop
  endfacet
  facet normal 0.207795 -0.977929 0.0218304
    outer loop
      vertex -1.39547 -13.9021 29.1285
      vertex -1.79551 -13.989 29.0435
      vertex -1.79094 -13.989 29
    endloop
  endfacet
  facet normal -0.303041 -0.667027 0.680618
    outer loop
      vertex -4.5 -13.1756 30.5388
      vertex -4.66913 -13.4863 30.159
      vertex -4.41354 -13.4863 30.2728
    endloop
  endfacet
  facet normal -0.406442 -0.912678 0.0427165
    outer loop
      vertex -4.97815 -13.732 29.2079
      vertex -5 -13.732 29
      vertex -4.60453 -13.9021 29.1285
    endloop
  endfacet
  facet normal 0.989131 0.103968 0.103973
    outer loop
      vertex -0.043705 -3.58418 29
      vertex -0.0864553 -3.58418 29.4067
      vertex -0.043705 -4 29.4158
    endloop
  endfacet
  facet normal 0.352826 0.497856 0.792246
    outer loop
      vertex -1.19098 -2.82443 30.4013
      vertex -1.4354 -3.18653 30.7377
      vertex -1.08646 -3.18653 30.5823
    endloop
  endfacet
  facet normal 0.994521 -0 0.104535
    outer loop
      vertex -0.043705 -12 29.4158
      vertex 0 -4 29
      vertex -0.043705 -4 29.4158
    endloop
  endfacet
  facet normal 0.994521 0 0.104535
    outer loop
      vertex 0 -4 29
      vertex -0.043705 -12 29.4158
      vertex 0 -12 29
    endloop
  endfacet
  facet normal 0.303623 0.912709 0.273451
    outer loop
      vertex -1.5 -2.09789 29.3633
      vertex -1.58646 -2.09789 29.4593
      vertex -1.19098 -2.26795 29.5878
    endloop
  endfacet
  facet normal -0.206717 0.104039 0.972854
    outer loop
      vertex -4.60453 -3.58418 30.8605
      vertex -4.61803 -4 30.9021
      vertex -4.20906 -4 30.989
    endloop
  endfacet
  facet normal 0.510858 0.80749 0.294931
    outer loop
      vertex -0.777438 -2.51371 29.5443
      vertex -1.08646 -2.26795 29.4067
      vertex -0.917324 -2.51371 29.7866
    endloop
  endfacet
  facet normal -0.38714 0.307325 0.869295
    outer loop
      vertex -4.5646 -3.18653 30.7377
      vertex -4.91354 -3.18653 30.5823
      vertex -4.60453 -3.58418 30.8605
    endloop
  endfacet
  facet normal -0.122517 0.807466 0.577051
    outer loop
      vertex -4.30902 -2.26795 29.9511
      vertex -4.41354 -2.51371 30.2728
      vertex -4.13989 -2.51371 30.3309
    endloop
  endfacet
  facet normal -0.584612 0.103997 0.80462
    outer loop
      vertex -5.30902 -3.58418 30.4538
      vertex -5.33826 -4 30.4863
      vertex -4.97815 -3.58418 30.6942
    endloop
  endfacet
  facet normal -0.30361 0.912703 0.273484
    outer loop
      vertex -4.41354 -2.09789 29.4593
      vertex -4.80902 -2.26795 29.5878
      vertex -4.66913 -2.26795 29.7431
    endloop
  endfacet
  facet normal -0.824074 0.30753 0.475739
    outer loop
      vertex -5.66913 -3.18653 29.7431
      vertex -5.78716 -3.58418 29.7957
      vertex -5.58268 -3.58418 30.1499
    endloop
  endfacet
  facet normal -0.866024 0 0.500003
    outer loop
      vertex -5.82709 -12 29.8135
      vertex -5.61803 -4 30.1756
      vertex -5.82709 -4 29.8135
    endloop
  endfacet
  facet normal -0.866024 0 0.500003
    outer loop
      vertex -5.61803 -4 30.1756
      vertex -5.82709 -12 29.8135
      vertex -5.61803 -12 30.1756
    endloop
  endfacet
  facet normal -0.904994 -0.307472 0.294018
    outer loop
      vertex -5.78716 -12.4158 29.7957
      vertex -5.91354 -12.4158 29.4067
      vertex -5.66913 -12.8135 29.7431
    endloop
  endfacet
  facet normal -0.824084 -0.307495 0.475744
    outer loop
      vertex -5.58268 -12.4158 30.1499
      vertex -5.78716 -12.4158 29.7957
      vertex -5.66913 -12.8135 29.7431
    endloop
  endfacet
  facet normal -0.994522 -0.104523 0
    outer loop
      vertex -5.9563 -12.4158 -6.58418
      vertex -6 -12 29
      vertex -6 -12 -7
    endloop
  endfacet
  facet normal -0.994522 -0.104523 0
    outer loop
      vertex -6 -12 29
      vertex -5.9563 -12.4158 -6.58418
      vertex -5.9563 -12.4158 29
    endloop
  endfacet
  facet normal -0.946353 -0.307434 0.0994985
    outer loop
      vertex -5.91354 -12.4158 29.4067
      vertex -5.9563 -12.4158 29
      vertex -5.78716 -12.8135 29.3799
    endloop
  endfacet
  facet normal -0.866016 0.500017 4.38652e-07
    outer loop
      vertex -5.82709 -3.18653 29
      vertex -5.61803 -2.82443 13.2743
      vertex -5.7194 -3 13.1962
    endloop
  endfacet
  facet normal -0.866032 0.499989 0
    outer loop
      vertex -5.82709 -3.18653 29
      vertex -5.7194 -3 13.1962
      vertex -5.82709 -3.18653 13.0606
    endloop
  endfacet
  facet normal -0.866024 0.500003 0
    outer loop
      vertex -5.61803 -2.82443 13.2743
      vertex -5.82709 -3.18653 29
      vertex -5.61803 -2.82443 29
    endloop
  endfacet
  facet normal -0.866016 0.500017 0
    outer loop
      vertex -5.61803 -2.82443 -5.82443
      vertex -5.7194 -3 2.80385
      vertex -5.61803 -2.82443 2.72568
    endloop
  endfacet
  facet normal -0.866024 0.500003 0
    outer loop
      vertex -5.82709 -3.18653 2.93937
      vertex -5.61803 -2.82443 -5.82443
      vertex -5.82709 -3.18653 -6.18653
    endloop
  endfacet
  facet normal -0.866032 0.499989 -7.71632e-07
    outer loop
      vertex -5.61803 -2.82443 -5.82443
      vertex -5.82709 -3.18653 2.93937
      vertex -5.7194 -3 2.80385
    endloop
  endfacet
  facet normal -0.207864 0.977914 0.0218378
    outer loop
      vertex -4.20906 -2.01096 29
      vertex -4.61803 -2.09789 29
      vertex -4.60453 -2.09789 29.1285
    endloop
  endfacet
  facet normal 0.166333 -0.912685 0.373283
    outer loop
      vertex -1.69098 -13.732 29.9511
      vertex -1.80902 -13.9021 29.5878
      vertex -1.5 -13.732 29.866
    endloop
  endfacet
  facet normal 0.438251 -0.807526 0.394764
    outer loop
      vertex -0.917324 -13.4863 29.7866
      vertex -1.33087 -13.732 29.7431
      vertex -1.19098 -13.732 29.5878
    endloop
  endfacet
  facet normal -0.352515 -0.49807 0.79225
    outer loop
      vertex -4.5646 -12.8135 30.7377
      vertex -4.80902 -13.1756 30.4013
      vertex -4.5 -13.1756 30.5388
    endloop
  endfacet
  facet normal 0.510851 -0.80753 0.294832
    outer loop
      vertex -0.917324 -13.4863 29.7866
      vertex -1.19098 -13.732 29.5878
      vertex -1.08646 -13.732 29.4067
    endloop
  endfacet
  facet normal -0.438248 -0.807528 0.394762
    outer loop
      vertex -4.66913 -13.732 29.7431
      vertex -5.08268 -13.4863 29.7866
      vertex -4.80902 -13.732 29.5878
    endloop
  endfacet
  facet normal 0.122555 -0.977919 0.169279
    outer loop
      vertex -1.58646 -13.9021 29.4593
      vertex -1.89547 -13.989 29.181
      vertex -1.86011 -13.989 29.1554
    endloop
  endfacet
  facet normal -0.206948 -0.103816 0.972828
    outer loop
      vertex -4.20906 -12 30.989
      vertex -4.60453 -12.4158 30.8605
      vertex -4.20449 -12.4158 30.9456
    endloop
  endfacet
  facet normal -0.509693 -0.497989 0.701583
    outer loop
      vertex -4.91354 -12.8135 30.5823
      vertex -5.22256 -12.8135 30.3578
      vertex -5.08268 -13.1756 30.2024
    endloop
  endfacet
  facet normal -0.437966 -0.667119 0.602609
    outer loop
      vertex -4.66913 -13.4863 30.159
      vertex -5.08268 -13.1756 30.2024
      vertex -4.89547 -13.4863 29.9945
    endloop
  endfacet
  facet normal -0.824777 -0.497917 0.267995
    outer loop
      vertex -5.47815 -13.1756 29.6581
      vertex -5.66913 -12.8135 29.7431
      vertex -5.58268 -13.1756 29.3364
    endloop
  endfacet
  facet normal 0.587784 0.809018 0
    outer loop
      vertex -0.661739 -2.51371 29
      vertex -1 -2.26795 13.5221
      vertex -1 -2.26795 29
    endloop
  endfacet
  facet normal 0.587784 0.809018 0
    outer loop
      vertex -1 -2.26795 13.5221
      vertex -0.661739 -2.51371 29
      vertex -0.661739 -2.51371 13.4127
    endloop
  endfacet
  facet normal 0.587784 0.809018 -0
    outer loop
      vertex -0.661739 -2.51371 -5.01096
      vertex -1 -2.26795 2.47792
      vertex -0.661739 -2.51371 2.58734
    endloop
  endfacet
  facet normal 0.587784 0.809018 0
    outer loop
      vertex -1 -2.26795 2.47792
      vertex -0.661739 -2.51371 -5.01096
      vertex -1 -2.26795 -5.01096
    endloop
  endfacet
  facet normal 0.824064 0.307537 0.475752
    outer loop
      vertex -0.33087 -3.18653 29.7431
      vertex -0.417324 -3.58418 30.1499
      vertex -0.212836 -3.58418 29.7957
    endloop
  endfacet
  facet normal 0.951056 0.309018 0
    outer loop
      vertex -0.043705 -3.58418 29
      vertex -0.17291 -3.18653 13.0606
      vertex -0.17291 -3.18653 29
    endloop
  endfacet
  facet normal 0.951056 0.309018 0
    outer loop
      vertex -0.17291 -3.18653 13.0606
      vertex -0.043705 -3.58418 29
      vertex -0.043705 -3.58418 12.7717
    endloop
  endfacet
  facet normal 0.951056 0.309018 -0
    outer loop
      vertex -0.043705 -3.58418 -5.01096
      vertex -0.17291 -3.18653 2.93937
      vertex -0.043705 -3.58418 3.22828
    endloop
  endfacet
  facet normal 0.951056 0.309018 0
    outer loop
      vertex -0.17291 -3.18653 2.93937
      vertex -0.043705 -3.58418 -5.01096
      vertex -0.17291 -3.18653 -5.01096
    endloop
  endfacet
  facet normal 0.862459 0.497944 0.0906411
    outer loop
      vertex -0.17291 -3.18653 29
      vertex -0.417324 -2.82443 29.3364
      vertex -0.212836 -3.18653 29.3799
    endloop
  endfacet
  facet normal 0.861333 -0.103979 0.497287
    outer loop
      vertex -0.381967 -12 30.1756
      vertex -0.417324 -12.4158 30.1499
      vertex -0.17291 -12 29.8135
    endloop
  endfacet
  facet normal 0.824744 -0.497955 0.268028
    outer loop
      vertex -0.33087 -12.8135 29.7431
      vertex -0.417324 -13.1756 29.3364
      vertex -0.212836 -12.8135 29.3799
    endloop
  endfacet
  facet normal 0.994522 0.10453 0
    outer loop
      vertex 0 -4 29
      vertex -0.043705 -3.58418 12.7717
      vertex -0.043705 -3.58418 29
    endloop
  endfacet
  facet normal 0.994522 0.10453 0
    outer loop
      vertex -0.043705 -3.58418 12.7717
      vertex 0 -4 29
      vertex 0 -4 12.4696
    endloop
  endfacet
  facet normal 0.994522 0.10453 -0
    outer loop
      vertex 0 -4 -5.01096
      vertex -0.043705 -3.58418 3.22828
      vertex 0 -4 3.53039
    endloop
  endfacet
  facet normal 0.994522 0.10453 0
    outer loop
      vertex -0.043705 -3.58418 3.22828
      vertex 0 -4 -5.01096
      vertex -0.043705 -3.58418 -5.01096
    endloop
  endfacet
  facet normal 0.989132 0.103963 0.103968
    outer loop
      vertex 0 -4 29
      vertex -0.043705 -3.58418 29
      vertex -0.043705 -4 29.4158
    endloop
  endfacet
  facet normal 0.951067 -0.308983 0
    outer loop
      vertex -0.17291 -12.8135 29
      vertex -0.043705 -12.4158 -5.01096
      vertex -0.043705 -12.4158 29
    endloop
  endfacet
  facet normal 0.951067 -0.308983 0
    outer loop
      vertex -0.043705 -12.4158 -5.01096
      vertex -0.17291 -12.8135 29
      vertex -0.17291 -12.8135 -5.01096
    endloop
  endfacet
  facet normal -0.0433411 -0.977931 0.204382
    outer loop
      vertex -4.0646 -13.9021 29.6146
      vertex -4.19098 -13.9021 29.5878
      vertex -4.0646 -13.989 29.1988
    endloop
  endfacet
  facet normal -0.740893 0.667095 0.0778555
    outer loop
      vertex -5.33826 -2.51371 29
      vertex -5.61803 -2.82443 29
      vertex -5.58268 -2.82443 29.3364
    endloop
  endfacet
  facet normal 0.388682 -0.912677 0.126282
    outer loop
      vertex -1.02185 -13.732 29.2079
      vertex -1.4354 -13.9021 29.2514
      vertex -1.39547 -13.9021 29.1285
    endloop
  endfacet
  facet normal 0.743125 -0.669152 0
    outer loop
      vertex -0.661739 -13.4863 29
      vertex -0.381967 -13.1756 -5.01096
      vertex -0.381967 -13.1756 29
    endloop
  endfacet
  facet normal 0.743125 -0.669152 0
    outer loop
      vertex -0.381967 -13.1756 -5.01096
      vertex -0.661739 -13.4863 29
      vertex -0.661739 -13.4863 -5.01096
    endloop
  endfacet
  facet normal 0.58769 -0.809086 0
    outer loop
      vertex -1 -13.732 -5.01096
      vertex -0.661739 -13.4863 29
      vertex -1 -13.732 29
    endloop
  endfacet
  facet normal 0.58769 -0.809086 0
    outer loop
      vertex -0.661739 -13.4863 29
      vertex -1 -13.732 -5.01096
      vertex -0.661739 -13.4863 -5.01096
    endloop
  endfacet
  facet normal 0.207864 0.977914 0.0218378
    outer loop
      vertex -1.38197 -2.09789 29
      vertex -1.79094 -2.01096 29
      vertex -1.39547 -2.09789 29.1285
    endloop
  endfacet
  facet normal 0.866027 0.499997 0
    outer loop
      vertex -0.17291 -3.18653 29
      vertex -0.381967 -2.82443 13.2743
      vertex -0.381967 -2.82443 29
    endloop
  endfacet
  facet normal 0.866024 0.500002 1.52483e-07
    outer loop
      vertex -0.381967 -2.82443 13.2743
      vertex -0.17291 -3.18653 29
      vertex -0.280601 -3 13.1962
    endloop
  endfacet
  facet normal 0.86603 0.499993 0
    outer loop
      vertex -0.280601 -3 13.1962
      vertex -0.17291 -3.18653 29
      vertex -0.17291 -3.18653 13.0606
    endloop
  endfacet
  facet normal 0.866024 0.500002 -3.06725e-07
    outer loop
      vertex -0.17291 -3.18653 -5.01096
      vertex -0.381967 -2.82443 2.72568
      vertex -0.280601 -3 2.80385
    endloop
  endfacet
  facet normal 0.86603 0.499993 -0
    outer loop
      vertex -0.17291 -3.18653 -5.01096
      vertex -0.280601 -3 2.80385
      vertex -0.17291 -3.18653 2.93937
    endloop
  endfacet
  facet normal 0.866027 0.499997 0
    outer loop
      vertex -0.381967 -2.82443 2.72568
      vertex -0.17291 -3.18653 -5.01096
      vertex -0.381967 -2.82443 -5.01096
    endloop
  endfacet
  facet normal -0.82406 0.307547 0.475752
    outer loop
      vertex -5.47815 -3.18653 30.0739
      vertex -5.66913 -3.18653 29.7431
      vertex -5.58268 -3.58418 30.1499
    endloop
  endfacet
  facet normal -0.946342 0.307469 0.0994974
    outer loop
      vertex -5.78716 -3.18653 29.3799
      vertex -5.9563 -3.58418 29
      vertex -5.91354 -3.58418 29.4067
    endloop
  endfacet
  facet normal -0.561034 0.807472 0.182289
    outer loop
      vertex -4.97815 -2.26795 29.2079
      vertex -5.30902 -2.51371 29.2782
      vertex -5.22256 -2.51371 29.5443
    endloop
  endfacet
  facet normal -0.586668 0.807477 0.0616613
    outer loop
      vertex -4.97815 -2.26795 29.2079
      vertex -5.33826 -2.51371 29
      vertex -5.30902 -2.51371 29.2782
    endloop
  endfacet
  facet normal -0.0847603 0.912718 0.399702
    outer loop
      vertex -4.19098 -2.09789 29.5878
      vertex -4.30902 -2.26795 29.9511
      vertex -4.0646 -2.09789 29.6146
    endloop
  endfacet
  facet normal -0.861348 0.103999 0.497257
    outer loop
      vertex -5.78716 -3.58418 29.7957
      vertex -5.82709 -4 29.8135
      vertex -5.58268 -3.58418 30.1499
    endloop
  endfacet
  facet normal -0.861331 0.10396 0.497293
    outer loop
      vertex -5.58268 -3.58418 30.1499
      vertex -5.82709 -4 29.8135
      vertex -5.61803 -4 30.1756
    endloop
  endfacet
  facet normal -0.86246 -0.497945 0.0906301
    outer loop
      vertex -5.58268 -13.1756 29.3364
      vertex -5.82709 -12.8135 29
      vertex -5.61803 -13.1756 29
    endloop
  endfacet
  facet normal 0.240082 0.912719 0.330611
    outer loop
      vertex -1.58646 -2.09789 29.4593
      vertex -1.69098 -2.09789 29.5352
      vertex -1.5 -2.26795 29.866
    endloop
  endfacet
  facet normal -0.04352 0.977909 0.204448
    outer loop
      vertex -4.02185 -2.01096 29.2079
      vertex -4.0646 -2.01096 29.1988
      vertex -4.0646 -2.09789 29.6146
    endloop
  endfacet
  facet normal 0.122762 -0.977932 0.169053
    outer loop
      vertex -1.69098 -13.9021 29.5352
      vertex -1.89547 -13.989 29.181
      vertex -1.58646 -13.9021 29.4593
    endloop
  endfacet
  facet normal 0.207845 -0.978162 0
    outer loop
      vertex -1.79094 -13.989 -5.01096
      vertex -1.38197 -13.9021 29
      vertex -1.79094 -13.989 29
    endloop
  endfacet
  facet normal 0.207845 -0.978162 0
    outer loop
      vertex -1.38197 -13.9021 29
      vertex -1.79094 -13.989 -5.01096
      vertex -1.38197 -13.9021 -5.01096
    endloop
  endfacet
  facet normal -0.346685 -0.807584 0.477094
    outer loop
      vertex -4.66913 -13.4863 30.159
      vertex -4.66913 -13.732 29.7431
      vertex -4.5 -13.732 29.866
    endloop
  endfacet
  facet normal -0.510783 -0.807558 0.294875
    outer loop
      vertex -5.08268 -13.4863 29.7866
      vertex -5.22256 -13.4863 29.5443
      vertex -4.91354 -13.732 29.4067
    endloop
  endfacet
  facet normal 0 -0.977925 0.208954
    outer loop
      vertex -4.02185 -13.989 29.2079
      vertex -1.9354 -13.9021 29.6146
      vertex -4.0646 -13.9021 29.6146
    endloop
  endfacet
  facet normal 0 -0.977925 0.208954
    outer loop
      vertex -1.9354 -13.9021 29.6146
      vertex -4.02185 -13.989 29.2079
      vertex -1.97815 -13.989 29.2079
    endloop
  endfacet
  facet normal 0 -0.103813 0.994597
    outer loop
      vertex -1.79094 -12 30.989
      vertex -4.20449 -12.4158 30.9456
      vertex -1.79551 -12.4158 30.9456
    endloop
  endfacet
  facet normal 0 -0.103813 0.994597
    outer loop
      vertex -4.20449 -12.4158 30.9456
      vertex -1.79094 -12 30.989
      vertex -4.20906 -12 30.989
    endloop
  endfacet
  facet normal 0.586572 -0.807547 0.0616479
    outer loop
      vertex -0.661739 -13.4863 29
      vertex -1.02185 -13.732 29.2079
      vertex -1 -13.732 29
    endloop
  endfacet
  facet normal -0.180986 -0.977935 0.104342
    outer loop
      vertex -4.16913 -13.989 29.1229
      vertex -4.5646 -13.9021 29.2514
      vertex -4.19098 -13.989 29.085
    endloop
  endfacet
  facet normal 0.166337 -0.912685 0.373279
    outer loop
      vertex -1.5 -13.732 29.866
      vertex -1.80902 -13.9021 29.5878
      vertex -1.69098 -13.9021 29.5352
    endloop
  endfacet
  facet normal -0 0 1
    outer loop
      vertex -4.20906 -4 30.989
      vertex -1.79094 -12 30.989
      vertex -1.79094 -4 30.989
    endloop
  endfacet
  facet normal 0 0 1
    outer loop
      vertex -1.79094 -12 30.989
      vertex -4.20906 -4 30.989
      vertex -4.20906 -12 30.989
    endloop
  endfacet
  facet normal -0.197994 -0.307454 0.930736
    outer loop
      vertex -4.20449 -12.4158 30.9456
      vertex -4.60453 -12.4158 30.8605
      vertex -4.19098 -12.8135 30.8171
    endloop
  endfacet
  facet normal 0.86134 -0.103995 0.497272
    outer loop
      vertex -0.17291 -12 29.8135
      vertex -0.417324 -12.4158 30.1499
      vertex -0.212836 -12.4158 29.7957
    endloop
  endfacet
  facet normal 0.945911 0.103974 0.307313
    outer loop
      vertex -0.0864553 -3.58418 29.4067
      vertex -0.212836 -3.58418 29.7957
      vertex -0.043705 -4 29.4158
    endloop
  endfacet
  facet normal -0.207795 -0.977929 0.0218306
    outer loop
      vertex -4.60453 -13.9021 29.1285
      vertex -4.61803 -13.9021 29
      vertex -4.20906 -13.989 29
    endloop
  endfacet
  facet normal -0.586574 -0.807545 0.0616514
    outer loop
      vertex -5.30902 -13.4863 29.2782
      vertex -5.33826 -13.4863 29
      vertex -4.97815 -13.732 29.2079
    endloop
  endfacet
  facet normal 0.38714 0.307325 0.869295
    outer loop
      vertex -1.08646 -3.18653 30.5823
      vertex -1.4354 -3.18653 30.7377
      vertex -1.39547 -3.58418 30.8605
    endloop
  endfacet
  facet normal 0.946344 0.30747 0.099475
    outer loop
      vertex -0.043705 -3.58418 29
      vertex -0.212836 -3.18653 29.3799
      vertex -0.0864553 -3.58418 29.4067
    endloop
  endfacet
  facet normal 0.951067 -0 0.308983
    outer loop
      vertex -0.17291 -12 29.8135
      vertex -0.043705 -4 29.4158
      vertex -0.17291 -4 29.8135
    endloop
  endfacet
  facet normal 0.951067 0 0.308983
    outer loop
      vertex -0.043705 -4 29.4158
      vertex -0.17291 -12 29.8135
      vertex -0.043705 -12 29.4158
    endloop
  endfacet
  facet normal 0.904977 0.30744 0.294103
    outer loop
      vertex -0.212836 -3.18653 29.3799
      vertex -0.33087 -3.18653 29.7431
      vertex -0.0864553 -3.58418 29.4067
    endloop
  endfacet
  facet normal 0.74089 0.667097 0.0778705
    outer loop
      vertex -0.381967 -2.82443 29
      vertex -0.661739 -2.51371 29
      vertex -0.417324 -2.82443 29.3364
    endloop
  endfacet
  facet normal 0.406729 0.913549 0
    outer loop
      vertex -1 -2.26795 29
      vertex -1.38197 -2.09789 13.5978
      vertex -1.38197 -2.09789 29
    endloop
  endfacet
  facet normal 0.406729 0.913549 0
    outer loop
      vertex -1.38197 -2.09789 13.5978
      vertex -1 -2.26795 29
      vertex -1 -2.26795 13.5221
    endloop
  endfacet
  facet normal 0.406729 0.913549 -0
    outer loop
      vertex -1 -2.26795 -5.01096
      vertex -1.38197 -2.09789 2.4022
      vertex -1 -2.26795 2.47792
    endloop
  endfacet
  facet normal 0.406729 0.913549 0
    outer loop
      vertex -1.38197 -2.09789 2.4022
      vertex -1 -2.26795 -5.01096
      vertex -1.38197 -2.09789 -5.01096
    endloop
  endfacet
  facet normal -0.346792 0.807499 0.47716
    outer loop
      vertex -4.66913 -2.26795 29.7431
      vertex -4.89547 -2.51371 29.9945
      vertex -4.66913 -2.51371 30.159
    endloop
  endfacet
  facet normal 0.7511 0.497865 0.433566
    outer loop
      vertex -0.521852 -2.82443 29.6581
      vertex -0.690984 -2.82443 29.9511
      vertex -0.521852 -3.18653 30.0739
    endloop
  endfacet
  facet normal 0.946355 -0.307435 0.0994762
    outer loop
      vertex -0.0864553 -12.4158 29.4067
      vertex -0.212836 -12.8135 29.3799
      vertex -0.043705 -12.4158 29
    endloop
  endfacet
  facet normal 0.989131 -0.103973 0.103973
    outer loop
      vertex -0.043705 -12 29.4158
      vertex -0.0864553 -12.4158 29.4067
      vertex -0.043705 -12.4158 29
    endloop
  endfacet
  facet normal -0.180946 -0.97793 0.104461
    outer loop
      vertex -4.5 -13.9021 29.3633
      vertex -4.5646 -13.9021 29.2514
      vertex -4.16913 -13.989 29.1229
    endloop
  endfacet
  facet normal -0.740872 -0.667119 0.0778532
    outer loop
      vertex -5.58268 -13.1756 29.3364
      vertex -5.61803 -13.1756 29
      vertex -5.33826 -13.4863 29
    endloop
  endfacet
  facet normal -0.994523 0.104518 0
    outer loop
      vertex -6 -4 29
      vertex -5.9563 -3.58418 12.7717
      vertex -6 -4 12.4696
    endloop
  endfacet
  facet normal -0.994523 0.104518 0
    outer loop
      vertex -5.9563 -3.58418 12.7717
      vertex -6 -4 29
      vertex -5.9563 -3.58418 29
    endloop
  endfacet
  facet normal -0.994523 0.104518 0
    outer loop
      vertex -6 -4 3.53039
      vertex -5.9563 -3.58418 -6.58418
      vertex -6 -4 -7
    endloop
  endfacet
  facet normal -0.994523 0.104518 0
    outer loop
      vertex -5.9563 -3.58418 -6.58418
      vertex -6 -4 3.53039
      vertex -5.9563 -3.58418 3.22828
    endloop
  endfacet
  facet normal 0.862459 -0.497944 0.0906411
    outer loop
      vertex -0.212836 -12.8135 29.3799
      vertex -0.417324 -13.1756 29.3364
      vertex -0.17291 -12.8135 29
    endloop
  endfacet
  facet normal 0.560952 -0.807538 0.182249
    outer loop
      vertex -0.777438 -13.4863 29.5443
      vertex -1.02185 -13.732 29.2079
      vertex -0.690984 -13.4863 29.2782
    endloop
  endfacet
  facet normal 0.560998 0.807489 0.182324
    outer loop
      vertex -1.02185 -2.26795 29.2079
      vertex -1.08646 -2.26795 29.4067
      vertex -0.777438 -2.51371 29.5443
    endloop
  endfacet
  facet normal 0.561041 0.80747 0.182278
    outer loop
      vertex -0.690984 -2.51371 29.2782
      vertex -1.02185 -2.26795 29.2079
      vertex -0.777438 -2.51371 29.5443
    endloop
  endfacet
  facet normal -0.862466 0.49793 0.0906509
    outer loop
      vertex -5.58268 -2.82443 29.3364
      vertex -5.82709 -3.18653 29
      vertex -5.78716 -3.18653 29.3799
    endloop
  endfacet
  facet normal -0.904983 0.307507 0.294015
    outer loop
      vertex -5.66913 -3.18653 29.7431
      vertex -5.91354 -3.58418 29.4067
      vertex -5.78716 -3.58418 29.7957
    endloop
  endfacet
  facet normal -0.945909 0.103996 0.307311
    outer loop
      vertex -5.91354 -3.58418 29.4067
      vertex -5.9563 -4 29.4158
      vertex -5.78716 -3.58418 29.7957
    endloop
  endfacet
  facet normal -0.743128 0 0.66915
    outer loop
      vertex -5.61803 -12 30.1756
      vertex -5.33826 -4 30.4863
      vertex -5.61803 -4 30.1756
    endloop
  endfacet
  facet normal -0.743128 0 0.66915
    outer loop
      vertex -5.33826 -4 30.4863
      vertex -5.61803 -12 30.1756
      vertex -5.33826 -12 30.4863
    endloop
  endfacet
  facet normal -0.708497 0.667112 0.230202
    outer loop
      vertex -5.30902 -2.51371 29.2782
      vertex -5.58268 -2.82443 29.3364
      vertex -5.22256 -2.51371 29.5443
    endloop
  endfacet
  facet normal -0.751051 0.497907 0.433603
    outer loop
      vertex -5.47815 -2.82443 29.6581
      vertex -5.66913 -3.18653 29.7431
      vertex -5.47815 -3.18653 30.0739
    endloop
  endfacet
  facet normal -0.824754 0.497941 0.268022
    outer loop
      vertex -5.58268 -2.82443 29.3364
      vertex -5.78716 -3.18653 29.3799
      vertex -5.66913 -3.18653 29.7431
    endloop
  endfacet
  facet normal -0.751103 0.497862 0.433564
    outer loop
      vertex -5.30902 -2.82443 29.9511
      vertex -5.47815 -2.82443 29.6581
      vertex -5.47815 -3.18653 30.0739
    endloop
  endfacet
  facet normal 0.122803 0.977917 0.169109
    outer loop
      vertex -1.58646 -2.09789 29.4593
      vertex -1.89547 -2.01096 29.181
      vertex -1.69098 -2.09789 29.5352
    endloop
  endfacet
  facet normal 0.510932 0.807462 0.294879
    outer loop
      vertex -1.08646 -2.26795 29.4067
      vertex -1.19098 -2.26795 29.5878
      vertex -0.917324 -2.51371 29.7866
    endloop
  endfacet
  facet normal 0.198769 0.977916 0.0645798
    outer loop
      vertex -1.39547 -2.09789 29.1285
      vertex -1.80902 -2.01096 29.085
      vertex -1.4354 -2.09789 29.2514
    endloop
  endfacet
  facet normal -0.122596 0.977904 0.169335
    outer loop
      vertex -4.13989 -2.01096 29.1554
      vertex -4.41354 -2.09789 29.4593
      vertex -4.10453 -2.01096 29.181
    endloop
  endfacet
  facet normal -0.644421 0.497835 0.580415
    outer loop
      vertex -5.30902 -2.82443 29.9511
      vertex -5.47815 -3.18653 30.0739
      vertex -5.08268 -2.82443 30.2024
    endloop
  endfacet
  facet normal -0.645171 0.667129 0.372416
    outer loop
      vertex -5.08268 -2.51371 29.7866
      vertex -5.47815 -2.82443 29.6581
      vertex -5.30902 -2.82443 29.9511
    endloop
  endfacet
  facet normal -0.743128 -0.66915 0
    outer loop
      vertex -5.33826 -13.4863 -5.51371
      vertex -5.61803 -13.1756 29
      vertex -5.61803 -13.1756 -5.82443
    endloop
  endfacet
  facet normal -0.743128 -0.66915 0
    outer loop
      vertex -5.61803 -13.1756 29
      vertex -5.33826 -13.4863 -5.51371
      vertex -5.33826 -13.4863 29
    endloop
  endfacet
  facet normal -0.740884 0.667103 0.0778701
    outer loop
      vertex -5.33826 -2.51371 29
      vertex -5.58268 -2.82443 29.3364
      vertex -5.30902 -2.51371 29.2782
    endloop
  endfacet
  facet normal -0.86246 0.497945 0.0906301
    outer loop
      vertex -5.61803 -2.82443 29
      vertex -5.82709 -3.18653 29
      vertex -5.58268 -2.82443 29.3364
    endloop
  endfacet
  facet normal 0.207795 -0.977929 0.0218306
    outer loop
      vertex -1.39547 -13.9021 29.1285
      vertex -1.79094 -13.989 29
      vertex -1.38197 -13.9021 29
    endloop
  endfacet
  facet normal 0.406437 -0.91268 0.0426997
    outer loop
      vertex -1 -13.732 29
      vertex -1.39547 -13.9021 29.1285
      vertex -1.38197 -13.9021 29
    endloop
  endfacet
  facet normal -0.0435057 -0.977924 0.204381
    outer loop
      vertex -4.0646 -13.9021 29.6146
      vertex -4.0646 -13.989 29.1988
      vertex -4.02185 -13.989 29.2079
    endloop
  endfacet
  facet normal -0.559333 -0.307426 0.769828
    outer loop
      vertex -4.97815 -12.4158 30.6942
      vertex -5.30902 -12.4158 30.4538
      vertex -5.22256 -12.8135 30.3578
    endloop
  endfacet
  facet normal -0.707122 -0.307434 0.636759
    outer loop
      vertex -5.30902 -12.4158 30.4538
      vertex -5.58268 -12.4158 30.1499
      vertex -5.22256 -12.8135 30.3578
    endloop
  endfacet
  facet normal 0.122449 -0.80755 0.576948
    outer loop
      vertex -1.86011 -13.4863 30.3309
      vertex -1.89547 -13.732 29.9945
      vertex -1.69098 -13.732 29.9511
    endloop
  endfacet
  facet normal -0.437974 -0.667128 0.602594
    outer loop
      vertex -4.80902 -13.1756 30.4013
      vertex -5.08268 -13.1756 30.2024
      vertex -4.66913 -13.4863 30.159
    endloop
  endfacet
  facet normal -0.553586 -0.667118 0.498494
    outer loop
      vertex -5.08268 -13.1756 30.2024
      vertex -5.08268 -13.4863 29.7866
      vertex -4.89547 -13.4863 29.9945
    endloop
  endfacet
  facet normal 0.708481 -0.667137 0.23018
    outer loop
      vertex -0.417324 -13.1756 29.3364
      vertex -0.777438 -13.4863 29.5443
      vertex -0.690984 -13.4863 29.2782
    endloop
  endfacet
  facet normal 0.740869 -0.667121 0.0778683
    outer loop
      vertex -0.417324 -13.1756 29.3364
      vertex -0.661739 -13.4863 29
      vertex -0.381967 -13.1756 29
    endloop
  endfacet
  facet normal 0.239906 -0.80754 0.538818
    outer loop
      vertex -1.58646 -13.4863 30.2728
      vertex -1.69098 -13.732 29.9511
      vertex -1.33087 -13.4863 30.159
    endloop
  endfacet
  facet normal 0.509894 -0.497852 0.701536
    outer loop
      vertex -1.08646 -12.8135 30.5823
      vertex -1.19098 -13.1756 30.4013
      vertex -0.917324 -13.1756 30.2024
    endloop
  endfacet
  facet normal 0.388684 -0.91267 0.126322
    outer loop
      vertex -1.08646 -13.732 29.4067
      vertex -1.4354 -13.9021 29.2514
      vertex -1.02185 -13.732 29.2079
    endloop
  endfacet
  facet normal 0.406442 -0.912678 0.0427165
    outer loop
      vertex -1.02185 -13.732 29.2079
      vertex -1.39547 -13.9021 29.1285
      vertex -1 -13.732 29
    endloop
  endfacet
  facet normal 0.240129 -0.912684 0.330676
    outer loop
      vertex -1.5 -13.732 29.866
      vertex -1.69098 -13.9021 29.5352
      vertex -1.58646 -13.9021 29.4593
    endloop
  endfacet
  facet normal 0.180273 -0.497919 0.84828
    outer loop
      vertex -1.80902 -12.8135 30.8171
      vertex -1.83087 -13.1756 30.6092
      vertex -1.4354 -12.8135 30.7377
    endloop
  endfacet
  facet normal -0.386944 -0.307465 0.869333
    outer loop
      vertex -4.60453 -12.4158 30.8605
      vertex -4.97815 -12.4158 30.6942
      vertex -4.91354 -12.8135 30.5823
    endloop
  endfacet
  facet normal 0.509894 0.497852 0.701536
    outer loop
      vertex -0.917324 -2.82443 30.2024
      vertex -1.19098 -2.82443 30.4013
      vertex -1.08646 -3.18653 30.5823
    endloop
  endfacet
  facet normal -0 0.103808 0.994597
    outer loop
      vertex -4.20449 -3.58418 30.9456
      vertex -1.79094 -4 30.989
      vertex -1.79551 -3.58418 30.9456
    endloop
  endfacet
  facet normal 0 0.103808 0.994597
    outer loop
      vertex -1.79094 -4 30.989
      vertex -4.20449 -3.58418 30.9456
      vertex -4.20906 -4 30.989
    endloop
  endfacet
  facet normal 0 -0.912689 0.408656
    outer loop
      vertex -4.0646 -13.9021 29.6146
      vertex -1.89547 -13.732 29.9945
      vertex -4.10453 -13.732 29.9945
    endloop
  endfacet
  facet normal 0 -0.912689 0.408656
    outer loop
      vertex -1.89547 -13.732 29.9945
      vertex -4.0646 -13.9021 29.6146
      vertex -1.9354 -13.9021 29.6146
    endloop
  endfacet
  facet normal -0.0847769 -0.912682 0.39978
    outer loop
      vertex -4.0646 -13.9021 29.6146
      vertex -4.30902 -13.732 29.9511
      vertex -4.19098 -13.9021 29.5878
    endloop
  endfacet
  facet normal -0.437978 0.667096 0.602626
    outer loop
      vertex -4.89547 -2.51371 29.9945
      vertex -5.08268 -2.82443 30.2024
      vertex -4.66913 -2.51371 30.159
    endloop
  endfacet
  facet normal 0.155026 0.667166 0.728599
    outer loop
      vertex -1.5 -2.82443 30.5388
      vertex -1.86011 -2.51371 30.3309
      vertex -1.83087 -2.82443 30.6092
    endloop
  endfacet
  facet normal 0.90498 0.307516 0.294015
    outer loop
      vertex -0.0864553 -3.58418 29.4067
      vertex -0.33087 -3.18653 29.7431
      vertex -0.212836 -3.58418 29.7957
    endloop
  endfacet
  facet normal 0.824744 0.497955 0.268028
    outer loop
      vertex -0.212836 -3.18653 29.3799
      vertex -0.417324 -2.82443 29.3364
      vertex -0.33087 -3.18653 29.7431
    endloop
  endfacet
  facet normal 0.58667 0.807474 0.0616721
    outer loop
      vertex -0.661739 -2.51371 29
      vertex -1.02185 -2.26795 29.2079
      vertex -0.690984 -2.51371 29.2782
    endloop
  endfacet
  facet normal 0.388608 0.912706 0.126298
    outer loop
      vertex -1.02185 -2.26795 29.2079
      vertex -1.4354 -2.09789 29.2514
      vertex -1.08646 -2.26795 29.4067
    endloop
  endfacet
  facet normal 0.743147 0.669129 0
    outer loop
      vertex -0.381967 -2.82443 29
      vertex -0.661739 -2.51371 13.4127
      vertex -0.661739 -2.51371 29
    endloop
  endfacet
  facet normal 0.743147 0.669129 0
    outer loop
      vertex -0.661739 -2.51371 13.4127
      vertex -0.381967 -2.82443 29
      vertex -0.381967 -2.82443 13.2743
    endloop
  endfacet
  facet normal 0.743147 0.669129 -0
    outer loop
      vertex -0.381967 -2.82443 -5.01096
      vertex -0.661739 -2.51371 2.58734
      vertex -0.381967 -2.82443 2.72568
    endloop
  endfacet
  facet normal 0.743147 0.669129 0
    outer loop
      vertex -0.661739 -2.51371 2.58734
      vertex -0.381967 -2.82443 -5.01096
      vertex -0.661739 -2.51371 -5.01096
    endloop
  endfacet
  facet normal 0.586665 0.807479 0.0616577
    outer loop
      vertex -1 -2.26795 29
      vertex -1.02185 -2.26795 29.2079
      vertex -0.661739 -2.51371 29
    endloop
  endfacet
  facet normal 0.388606 0.912713 0.126257
    outer loop
      vertex -1.39547 -2.09789 29.1285
      vertex -1.4354 -2.09789 29.2514
      vertex -1.02185 -2.26795 29.2079
    endloop
  endfacet
  facet normal 0.35387 0.912711 0.204289
    outer loop
      vertex -1.4354 -2.09789 29.2514
      vertex -1.5 -2.09789 29.3633
      vertex -1.19098 -2.26795 29.5878
    endloop
  endfacet
  facet normal 0.0847603 0.912718 0.399702
    outer loop
      vertex -1.80902 -2.09789 29.5878
      vertex -1.9354 -2.09789 29.6146
      vertex -1.69098 -2.26795 29.9511
    endloop
  endfacet
  facet normal -0.180273 0.497919 0.84828
    outer loop
      vertex -4.16913 -2.82443 30.6092
      vertex -4.5646 -3.18653 30.7377
      vertex -4.19098 -3.18653 30.8171
    endloop
  endfacet
  facet normal -0.707164 0.30757 0.636647
    outer loop
      vertex -5.47815 -3.18653 30.0739
      vertex -5.58268 -3.58418 30.1499
      vertex -5.22256 -3.18653 30.3578
    endloop
  endfacet
  facet normal 0.122468 0.807482 0.57704
    outer loop
      vertex -1.69098 -2.26795 29.9511
      vertex -1.89547 -2.26795 29.9945
      vertex -1.86011 -2.51371 30.3309
    endloop
  endfacet
  facet normal -0.15474 0.666986 0.728824
    outer loop
      vertex -4.41354 -2.51371 30.2728
      vertex -4.5 -2.82443 30.5388
      vertex -4.13989 -2.51371 30.3309
    endloop
  endfacet
  facet normal -0.707114 0.307469 0.636752
    outer loop
      vertex -5.22256 -3.18653 30.3578
      vertex -5.58268 -3.58418 30.1499
      vertex -5.30902 -3.58418 30.4538
    endloop
  endfacet
  facet normal -0.559278 0.307506 0.769836
    outer loop
      vertex -4.91354 -3.18653 30.5823
      vertex -5.22256 -3.18653 30.3578
      vertex -4.97815 -3.58418 30.6942
    endloop
  endfacet
  facet normal 0.994521 -0.104535 0
    outer loop
      vertex -0.043705 -12.4158 29
      vertex 0 -12 -5.01096
      vertex 0 -12 29
    endloop
  endfacet
  facet normal 0.994521 -0.104535 0
    outer loop
      vertex 0 -12 -5.01096
      vertex -0.043705 -12.4158 29
      vertex -0.043705 -12.4158 -5.01096
    endloop
  endfacet
  facet normal 0.198704 -0.977931 0.0645585
    outer loop
      vertex -1.4354 -13.9021 29.2514
      vertex -1.80902 -13.989 29.085
      vertex -1.39547 -13.9021 29.1285
    endloop
  endfacet
  facet normal -0.122555 -0.977919 0.169279
    outer loop
      vertex -4.10453 -13.989 29.181
      vertex -4.41354 -13.9021 29.4593
      vertex -4.13989 -13.989 29.1554
    endloop
  endfacet
  facet normal -0.587691 -0.809086 0
    outer loop
      vertex -5.33826 -13.4863 29
      vertex -5 -13.732 -5.26795
      vertex -5 -13.732 29
    endloop
  endfacet
  facet normal -0.587691 -0.809086 0
    outer loop
      vertex -5 -13.732 -5.26795
      vertex -5.33826 -13.4863 29
      vertex -5.33826 -13.4863 -5.51371
    endloop
  endfacet
  facet normal -0.586573 -0.807547 0.061648
    outer loop
      vertex -4.97815 -13.732 29.2079
      vertex -5.33826 -13.4863 29
      vertex -5 -13.732 29
    endloop
  endfacet
  facet normal 0.406362 0.912713 0.0427081
    outer loop
      vertex -1 -2.26795 29
      vertex -1.39547 -2.09789 29.1285
      vertex -1.02185 -2.26795 29.2079
    endloop
  endfacet
  facet normal 0.406358 0.912716 0.0426913
    outer loop
      vertex -1.38197 -2.09789 29
      vertex -1.39547 -2.09789 29.1285
      vertex -1 -2.26795 29
    endloop
  endfacet
  facet normal 0.0850654 0.977917 0.190896
    outer loop
      vertex -1.69098 -2.09789 29.5352
      vertex -1.89547 -2.01096 29.181
      vertex -1.80902 -2.09789 29.5878
    endloop
  endfacet
  facet normal 0.34674 0.807515 0.47717
    outer loop
      vertex -1.33087 -2.26795 29.7431
      vertex -1.5 -2.26795 29.866
      vertex -1.33087 -2.51371 30.159
    endloop
  endfacet
  facet normal -0.559327 0.307461 0.769819
    outer loop
      vertex -5.22256 -3.18653 30.3578
      vertex -5.30902 -3.58418 30.4538
      vertex -4.97815 -3.58418 30.6942
    endloop
  endfacet
  facet normal -0.587691 0 0.809086
    outer loop
      vertex -5.33826 -4 30.4863
      vertex -5 -12 30.732
      vertex -5 -4 30.732
    endloop
  endfacet
  facet normal -0.587691 0 0.809086
    outer loop
      vertex -5 -12 30.732
      vertex -5.33826 -4 30.4863
      vertex -5.33826 -12 30.4863
    endloop
  endfacet
  facet normal -0.586666 0.807478 0.0616578
    outer loop
      vertex -5 -2.26795 29
      vertex -5.33826 -2.51371 29
      vertex -4.97815 -2.26795 29.2079
    endloop
  endfacet
  facet normal 0 0.977911 0.209023
    outer loop
      vertex -1.97815 -2.01096 29.2079
      vertex -4.0646 -2.09789 29.6146
      vertex -1.9354 -2.09789 29.6146
    endloop
  endfacet
  facet normal 0 0.977911 0.209023
    outer loop
      vertex -4.0646 -2.09789 29.6146
      vertex -1.97815 -2.01096 29.2079
      vertex -4.02185 -2.01096 29.2079
    endloop
  endfacet
  facet normal -0.561 0.807488 0.182325
    outer loop
      vertex -4.97815 -2.26795 29.2079
      vertex -5.22256 -2.51371 29.5443
      vertex -4.91354 -2.26795 29.4067
    endloop
  endfacet
  facet normal -0.406358 0.912716 0.0426913
    outer loop
      vertex -4.61803 -2.09789 29
      vertex -5 -2.26795 29
      vertex -4.60453 -2.09789 29.1285
    endloop
  endfacet
  facet normal -0.406362 0.912713 0.0427081
    outer loop
      vertex -4.60453 -2.09789 29.1285
      vertex -5 -2.26795 29
      vertex -4.97815 -2.26795 29.2079
    endloop
  endfacet
  facet normal -0.824754 -0.497941 0.268022
    outer loop
      vertex -5.66913 -12.8135 29.7431
      vertex -5.78716 -12.8135 29.3799
      vertex -5.58268 -13.1756 29.3364
    endloop
  endfacet
  facet normal -0.904991 -0.307404 0.294097
    outer loop
      vertex -5.66913 -12.8135 29.7431
      vertex -5.91354 -12.4158 29.4067
      vertex -5.78716 -12.8135 29.3799
    endloop
  endfacet
  facet normal -0.155392 0.97791 0.139805
    outer loop
      vertex -4.16913 -2.01096 29.1229
      vertex -4.41354 -2.09789 29.4593
      vertex -4.13989 -2.01096 29.1554
    endloop
  endfacet
  facet normal -0.406729 0.913549 0
    outer loop
      vertex -4.61803 -2.09789 13.5978
      vertex -5 -2.26795 29
      vertex -4.61803 -2.09789 29
    endloop
  endfacet
  facet normal -0.406729 0.913549 0
    outer loop
      vertex -5 -2.26795 29
      vertex -4.61803 -2.09789 13.5978
      vertex -5 -2.26795 13.5221
    endloop
  endfacet
  facet normal -0.406729 0.913549 0
    outer loop
      vertex -4.61803 -2.09789 -5.09789
      vertex -5 -2.26795 2.47792
      vertex -4.61803 -2.09789 2.4022
    endloop
  endfacet
  facet normal -0.406729 0.913549 0
    outer loop
      vertex -5 -2.26795 2.47792
      vertex -4.61803 -2.09789 -5.09789
      vertex -5 -2.26795 -5.26795
    endloop
  endfacet
  facet normal 0.303683 -0.912673 0.273504
    outer loop
      vertex -1.19098 -13.732 29.5878
      vertex -1.58646 -13.9021 29.4593
      vertex -1.5 -13.9021 29.3633
    endloop
  endfacet
  facet normal 0 -1 0
    outer loop
      vertex -4.20906 -13.989 29
      vertex -4.02185 -13.989 29.2079
      vertex -4.0646 -13.989 29.1988
    endloop
  endfacet
  facet normal 0 -1 -0
    outer loop
      vertex -4.02185 -13.989 29.2079
      vertex -4.20906 -13.989 29
      vertex -1.97815 -13.989 29.2079
    endloop
  endfacet
  facet normal 0 -1 0
    outer loop
      vertex -4.20906 -13.989 29
      vertex -4.0646 -13.989 29.1988
      vertex -4.10453 -13.989 29.181
    endloop
  endfacet
  facet normal 0 -1 0
    outer loop
      vertex -1.79094 -13.989 29
      vertex -1.97815 -13.989 29.2079
      vertex -4.20906 -13.989 29
    endloop
  endfacet
  facet normal 0 -1 0
    outer loop
      vertex -4.20906 -13.989 29
      vertex -4.10453 -13.989 29.181
      vertex -4.13989 -13.989 29.1554
    endloop
  endfacet
  facet normal 0 -1 0
    outer loop
      vertex -1.97815 -13.989 29.2079
      vertex -1.79094 -13.989 29
      vertex -1.9354 -13.989 29.1988
    endloop
  endfacet
  facet normal 0 -1 0
    outer loop
      vertex -4.20906 -13.989 29
      vertex -4.13989 -13.989 29.1554
      vertex -4.16913 -13.989 29.1229
    endloop
  endfacet
  facet normal 0 -1 0
    outer loop
      vertex -1.9354 -13.989 29.1988
      vertex -1.79094 -13.989 29
      vertex -1.89547 -13.989 29.181
    endloop
  endfacet
  facet normal 0 -1 0
    outer loop
      vertex -4.20906 -13.989 29
      vertex -4.16913 -13.989 29.1229
      vertex -4.19098 -13.989 29.085
    endloop
  endfacet
  facet normal 0 -1 0
    outer loop
      vertex -1.89547 -13.989 29.181
      vertex -1.79094 -13.989 29
      vertex -1.86011 -13.989 29.1554
    endloop
  endfacet
  facet normal 0 -1 0
    outer loop
      vertex -4.20906 -13.989 29
      vertex -4.19098 -13.989 29.085
      vertex -4.20449 -13.989 29.0435
    endloop
  endfacet
  facet normal 0 -1 0
    outer loop
      vertex -1.86011 -13.989 29.1554
      vertex -1.79094 -13.989 29
      vertex -1.83087 -13.989 29.1229
    endloop
  endfacet
  facet normal 0 -1 0
    outer loop
      vertex -1.83087 -13.989 29.1229
      vertex -1.79094 -13.989 29
      vertex -1.80902 -13.989 29.085
    endloop
  endfacet
  facet normal 0 -1 0
    outer loop
      vertex -1.80902 -13.989 29.085
      vertex -1.79094 -13.989 29
      vertex -1.79551 -13.989 29.0435
    endloop
  endfacet
  facet normal 0 -1 0
    outer loop
      vertex -4.20906 -13.989 -5.01096
      vertex -1.79094 -13.989 29
      vertex -4.20906 -13.989 29
    endloop
  endfacet
  facet normal 0 -1 -0
    outer loop
      vertex -1.79094 -13.989 29
      vertex -4.20906 -13.989 -5.01096
      vertex -1.79094 -13.989 -5.01096
    endloop
  endfacet
  facet normal -0.509889 -0.497852 0.701539
    outer loop
      vertex -4.91354 -12.8135 30.5823
      vertex -5.08268 -13.1756 30.2024
      vertex -4.80902 -13.1756 30.4013
    endloop
  endfacet
  facet normal -0.644487 -0.497976 0.58022
    outer loop
      vertex -5.22256 -12.8135 30.3578
      vertex -5.47815 -12.8135 30.0739
      vertex -5.08268 -13.1756 30.2024
    endloop
  endfacet
  facet normal 0.0847769 -0.912682 0.39978
    outer loop
      vertex -1.69098 -13.732 29.9511
      vertex -1.9354 -13.9021 29.6146
      vertex -1.80902 -13.9021 29.5878
    endloop
  endfacet
  facet normal 0 -0.807541 0.589812
    outer loop
      vertex -4.10453 -13.732 29.9945
      vertex -1.86011 -13.4863 30.3309
      vertex -4.13989 -13.4863 30.3309
    endloop
  endfacet
  facet normal 0 -0.807541 0.589812
    outer loop
      vertex -1.86011 -13.4863 30.3309
      vertex -4.10453 -13.732 29.9945
      vertex -1.89547 -13.732 29.9945
    endloop
  endfacet
  facet normal 0.586577 -0.807543 0.0616623
    outer loop
      vertex -0.690984 -13.4863 29.2782
      vertex -1.02185 -13.732 29.2079
      vertex -0.661739 -13.4863 29
    endloop
  endfacet
  facet normal 0.740861 -0.667128 0.0778809
    outer loop
      vertex -0.417324 -13.1756 29.3364
      vertex -0.690984 -13.4863 29.2782
      vertex -0.661739 -13.4863 29
    endloop
  endfacet
  facet normal 0 -0.497918 0.867224
    outer loop
      vertex -1.80902 -12.8135 30.8171
      vertex -4.16913 -13.1756 30.6092
      vertex -1.83087 -13.1756 30.6092
    endloop
  endfacet
  facet normal 0 -0.497918 0.867224
    outer loop
      vertex -4.16913 -13.1756 30.6092
      vertex -1.80902 -12.8135 30.8171
      vertex -4.19098 -12.8135 30.8171
    endloop
  endfacet
  facet normal 0.303041 -0.667027 0.680618
    outer loop
      vertex -1.5 -13.1756 30.5388
      vertex -1.58646 -13.4863 30.2728
      vertex -1.33087 -13.4863 30.159
    endloop
  endfacet
  facet normal 0.510776 -0.807559 0.294884
    outer loop
      vertex -0.917324 -13.4863 29.7866
      vertex -1.08646 -13.732 29.4067
      vertex -0.777438 -13.4863 29.5443
    endloop
  endfacet
  facet normal 0.708484 -0.667125 0.230203
    outer loop
      vertex -0.521852 -13.1756 29.6581
      vertex -0.777438 -13.4863 29.5443
      vertex -0.417324 -13.1756 29.3364
    endloop
  endfacet
  facet normal 0.404443 0.103853 0.908648
    outer loop
      vertex -1.02185 -3.58418 30.6942
      vertex -1.39547 -3.58418 30.8605
      vertex -1 -4 30.732
    endloop
  endfacet
  facet normal 0.707125 -0.307425 0.636761
    outer loop
      vertex -0.690984 -12.4158 30.4538
      vertex -0.777438 -12.8135 30.3578
      vertex -0.417324 -12.4158 30.1499
    endloop
  endfacet
  facet normal 0.406808 0 0.913513
    outer loop
      vertex -1.38197 -4 30.9021
      vertex -1 -12 30.732
      vertex -1 -4 30.732
    endloop
  endfacet
  facet normal 0.406808 0 0.913513
    outer loop
      vertex -1 -12 30.732
      vertex -1.38197 -4 30.9021
      vertex -1.38197 -12 30.9021
    endloop
  endfacet
  facet normal 0.560909 -0.807558 0.182295
    outer loop
      vertex -0.777438 -13.4863 29.5443
      vertex -1.08646 -13.732 29.4067
      vertex -1.02185 -13.732 29.2079
    endloop
  endfacet
  facet normal 0.509689 -0.497996 0.701582
    outer loop
      vertex -0.777438 -12.8135 30.3578
      vertex -1.08646 -12.8135 30.5823
      vertex -0.917324 -13.1756 30.2024
    endloop
  endfacet
  facet normal -0.352826 -0.497856 0.792246
    outer loop
      vertex -4.5646 -12.8135 30.7377
      vertex -4.91354 -12.8135 30.5823
      vertex -4.80902 -13.1756 30.4013
    endloop
  endfacet
  facet normal -0.387144 -0.30729 0.869305
    outer loop
      vertex -4.60453 -12.4158 30.8605
      vertex -4.91354 -12.8135 30.5823
      vertex -4.5646 -12.8135 30.7377
    endloop
  endfacet
  facet normal -0.302841 -0.667126 0.68061
    outer loop
      vertex -4.5 -13.1756 30.5388
      vertex -4.80902 -13.1756 30.4013
      vertex -4.66913 -13.4863 30.159
    endloop
  endfacet
  facet normal -0.154736 -0.66701 0.728803
    outer loop
      vertex -4.13989 -13.4863 30.3309
      vertex -4.5 -13.1756 30.5388
      vertex -4.41354 -13.4863 30.2728
    endloop
  endfacet
  facet normal -0.404601 -0.104036 0.908556
    outer loop
      vertex -4.61803 -12 30.9021
      vertex -5 -12 30.732
      vertex -4.60453 -12.4158 30.8605
    endloop
  endfacet
  facet normal -0.404443 -0.103857 0.908647
    outer loop
      vertex -4.60453 -12.4158 30.8605
      vertex -5 -12 30.732
      vertex -4.97815 -12.4158 30.6942
    endloop
  endfacet
  facet normal -0 0.307492 0.951551
    outer loop
      vertex -4.19098 -3.18653 30.8171
      vertex -1.79551 -3.58418 30.9456
      vertex -1.80902 -3.18653 30.8171
    endloop
  endfacet
  facet normal 0 0.307492 0.951551
    outer loop
      vertex -1.79551 -3.58418 30.9456
      vertex -4.19098 -3.18653 30.8171
      vertex -4.20449 -3.58418 30.9456
    endloop
  endfacet
  facet normal -0.207845 0 0.978162
    outer loop
      vertex -4.61803 -4 30.9021
      vertex -4.20906 -12 30.989
      vertex -4.20906 -4 30.989
    endloop
  endfacet
  facet normal -0.207845 0 0.978162
    outer loop
      vertex -4.20906 -12 30.989
      vertex -4.61803 -4 30.9021
      vertex -4.61803 -12 30.9021
    endloop
  endfacet
  facet normal 0.58769 0 0.809086
    outer loop
      vertex -1 -4 30.732
      vertex -0.661739 -12 30.4863
      vertex -0.661739 -4 30.4863
    endloop
  endfacet
  facet normal 0.58769 0 0.809086
    outer loop
      vertex -0.661739 -12 30.4863
      vertex -1 -4 30.732
      vertex -1 -12 30.732
    endloop
  endfacet
  facet normal -0.553503 -0.667163 0.498527
    outer loop
      vertex -5.08268 -13.1756 30.2024
      vertex -5.30902 -13.1756 29.9511
      vertex -5.08268 -13.4863 29.7866
    endloop
  endfacet
  facet normal -0.240262 -0.912662 0.330639
    outer loop
      vertex -4.5 -13.732 29.866
      vertex -4.66913 -13.732 29.7431
      vertex -4.41354 -13.9021 29.4593
    endloop
  endfacet
  facet normal 0.437991 0.667104 0.602608
    outer loop
      vertex -0.917324 -2.82443 30.2024
      vertex -1.33087 -2.51371 30.159
      vertex -1.19098 -2.82443 30.4013
    endloop
  endfacet
  facet normal 0.438353 0.807492 0.39472
    outer loop
      vertex -0.917324 -2.51371 29.7866
      vertex -1.33087 -2.26795 29.7431
      vertex -1.10453 -2.51371 29.9945
    endloop
  endfacet
  facet normal 0.584511 0.103866 0.80471
    outer loop
      vertex -0.661739 -4 30.4863
      vertex -1.02185 -3.58418 30.6942
      vertex -1 -4 30.732
    endloop
  endfacet
  facet normal 0.707116 0.30746 0.636754
    outer loop
      vertex -0.417324 -3.58418 30.1499
      vertex -0.777438 -3.18653 30.3578
      vertex -0.690984 -3.58418 30.4538
    endloop
  endfacet
  facet normal 0.86134 0.10399 0.497272
    outer loop
      vertex -0.212836 -3.58418 29.7957
      vertex -0.417324 -3.58418 30.1499
      vertex -0.17291 -4 29.8135
    endloop
  endfacet
  facet normal 0.945912 0.103979 0.307308
    outer loop
      vertex -0.043705 -4 29.4158
      vertex -0.212836 -3.58418 29.7957
      vertex -0.17291 -4 29.8135
    endloop
  endfacet
  facet normal 0.740882 0.667104 0.0778832
    outer loop
      vertex -0.661739 -2.51371 29
      vertex -0.690984 -2.51371 29.2782
      vertex -0.417324 -2.82443 29.3364
    endloop
  endfacet
  facet normal 0.708501 0.667113 0.230187
    outer loop
      vertex -0.690984 -2.51371 29.2782
      vertex -0.777438 -2.51371 29.5443
      vertex -0.417324 -2.82443 29.3364
    endloop
  endfacet
  facet normal 0.35391 0.912703 0.204256
    outer loop
      vertex -1.08646 -2.26795 29.4067
      vertex -1.4354 -2.09789 29.2514
      vertex -1.19098 -2.26795 29.5878
    endloop
  endfacet
  facet normal 0.55361 0.66709 0.498505
    outer loop
      vertex -0.917324 -2.51371 29.7866
      vertex -1.10453 -2.51371 29.9945
      vertex -0.917324 -2.82443 30.2024
    endloop
  endfacet
  facet normal -0.122468 0.807482 0.57704
    outer loop
      vertex -4.10453 -2.26795 29.9945
      vertex -4.30902 -2.26795 29.9511
      vertex -4.13989 -2.51371 30.3309
    endloop
  endfacet
  facet normal 0.0433554 0.977916 0.20445
    outer loop
      vertex -1.80902 -2.09789 29.5878
      vertex -1.9354 -2.01096 29.1988
      vertex -1.9354 -2.09789 29.6146
    endloop
  endfacet
  facet normal -0.437986 0.667104 0.602611
    outer loop
      vertex -4.66913 -2.51371 30.159
      vertex -5.08268 -2.82443 30.2024
      vertex -4.80902 -2.82443 30.4013
    endloop
  endfacet
  facet normal -0.352515 0.49807 0.79225
    outer loop
      vertex -4.5 -2.82443 30.5388
      vertex -4.80902 -2.82443 30.4013
      vertex -4.5646 -3.18653 30.7377
    endloop
  endfacet
  facet normal -0.553602 0.667094 0.498508
    outer loop
      vertex -4.89547 -2.51371 29.9945
      vertex -5.08268 -2.51371 29.7866
      vertex -5.08268 -2.82443 30.2024
    endloop
  endfacet
  facet normal -0.438348 0.807492 0.394724
    outer loop
      vertex -4.66913 -2.26795 29.7431
      vertex -5.08268 -2.51371 29.7866
      vertex -4.89547 -2.51371 29.9945
    endloop
  endfacet
  facet normal -0.180462 0.498078 0.848146
    outer loop
      vertex -4.5 -2.82443 30.5388
      vertex -4.5646 -3.18653 30.7377
      vertex -4.16913 -2.82443 30.6092
    endloop
  endfacet
  facet normal -0.302849 0.667103 0.680629
    outer loop
      vertex -4.66913 -2.51371 30.159
      vertex -4.80902 -2.82443 30.4013
      vertex -4.5 -2.82443 30.5388
    endloop
  endfacet
  facet normal -0.352826 0.497856 0.792246
    outer loop
      vertex -4.80902 -2.82443 30.4013
      vertex -4.91354 -3.18653 30.5823
      vertex -4.5646 -3.18653 30.7377
    endloop
  endfacet
  facet normal -0.206949 0.103811 0.972829
    outer loop
      vertex -4.20449 -3.58418 30.9456
      vertex -4.60453 -3.58418 30.8605
      vertex -4.20906 -4 30.989
    endloop
  endfacet
  facet normal -0.509693 0.497989 0.701583
    outer loop
      vertex -5.08268 -2.82443 30.2024
      vertex -5.22256 -3.18653 30.3578
      vertex -4.91354 -3.18653 30.5823
    endloop
  endfacet
  facet normal -0.644487 0.497976 0.58022
    outer loop
      vertex -5.08268 -2.82443 30.2024
      vertex -5.47815 -3.18653 30.0739
      vertex -5.22256 -3.18653 30.3578
    endloop
  endfacet
  facet normal 0.0850374 -0.977932 0.190833
    outer loop
      vertex -1.80902 -13.9021 29.5878
      vertex -1.89547 -13.989 29.181
      vertex -1.69098 -13.9021 29.5352
    endloop
  endfacet
  facet normal -0.35398 -0.912667 0.204296
    outer loop
      vertex -4.80902 -13.732 29.5878
      vertex -4.91354 -13.732 29.4067
      vertex -4.5646 -13.9021 29.2514
    endloop
  endfacet
  facet normal -0.207845 -0.978162 0
    outer loop
      vertex -4.61803 -13.9021 29
      vertex -4.20906 -13.989 -5.01096
      vertex -4.20906 -13.989 29
    endloop
  endfacet
  facet normal -0.207845 -0.978162 0
    outer loop
      vertex -4.20906 -13.989 -5.01096
      vertex -4.61803 -13.9021 29
      vertex -4.61803 -13.9021 -5.09789
    endloop
  endfacet
  facet normal -0.406808 -0.913513 0
    outer loop
      vertex -5 -13.732 29
      vertex -4.61803 -13.9021 -5.09789
      vertex -4.61803 -13.9021 29
    endloop
  endfacet
  facet normal -0.406808 -0.913513 0
    outer loop
      vertex -4.61803 -13.9021 -5.09789
      vertex -5 -13.732 29
      vertex -5 -13.732 -5.26795
    endloop
  endfacet
  facet normal -0.510848 -0.807533 0.29483
    outer loop
      vertex -4.80902 -13.732 29.5878
      vertex -5.08268 -13.4863 29.7866
      vertex -4.91354 -13.732 29.4067
    endloop
  endfacet
  facet normal -0.560945 -0.807541 0.18226
    outer loop
      vertex -5.22256 -13.4863 29.5443
      vertex -5.30902 -13.4863 29.2782
      vertex -4.97815 -13.732 29.2079
    endloop
  endfacet
  facet normal -0.866024 -0.500003 0
    outer loop
      vertex -5.61803 -13.1756 -5.82443
      vertex -5.82709 -12.8135 29
      vertex -5.82709 -12.8135 -6.18653
    endloop
  endfacet
  facet normal -0.866024 -0.500003 0
    outer loop
      vertex -5.82709 -12.8135 29
      vertex -5.61803 -13.1756 -5.82443
      vertex -5.61803 -13.1756 29
    endloop
  endfacet
  facet normal 0.406808 -0.913513 0
    outer loop
      vertex -1.38197 -13.9021 -5.01096
      vertex -1 -13.732 29
      vertex -1.38197 -13.9021 29
    endloop
  endfacet
  facet normal 0.406808 -0.913513 0
    outer loop
      vertex -1 -13.732 29
      vertex -1.38197 -13.9021 -5.01096
      vertex -1 -13.732 -5.01096
    endloop
  endfacet
  facet normal 0.155304 0.977915 0.13987
    outer loop
      vertex -1.5 -2.09789 29.3633
      vertex -1.83087 -2.01096 29.1229
      vertex -1.58646 -2.09789 29.4593
    endloop
  endfacet
  facet normal -0.0848225 0.912729 0.399663
    outer loop
      vertex -4.0646 -2.09789 29.6146
      vertex -4.30902 -2.26795 29.9511
      vertex -4.10453 -2.26795 29.9945
    endloop
  endfacet
  facet normal -0.645168 0.667109 0.372456
    outer loop
      vertex -5.22256 -2.51371 29.5443
      vertex -5.47815 -2.82443 29.6581
      vertex -5.08268 -2.51371 29.7866
    endloop
  endfacet
  facet normal -0.824777 0.497917 0.267995
    outer loop
      vertex -5.58268 -2.82443 29.3364
      vertex -5.66913 -3.18653 29.7431
      vertex -5.47815 -2.82443 29.6581
    endloop
  endfacet
  facet normal 0.0850947 0.977916 0.190889
    outer loop
      vertex -1.89547 -2.01096 29.181
      vertex -1.9354 -2.01096 29.1988
      vertex -1.80902 -2.09789 29.5878
    endloop
  endfacet
  facet normal 0.181006 0.977915 0.104495
    outer loop
      vertex -1.4354 -2.09789 29.2514
      vertex -1.83087 -2.01096 29.1229
      vertex -1.5 -2.09789 29.3633
    endloop
  endfacet
  facet normal -0.166305 0.912721 0.373206
    outer loop
      vertex -4.30902 -2.09789 29.5352
      vertex -4.5 -2.26795 29.866
      vertex -4.19098 -2.09789 29.5878
    endloop
  endfacet
  facet normal -0.388606 0.912713 0.126257
    outer loop
      vertex -4.60453 -2.09789 29.1285
      vertex -4.97815 -2.26795 29.2079
      vertex -4.5646 -2.09789 29.2514
    endloop
  endfacet
  facet normal -0.303623 0.912709 0.273451
    outer loop
      vertex -4.5 -2.09789 29.3633
      vertex -4.80902 -2.26795 29.5878
      vertex -4.41354 -2.09789 29.4593
    endloop
  endfacet
  facet normal -0.862466 -0.49793 0.0906509
    outer loop
      vertex -5.78716 -12.8135 29.3799
      vertex -5.82709 -12.8135 29
      vertex -5.58268 -13.1756 29.3364
    endloop
  endfacet
  facet normal -0.946347 -0.307462 0.0994674
    outer loop
      vertex -5.78716 -12.8135 29.3799
      vertex -5.9563 -12.4158 29
      vertex -5.82709 -12.8135 29
    endloop
  endfacet
  facet normal -0.0850947 0.977916 0.190889
    outer loop
      vertex -4.10453 -2.01096 29.181
      vertex -4.19098 -2.09789 29.5878
      vertex -4.0646 -2.01096 29.1988
    endloop
  endfacet
  facet normal -0.207913 0.978147 0
    outer loop
      vertex -4.20906 -2.01096 13.6365
      vertex -4.61803 -2.09789 29
      vertex -4.20906 -2.01096 29
    endloop
  endfacet
  facet normal -0.207913 0.978147 0
    outer loop
      vertex -4.61803 -2.09789 29
      vertex -4.20906 -2.01096 13.6365
      vertex -4.61803 -2.09789 13.5978
    endloop
  endfacet
  facet normal -0.207913 0.978147 0
    outer loop
      vertex -4.20906 -2.01096 -5.01096
      vertex -4.61803 -2.09789 2.4022
      vertex -4.20906 -2.01096 2.3635
    endloop
  endfacet
  facet normal -0.207913 0.978147 0
    outer loop
      vertex -4.61803 -2.09789 2.4022
      vertex -4.20906 -2.01096 -5.01096
      vertex -4.61803 -2.09789 -5.09789
    endloop
  endfacet
  facet normal -0.198769 0.977916 0.0645798
    outer loop
      vertex -4.19098 -2.01096 29.085
      vertex -4.60453 -2.09789 29.1285
      vertex -4.5646 -2.09789 29.2514
    endloop
  endfacet
  facet normal -0.155252 -0.977929 0.139824
    outer loop
      vertex -4.41354 -13.9021 29.4593
      vertex -4.5 -13.9021 29.3633
      vertex -4.16913 -13.989 29.1229
    endloop
  endfacet
  facet normal 0.353939 -0.912676 0.204329
    outer loop
      vertex -1.19098 -13.732 29.5878
      vertex -1.5 -13.9021 29.3633
      vertex -1.4354 -13.9021 29.2514
    endloop
  endfacet
  facet normal 0.19869 -0.977926 0.0646818
    outer loop
      vertex -1.39547 -13.9021 29.1285
      vertex -1.80902 -13.989 29.085
      vertex -1.79551 -13.989 29.0435
    endloop
  endfacet
  facet normal 0.0433411 -0.977931 0.204382
    outer loop
      vertex -1.9354 -13.9021 29.6146
      vertex -1.9354 -13.989 29.1988
      vertex -1.80902 -13.9021 29.5878
    endloop
  endfacet
  facet normal -0.166337 -0.912685 0.373279
    outer loop
      vertex -4.19098 -13.9021 29.5878
      vertex -4.5 -13.732 29.866
      vertex -4.30902 -13.9021 29.5352
    endloop
  endfacet
  facet normal -0.122762 -0.977932 0.169053
    outer loop
      vertex -4.30902 -13.9021 29.5352
      vertex -4.41354 -13.9021 29.4593
      vertex -4.10453 -13.989 29.181
    endloop
  endfacet
  facet normal 0.0435057 -0.977924 0.204381
    outer loop
      vertex -1.9354 -13.9021 29.6146
      vertex -1.97815 -13.989 29.2079
      vertex -1.9354 -13.989 29.1988
    endloop
  endfacet
  facet normal 0.0850666 -0.977931 0.190826
    outer loop
      vertex -1.80902 -13.9021 29.5878
      vertex -1.9354 -13.989 29.1988
      vertex -1.89547 -13.989 29.181
    endloop
  endfacet
  facet normal -0.645152 -0.667153 0.372405
    outer loop
      vertex -5.30902 -13.1756 29.9511
      vertex -5.47815 -13.1756 29.6581
      vertex -5.08268 -13.4863 29.7866
    endloop
  endfacet
  facet normal -0.64515 -0.667133 0.372446
    outer loop
      vertex -5.08268 -13.4863 29.7866
      vertex -5.47815 -13.1756 29.6581
      vertex -5.22256 -13.4863 29.5443
    endloop
  endfacet
  facet normal -0.0848391 -0.912694 0.399741
    outer loop
      vertex -4.10453 -13.732 29.9945
      vertex -4.30902 -13.732 29.9511
      vertex -4.0646 -13.9021 29.6146
    endloop
  endfacet
  facet normal -0.122449 -0.80755 0.576948
    outer loop
      vertex -4.13989 -13.4863 30.3309
      vertex -4.30902 -13.732 29.9511
      vertex -4.10453 -13.732 29.9945
    endloop
  endfacet
  facet normal 0.645147 -0.667127 0.37246
    outer loop
      vertex -0.521852 -13.1756 29.6581
      vertex -0.917324 -13.4863 29.7866
      vertex -0.777438 -13.4863 29.5443
    endloop
  endfacet
  facet normal 0.24003 -0.8076 0.538672
    outer loop
      vertex -1.33087 -13.4863 30.159
      vertex -1.69098 -13.732 29.9511
      vertex -1.5 -13.732 29.866
    endloop
  endfacet
  facet normal 0.346685 -0.807584 0.477094
    outer loop
      vertex -1.33087 -13.4863 30.159
      vertex -1.5 -13.732 29.866
      vertex -1.33087 -13.732 29.7431
    endloop
  endfacet
  facet normal 0.346736 -0.807567 0.477084
    outer loop
      vertex -1.33087 -13.4863 30.159
      vertex -1.33087 -13.732 29.7431
      vertex -1.10453 -13.4863 29.9945
    endloop
  endfacet
  facet normal 0.553503 -0.667163 0.498527
    outer loop
      vertex -0.917324 -13.1756 30.2024
      vertex -0.917324 -13.4863 29.7866
      vertex -0.690984 -13.1756 29.9511
    endloop
  endfacet
  facet normal 0.155021 -0.66719 0.728578
    outer loop
      vertex -1.83087 -13.1756 30.6092
      vertex -1.86011 -13.4863 30.3309
      vertex -1.5 -13.1756 30.5388
    endloop
  endfacet
  facet normal 0.64515 -0.667153 0.372408
    outer loop
      vertex -0.690984 -13.1756 29.9511
      vertex -0.917324 -13.4863 29.7866
      vertex -0.521852 -13.1756 29.6581
    endloop
  endfacet
  facet normal 0.824777 -0.49792 0.26799
    outer loop
      vertex -0.33087 -12.8135 29.7431
      vertex -0.521852 -13.1756 29.6581
      vertex -0.417324 -13.1756 29.3364
    endloop
  endfacet
  facet normal 0.866027 -0 0.499997
    outer loop
      vertex -0.381967 -12 30.1756
      vertex -0.17291 -4 29.8135
      vertex -0.381967 -4 30.1756
    endloop
  endfacet
  facet normal 0.866027 0 0.499997
    outer loop
      vertex -0.17291 -4 29.8135
      vertex -0.381967 -12 30.1756
      vertex -0.17291 -12 29.8135
    endloop
  endfacet
  facet normal 0.739097 -0.103983 0.665525
    outer loop
      vertex -0.381967 -12 30.1756
      vertex -0.661739 -12 30.4863
      vertex -0.417324 -12.4158 30.1499
    endloop
  endfacet
  facet normal 0.404601 0.104031 0.908557
    outer loop
      vertex -1 -4 30.732
      vertex -1.39547 -3.58418 30.8605
      vertex -1.38197 -4 30.9021
    endloop
  endfacet
  facet normal 0.437967 -0.667116 0.602611
    outer loop
      vertex -0.917324 -13.1756 30.2024
      vertex -1.33087 -13.4863 30.159
      vertex -1.10453 -13.4863 29.9945
    endloop
  endfacet
  facet normal -0.239906 -0.80754 0.538818
    outer loop
      vertex -4.41354 -13.4863 30.2728
      vertex -4.66913 -13.4863 30.159
      vertex -4.30902 -13.732 29.9511
    endloop
  endfacet
  facet normal -0.122497 -0.807535 0.576959
    outer loop
      vertex -4.13989 -13.4863 30.3309
      vertex -4.41354 -13.4863 30.2728
      vertex -4.30902 -13.732 29.9511
    endloop
  endfacet
  facet normal -0.386939 0.3075 0.869323
    outer loop
      vertex -4.91354 -3.18653 30.5823
      vertex -4.97815 -3.58418 30.6942
      vertex -4.60453 -3.58418 30.8605
    endloop
  endfacet
  facet normal -0.197992 0.307489 0.930725
    outer loop
      vertex -4.19098 -3.18653 30.8171
      vertex -4.60453 -3.58418 30.8605
      vertex -4.20449 -3.58418 30.9456
    endloop
  endfacet
  facet normal 0.559333 0.307454 0.769818
    outer loop
      vertex -0.777438 -3.18653 30.3578
      vertex -1.02185 -3.58418 30.6942
      vertex -0.690984 -3.58418 30.4538
    endloop
  endfacet
  facet normal 0.206717 0.104039 0.972854
    outer loop
      vertex -1.39547 -3.58418 30.8605
      vertex -1.79094 -4 30.989
      vertex -1.38197 -4 30.9021
    endloop
  endfacet
  facet normal 0.207845 0 0.978162
    outer loop
      vertex -1.79094 -4 30.989
      vertex -1.38197 -12 30.9021
      vertex -1.38197 -4 30.9021
    endloop
  endfacet
  facet normal 0.207845 0 0.978162
    outer loop
      vertex -1.38197 -12 30.9021
      vertex -1.79094 -4 30.989
      vertex -1.79094 -12 30.989
    endloop
  endfacet
  facet normal -0 0.667177 0.744899
    outer loop
      vertex -4.13989 -2.51371 30.3309
      vertex -1.83087 -2.82443 30.6092
      vertex -1.86011 -2.51371 30.3309
    endloop
  endfacet
  facet normal 0 0.667177 0.744899
    outer loop
      vertex -1.83087 -2.82443 30.6092
      vertex -4.13989 -2.51371 30.3309
      vertex -4.16913 -2.82443 30.6092
    endloop
  endfacet
  facet normal 0.509689 0.497996 0.701582
    outer loop
      vertex -0.917324 -2.82443 30.2024
      vertex -1.08646 -3.18653 30.5823
      vertex -0.777438 -3.18653 30.3578
    endloop
  endfacet
  facet normal 0.553518 0.667139 0.498541
    outer loop
      vertex -0.690984 -2.82443 29.9511
      vertex -0.917324 -2.51371 29.7866
      vertex -0.917324 -2.82443 30.2024
    endloop
  endfacet
  facet normal 0.751048 0.49791 0.433605
    outer loop
      vertex -0.33087 -3.18653 29.7431
      vertex -0.521852 -2.82443 29.6581
      vertex -0.521852 -3.18653 30.0739
    endloop
  endfacet
  facet normal 0.166305 0.912721 0.373206
    outer loop
      vertex -1.69098 -2.09789 29.5352
      vertex -1.80902 -2.09789 29.5878
      vertex -1.5 -2.26795 29.866
    endloop
  endfacet
  facet normal 0.166301 0.91272 0.37321
    outer loop
      vertex -1.5 -2.26795 29.866
      vertex -1.80902 -2.09789 29.5878
      vertex -1.69098 -2.26795 29.9511
    endloop
  endfacet
  facet normal 0.180462 0.498078 0.848146
    outer loop
      vertex -1.5 -2.82443 30.5388
      vertex -1.83087 -2.82443 30.6092
      vertex -1.4354 -3.18653 30.7377
    endloop
  endfacet
  facet normal 0.645169 0.667129 0.372419
    outer loop
      vertex -0.521852 -2.82443 29.6581
      vertex -0.917324 -2.51371 29.7866
      vertex -0.690984 -2.82443 29.9511
    endloop
  endfacet
  facet normal 0.824059 0.307544 0.475757
    outer loop
      vertex -0.33087 -3.18653 29.7431
      vertex -0.521852 -3.18653 30.0739
      vertex -0.417324 -3.58418 30.1499
    endloop
  endfacet
  facet normal 0.824777 0.49792 0.26799
    outer loop
      vertex -0.417324 -2.82443 29.3364
      vertex -0.521852 -2.82443 29.6581
      vertex -0.33087 -3.18653 29.7431
    endloop
  endfacet
  facet normal 0.708505 0.667102 0.23021
    outer loop
      vertex -0.417324 -2.82443 29.3364
      vertex -0.777438 -2.51371 29.5443
      vertex -0.521852 -2.82443 29.6581
    endloop
  endfacet
  facet normal 0.862462 0.497939 0.0906482
    outer loop
      vertex -0.381967 -2.82443 29
      vertex -0.417324 -2.82443 29.3364
      vertex -0.17291 -3.18653 29
    endloop
  endfacet
  facet normal -0.34674 0.807515 0.47717
    outer loop
      vertex -4.5 -2.26795 29.866
      vertex -4.66913 -2.26795 29.7431
      vertex -4.66913 -2.51371 30.159
    endloop
  endfacet
  facet normal 0.43798 0.667092 0.602629
    outer loop
      vertex -1.10453 -2.51371 29.9945
      vertex -1.33087 -2.51371 30.159
      vertex -0.917324 -2.82443 30.2024
    endloop
  endfacet
  facet normal 0.0848225 0.912729 0.399663
    outer loop
      vertex -1.69098 -2.26795 29.9511
      vertex -1.9354 -2.09789 29.6146
      vertex -1.89547 -2.26795 29.9945
    endloop
  endfacet
  facet normal 0 0.912724 0.408576
    outer loop
      vertex -1.9354 -2.09789 29.6146
      vertex -4.10453 -2.26795 29.9945
      vertex -1.89547 -2.26795 29.9945
    endloop
  endfacet
  facet normal 0 0.912724 0.408576
    outer loop
      vertex -4.10453 -2.26795 29.9945
      vertex -1.9354 -2.09789 29.6146
      vertex -4.0646 -2.09789 29.6146
    endloop
  endfacet
  facet normal -0.708499 0.667107 0.230213
    outer loop
      vertex -5.22256 -2.51371 29.5443
      vertex -5.58268 -2.82443 29.3364
      vertex -5.47815 -2.82443 29.6581
    endloop
  endfacet
  facet normal -0.438318 0.807459 0.394825
    outer loop
      vertex -4.80902 -2.26795 29.5878
      vertex -5.08268 -2.51371 29.7866
      vertex -4.66913 -2.26795 29.7431
    endloop
  endfacet
  facet normal -0.510929 0.807464 0.294877
    outer loop
      vertex -4.91354 -2.26795 29.4067
      vertex -5.08268 -2.51371 29.7866
      vertex -4.80902 -2.26795 29.5878
    endloop
  endfacet
  facet normal -0.510864 0.807489 0.294922
    outer loop
      vertex -4.91354 -2.26795 29.4067
      vertex -5.22256 -2.51371 29.5443
      vertex -5.08268 -2.51371 29.7866
    endloop
  endfacet
  facet normal -0.584512 0.103866 0.804709
    outer loop
      vertex -4.97815 -3.58418 30.6942
      vertex -5.33826 -4 30.4863
      vertex -5 -4 30.732
    endloop
  endfacet
  facet normal -0.197814 0.307314 0.930821
    outer loop
      vertex -4.5646 -3.18653 30.7377
      vertex -4.60453 -3.58418 30.8605
      vertex -4.19098 -3.18653 30.8171
    endloop
  endfacet
  facet normal 0.180946 -0.97793 0.104461
    outer loop
      vertex -1.5 -13.9021 29.3633
      vertex -1.83087 -13.989 29.1229
      vertex -1.4354 -13.9021 29.2514
    endloop
  endfacet
  facet normal 0.155341 -0.977925 0.139759
    outer loop
      vertex -1.58646 -13.9021 29.4593
      vertex -1.86011 -13.989 29.1554
      vertex -1.83087 -13.989 29.1229
    endloop
  endfacet
  facet normal 0.155252 -0.977929 0.139824
    outer loop
      vertex -1.58646 -13.9021 29.4593
      vertex -1.83087 -13.989 29.1229
      vertex -1.5 -13.9021 29.3633
    endloop
  endfacet
  facet normal -0.560911 -0.807556 0.182296
    outer loop
      vertex -4.91354 -13.732 29.4067
      vertex -5.22256 -13.4863 29.5443
      vertex -4.97815 -13.732 29.2079
    endloop
  endfacet
  facet normal -0.388684 -0.91267 0.126322
    outer loop
      vertex -4.91354 -13.732 29.4067
      vertex -4.97815 -13.732 29.2079
      vertex -4.5646 -13.9021 29.2514
    endloop
  endfacet
  facet normal 0.04352 0.977909 0.204448
    outer loop
      vertex -1.9354 -2.01096 29.1988
      vertex -1.97815 -2.01096 29.2079
      vertex -1.9354 -2.09789 29.6146
    endloop
  endfacet
  facet normal 0.122596 0.977904 0.169335
    outer loop
      vertex -1.86011 -2.01096 29.1554
      vertex -1.89547 -2.01096 29.181
      vertex -1.58646 -2.09789 29.4593
    endloop
  endfacet
  facet normal -0.743149 0.669126 0
    outer loop
      vertex -5.61803 -2.82443 29
      vertex -5.33826 -2.51371 13.4127
      vertex -5.61803 -2.82443 13.2743
    endloop
  endfacet
  facet normal -0.743149 0.669126 0
    outer loop
      vertex -5.33826 -2.51371 13.4127
      vertex -5.61803 -2.82443 29
      vertex -5.33826 -2.51371 29
    endloop
  endfacet
  facet normal -0.743149 0.669126 0
    outer loop
      vertex -5.61803 -2.82443 2.72568
      vertex -5.33826 -2.51371 -5.51371
      vertex -5.61803 -2.82443 -5.82443
    endloop
  endfacet
  facet normal -0.743149 0.669126 0
    outer loop
      vertex -5.33826 -2.51371 -5.51371
      vertex -5.61803 -2.82443 2.72568
      vertex -5.33826 -2.51371 2.58734
    endloop
  endfacet
  facet normal -0.198755 0.977911 0.0647032
    outer loop
      vertex -4.20449 -2.01096 29.0435
      vertex -4.60453 -2.09789 29.1285
      vertex -4.19098 -2.01096 29.085
    endloop
  endfacet
  facet normal -0.155341 -0.977925 0.139759
    outer loop
      vertex -4.13989 -13.989 29.1554
      vertex -4.41354 -13.9021 29.4593
      vertex -4.16913 -13.989 29.1229
    endloop
  endfacet
  facet normal -0.30367 -0.912668 0.273537
    outer loop
      vertex -4.66913 -13.732 29.7431
      vertex -4.80902 -13.732 29.5878
      vertex -4.41354 -13.9021 29.4593
    endloop
  endfacet
  facet normal -0.0850374 -0.977932 0.190833
    outer loop
      vertex -4.19098 -13.9021 29.5878
      vertex -4.30902 -13.9021 29.5352
      vertex -4.10453 -13.989 29.181
    endloop
  endfacet
  facet normal -0.0850666 -0.977931 0.190826
    outer loop
      vertex -4.0646 -13.989 29.1988
      vertex -4.19098 -13.9021 29.5878
      vertex -4.10453 -13.989 29.181
    endloop
  endfacet
  facet normal -0.207795 -0.977929 0.0218304
    outer loop
      vertex -4.20449 -13.989 29.0435
      vertex -4.60453 -13.9021 29.1285
      vertex -4.20906 -13.989 29
    endloop
  endfacet
  facet normal -0.438278 -0.807561 0.394661
    outer loop
      vertex -4.89547 -13.4863 29.9945
      vertex -5.08268 -13.4863 29.7866
      vertex -4.66913 -13.732 29.7431
    endloop
  endfacet
  facet normal -0.346736 -0.807567 0.477084
    outer loop
      vertex -4.66913 -13.4863 30.159
      vertex -4.89547 -13.4863 29.9945
      vertex -4.66913 -13.732 29.7431
    endloop
  endfacet
  facet normal -0.166333 -0.912685 0.373283
    outer loop
      vertex -4.30902 -13.732 29.9511
      vertex -4.5 -13.732 29.866
      vertex -4.19098 -13.9021 29.5878
    endloop
  endfacet
  facet normal -0.24003 -0.8076 0.538672
    outer loop
      vertex -4.30902 -13.732 29.9511
      vertex -4.66913 -13.4863 30.159
      vertex -4.5 -13.732 29.866
    endloop
  endfacet
  facet normal 0.240262 -0.912662 0.330639
    outer loop
      vertex -1.5 -13.732 29.866
      vertex -1.58646 -13.9021 29.4593
      vertex -1.33087 -13.732 29.7431
    endloop
  endfacet
  facet normal 0.30367 -0.912668 0.273537
    outer loop
      vertex -1.33087 -13.732 29.7431
      vertex -1.58646 -13.9021 29.4593
      vertex -1.19098 -13.732 29.5878
    endloop
  endfacet
  facet normal 0.751048 -0.49791 0.433605
    outer loop
      vertex -0.521852 -12.8135 30.0739
      vertex -0.521852 -13.1756 29.6581
      vertex -0.33087 -12.8135 29.7431
    endloop
  endfacet
  facet normal 0.7511 -0.497865 0.433566
    outer loop
      vertex -0.521852 -12.8135 30.0739
      vertex -0.690984 -13.1756 29.9511
      vertex -0.521852 -13.1756 29.6581
    endloop
  endfacet
  facet normal 0.180462 -0.498078 0.848146
    outer loop
      vertex -1.4354 -12.8135 30.7377
      vertex -1.83087 -13.1756 30.6092
      vertex -1.5 -13.1756 30.5388
    endloop
  endfacet
  facet normal -0.197816 -0.307279 0.930832
    outer loop
      vertex -4.19098 -12.8135 30.8171
      vertex -4.60453 -12.4158 30.8605
      vertex -4.5646 -12.8135 30.7377
    endloop
  endfacet
  facet normal 0.154736 -0.66701 0.728803
    outer loop
      vertex -1.5 -13.1756 30.5388
      vertex -1.86011 -13.4863 30.3309
      vertex -1.58646 -13.4863 30.2728
    endloop
  endfacet
  facet normal 0.122497 -0.807535 0.576959
    outer loop
      vertex -1.58646 -13.4863 30.2728
      vertex -1.86011 -13.4863 30.3309
      vertex -1.69098 -13.732 29.9511
    endloop
  endfacet
  facet normal 0.206948 -0.103816 0.972828
    outer loop
      vertex -1.79094 -12 30.989
      vertex -1.79551 -12.4158 30.9456
      vertex -1.39547 -12.4158 30.8605
    endloop
  endfacet
  facet normal 0 -0.667201 0.744878
    outer loop
      vertex -1.83087 -13.1756 30.6092
      vertex -4.13989 -13.4863 30.3309
      vertex -1.86011 -13.4863 30.3309
    endloop
  endfacet
  facet normal 0 -0.667201 0.744878
    outer loop
      vertex -4.13989 -13.4863 30.3309
      vertex -1.83087 -13.1756 30.6092
      vertex -4.16913 -13.1756 30.6092
    endloop
  endfacet
  facet normal 0.904991 -0.307481 0.294019
    outer loop
      vertex -0.212836 -12.4158 29.7957
      vertex -0.33087 -12.8135 29.7431
      vertex -0.0864553 -12.4158 29.4067
    endloop
  endfacet
  facet normal 0.945911 -0.103979 0.307313
    outer loop
      vertex -0.043705 -12 29.4158
      vertex -0.212836 -12.4158 29.7957
      vertex -0.0864553 -12.4158 29.4067
    endloop
  endfacet
  facet normal 0.824068 -0.307509 0.475762
    outer loop
      vertex -0.417324 -12.4158 30.1499
      vertex -0.521852 -12.8135 30.0739
      vertex -0.33087 -12.8135 29.7431
    endloop
  endfacet
  facet normal 0.707178 -0.307532 0.63665
    outer loop
      vertex -0.417324 -12.4158 30.1499
      vertex -0.777438 -12.8135 30.3578
      vertex -0.521852 -12.8135 30.0739
    endloop
  endfacet
  facet normal 0.739082 -0.104003 0.665538
    outer loop
      vertex -0.661739 -12 30.4863
      vertex -0.690984 -12.4158 30.4538
      vertex -0.417324 -12.4158 30.1499
    endloop
  endfacet
  facet normal 0.739097 0.103978 0.665525
    outer loop
      vertex -0.417324 -3.58418 30.1499
      vertex -0.661739 -4 30.4863
      vertex -0.381967 -4 30.1756
    endloop
  endfacet
  facet normal 0.559339 -0.307419 0.769827
    outer loop
      vertex -0.690984 -12.4158 30.4538
      vertex -1.02185 -12.4158 30.6942
      vertex -0.777438 -12.8135 30.3578
    endloop
  endfacet
  facet normal 0.584616 -0.104009 0.804616
    outer loop
      vertex -0.661739 -12 30.4863
      vertex -1.02185 -12.4158 30.6942
      vertex -0.690984 -12.4158 30.4538
    endloop
  endfacet
  facet normal -0.404443 0.103853 0.908648
    outer loop
      vertex -4.97815 -3.58418 30.6942
      vertex -5 -4 30.732
      vertex -4.60453 -3.58418 30.8605
    endloop
  endfacet
  facet normal -0.404601 0.104031 0.908557
    outer loop
      vertex -4.60453 -3.58418 30.8605
      vertex -5 -4 30.732
      vertex -4.61803 -4 30.9021
    endloop
  endfacet
  facet normal 0.206949 0.103811 0.972829
    outer loop
      vertex -1.39547 -3.58418 30.8605
      vertex -1.79551 -3.58418 30.9456
      vertex -1.79094 -4 30.989
    endloop
  endfacet
  facet normal -0 0.497918 0.867224
    outer loop
      vertex -4.16913 -2.82443 30.6092
      vertex -1.80902 -3.18653 30.8171
      vertex -1.83087 -2.82443 30.6092
    endloop
  endfacet
  facet normal 0 0.497918 0.867224
    outer loop
      vertex -1.80902 -3.18653 30.8171
      vertex -4.16913 -2.82443 30.6092
      vertex -4.19098 -3.18653 30.8171
    endloop
  endfacet
  facet normal 0.386939 0.3075 0.869323
    outer loop
      vertex -1.08646 -3.18653 30.5823
      vertex -1.39547 -3.58418 30.8605
      vertex -1.02185 -3.58418 30.6942
    endloop
  endfacet
  facet normal 0.559276 0.307506 0.769838
    outer loop
      vertex -0.777438 -3.18653 30.3578
      vertex -1.08646 -3.18653 30.5823
      vertex -1.02185 -3.58418 30.6942
    endloop
  endfacet
  facet normal 0.346792 0.807499 0.47716
    outer loop
      vertex -1.10453 -2.51371 29.9945
      vertex -1.33087 -2.26795 29.7431
      vertex -1.33087 -2.51371 30.159
    endloop
  endfacet
  facet normal 0.240069 0.807531 0.538758
    outer loop
      vertex -1.5 -2.26795 29.866
      vertex -1.69098 -2.26795 29.9511
      vertex -1.33087 -2.51371 30.159
    endloop
  endfacet
  facet normal 0.43832 0.807457 0.394827
    outer loop
      vertex -1.19098 -2.26795 29.5878
      vertex -1.33087 -2.26795 29.7431
      vertex -0.917324 -2.51371 29.7866
    endloop
  endfacet
  facet normal 0.30361 0.912703 0.273484
    outer loop
      vertex -1.19098 -2.26795 29.5878
      vertex -1.58646 -2.09789 29.4593
      vertex -1.33087 -2.26795 29.7431
    endloop
  endfacet
  facet normal 0.64442 0.497837 0.580414
    outer loop
      vertex -0.690984 -2.82443 29.9511
      vertex -0.917324 -2.82443 30.2024
      vertex -0.521852 -3.18653 30.0739
    endloop
  endfacet
  facet normal 0.644489 0.497984 0.580212
    outer loop
      vertex -0.521852 -3.18653 30.0739
      vertex -0.917324 -2.82443 30.2024
      vertex -0.777438 -3.18653 30.3578
    endloop
  endfacet
  facet normal -0.155026 0.667166 0.728599
    outer loop
      vertex -4.13989 -2.51371 30.3309
      vertex -4.5 -2.82443 30.5388
      vertex -4.16913 -2.82443 30.6092
    endloop
  endfacet
  facet normal 0 0.807472 0.589906
    outer loop
      vertex -1.89547 -2.26795 29.9945
      vertex -4.13989 -2.51371 30.3309
      vertex -1.86011 -2.51371 30.3309
    endloop
  endfacet
  facet normal 0 0.807472 0.589906
    outer loop
      vertex -4.13989 -2.51371 30.3309
      vertex -1.89547 -2.26795 29.9945
      vertex -4.10453 -2.26795 29.9945
    endloop
  endfacet
  facet normal -0.166301 0.91272 0.37321
    outer loop
      vertex -4.19098 -2.09789 29.5878
      vertex -4.5 -2.26795 29.866
      vertex -4.30902 -2.26795 29.9511
    endloop
  endfacet
  facet normal -0.240069 0.807531 0.538758
    outer loop
      vertex -4.5 -2.26795 29.866
      vertex -4.66913 -2.51371 30.159
      vertex -4.30902 -2.26795 29.9511
    endloop
  endfacet
  facet normal -0.35391 0.912703 0.204256
    outer loop
      vertex -4.5646 -2.09789 29.2514
      vertex -4.91354 -2.26795 29.4067
      vertex -4.80902 -2.26795 29.5878
    endloop
  endfacet
  facet normal -0.388608 0.912706 0.126298
    outer loop
      vertex -4.5646 -2.09789 29.2514
      vertex -4.97815 -2.26795 29.2079
      vertex -4.91354 -2.26795 29.4067
    endloop
  endfacet
  facet normal -0.19869 -0.977926 0.0646818
    outer loop
      vertex -4.19098 -13.989 29.085
      vertex -4.60453 -13.9021 29.1285
      vertex -4.20449 -13.989 29.0435
    endloop
  endfacet
  facet normal -0.198704 -0.977931 0.0645585
    outer loop
      vertex -4.5646 -13.9021 29.2514
      vertex -4.60453 -13.9021 29.1285
      vertex -4.19098 -13.989 29.085
    endloop
  endfacet
  facet normal -0.0850654 0.977917 0.190896
    outer loop
      vertex -4.10453 -2.01096 29.181
      vertex -4.30902 -2.09789 29.5352
      vertex -4.19098 -2.09789 29.5878
    endloop
  endfacet
  facet normal 0.155392 0.97791 0.139805
    outer loop
      vertex -1.83087 -2.01096 29.1229
      vertex -1.86011 -2.01096 29.1554
      vertex -1.58646 -2.09789 29.4593
    endloop
  endfacet
  facet normal -0.122803 0.977917 0.169109
    outer loop
      vertex -4.10453 -2.01096 29.181
      vertex -4.41354 -2.09789 29.4593
      vertex -4.30902 -2.09789 29.5352
    endloop
  endfacet
  facet normal -0.155304 0.977915 0.13987
    outer loop
      vertex -4.16913 -2.01096 29.1229
      vertex -4.5 -2.09789 29.3633
      vertex -4.41354 -2.09789 29.4593
    endloop
  endfacet
  facet normal 0.181046 0.97792 0.104376
    outer loop
      vertex -1.80902 -2.01096 29.085
      vertex -1.83087 -2.01096 29.1229
      vertex -1.4354 -2.09789 29.2514
    endloop
  endfacet
  facet normal -0.0433554 0.977916 0.20445
    outer loop
      vertex -4.0646 -2.01096 29.1988
      vertex -4.19098 -2.09789 29.5878
      vertex -4.0646 -2.09789 29.6146
    endloop
  endfacet
  facet normal 0.198755 0.977911 0.0647032
    outer loop
      vertex -1.79551 -2.01096 29.0435
      vertex -1.80902 -2.01096 29.085
      vertex -1.39547 -2.09789 29.1285
    endloop
  endfacet
  facet normal -0.181046 0.97792 0.104376
    outer loop
      vertex -4.19098 -2.01096 29.085
      vertex -4.5646 -2.09789 29.2514
      vertex -4.16913 -2.01096 29.1229
    endloop
  endfacet
  facet normal -0.181006 0.977915 0.104495
    outer loop
      vertex -4.16913 -2.01096 29.1229
      vertex -4.5646 -2.09789 29.2514
      vertex -4.5 -2.09789 29.3633
    endloop
  endfacet
  facet normal -0.951053 0.309029 0
    outer loop
      vertex -5.9563 -3.58418 29
      vertex -5.82709 -3.18653 13.0606
      vertex -5.9563 -3.58418 12.7717
    endloop
  endfacet
  facet normal -0.951053 0.309029 0
    outer loop
      vertex -5.82709 -3.18653 13.0606
      vertex -5.9563 -3.58418 29
      vertex -5.82709 -3.18653 29
    endloop
  endfacet
  facet normal -0.951053 0.309029 0
    outer loop
      vertex -5.9563 -3.58418 3.22828
      vertex -5.82709 -3.18653 -6.18653
      vertex -5.9563 -3.58418 -6.58418
    endloop
  endfacet
  facet normal -0.951053 0.309029 0
    outer loop
      vertex -5.82709 -3.18653 -6.18653
      vertex -5.9563 -3.58418 3.22828
      vertex -5.82709 -3.18653 2.93937
    endloop
  endfacet
  facet normal -0.207864 0.977914 0.0218377
    outer loop
      vertex -4.20906 -2.01096 29
      vertex -4.60453 -2.09789 29.1285
      vertex -4.20449 -2.01096 29.0435
    endloop
  endfacet
  facet normal -0.303683 -0.912673 0.273504
    outer loop
      vertex -4.41354 -13.9021 29.4593
      vertex -4.80902 -13.732 29.5878
      vertex -4.5 -13.9021 29.3633
    endloop
  endfacet
  facet normal -0.353939 -0.912676 0.204329
    outer loop
      vertex -4.5 -13.9021 29.3633
      vertex -4.80902 -13.732 29.5878
      vertex -4.5646 -13.9021 29.2514
    endloop
  endfacet
  facet normal -0.240129 -0.912684 0.330676
    outer loop
      vertex -4.30902 -13.9021 29.5352
      vertex -4.5 -13.732 29.866
      vertex -4.41354 -13.9021 29.4593
    endloop
  endfacet
  facet normal 0.64442 -0.497837 0.580414
    outer loop
      vertex -0.521852 -12.8135 30.0739
      vertex -0.917324 -13.1756 30.2024
      vertex -0.690984 -13.1756 29.9511
    endloop
  endfacet
  facet normal 0.644489 -0.497984 0.580212
    outer loop
      vertex -0.777438 -12.8135 30.3578
      vertex -0.917324 -13.1756 30.2024
      vertex -0.521852 -12.8135 30.0739
    endloop
  endfacet
  facet normal -0.180273 -0.497919 0.84828
    outer loop
      vertex -4.19098 -12.8135 30.8171
      vertex -4.5646 -12.8135 30.7377
      vertex -4.16913 -13.1756 30.6092
    endloop
  endfacet
  facet normal 0.404443 -0.103857 0.908647
    outer loop
      vertex -1 -12 30.732
      vertex -1.39547 -12.4158 30.8605
      vertex -1.02185 -12.4158 30.6942
    endloop
  endfacet
  facet normal 0 -0.307457 0.951562
    outer loop
      vertex -1.79551 -12.4158 30.9456
      vertex -4.19098 -12.8135 30.8171
      vertex -1.80902 -12.8135 30.8171
    endloop
  endfacet
  facet normal 0 -0.307457 0.951562
    outer loop
      vertex -4.19098 -12.8135 30.8171
      vertex -1.79551 -12.4158 30.9456
      vertex -4.20449 -12.4158 30.9456
    endloop
  endfacet
  facet normal 0.861333 0.103974 0.497287
    outer loop
      vertex -0.17291 -4 29.8135
      vertex -0.417324 -3.58418 30.1499
      vertex -0.381967 -4 30.1756
    endloop
  endfacet
  facet normal 0.743125 -0 0.669152
    outer loop
      vertex -0.661739 -12 30.4863
      vertex -0.381967 -4 30.1756
      vertex -0.661739 -4 30.4863
    endloop
  endfacet
  facet normal 0.743125 0 0.669152
    outer loop
      vertex -0.381967 -4 30.1756
      vertex -0.661739 -12 30.4863
      vertex -0.381967 -12 30.1756
    endloop
  endfacet
  facet normal 0.352515 -0.49807 0.79225
    outer loop
      vertex -1.4354 -12.8135 30.7377
      vertex -1.5 -13.1756 30.5388
      vertex -1.19098 -13.1756 30.4013
    endloop
  endfacet
  facet normal 0.559283 -0.307471 0.769847
    outer loop
      vertex -1.02185 -12.4158 30.6942
      vertex -1.08646 -12.8135 30.5823
      vertex -0.777438 -12.8135 30.3578
    endloop
  endfacet
  facet normal 0.197992 0.307489 0.930725
    outer loop
      vertex -1.39547 -3.58418 30.8605
      vertex -1.80902 -3.18653 30.8171
      vertex -1.79551 -3.58418 30.9456
    endloop
  endfacet
  facet normal 0.197814 0.307314 0.930821
    outer loop
      vertex -1.4354 -3.18653 30.7377
      vertex -1.80902 -3.18653 30.8171
      vertex -1.39547 -3.58418 30.8605
    endloop
  endfacet
  facet normal 0.302849 0.667103 0.680629
    outer loop
      vertex -1.33087 -2.51371 30.159
      vertex -1.5 -2.82443 30.5388
      vertex -1.19098 -2.82443 30.4013
    endloop
  endfacet
  facet normal 0.352515 0.49807 0.79225
    outer loop
      vertex -1.19098 -2.82443 30.4013
      vertex -1.5 -2.82443 30.5388
      vertex -1.4354 -3.18653 30.7377
    endloop
  endfacet
  facet normal 0.122517 0.807466 0.577051
    outer loop
      vertex -1.69098 -2.26795 29.9511
      vertex -1.86011 -2.51371 30.3309
      vertex -1.58646 -2.51371 30.2728
    endloop
  endfacet
  facet normal 0.15474 0.666986 0.728824
    outer loop
      vertex -1.58646 -2.51371 30.2728
      vertex -1.86011 -2.51371 30.3309
      vertex -1.5 -2.82443 30.5388
    endloop
  endfacet
  facet normal -0.240082 0.912719 0.330611
    outer loop
      vertex -4.41354 -2.09789 29.4593
      vertex -4.5 -2.26795 29.866
      vertex -4.30902 -2.09789 29.5352
    endloop
  endfacet
  facet normal -0.240215 0.912698 0.330574
    outer loop
      vertex -4.41354 -2.09789 29.4593
      vertex -4.66913 -2.26795 29.7431
      vertex -4.5 -2.26795 29.866
    endloop
  endfacet
  facet normal -0.239944 0.807471 0.538903
    outer loop
      vertex -4.30902 -2.26795 29.9511
      vertex -4.66913 -2.51371 30.159
      vertex -4.41354 -2.51371 30.2728
    endloop
  endfacet
  facet normal -0.30305 0.667003 0.680637
    outer loop
      vertex -4.41354 -2.51371 30.2728
      vertex -4.66913 -2.51371 30.159
      vertex -4.5 -2.82443 30.5388
    endloop
  endfacet
  facet normal 0.207864 0.977914 0.0218377
    outer loop
      vertex -1.79094 -2.01096 29
      vertex -1.79551 -2.01096 29.0435
      vertex -1.39547 -2.09789 29.1285
    endloop
  endfacet
  facet normal 0 1 0
    outer loop
      vertex -1.79094 -2.01096 29
      vertex -1.97815 -2.01096 29.2079
      vertex -1.9354 -2.01096 29.1988
    endloop
  endfacet
  facet normal 0 1 0
    outer loop
      vertex -1.97815 -2.01096 29.2079
      vertex -1.79094 -2.01096 29
      vertex -4.02185 -2.01096 29.2079
    endloop
  endfacet
  facet normal 0 1 0
    outer loop
      vertex -1.79094 -2.01096 29
      vertex -1.9354 -2.01096 29.1988
      vertex -1.89547 -2.01096 29.181
    endloop
  endfacet
  facet normal 0 1 0
    outer loop
      vertex -4.20906 -2.01096 29
      vertex -4.02185 -2.01096 29.2079
      vertex -1.79094 -2.01096 29
    endloop
  endfacet
  facet normal 0 1 0
    outer loop
      vertex -1.79094 -2.01096 29
      vertex -1.89547 -2.01096 29.181
      vertex -1.86011 -2.01096 29.1554
    endloop
  endfacet
  facet normal 0 1 0
    outer loop
      vertex -4.02185 -2.01096 29.2079
      vertex -4.20906 -2.01096 29
      vertex -4.0646 -2.01096 29.1988
    endloop
  endfacet
  facet normal 0 1 0
    outer loop
      vertex -1.79094 -2.01096 29
      vertex -1.86011 -2.01096 29.1554
      vertex -1.83087 -2.01096 29.1229
    endloop
  endfacet
  facet normal 0 1 0
    outer loop
      vertex -4.0646 -2.01096 29.1988
      vertex -4.20906 -2.01096 29
      vertex -4.10453 -2.01096 29.181
    endloop
  endfacet
  facet normal 0 1 0
    outer loop
      vertex -1.79094 -2.01096 29
      vertex -1.83087 -2.01096 29.1229
      vertex -1.80902 -2.01096 29.085
    endloop
  endfacet
  facet normal 0 1 0
    outer loop
      vertex -4.10453 -2.01096 29.181
      vertex -4.20906 -2.01096 29
      vertex -4.13989 -2.01096 29.1554
    endloop
  endfacet
  facet normal 0 1 0
    outer loop
      vertex -1.79094 -2.01096 29
      vertex -1.80902 -2.01096 29.085
      vertex -1.79551 -2.01096 29.0435
    endloop
  endfacet
  facet normal 0 1 0
    outer loop
      vertex -4.13989 -2.01096 29.1554
      vertex -4.20906 -2.01096 29
      vertex -4.16913 -2.01096 29.1229
    endloop
  endfacet
  facet normal 0 1 0
    outer loop
      vertex -4.16913 -2.01096 29.1229
      vertex -4.20906 -2.01096 29
      vertex -4.19098 -2.01096 29.085
    endloop
  endfacet
  facet normal 0 1 0
    outer loop
      vertex -4.19098 -2.01096 29.085
      vertex -4.20906 -2.01096 29
      vertex -4.20449 -2.01096 29.0435
    endloop
  endfacet
  facet normal 0 1 -0
    outer loop
      vertex -1.79094 -2.01096 13.6365
      vertex -4.20906 -2.01096 29
      vertex -1.79094 -2.01096 29
    endloop
  endfacet
  facet normal 0 1 0
    outer loop
      vertex -4.20906 -2.01096 29
      vertex -1.79094 -2.01096 13.6365
      vertex -4.20906 -2.01096 13.6365
    endloop
  endfacet
  facet normal 0 1 -0
    outer loop
      vertex -1.79094 -2.01096 -5.01096
      vertex -4.20906 -2.01096 2.3635
      vertex -1.79094 -2.01096 2.3635
    endloop
  endfacet
  facet normal 0 1 0
    outer loop
      vertex -4.20906 -2.01096 2.3635
      vertex -1.79094 -2.01096 -5.01096
      vertex -4.20906 -2.01096 -5.01096
    endloop
  endfacet
  facet normal 0.302841 -0.667126 0.68061
    outer loop
      vertex -1.19098 -13.1756 30.4013
      vertex -1.5 -13.1756 30.5388
      vertex -1.33087 -13.4863 30.159
    endloop
  endfacet
  facet normal 0.437978 -0.667128 0.602591
    outer loop
      vertex -1.19098 -13.1756 30.4013
      vertex -1.33087 -13.4863 30.159
      vertex -0.917324 -13.1756 30.2024
    endloop
  endfacet
  facet normal 0.438283 -0.807561 0.394657
    outer loop
      vertex -1.10453 -13.4863 29.9945
      vertex -1.33087 -13.732 29.7431
      vertex -0.917324 -13.4863 29.7866
    endloop
  endfacet
  facet normal 0.553594 -0.667114 0.49849
    outer loop
      vertex -0.917324 -13.1756 30.2024
      vertex -1.10453 -13.4863 29.9945
      vertex -0.917324 -13.4863 29.7866
    endloop
  endfacet
  facet normal -0.180462 -0.498078 0.848146
    outer loop
      vertex -4.16913 -13.1756 30.6092
      vertex -4.5646 -12.8135 30.7377
      vertex -4.5 -13.1756 30.5388
    endloop
  endfacet
  facet normal -0.155021 -0.66719 0.728578
    outer loop
      vertex -4.16913 -13.1756 30.6092
      vertex -4.5 -13.1756 30.5388
      vertex -4.13989 -13.4863 30.3309
    endloop
  endfacet
  facet normal 0.197994 -0.307454 0.930736
    outer loop
      vertex -1.79551 -12.4158 30.9456
      vertex -1.80902 -12.8135 30.8171
      vertex -1.39547 -12.4158 30.8605
    endloop
  endfacet
  facet normal 0.197816 -0.307279 0.930832
    outer loop
      vertex -1.39547 -12.4158 30.8605
      vertex -1.80902 -12.8135 30.8171
      vertex -1.4354 -12.8135 30.7377
    endloop
  endfacet
  facet normal 0.387144 -0.30729 0.869305
    outer loop
      vertex -1.39547 -12.4158 30.8605
      vertex -1.4354 -12.8135 30.7377
      vertex -1.08646 -12.8135 30.5823
    endloop
  endfacet
  facet normal 0.386944 -0.307465 0.869333
    outer loop
      vertex -1.02185 -12.4158 30.6942
      vertex -1.39547 -12.4158 30.8605
      vertex -1.08646 -12.8135 30.5823
    endloop
  endfacet
  facet normal 0.404601 -0.104036 0.908556
    outer loop
      vertex -1.38197 -12 30.9021
      vertex -1.39547 -12.4158 30.8605
      vertex -1 -12 30.732
    endloop
  endfacet
  facet normal 0.206717 -0.104044 0.972853
    outer loop
      vertex -1.38197 -12 30.9021
      vertex -1.79094 -12 30.989
      vertex -1.39547 -12.4158 30.8605
    endloop
  endfacet
  facet normal 0.30305 0.667003 0.680637
    outer loop
      vertex -1.33087 -2.51371 30.159
      vertex -1.58646 -2.51371 30.2728
      vertex -1.5 -2.82443 30.5388
    endloop
  endfacet
  facet normal 0.239944 0.807471 0.538903
    outer loop
      vertex -1.33087 -2.51371 30.159
      vertex -1.69098 -2.26795 29.9511
      vertex -1.58646 -2.51371 30.2728
    endloop
  endfacet
  facet normal -0.587785 0.809017 0
    outer loop
      vertex -5 -2.26795 13.5221
      vertex -5.33826 -2.51371 29
      vertex -5 -2.26795 29
    endloop
  endfacet
  facet normal -0.587785 0.809017 0
    outer loop
      vertex -5.33826 -2.51371 29
      vertex -5 -2.26795 13.5221
      vertex -5.33826 -2.51371 13.4127
    endloop
  endfacet
  facet normal -0.587785 0.809017 0
    outer loop
      vertex -5 -2.26795 -5.26795
      vertex -5.33826 -2.51371 2.58734
      vertex -5 -2.26795 2.47792
    endloop
  endfacet
  facet normal -0.587785 0.809017 0
    outer loop
      vertex -5.33826 -2.51371 2.58734
      vertex -5 -2.26795 -5.26795
      vertex -5.33826 -2.51371 -5.51371
    endloop
  endfacet
  facet normal -1 0 0
    outer loop
      vertex 13.1 -3.98904 -6.05
      vertex 13.1 10.989 -2.75
      vertex 13.1 10.989 -6.05
    endloop
  endfacet
  facet normal -1 -0 0
    outer loop
      vertex 13.1 10.989 -2.75
      vertex 13.1 -3.98904 -6.05
      vertex 13.1 -3.98904 -2.75
    endloop
  endfacet
  facet normal -1 0 0
    outer loop
      vertex 13.1 -38.489 -6.05
      vertex 13.1 -27.511 -2.75
      vertex 13.1 -27.511 -6.05
    endloop
  endfacet
  facet normal -1 -0 0
    outer loop
      vertex 13.1 -27.511 -2.75
      vertex 13.1 -38.489 -6.05
      vertex 13.1 -38.489 -2.75
    endloop
  endfacet
  facet normal 1 0 0
    outer loop
      vertex 2.5 -27.511 -2.75
      vertex 2.5 -38.489 -2.75
      vertex 2.5 -27.511 -5.0728
    endloop
  endfacet
  facet normal 1 0 0
    outer loop
      vertex 2.5 9 0.989043
      vertex 2.5 10.989 -0.792089
      vertex 2.5 10.9021 -0.385352
    endloop
  endfacet
  facet normal 1 0 0
    outer loop
      vertex 2.5 9 0.989043
      vertex 2.5 10.9021 -0.385352
      vertex 2.5 10.732 -0.00547886
    endloop
  endfacet
  facet normal 1 0 0
    outer loop
      vertex 2.5 9 0.989043
      vertex 2.5 10.732 -0.00547886
      vertex 2.5 10.4863 0.33093
    endloop
  endfacet
  facet normal 1 0 0
    outer loop
      vertex 2.5 9 0.989043
      vertex 2.5 10.4863 0.33093
      vertex 2.5 10.1756 0.60917
    endloop
  endfacet
  facet normal 1 0 0
    outer loop
      vertex 2.5 9 0.989043
      vertex 2.5 10.1756 0.60917
      vertex 2.5 9.81347 0.817081
    endloop
  endfacet
  facet normal 1 0 0
    outer loop
      vertex 2.5 9 0.989043
      vertex 2.5 9.81347 0.817081
      vertex 2.5 9.41582 0.945578
    endloop
  endfacet
  facet normal 1 0 0
    outer loop
      vertex 2.5 10.989 -0.792089
      vertex 2.5 9 0.989043
      vertex 2.5 10.989 -6.05
    endloop
  endfacet
  facet normal 1 0 0
    outer loop
      vertex 2.5 -3.98904 -5.0728
      vertex 2.5 9 0.989043
      vertex 2.5 -2 0.989043
    endloop
  endfacet
  facet normal 1 0 0
    outer loop
      vertex 2.5 -3.98904 -0.792089
      vertex 2.5 -2 0.989043
      vertex 2.5 -2.41582 0.945578
    endloop
  endfacet
  facet normal 1 0 0
    outer loop
      vertex 2.5 -3.98904 -0.792089
      vertex 2.5 -2.41582 0.945578
      vertex 2.5 -2.81347 0.817081
    endloop
  endfacet
  facet normal 1 0 0
    outer loop
      vertex 2.5 -3.98904 -0.792089
      vertex 2.5 -2.81347 0.817081
      vertex 2.5 -3.17557 0.60917
    endloop
  endfacet
  facet normal 1 0 0
    outer loop
      vertex 2.5 -3.98904 -0.792089
      vertex 2.5 -3.17557 0.60917
      vertex 2.5 -3.48629 0.33093
    endloop
  endfacet
  facet normal 1 0 0
    outer loop
      vertex 2.5 -3.98904 -0.792089
      vertex 2.5 -3.48629 0.33093
      vertex 2.5 -3.73205 -0.00547886
    endloop
  endfacet
  facet normal 1 0 0
    outer loop
      vertex 2.5 -3.98904 -0.792089
      vertex 2.5 -3.73205 -0.00547886
      vertex 2.5 -3.90211 -0.385352
    endloop
  endfacet
  facet normal 1 0 0
    outer loop
      vertex 2.5 -2 0.989043
      vertex 2.5 -3.98904 -0.792089
      vertex 2.5 -3.98904 -5.0728
    endloop
  endfacet
  facet normal 1 0 0
    outer loop
      vertex 2.5 9 0.989043
      vertex 2.5 -3.98904 -5.0728
      vertex 2.5 10.989 -6.05
    endloop
  endfacet
  facet normal 1 0 0
    outer loop
      vertex 2.5 -38.489 -6.05
      vertex 2.5 -3.98904 -5.0728
      vertex 2.5 -27.511 -5.0728
    endloop
  endfacet
  facet normal 1 0 0
    outer loop
      vertex 2.5 -3.98904 -5.0728
      vertex 2.5 -38.489 -6.05
      vertex 2.5 10.989 -6.05
    endloop
  endfacet
  facet normal 1 0 0
    outer loop
      vertex 2.5 -38.489 -6.05
      vertex 2.5 -27.511 -5.0728
      vertex 2.5 -38.489 -2.75
    endloop
  endfacet
  facet normal 0 0 -1
    outer loop
      vertex 2.5 -38.489 -2.75
      vertex 2.50001 -27.511 -2.75
      vertex 2.50001 -38.489 -2.75
    endloop
  endfacet
  facet normal -0 0 -1
    outer loop
      vertex 2.50001 -27.511 -2.75
      vertex 2.5 -38.489 -2.75
      vertex 2.5 -27.511 -2.75
    endloop
  endfacet
  facet normal 0 0 1
    outer loop
      vertex 13.1 10.989 -6.05
      vertex 3.74827 -3.98904 -6.05
      vertex 13.1 -3.98904 -6.05
    endloop
  endfacet
  facet normal 0 0 1
    outer loop
      vertex 2.5 -38.489 -6.05
      vertex 3.74827 -3.98904 -6.05
      vertex 2.5 10.989 -6.05
    endloop
  endfacet
  facet normal -0 0 1
    outer loop
      vertex 2.5 10.989 -6.05
      vertex 3.74827 -3.98904 -6.05
      vertex 13.1 10.989 -6.05
    endloop
  endfacet
  facet normal -0 0 1
    outer loop
      vertex 3.74827 -27.511 -6.05
      vertex 13.1 -38.489 -6.05
      vertex 13.1 -27.511 -6.05
    endloop
  endfacet
  facet normal 0 0 1
    outer loop
      vertex 3.74827 -27.511 -6.05
      vertex 2.5 -38.489 -6.05
      vertex 13.1 -38.489 -6.05
    endloop
  endfacet
  facet normal 0 0 1
    outer loop
      vertex 3.74827 -3.98904 -6.05
      vertex 2.5 -38.489 -6.05
      vertex 3.74827 -27.511 -6.05
    endloop
  endfacet
  facet normal -1 0 0
    outer loop
      vertex 11.1 10.9801 -0.750012
      vertex 11.1 10.732 -0.00547886
      vertex 11.1 10.9021 -0.385352
    endloop
  endfacet
  facet normal -1 0 0
    outer loop
      vertex 11.1 10.9801 -0.750012
      vertex 11.1 10.4863 0.33093
      vertex 11.1 10.732 -0.00547886
    endloop
  endfacet
  facet normal -1 0 0
    outer loop
      vertex 11.1 10.9801 -0.750012
      vertex 11.1 10.1756 0.60917
      vertex 11.1 10.4863 0.33093
    endloop
  endfacet
  facet normal -1 0 0
    outer loop
      vertex 11.1 10.9801 -0.750012
      vertex 11.1 9.81347 0.817081
      vertex 11.1 10.1756 0.60917
    endloop
  endfacet
  facet normal -1 0 0
    outer loop
      vertex 11.1 10.9801 -0.750012
      vertex 11.1 9.41582 0.945578
      vertex 11.1 9.81347 0.817081
    endloop
  endfacet
  facet normal -1 0 0
    outer loop
      vertex 11.1 10.9801 -0.750012
      vertex 11.1 9 0.989043
      vertex 11.1 9.41582 0.945578
    endloop
  endfacet
  facet normal -1 0 0
    outer loop
      vertex 11.1 10.9801 -0.750012
      vertex 11.1 -2 0.989043
      vertex 11.1 9 0.989043
    endloop
  endfacet
  facet normal -1 0 0
    outer loop
      vertex 11.1 -3.98005 -0.750012
      vertex 11.1 -2 0.989043
      vertex 11.1 10.9801 -0.750012
    endloop
  endfacet
  facet normal -1 0 0
    outer loop
      vertex 11.1 -2 0.989043
      vertex 11.1 -3.98005 -0.750012
      vertex 11.1 -2.41582 0.945578
    endloop
  endfacet
  facet normal -1 0 0
    outer loop
      vertex 11.1 -2.41582 0.945578
      vertex 11.1 -3.98005 -0.750012
      vertex 11.1 -2.81347 0.817081
    endloop
  endfacet
  facet normal -1 0 0
    outer loop
      vertex 11.1 -2.81347 0.817081
      vertex 11.1 -3.98005 -0.750012
      vertex 11.1 -3.17557 0.60917
    endloop
  endfacet
  facet normal -1 0 0
    outer loop
      vertex 11.1 -3.17557 0.60917
      vertex 11.1 -3.98005 -0.750012
      vertex 11.1 -3.48629 0.33093
    endloop
  endfacet
  facet normal -1 0 0
    outer loop
      vertex 11.1 -3.48629 0.33093
      vertex 11.1 -3.98005 -0.750012
      vertex 11.1 -3.73205 -0.00547886
    endloop
  endfacet
  facet normal -1 0 0
    outer loop
      vertex 11.1 -3.73205 -0.00547886
      vertex 11.1 -3.98005 -0.750012
      vertex 11.1 -3.90211 -0.385352
    endloop
  endfacet
  facet normal -0.707105 0 -0.707109
    outer loop
      vertex 13.1 -38.489 -2.75
      vertex 10.8 -27.511 -0.450012
      vertex 13.1 -27.511 -2.75
    endloop
  endfacet
  facet normal -0.707105 -0 -0.707109
    outer loop
      vertex 10.8 -27.511 -0.450012
      vertex 13.1 -38.489 -2.75
      vertex 10.8 -38.489 -0.450012
    endloop
  endfacet
  facet normal -0.707108 0.00184614 -0.707104
    outer loop
      vertex 13.1 10.989 -2.75
      vertex 11.1 10.9801 -0.750012
      vertex 11.1421 10.989 -0.792089
    endloop
  endfacet
  facet normal -0.707105 0 -0.707109
    outer loop
      vertex 13.1 10.989 -2.75
      vertex 11.1 -3.98005 -0.750012
      vertex 11.1 10.9801 -0.750012
    endloop
  endfacet
  facet normal -0.707105 0 -0.707109
    outer loop
      vertex 13.1 -3.98904 -2.75
      vertex 11.1 -3.98005 -0.750012
      vertex 13.1 10.989 -2.75
    endloop
  endfacet
  facet normal -0.707108 -0.00182766 -0.707104
    outer loop
      vertex 11.1 -3.98005 -0.750012
      vertex 13.1 -3.98904 -2.75
      vertex 11.1421 -3.98904 -0.792089
    endloop
  endfacet
  facet normal 0.707106 0 -0.707107
    outer loop
      vertex 4.8 -38.489 -0.450012
      vertex 2.50001 -27.511 -2.75
      vertex 4.8 -27.511 -0.450012
    endloop
  endfacet
  facet normal 0.707106 0 -0.707107
    outer loop
      vertex 2.50001 -27.511 -2.75
      vertex 4.8 -38.489 -0.450012
      vertex 2.50001 -38.489 -2.75
    endloop
  endfacet
  facet normal 0 0 -1
    outer loop
      vertex 4.8 -38.489 -0.450012
      vertex 10.8 -27.511 -0.450012
      vertex 10.8 -38.489 -0.450012
    endloop
  endfacet
  facet normal -0 0 -1
    outer loop
      vertex 10.8 -27.511 -0.450012
      vertex 4.8 -38.489 -0.450012
      vertex 4.8 -27.511 -0.450012
    endloop
  endfacet
  facet normal 0 0.994522 -0.104525
    outer loop
      vertex 0 -6 8
      vertex -6 -5.86889 9.24747
      vertex 0 -5.86889 9.24747
    endloop
  endfacet
  facet normal 0 0.994522 -0.104525
    outer loop
      vertex -6 -5.86889 9.24747
      vertex 0 -6 8
      vertex -6 -6 8
    endloop
  endfacet
  facet normal -0.00764585 0.586393 -0.80999
    outer loop
      vertex -0.280601 -3 13.1962
      vertex 0 -4 12.4696
      vertex 0 -4.01478 12.4589
    endloop
  endfacet
  facet normal -0.00038595 0.587745 -0.809046
    outer loop
      vertex 0 -4 12.4696
      vertex -0.280601 -3 13.1962
      vertex -0.043705 -3.58418 12.7717
    endloop
  endfacet
  facet normal -0.0014187 0.58747 -0.809245
    outer loop
      vertex -0.043705 -3.58418 12.7717
      vertex -0.280601 -3 13.1962
      vertex -0.17291 -3.18653 13.0606
    endloop
  endfacet
  facet normal 0 0.587795 -0.80901
    outer loop
      vertex 0 -4.01478 12.4589
      vertex -5.7194 -3 13.1962
      vertex -0.280601 -3 13.1962
    endloop
  endfacet
  facet normal 0 0.587795 -0.80901
    outer loop
      vertex -6 -4.01478 12.4589
      vertex -5.7194 -3 13.1962
      vertex 0 -4.01478 12.4589
    endloop
  endfacet
  facet normal 0.00764588 0.586393 -0.80999
    outer loop
      vertex -6 -4 12.4696
      vertex -5.7194 -3 13.1962
      vertex -6 -4.01478 12.4589
    endloop
  endfacet
  facet normal 0.0014188 0.58747 -0.809245
    outer loop
      vertex -5.7194 -3 13.1962
      vertex -5.9563 -3.58418 12.7717
      vertex -5.82709 -3.18653 13.0606
    endloop
  endfacet
  facet normal 0.000385926 0.587745 -0.809046
    outer loop
      vertex -5.7194 -3 13.1962
      vertex -6 -4 12.4696
      vertex -5.9563 -3.58418 12.7717
    endloop
  endfacet
  facet normal 1.52104e-06 0.587784 0.809018
    outer loop
      vertex -0.280601 -3 2.80385
      vertex 0 -4 3.53039
      vertex -0.043705 -3.58418 3.22828
    endloop
  endfacet
  facet normal 3.69144e-05 0.587794 0.809011
    outer loop
      vertex -0.280601 -3 2.80385
      vertex -0.043705 -3.58418 3.22828
      vertex -0.17291 -3.18653 2.93937
    endloop
  endfacet
  facet normal 0.000339172 0.587846 0.808973
    outer loop
      vertex 0 -4 3.53039
      vertex -0.280601 -3 2.80385
      vertex 0 -4.01478 3.54113
    endloop
  endfacet
  facet normal -0 0.587785 0.809017
    outer loop
      vertex -5.7194 -3 2.80385
      vertex 0 -4.01478 3.54113
      vertex -0.280601 -3 2.80385
    endloop
  endfacet
  facet normal -3.6917e-05 0.587794 0.809011
    outer loop
      vertex -5.9563 -3.58418 3.22828
      vertex -5.7194 -3 2.80385
      vertex -5.82709 -3.18653 2.93937
    endloop
  endfacet
  facet normal -1.52095e-06 0.587784 0.809018
    outer loop
      vertex -6 -4 3.53039
      vertex -5.7194 -3 2.80385
      vertex -5.9563 -3.58418 3.22828
    endloop
  endfacet
  facet normal -0.000339173 0.587846 0.808973
    outer loop
      vertex -5.7194 -3 2.80385
      vertex -6 -4 3.53039
      vertex -6 -4.01478 3.54113
    endloop
  endfacet
  facet normal 0 0.587785 0.809017
    outer loop
      vertex -5.7194 -3 2.80385
      vertex -6 -4.01478 3.54113
      vertex 0 -4.01478 3.54113
    endloop
  endfacet
  facet normal 0 0.743159 -0.669114
    outer loop
      vertex 0 -4.8541 11.5267
      vertex -6 -4.01478 12.4589
      vertex 0 -4.01478 12.4589
    endloop
  endfacet
  facet normal 0 0.743159 -0.669114
    outer loop
      vertex -6 -4.01478 12.4589
      vertex 0 -4.8541 11.5267
      vertex -6 -4.8541 11.5267
    endloop
  endfacet
  facet normal 0 0.994522 0.104525
    outer loop
      vertex 0 -5.86889 6.75253
      vertex -6 -6 8
      vertex 0 -6 8
    endloop
  endfacet
  facet normal 0 0.994522 0.104525
    outer loop
      vertex -6 -6 8
      vertex 0 -5.86889 6.75253
      vertex -6 -5.86889 6.75253
    endloop
  endfacet
  facet normal 0 0.951055 0.309022
    outer loop
      vertex 0 -5.48127 5.55958
      vertex -6 -5.86889 6.75253
      vertex 0 -5.86889 6.75253
    endloop
  endfacet
  facet normal 0 0.951055 0.309022
    outer loop
      vertex -6 -5.86889 6.75253
      vertex 0 -5.48127 5.55958
      vertex -6 -5.48127 5.55958
    endloop
  endfacet
  facet normal -0.00164185 0.405646 -0.914029
    outer loop
      vertex -0.280601 -3 13.1962
      vertex -0.661739 -2.51371 13.4127
      vertex -0.381967 -2.82443 13.2743
    endloop
  endfacet
  facet normal 8.918e-05 0.406779 -0.913527
    outer loop
      vertex -0.280601 -3 13.1962
      vertex -1 -2.26795 13.5221
      vertex -0.661739 -2.51371 13.4127
    endloop
  endfacet
  facet normal 3.69937e-05 0.406736 -0.913546
    outer loop
      vertex -0.280601 -3 13.1962
      vertex -1.38197 -2.09789 13.5978
      vertex -1 -2.26795 13.5221
    endloop
  endfacet
  facet normal -1.90274e-06 0.406696 -0.913563
    outer loop
      vertex -0.280601 -3 13.1962
      vertex -1.79094 -2.01096 13.6365
      vertex -1.38197 -2.09789 13.5978
    endloop
  endfacet
  facet normal 0 0.406699 -0.913562
    outer loop
      vertex -0.280601 -3 13.1962
      vertex -4.20906 -2.01096 13.6365
      vertex -1.79094 -2.01096 13.6365
    endloop
  endfacet
  facet normal 0 0.406699 -0.913562
    outer loop
      vertex -5.7194 -3 13.1962
      vertex -4.20906 -2.01096 13.6365
      vertex -0.280601 -3 13.1962
    endloop
  endfacet
  facet normal 1.90274e-06 0.406696 -0.913563
    outer loop
      vertex -4.20906 -2.01096 13.6365
      vertex -5.7194 -3 13.1962
      vertex -4.61803 -2.09789 13.5978
    endloop
  endfacet
  facet normal -3.69937e-05 0.406736 -0.913546
    outer loop
      vertex -4.61803 -2.09789 13.5978
      vertex -5.7194 -3 13.1962
      vertex -5 -2.26795 13.5221
    endloop
  endfacet
  facet normal -8.91812e-05 0.406779 -0.913527
    outer loop
      vertex -5 -2.26795 13.5221
      vertex -5.7194 -3 13.1962
      vertex -5.33826 -2.51371 13.4127
    endloop
  endfacet
  facet normal 0.001642 0.405646 -0.914029
    outer loop
      vertex -5.33826 -2.51371 13.4127
      vertex -5.7194 -3 13.1962
      vertex -5.61803 -2.82443 13.2743
    endloop
  endfacet
  facet normal 3.2585e-05 0.406758 0.913536
    outer loop
      vertex -0.661739 -2.51371 2.58734
      vertex -0.280601 -3 2.80385
      vertex -0.381967 -2.82443 2.72568
    endloop
  endfacet
  facet normal -4.56874e-06 0.406733 0.913547
    outer loop
      vertex -1 -2.26795 2.47792
      vertex -0.280601 -3 2.80385
      vertex -0.661739 -2.51371 2.58734
    endloop
  endfacet
  facet normal -1.84139e-05 0.406722 0.913552
    outer loop
      vertex -1.38197 -2.09789 2.4022
      vertex -0.280601 -3 2.80385
      vertex -1 -2.26795 2.47792
    endloop
  endfacet
  facet normal 1.26316e-05 0.406754 0.913538
    outer loop
      vertex -1.79094 -2.01096 2.3635
      vertex -0.280601 -3 2.80385
      vertex -1.38197 -2.09789 2.4022
    endloop
  endfacet
  facet normal -0 0.406737 0.913545
    outer loop
      vertex -4.20906 -2.01096 2.3635
      vertex -0.280601 -3 2.80385
      vertex -1.79094 -2.01096 2.3635
    endloop
  endfacet
  facet normal -1.26317e-05 0.406754 0.913538
    outer loop
      vertex -5.7194 -3 2.80385
      vertex -4.20906 -2.01096 2.3635
      vertex -4.61803 -2.09789 2.4022
    endloop
  endfacet
  facet normal 1.84139e-05 0.406722 0.913552
    outer loop
      vertex -5.7194 -3 2.80385
      vertex -4.61803 -2.09789 2.4022
      vertex -5 -2.26795 2.47792
    endloop
  endfacet
  facet normal 4.5688e-06 0.406733 0.913547
    outer loop
      vertex -5.7194 -3 2.80385
      vertex -5 -2.26795 2.47792
      vertex -5.33826 -2.51371 2.58734
    endloop
  endfacet
  facet normal -3.25879e-05 0.406758 0.913536
    outer loop
      vertex -5.7194 -3 2.80385
      vertex -5.33826 -2.51371 2.58734
      vertex -5.61803 -2.82443 2.72568
    endloop
  endfacet
  facet normal 0 0.406737 0.913545
    outer loop
      vertex -4.20906 -2.01096 2.3635
      vertex -5.7194 -3 2.80385
      vertex -0.280601 -3 2.80385
    endloop
  endfacet
  facet normal 0 0.866027 -0.499997
    outer loop
      vertex 0 -5.48127 10.4404
      vertex -6 -4.8541 11.5267
      vertex 0 -4.8541 11.5267
    endloop
  endfacet
  facet normal 0 0.866027 -0.499997
    outer loop
      vertex -6 -4.8541 11.5267
      vertex 0 -5.48127 10.4404
      vertex -6 -5.48127 10.4404
    endloop
  endfacet
  facet normal 0 0.743145 0.66913
    outer loop
      vertex 0 -4.01478 3.54113
      vertex -6 -4.8541 4.47329
      vertex 0 -4.8541 4.47329
    endloop
  endfacet
  facet normal 0 0.743145 0.66913
    outer loop
      vertex -6 -4.8541 4.47329
      vertex 0 -4.01478 3.54113
      vertex -6 -4.01478 3.54113
    endloop
  endfacet
  facet normal 0 0.866025 0.5
    outer loop
      vertex 0 -4.8541 4.47329
      vertex -6 -5.48127 5.55958
      vertex 0 -5.48127 5.55958
    endloop
  endfacet
  facet normal 0 0.866025 0.5
    outer loop
      vertex -6 -5.48127 5.55958
      vertex 0 -4.8541 4.47329
      vertex -6 -4.8541 4.47329
    endloop
  endfacet
  facet normal 0 0.951053 -0.309027
    outer loop
      vertex 0 -5.86889 9.24747
      vertex -6 -5.48127 10.4404
      vertex 0 -5.48127 10.4404
    endloop
  endfacet
  facet normal 0 0.951053 -0.309027
    outer loop
      vertex -6 -5.48127 10.4404
      vertex 0 -5.86889 9.24747
      vertex -6 -5.86889 9.24747
    endloop
  endfacet
  facet normal 0 -0.406727 -0.91355
    outer loop
      vertex -6 -7.65922 27.3643
      vertex -2 -7.325 27.2155
      vertex -2 -7.65922 27.3643
    endloop
  endfacet
  facet normal -0 -0.406727 -0.91355
    outer loop
      vertex -2 -7.325 27.2155
      vertex -6 -7.65922 27.3643
      vertex -6 -7.325 27.2155
    endloop
  endfacet
  facet normal 0 -0.865995 -0.500052
    outer loop
      vertex -6 -6.60129 26.4118
      vertex -2 -6.78422 26.7286
      vertex -6 -6.78422 26.7286
    endloop
  endfacet
  facet normal 0 -0.865995 -0.500052
    outer loop
      vertex -2 -6.78422 26.7286
      vertex -6 -6.60129 26.4118
      vertex -2 -6.60129 26.4118
    endloop
  endfacet
  facet normal 0 -0.951074 0.308962
    outer loop
      vertex -6 -6.60129 24.9882
      vertex -2 -6.48824 25.3362
      vertex -6 -6.48824 25.3362
    endloop
  endfacet
  facet normal 0 -0.951074 0.308962
    outer loop
      vertex -2 -6.48824 25.3362
      vertex -6 -6.60129 24.9882
      vertex -2 -6.60129 24.9882
    endloop
  endfacet
  facet normal 0 0.866007 0.500032
    outer loop
      vertex -2 -9.61578 24.6714
      vertex -6 -9.7987 24.9882
      vertex -2 -9.7987 24.9882
    endloop
  endfacet
  facet normal 0 0.866007 0.500032
    outer loop
      vertex -6 -9.7987 24.9882
      vertex -2 -9.61578 24.6714
      vertex -6 -9.61578 24.6714
    endloop
  endfacet
  facet normal -0 0 1
    outer loop
      vertex -6 -8.01707 23.9596
      vertex -2 -8.38292 23.9596
      vertex -2 -8.01707 23.9596
    endloop
  endfacet
  facet normal 0 0 1
    outer loop
      vertex -2 -8.38292 23.9596
      vertex -6 -8.01707 23.9596
      vertex -6 -8.38292 23.9596
    endloop
  endfacet
  facet normal 0 0.58771 -0.809072
    outer loop
      vertex -6 -9.37098 27.0005
      vertex -2 -9.075 27.2155
      vertex -2 -9.37098 27.0005
    endloop
  endfacet
  facet normal 0 0.58771 -0.809072
    outer loop
      vertex -2 -9.075 27.2155
      vertex -6 -9.37098 27.0005
      vertex -6 -9.075 27.2155
    endloop
  endfacet
  facet normal 0 -0.994521 -0.104537
    outer loop
      vertex -6 -6.45 25.7
      vertex -2 -6.48824 26.0638
      vertex -6 -6.48824 26.0638
    endloop
  endfacet
  facet normal 0 -0.994521 -0.104537
    outer loop
      vertex -2 -6.48824 26.0638
      vertex -6 -6.45 25.7
      vertex -2 -6.45 25.7
    endloop
  endfacet
  facet normal 0 -0.743172 -0.669101
    outer loop
      vertex -6 -6.78422 26.7286
      vertex -2 -7.02902 27.0005
      vertex -6 -7.02902 27.0005
    endloop
  endfacet
  facet normal 0 -0.743172 -0.669101
    outer loop
      vertex -2 -7.02902 27.0005
      vertex -6 -6.78422 26.7286
      vertex -2 -6.78422 26.7286
    endloop
  endfacet
  facet normal -0 0.406727 0.91355
    outer loop
      vertex -6 -8.74078 24.0357
      vertex -2 -9.075 24.1845
      vertex -2 -8.74078 24.0357
    endloop
  endfacet
  facet normal 0 0.406727 0.91355
    outer loop
      vertex -2 -9.075 24.1845
      vertex -6 -8.74078 24.0357
      vertex -6 -9.075 24.1845
    endloop
  endfacet
  facet normal 0 -0.865995 0.500052
    outer loop
      vertex -6 -6.78422 24.6714
      vertex -2 -6.60129 24.9882
      vertex -6 -6.60129 24.9882
    endloop
  endfacet
  facet normal 0 -0.865995 0.500052
    outer loop
      vertex -2 -6.60129 24.9882
      vertex -6 -6.78422 24.6714
      vertex -2 -6.78422 24.6714
    endloop
  endfacet
  facet normal 0 0 -1
    outer loop
      vertex -6 -8.38292 27.4404
      vertex -2 -8.01707 27.4404
      vertex -2 -8.38292 27.4404
    endloop
  endfacet
  facet normal -0 0 -1
    outer loop
      vertex -2 -8.01707 27.4404
      vertex -6 -8.38292 27.4404
      vertex -6 -8.01707 27.4404
    endloop
  endfacet
  facet normal 0 -0.994521 0.104537
    outer loop
      vertex -6 -6.48824 25.3362
      vertex -2 -6.45 25.7
      vertex -6 -6.45 25.7
    endloop
  endfacet
  facet normal 0 -0.994521 0.104537
    outer loop
      vertex -2 -6.45 25.7
      vertex -6 -6.48824 25.3362
      vertex -2 -6.48824 25.3362
    endloop
  endfacet
  facet normal -0 0.58771 0.809072
    outer loop
      vertex -6 -9.075 24.1845
      vertex -2 -9.37098 24.3995
      vertex -2 -9.075 24.1845
    endloop
  endfacet
  facet normal 0 0.58771 0.809072
    outer loop
      vertex -2 -9.37098 24.3995
      vertex -6 -9.075 24.1845
      vertex -6 -9.37098 24.3995
    endloop
  endfacet
  facet normal 0 -0.58771 0.809072
    outer loop
      vertex -6 -7.02902 24.3995
      vertex -2 -7.325 24.1845
      vertex -2 -7.02902 24.3995
    endloop
  endfacet
  facet normal 0 -0.58771 0.809072
    outer loop
      vertex -2 -7.325 24.1845
      vertex -6 -7.02902 24.3995
      vertex -6 -7.325 24.1845
    endloop
  endfacet
  facet normal 0 0.951066 -0.308987
    outer loop
      vertex -2 -9.91176 26.0638
      vertex -6 -9.7987 26.4118
      vertex -2 -9.7987 26.4118
    endloop
  endfacet
  facet normal 0 0.951066 -0.308987
    outer loop
      vertex -6 -9.7987 26.4118
      vertex -2 -9.91176 26.0638
      vertex -6 -9.91176 26.0638
    endloop
  endfacet
  facet normal 0 -0.743172 0.669101
    outer loop
      vertex -6 -7.02902 24.3995
      vertex -2 -6.78422 24.6714
      vertex -6 -6.78422 24.6714
    endloop
  endfacet
  facet normal 0 -0.743172 0.669101
    outer loop
      vertex -2 -6.78422 24.6714
      vertex -6 -7.02902 24.3995
      vertex -2 -7.02902 24.3995
    endloop
  endfacet
  facet normal 0 -0.951074 -0.308962
    outer loop
      vertex -6 -6.48824 26.0638
      vertex -2 -6.60129 26.4118
      vertex -6 -6.60129 26.4118
    endloop
  endfacet
  facet normal 0 -0.951074 -0.308962
    outer loop
      vertex -2 -6.60129 26.4118
      vertex -6 -6.48824 26.0638
      vertex -2 -6.48824 26.0638
    endloop
  endfacet
  facet normal 0 -0.208007 -0.978127
    outer loop
      vertex -6 -8.01707 27.4404
      vertex -2 -7.65922 27.3643
      vertex -2 -8.01707 27.4404
    endloop
  endfacet
  facet normal -0 -0.208007 -0.978127
    outer loop
      vertex -2 -7.65922 27.3643
      vertex -6 -8.01707 27.4404
      vertex -6 -7.65922 27.3643
    endloop
  endfacet
  facet normal 0 -0.208007 0.978127
    outer loop
      vertex -6 -7.65922 24.0357
      vertex -2 -8.01707 23.9596
      vertex -2 -7.65922 24.0357
    endloop
  endfacet
  facet normal 0 -0.208007 0.978127
    outer loop
      vertex -2 -8.01707 23.9596
      vertex -6 -7.65922 24.0357
      vertex -6 -8.01707 23.9596
    endloop
  endfacet
  facet normal 0 0.208002 -0.978128
    outer loop
      vertex -6 -8.74078 27.3643
      vertex -2 -8.38292 27.4404
      vertex -2 -8.74078 27.3643
    endloop
  endfacet
  facet normal 0 0.208002 -0.978128
    outer loop
      vertex -2 -8.38292 27.4404
      vertex -6 -8.74078 27.3643
      vertex -6 -8.38292 27.4404
    endloop
  endfacet
  facet normal 0 -0.406727 0.91355
    outer loop
      vertex -6 -7.325 24.1845
      vertex -2 -7.65922 24.0357
      vertex -2 -7.325 24.1845
    endloop
  endfacet
  facet normal 0 -0.406727 0.91355
    outer loop
      vertex -2 -7.65922 24.0357
      vertex -6 -7.325 24.1845
      vertex -6 -7.65922 24.0357
    endloop
  endfacet
  facet normal -0 0.208002 0.978128
    outer loop
      vertex -6 -8.38292 23.9596
      vertex -2 -8.74078 24.0357
      vertex -2 -8.38292 23.9596
    endloop
  endfacet
  facet normal 0 0.208002 0.978128
    outer loop
      vertex -2 -8.74078 24.0357
      vertex -6 -8.38292 23.9596
      vertex -6 -8.74078 24.0357
    endloop
  endfacet
  facet normal 0 0.743172 -0.669101
    outer loop
      vertex -2 -9.61578 26.7286
      vertex -6 -9.37098 27.0005
      vertex -2 -9.37098 27.0005
    endloop
  endfacet
  facet normal 0 0.743172 -0.669101
    outer loop
      vertex -6 -9.37098 27.0005
      vertex -2 -9.61578 26.7286
      vertex -6 -9.61578 26.7286
    endloop
  endfacet
  facet normal 0 0.994521 -0.104537
    outer loop
      vertex -2 -9.95 25.7
      vertex -6 -9.91176 26.0638
      vertex -2 -9.91176 26.0638
    endloop
  endfacet
  facet normal 0 0.994521 -0.104537
    outer loop
      vertex -6 -9.91176 26.0638
      vertex -2 -9.95 25.7
      vertex -6 -9.95 25.7
    endloop
  endfacet
  facet normal 0 -0.58771 -0.809072
    outer loop
      vertex -6 -7.325 27.2155
      vertex -2 -7.02902 27.0005
      vertex -2 -7.325 27.2155
    endloop
  endfacet
  facet normal -0 -0.58771 -0.809072
    outer loop
      vertex -2 -7.02902 27.0005
      vertex -6 -7.325 27.2155
      vertex -6 -7.02902 27.0005
    endloop
  endfacet
  facet normal 0 0.406727 -0.91355
    outer loop
      vertex -6 -9.075 27.2155
      vertex -2 -8.74078 27.3643
      vertex -2 -9.075 27.2155
    endloop
  endfacet
  facet normal 0 0.406727 -0.91355
    outer loop
      vertex -2 -8.74078 27.3643
      vertex -6 -9.075 27.2155
      vertex -6 -8.74078 27.3643
    endloop
  endfacet
  facet normal 0 0.951066 0.308987
    outer loop
      vertex -2 -9.7987 24.9882
      vertex -6 -9.91176 25.3362
      vertex -2 -9.91176 25.3362
    endloop
  endfacet
  facet normal 0 0.951066 0.308987
    outer loop
      vertex -6 -9.91176 25.3362
      vertex -2 -9.7987 24.9882
      vertex -6 -9.7987 24.9882
    endloop
  endfacet
  facet normal 0 0.743172 0.669101
    outer loop
      vertex -2 -9.37098 24.3995
      vertex -6 -9.61578 24.6714
      vertex -2 -9.61578 24.6714
    endloop
  endfacet
  facet normal 0 0.743172 0.669101
    outer loop
      vertex -6 -9.61578 24.6714
      vertex -2 -9.37098 24.3995
      vertex -6 -9.37098 24.3995
    endloop
  endfacet
  facet normal 0 0.994521 0.104537
    outer loop
      vertex -2 -9.91176 25.3362
      vertex -6 -9.95 25.7
      vertex -2 -9.95 25.7
    endloop
  endfacet
  facet normal 0 0.994521 0.104537
    outer loop
      vertex -6 -9.95 25.7
      vertex -2 -9.91176 25.3362
      vertex -6 -9.91176 25.3362
    endloop
  endfacet
  facet normal 0 0.866007 -0.500032
    outer loop
      vertex -2 -9.7987 26.4118
      vertex -6 -9.61578 26.7286
      vertex -2 -9.61578 26.7286
    endloop
  endfacet
  facet normal 0 0.866007 -0.500032
    outer loop
      vertex -6 -9.61578 26.7286
      vertex -2 -9.7987 26.4118
      vertex -6 -9.7987 26.4118
    endloop
  endfacet
  facet normal 0 0.994516 -0.104582
    outer loop
      vertex 0 -11.1 25.7
      vertex -2 -11.0366 26.3029
      vertex 0 -11.0366 26.3029
    endloop
  endfacet
  facet normal 0 0.994516 -0.104582
    outer loop
      vertex -2 -11.0366 26.3029
      vertex 0 -11.1 25.7
      vertex -2 -11.1 25.7
    endloop
  endfacet
  facet normal 0 0.994516 0.104582
    outer loop
      vertex 0 -11.0366 25.0971
      vertex -2 -11.1 25.7
      vertex 0 -11.1 25.7
    endloop
  endfacet
  facet normal 0 0.994516 0.104582
    outer loop
      vertex -2 -11.1 25.7
      vertex 0 -11.0366 25.0971
      vertex -2 -11.0366 25.0971
    endloop
  endfacet
  facet normal 0 -0.994521 -0.104533
    outer loop
      vertex -2 -5.3 25.7
      vertex 0 -5.36337 26.3029
      vertex -2 -5.36337 26.3029
    endloop
  endfacet
  facet normal 0 -0.994521 -0.104533
    outer loop
      vertex 0 -5.36337 26.3029
      vertex -2 -5.3 25.7
      vertex 0 -5.3 25.7
    endloop
  endfacet
  facet normal 0 -0.587834 0.808981
    outer loop
      vertex -2 -6.25952 23.5449
      vertex 0 -6.75 23.1885
      vertex 0 -6.25952 23.5449
    endloop
  endfacet
  facet normal 0 -0.587834 0.808981
    outer loop
      vertex 0 -6.75 23.1885
      vertex -2 -6.25952 23.5449
      vertex -2 -6.75 23.1885
    endloop
  endfacet
  facet normal 0 0.207832 -0.978164
    outer loop
      vertex -2 -9.09615 28.4581
      vertex 0 -8.50313 28.5841
      vertex 0 -9.09615 28.4581
    endloop
  endfacet
  facet normal 0 0.207832 -0.978164
    outer loop
      vertex 0 -8.50313 28.5841
      vertex -2 -9.09615 28.4581
      vertex -2 -8.50313 28.5841
    endloop
  endfacet
  facet normal 0 -0.866052 0.499955
    outer loop
      vertex -2 -5.85385 23.9954
      vertex 0 -5.55072 24.5205
      vertex -2 -5.55072 24.5205
    endloop
  endfacet
  facet normal 0 -0.866052 0.499955
    outer loop
      vertex 0 -5.55072 24.5205
      vertex -2 -5.85385 23.9954
      vertex 0 -5.85385 23.9954
    endloop
  endfacet
  facet normal 0 -0.951056 -0.309019
    outer loop
      vertex -2 -5.36337 26.3029
      vertex 0 -5.55072 26.8795
      vertex -2 -5.55072 26.8795
    endloop
  endfacet
  facet normal 0 -0.951056 -0.309019
    outer loop
      vertex 0 -5.55072 26.8795
      vertex -2 -5.36337 26.3029
      vertex 0 -5.36337 26.3029
    endloop
  endfacet
  facet normal -0 0 1
    outer loop
      vertex -2 -7.89687 22.8159
      vertex 0 -8.50313 22.8159
      vertex 0 -7.89687 22.8159
    endloop
  endfacet
  facet normal 0 0 1
    outer loop
      vertex 0 -8.50313 22.8159
      vertex -2 -7.89687 22.8159
      vertex -2 -8.50313 22.8159
    endloop
  endfacet
  facet normal 0 0.866002 -0.500041
    outer loop
      vertex 0 -10.8493 26.8795
      vertex -2 -10.5461 27.4046
      vertex 0 -10.5461 27.4046
    endloop
  endfacet
  facet normal 0 0.866002 -0.500041
    outer loop
      vertex -2 -10.5461 27.4046
      vertex 0 -10.8493 26.8795
      vertex -2 -10.8493 26.8795
    endloop
  endfacet
  facet normal 0 -0.743114 -0.669165
    outer loop
      vertex -2 -5.85385 27.4046
      vertex 0 -6.25952 27.8551
      vertex -2 -6.25952 27.8551
    endloop
  endfacet
  facet normal 0 -0.743114 -0.669165
    outer loop
      vertex 0 -6.25952 27.8551
      vertex -2 -5.85385 27.4046
      vertex 0 -5.85385 27.4046
    endloop
  endfacet
  facet normal -0 0.207832 0.978164
    outer loop
      vertex -2 -8.50313 22.8159
      vertex 0 -9.09615 22.9419
      vertex 0 -8.50313 22.8159
    endloop
  endfacet
  facet normal 0 0.207832 0.978164
    outer loop
      vertex 0 -9.09615 22.9419
      vertex -2 -8.50313 22.8159
      vertex -2 -9.09615 22.9419
    endloop
  endfacet
  facet normal 0 0 -1
    outer loop
      vertex -2 -8.50313 28.5841
      vertex 0 -7.89687 28.5841
      vertex 0 -8.50313 28.5841
    endloop
  endfacet
  facet normal -0 0 -1
    outer loop
      vertex 0 -7.89687 28.5841
      vertex -2 -8.50313 28.5841
      vertex -2 -7.89687 28.5841
    endloop
  endfacet
  facet normal 0 -0.866052 -0.499955
    outer loop
      vertex -2 -5.55072 26.8795
      vertex 0 -5.85385 27.4046
      vertex -2 -5.85385 27.4046
    endloop
  endfacet
  facet normal 0 -0.866052 -0.499955
    outer loop
      vertex 0 -5.85385 27.4046
      vertex -2 -5.55072 26.8795
      vertex 0 -5.55072 26.8795
    endloop
  endfacet
  facet normal 0 0.406751 -0.913539
    outer loop
      vertex -2 -9.65 28.2115
      vertex 0 -9.09615 28.4581
      vertex 0 -9.65 28.2115
    endloop
  endfacet
  facet normal 0 0.406751 -0.913539
    outer loop
      vertex 0 -9.09615 28.4581
      vertex -2 -9.65 28.2115
      vertex -2 -9.09615 28.4581
    endloop
  endfacet
  facet normal 0 -0.207832 -0.978164
    outer loop
      vertex -2 -7.89687 28.5841
      vertex 0 -7.30385 28.4581
      vertex 0 -7.89687 28.5841
    endloop
  endfacet
  facet normal -0 -0.207832 -0.978164
    outer loop
      vertex 0 -7.30385 28.4581
      vertex -2 -7.89687 28.5841
      vertex -2 -7.30385 28.4581
    endloop
  endfacet
  facet normal 0 -0.406751 -0.913539
    outer loop
      vertex -2 -7.30385 28.4581
      vertex 0 -6.75 28.2115
      vertex 0 -7.30385 28.4581
    endloop
  endfacet
  facet normal -0 -0.406751 -0.913539
    outer loop
      vertex 0 -6.75 28.2115
      vertex -2 -7.30385 28.4581
      vertex -2 -6.75 28.2115
    endloop
  endfacet
  facet normal 0 -0.207832 0.978164
    outer loop
      vertex -2 -7.30385 22.9419
      vertex 0 -7.89687 22.8159
      vertex 0 -7.30385 22.9419
    endloop
  endfacet
  facet normal 0 -0.207832 0.978164
    outer loop
      vertex 0 -7.89687 22.8159
      vertex -2 -7.30385 22.9419
      vertex -2 -7.89687 22.8159
    endloop
  endfacet
  facet normal 0 0.95108 0.308944
    outer loop
      vertex 0 -10.8493 24.5205
      vertex -2 -11.0366 25.0971
      vertex 0 -11.0366 25.0971
    endloop
  endfacet
  facet normal 0 0.95108 0.308944
    outer loop
      vertex -2 -11.0366 25.0971
      vertex 0 -10.8493 24.5205
      vertex -2 -10.8493 24.5205
    endloop
  endfacet
  facet normal 0 -0.743114 0.669165
    outer loop
      vertex -2 -6.25952 23.5449
      vertex 0 -5.85385 23.9954
      vertex -2 -5.85385 23.9954
    endloop
  endfacet
  facet normal 0 -0.743114 0.669165
    outer loop
      vertex 0 -5.85385 23.9954
      vertex -2 -6.25952 23.5449
      vertex 0 -6.25952 23.5449
    endloop
  endfacet
  facet normal 0 -0.951056 0.309019
    outer loop
      vertex -2 -5.55072 24.5205
      vertex 0 -5.36337 25.0971
      vertex -2 -5.36337 25.0971
    endloop
  endfacet
  facet normal 0 -0.951056 0.309019
    outer loop
      vertex 0 -5.36337 25.0971
      vertex -2 -5.55072 24.5205
      vertex 0 -5.55072 24.5205
    endloop
  endfacet
  facet normal 0 -0.587834 -0.808981
    outer loop
      vertex -2 -6.75 28.2115
      vertex 0 -6.25952 27.8551
      vertex 0 -6.75 28.2115
    endloop
  endfacet
  facet normal -0 -0.587834 -0.808981
    outer loop
      vertex 0 -6.25952 27.8551
      vertex -2 -6.75 28.2115
      vertex -2 -6.25952 27.8551
    endloop
  endfacet
  facet normal 0 0.587819 -0.808993
    outer loop
      vertex -2 -10.1405 27.8551
      vertex 0 -9.65 28.2115
      vertex 0 -10.1405 27.8551
    endloop
  endfacet
  facet normal 0 0.587819 -0.808993
    outer loop
      vertex 0 -9.65 28.2115
      vertex -2 -10.1405 27.8551
      vertex -2 -9.65 28.2115
    endloop
  endfacet
  facet normal 0 -0.994521 0.104533
    outer loop
      vertex -2 -5.36337 25.0971
      vertex 0 -5.3 25.7
      vertex -2 -5.3 25.7
    endloop
  endfacet
  facet normal 0 -0.994521 0.104533
    outer loop
      vertex 0 -5.3 25.7
      vertex -2 -5.36337 25.0971
      vertex 0 -5.36337 25.0971
    endloop
  endfacet
  facet normal -0 0.406751 0.913539
    outer loop
      vertex -2 -9.09615 22.9419
      vertex 0 -9.65 23.1885
      vertex 0 -9.09615 22.9419
    endloop
  endfacet
  facet normal 0 0.406751 0.913539
    outer loop
      vertex 0 -9.65 23.1885
      vertex -2 -9.09615 22.9419
      vertex -2 -9.65 23.1885
    endloop
  endfacet
  facet normal 0 0.743171 -0.669101
    outer loop
      vertex 0 -10.5461 27.4046
      vertex -2 -10.1405 27.8551
      vertex 0 -10.1405 27.8551
    endloop
  endfacet
  facet normal 0 0.743171 -0.669101
    outer loop
      vertex -2 -10.1405 27.8551
      vertex 0 -10.5461 27.4046
      vertex -2 -10.5461 27.4046
    endloop
  endfacet
  facet normal 0 -0.406751 0.913539
    outer loop
      vertex -2 -6.75 23.1885
      vertex 0 -7.30385 22.9419
      vertex 0 -6.75 23.1885
    endloop
  endfacet
  facet normal 0 -0.406751 0.913539
    outer loop
      vertex 0 -7.30385 22.9419
      vertex -2 -6.75 23.1885
      vertex -2 -7.30385 22.9419
    endloop
  endfacet
  facet normal -0 0.587819 0.808993
    outer loop
      vertex -2 -9.65 23.1885
      vertex 0 -10.1405 23.5449
      vertex 0 -9.65 23.1885
    endloop
  endfacet
  facet normal 0 0.587819 0.808993
    outer loop
      vertex 0 -10.1405 23.5449
      vertex -2 -9.65 23.1885
      vertex -2 -10.1405 23.5449
    endloop
  endfacet
  facet normal 0 0.743171 0.669101
    outer loop
      vertex 0 -10.1405 23.5449
      vertex -2 -10.5461 23.9954
      vertex 0 -10.5461 23.9954
    endloop
  endfacet
  facet normal 0 0.743171 0.669101
    outer loop
      vertex -2 -10.5461 23.9954
      vertex 0 -10.1405 23.5449
      vertex -2 -10.1405 23.5449
    endloop
  endfacet
  facet normal 0 0.866002 0.500041
    outer loop
      vertex 0 -10.5461 23.9954
      vertex -2 -10.8493 24.5205
      vertex 0 -10.8493 24.5205
    endloop
  endfacet
  facet normal 0 0.866002 0.500041
    outer loop
      vertex -2 -10.8493 24.5205
      vertex 0 -10.5461 23.9954
      vertex -2 -10.5461 23.9954
    endloop
  endfacet
  facet normal 1 0 0
    outer loop
      vertex -2 -6.45 25.7
      vertex -2 -5.3 25.7
      vertex -2 -5.36337 26.3029
    endloop
  endfacet
  facet normal 1 0 0
    outer loop
      vertex -2 -6.48824 26.0638
      vertex -2 -5.36337 26.3029
      vertex -2 -5.55072 26.8795
    endloop
  endfacet
  facet normal 1 0 0
    outer loop
      vertex -2 -5.3 25.7
      vertex -2 -6.45 25.7
      vertex -2 -5.36337 25.0971
    endloop
  endfacet
  facet normal 1 0 0
    outer loop
      vertex -2 -6.60129 26.4118
      vertex -2 -5.55072 26.8795
      vertex -2 -5.85385 27.4046
    endloop
  endfacet
  facet normal 1 -0 0
    outer loop
      vertex -2 -6.48824 25.3362
      vertex -2 -5.36337 25.0971
      vertex -2 -6.45 25.7
    endloop
  endfacet
  facet normal 1 0 0
    outer loop
      vertex -2 -6.78422 26.7286
      vertex -2 -5.85385 27.4046
      vertex -2 -6.25952 27.8551
    endloop
  endfacet
  facet normal 1 0 0
    outer loop
      vertex -2 -5.36337 25.0971
      vertex -2 -6.48824 25.3362
      vertex -2 -5.55072 24.5205
    endloop
  endfacet
  facet normal 1 -0 0
    outer loop
      vertex -2 -6.60129 24.9882
      vertex -2 -5.55072 24.5205
      vertex -2 -6.48824 25.3362
    endloop
  endfacet
  facet normal 1 0 0
    outer loop
      vertex -2 -5.36337 26.3029
      vertex -2 -6.48824 26.0638
      vertex -2 -6.45 25.7
    endloop
  endfacet
  facet normal 1 0 0
    outer loop
      vertex -2 -5.55072 26.8795
      vertex -2 -6.60129 26.4118
      vertex -2 -6.48824 26.0638
    endloop
  endfacet
  facet normal 1 0 0
    outer loop
      vertex -2 -7.02902 27.0005
      vertex -2 -6.25952 27.8551
      vertex -2 -6.75 28.2115
    endloop
  endfacet
  facet normal 1 0 0
    outer loop
      vertex -2 -5.85385 27.4046
      vertex -2 -6.78422 26.7286
      vertex -2 -6.60129 26.4118
    endloop
  endfacet
  facet normal 1 0 0
    outer loop
      vertex -2 -6.25952 27.8551
      vertex -2 -7.02902 27.0005
      vertex -2 -6.78422 26.7286
    endloop
  endfacet
  facet normal 1 0 0
    outer loop
      vertex -2 -7.325 27.2155
      vertex -2 -6.75 28.2115
      vertex -2 -7.30385 28.4581
    endloop
  endfacet
  facet normal 1 0 0
    outer loop
      vertex -2 -6.75 28.2115
      vertex -2 -7.325 27.2155
      vertex -2 -7.02902 27.0005
    endloop
  endfacet
  facet normal 1 0 0
    outer loop
      vertex -2 -7.30385 28.4581
      vertex -2 -7.65922 27.3643
      vertex -2 -7.325 27.2155
    endloop
  endfacet
  facet normal 1 0 0
    outer loop
      vertex -2 -7.89687 28.5841
      vertex -2 -7.65922 27.3643
      vertex -2 -7.30385 28.4581
    endloop
  endfacet
  facet normal 1 0 0
    outer loop
      vertex -2 -7.89687 28.5841
      vertex -2 -8.01707 27.4404
      vertex -2 -7.65922 27.3643
    endloop
  endfacet
  facet normal 1 0 0
    outer loop
      vertex -2 -7.89687 28.5841
      vertex -2 -8.38292 27.4404
      vertex -2 -8.01707 27.4404
    endloop
  endfacet
  facet normal 1 -0 0
    outer loop
      vertex -2 -8.50313 28.5841
      vertex -2 -8.38292 27.4404
      vertex -2 -7.89687 28.5841
    endloop
  endfacet
  facet normal 1 0 0
    outer loop
      vertex -2 -8.50313 28.5841
      vertex -2 -8.74078 27.3643
      vertex -2 -8.38292 27.4404
    endloop
  endfacet
  facet normal 1 -0 0
    outer loop
      vertex -2 -9.09615 28.4581
      vertex -2 -8.74078 27.3643
      vertex -2 -8.50313 28.5841
    endloop
  endfacet
  facet normal 1 0 0
    outer loop
      vertex -2 -8.74078 27.3643
      vertex -2 -9.09615 28.4581
      vertex -2 -9.075 27.2155
    endloop
  endfacet
  facet normal 1 -0 0
    outer loop
      vertex -2 -9.65 28.2115
      vertex -2 -9.075 27.2155
      vertex -2 -9.09615 28.4581
    endloop
  endfacet
  facet normal 1 0 0
    outer loop
      vertex -2 -9.075 27.2155
      vertex -2 -9.65 28.2115
      vertex -2 -9.37098 27.0005
    endloop
  endfacet
  facet normal 1 -0 0
    outer loop
      vertex -2 -10.1405 27.8551
      vertex -2 -9.37098 27.0005
      vertex -2 -9.65 28.2115
    endloop
  endfacet
  facet normal 1 0 0
    outer loop
      vertex -2 -9.37098 27.0005
      vertex -2 -10.1405 27.8551
      vertex -2 -9.61578 26.7286
    endloop
  endfacet
  facet normal 1 -0 0
    outer loop
      vertex -2 -10.5461 27.4046
      vertex -2 -9.61578 26.7286
      vertex -2 -10.1405 27.8551
    endloop
  endfacet
  facet normal 1 -0 0
    outer loop
      vertex -2 -10.8493 26.8795
      vertex -2 -9.7987 26.4118
      vertex -2 -10.5461 27.4046
    endloop
  endfacet
  facet normal 1 0 0
    outer loop
      vertex -2 -9.61578 26.7286
      vertex -2 -10.5461 27.4046
      vertex -2 -9.7987 26.4118
    endloop
  endfacet
  facet normal 1 0 0
    outer loop
      vertex -2 -5.55072 24.5205
      vertex -2 -6.60129 24.9882
      vertex -2 -5.85385 23.9954
    endloop
  endfacet
  facet normal 1 -0 0
    outer loop
      vertex -2 -6.78422 24.6714
      vertex -2 -5.85385 23.9954
      vertex -2 -6.60129 24.9882
    endloop
  endfacet
  facet normal 1 0 0
    outer loop
      vertex -2 -5.85385 23.9954
      vertex -2 -6.78422 24.6714
      vertex -2 -6.25952 23.5449
    endloop
  endfacet
  facet normal 1 -0 0
    outer loop
      vertex -2 -7.02902 24.3995
      vertex -2 -6.25952 23.5449
      vertex -2 -6.78422 24.6714
    endloop
  endfacet
  facet normal 1 0 0
    outer loop
      vertex -2 -6.25952 23.5449
      vertex -2 -7.02902 24.3995
      vertex -2 -6.75 23.1885
    endloop
  endfacet
  facet normal 1 -0 0
    outer loop
      vertex -2 -7.325 24.1845
      vertex -2 -6.75 23.1885
      vertex -2 -7.02902 24.3995
    endloop
  endfacet
  facet normal 1 0 0
    outer loop
      vertex -2 -6.75 23.1885
      vertex -2 -7.325 24.1845
      vertex -2 -7.30385 22.9419
    endloop
  endfacet
  facet normal 1 -0 0
    outer loop
      vertex -2 -7.65922 24.0357
      vertex -2 -7.30385 22.9419
      vertex -2 -7.325 24.1845
    endloop
  endfacet
  facet normal 1 0 0
    outer loop
      vertex -2 -7.65922 24.0357
      vertex -2 -7.89687 22.8159
      vertex -2 -7.30385 22.9419
    endloop
  endfacet
  facet normal 1 -0 0
    outer loop
      vertex -2 -8.01707 23.9596
      vertex -2 -7.89687 22.8159
      vertex -2 -7.65922 24.0357
    endloop
  endfacet
  facet normal 1 -0 0
    outer loop
      vertex -2 -8.38292 23.9596
      vertex -2 -7.89687 22.8159
      vertex -2 -8.01707 23.9596
    endloop
  endfacet
  facet normal 1 0 0
    outer loop
      vertex -2 -8.38292 23.9596
      vertex -2 -8.50313 22.8159
      vertex -2 -7.89687 22.8159
    endloop
  endfacet
  facet normal 1 0 0
    outer loop
      vertex -2 -8.74078 24.0357
      vertex -2 -8.50313 22.8159
      vertex -2 -8.38292 23.9596
    endloop
  endfacet
  facet normal 1 0 0
    outer loop
      vertex -2 -9.09615 22.9419
      vertex -2 -8.74078 24.0357
      vertex -2 -9.075 24.1845
    endloop
  endfacet
  facet normal 1 0 0
    outer loop
      vertex -2 -8.74078 24.0357
      vertex -2 -9.09615 22.9419
      vertex -2 -8.50313 22.8159
    endloop
  endfacet
  facet normal 1 0 0
    outer loop
      vertex -2 -9.65 23.1885
      vertex -2 -9.075 24.1845
      vertex -2 -9.37098 24.3995
    endloop
  endfacet
  facet normal 1 0 0
    outer loop
      vertex -2 -10.1405 23.5449
      vertex -2 -9.37098 24.3995
      vertex -2 -9.61578 24.6714
    endloop
  endfacet
  facet normal 1 0 0
    outer loop
      vertex -2 -9.075 24.1845
      vertex -2 -9.65 23.1885
      vertex -2 -9.09615 22.9419
    endloop
  endfacet
  facet normal 1 0 0
    outer loop
      vertex -2 -10.5461 23.9954
      vertex -2 -9.61578 24.6714
      vertex -2 -9.7987 24.9882
    endloop
  endfacet
  facet normal 1 0 0
    outer loop
      vertex -2 -10.8493 24.5205
      vertex -2 -9.7987 24.9882
      vertex -2 -9.91176 25.3362
    endloop
  endfacet
  facet normal 1 0 0
    outer loop
      vertex -2 -9.37098 24.3995
      vertex -2 -10.1405 23.5449
      vertex -2 -9.65 23.1885
    endloop
  endfacet
  facet normal 1 0 0
    outer loop
      vertex -2 -11.0366 25.0971
      vertex -2 -9.91176 25.3362
      vertex -2 -9.95 25.7
    endloop
  endfacet
  facet normal 1 0 0
    outer loop
      vertex -2 -9.7987 26.4118
      vertex -2 -10.8493 26.8795
      vertex -2 -9.91176 26.0638
    endloop
  endfacet
  facet normal 1 -0 0
    outer loop
      vertex -2 -11.0366 26.3029
      vertex -2 -9.91176 26.0638
      vertex -2 -10.8493 26.8795
    endloop
  endfacet
  facet normal 1 0 0
    outer loop
      vertex -2 -9.61578 24.6714
      vertex -2 -10.5461 23.9954
      vertex -2 -10.1405 23.5449
    endloop
  endfacet
  facet normal 1 0 0
    outer loop
      vertex -2 -9.91176 26.0638
      vertex -2 -11.0366 26.3029
      vertex -2 -9.95 25.7
    endloop
  endfacet
  facet normal 1 0 0
    outer loop
      vertex -2 -9.7987 24.9882
      vertex -2 -10.8493 24.5205
      vertex -2 -10.5461 23.9954
    endloop
  endfacet
  facet normal 1 0 0
    outer loop
      vertex -2 -11.1 25.7
      vertex -2 -9.95 25.7
      vertex -2 -11.0366 26.3029
    endloop
  endfacet
  facet normal 1 0 0
    outer loop
      vertex -2 -9.91176 25.3362
      vertex -2 -11.0366 25.0971
      vertex -2 -10.8493 24.5205
    endloop
  endfacet
  facet normal 1 0 0
    outer loop
      vertex -2 -9.95 25.7
      vertex -2 -11.1 25.7
      vertex -2 -11.0366 25.0971
    endloop
  endfacet
  facet normal 0 0.95108 -0.308944
    outer loop
      vertex 0 -11.0366 26.3029
      vertex -2 -10.8493 26.8795
      vertex 0 -10.8493 26.8795
    endloop
  endfacet
  facet normal 0 0.95108 -0.308944
    outer loop
      vertex -2 -10.8493 26.8795
      vertex 0 -11.0366 26.3029
      vertex -2 -11.0366 26.3029
    endloop
  endfacet
  facet normal 0 -0.406727 -0.91355
    outer loop
      vertex -6 -7.65922 -8.03565
      vertex -2 -7.325 -8.18445
      vertex -2 -7.65922 -8.03565
    endloop
  endfacet
  facet normal -0 -0.406727 -0.91355
    outer loop
      vertex -2 -7.325 -8.18445
      vertex -6 -7.65922 -8.03565
      vertex -6 -7.325 -8.18445
    endloop
  endfacet
  facet normal 0 -0.866016 -0.500017
    outer loop
      vertex -6 -6.60129 -8.98821
      vertex -2 -6.78422 -8.67138
      vertex -6 -6.78422 -8.67138
    endloop
  endfacet
  facet normal 0 -0.866016 -0.500017
    outer loop
      vertex -2 -6.78422 -8.67138
      vertex -6 -6.60129 -8.98821
      vertex -2 -6.60129 -8.98821
    endloop
  endfacet
  facet normal 0 -0.951074 0.308962
    outer loop
      vertex -6 -6.60129 -10.4118
      vertex -2 -6.48824 -10.0638
      vertex -6 -6.48824 -10.0638
    endloop
  endfacet
  facet normal 0 -0.951074 0.308962
    outer loop
      vertex -2 -6.48824 -10.0638
      vertex -6 -6.60129 -10.4118
      vertex -2 -6.60129 -10.4118
    endloop
  endfacet
  facet normal 0 0 -1
    outer loop
      vertex -6 -8.38292 -7.95959
      vertex -2 -8.01707 -7.95959
      vertex -2 -8.38292 -7.95959
    endloop
  endfacet
  facet normal -0 0 -1
    outer loop
      vertex -2 -8.01707 -7.95959
      vertex -6 -8.38292 -7.95959
      vertex -6 -8.01707 -7.95959
    endloop
  endfacet
  facet normal -0 0 1
    outer loop
      vertex -6 -8.01707 -11.4404
      vertex -2 -8.38292 -11.4404
      vertex -2 -8.01707 -11.4404
    endloop
  endfacet
  facet normal 0 0 1
    outer loop
      vertex -2 -8.38292 -11.4404
      vertex -6 -8.01707 -11.4404
      vertex -6 -8.38292 -11.4404
    endloop
  endfacet
  facet normal 0 0.587799 -0.809007
    outer loop
      vertex -6 -9.37098 -8.3995
      vertex -2 -9.075 -8.18445
      vertex -2 -9.37098 -8.3995
    endloop
  endfacet
  facet normal 0 0.587799 -0.809007
    outer loop
      vertex -2 -9.075 -8.18445
      vertex -6 -9.37098 -8.3995
      vertex -6 -9.075 -8.18445
    endloop
  endfacet
  facet normal -0 0.58771 0.809072
    outer loop
      vertex -6 -9.075 -11.2155
      vertex -2 -9.37098 -11.0005
      vertex -2 -9.075 -11.2155
    endloop
  endfacet
  facet normal 0 0.58771 0.809072
    outer loop
      vertex -2 -9.37098 -11.0005
      vertex -6 -9.075 -11.2155
      vertex -6 -9.37098 -11.0005
    endloop
  endfacet
  facet normal 0 -0.994523 -0.104523
    outer loop
      vertex -6 -6.45 -9.7
      vertex -2 -6.48824 -9.33615
      vertex -6 -6.48824 -9.33615
    endloop
  endfacet
  facet normal 0 -0.994523 -0.104523
    outer loop
      vertex -2 -6.48824 -9.33615
      vertex -6 -6.45 -9.7
      vertex -2 -6.45 -9.7
    endloop
  endfacet
  facet normal 0 -0.743147 -0.669128
    outer loop
      vertex -6 -6.78422 -8.67138
      vertex -2 -7.02902 -8.3995
      vertex -6 -7.02902 -8.3995
    endloop
  endfacet
  facet normal 0 -0.743147 -0.669128
    outer loop
      vertex -2 -7.02902 -8.3995
      vertex -6 -6.78422 -8.67138
      vertex -2 -6.78422 -8.67138
    endloop
  endfacet
  facet normal -0 0.406727 0.91355
    outer loop
      vertex -6 -8.74078 -11.3643
      vertex -2 -9.075 -11.2155
      vertex -2 -8.74078 -11.3643
    endloop
  endfacet
  facet normal 0 0.406727 0.91355
    outer loop
      vertex -2 -9.075 -11.2155
      vertex -6 -8.74078 -11.3643
      vertex -6 -9.075 -11.2155
    endloop
  endfacet
  facet normal 0 0.951066 0.308987
    outer loop
      vertex -2 -9.7987 -10.4118
      vertex -6 -9.91176 -10.0638
      vertex -2 -9.91176 -10.0638
    endloop
  endfacet
  facet normal 0 0.951066 0.308987
    outer loop
      vertex -6 -9.91176 -10.0638
      vertex -2 -9.7987 -10.4118
      vertex -6 -9.7987 -10.4118
    endloop
  endfacet
  facet normal 0 -0.994521 0.104537
    outer loop
      vertex -6 -6.48824 -10.0638
      vertex -2 -6.45 -9.7
      vertex -6 -6.45 -9.7
    endloop
  endfacet
  facet normal 0 -0.994521 0.104537
    outer loop
      vertex -2 -6.45 -9.7
      vertex -6 -6.48824 -10.0638
      vertex -2 -6.48824 -10.0638
    endloop
  endfacet
  facet normal 0 -0.58771 0.809072
    outer loop
      vertex -6 -7.02902 -11.0005
      vertex -2 -7.325 -11.2155
      vertex -2 -7.02902 -11.0005
    endloop
  endfacet
  facet normal 0 -0.58771 0.809072
    outer loop
      vertex -2 -7.325 -11.2155
      vertex -6 -7.02902 -11.0005
      vertex -6 -7.325 -11.2155
    endloop
  endfacet
  facet normal 0 0.866007 0.500032
    outer loop
      vertex -2 -9.61578 -10.7286
      vertex -6 -9.7987 -10.4118
      vertex -2 -9.7987 -10.4118
    endloop
  endfacet
  facet normal 0 0.866007 0.500032
    outer loop
      vertex -6 -9.7987 -10.4118
      vertex -2 -9.61578 -10.7286
      vertex -6 -9.61578 -10.7286
    endloop
  endfacet
  facet normal 0 0.951051 -0.309035
    outer loop
      vertex -2 -9.91176 -9.33615
      vertex -6 -9.7987 -8.98821
      vertex -2 -9.7987 -8.98821
    endloop
  endfacet
  facet normal 0 0.951051 -0.309035
    outer loop
      vertex -6 -9.7987 -8.98821
      vertex -2 -9.91176 -9.33615
      vertex -6 -9.91176 -9.33615
    endloop
  endfacet
  facet normal 0 -0.207903 -0.978149
    outer loop
      vertex -6 -8.01707 -7.95959
      vertex -2 -7.65922 -8.03565
      vertex -2 -8.01707 -7.95959
    endloop
  endfacet
  facet normal -0 -0.207903 -0.978149
    outer loop
      vertex -2 -7.65922 -8.03565
      vertex -6 -8.01707 -7.95959
      vertex -6 -7.65922 -8.03565
    endloop
  endfacet
  facet normal 0 -0.951059 -0.309011
    outer loop
      vertex -6 -6.48824 -9.33615
      vertex -2 -6.60129 -8.98821
      vertex -6 -6.60129 -8.98821
    endloop
  endfacet
  facet normal 0 -0.951059 -0.309011
    outer loop
      vertex -2 -6.60129 -8.98821
      vertex -6 -6.48824 -9.33615
      vertex -2 -6.48824 -9.33615
    endloop
  endfacet
  facet normal 0 -0.208007 0.978127
    outer loop
      vertex -6 -7.65922 -11.3643
      vertex -2 -8.01707 -11.4404
      vertex -2 -7.65922 -11.3643
    endloop
  endfacet
  facet normal 0 -0.208007 0.978127
    outer loop
      vertex -2 -8.01707 -11.4404
      vertex -6 -7.65922 -11.3643
      vertex -6 -8.01707 -11.4404
    endloop
  endfacet
  facet normal 0 0.207897 -0.978151
    outer loop
      vertex -6 -8.74078 -8.03565
      vertex -2 -8.38292 -7.95959
      vertex -2 -8.74078 -8.03565
    endloop
  endfacet
  facet normal 0 0.207897 -0.978151
    outer loop
      vertex -2 -8.38292 -7.95959
      vertex -6 -8.74078 -8.03565
      vertex -6 -8.38292 -7.95959
    endloop
  endfacet
  facet normal 0 -0.865995 0.500052
    outer loop
      vertex -6 -6.78422 -10.7286
      vertex -2 -6.60129 -10.4118
      vertex -6 -6.60129 -10.4118
    endloop
  endfacet
  facet normal 0 -0.865995 0.500052
    outer loop
      vertex -2 -6.60129 -10.4118
      vertex -6 -6.78422 -10.7286
      vertex -2 -6.78422 -10.7286
    endloop
  endfacet
  facet normal 0 -0.406727 0.91355
    outer loop
      vertex -6 -7.325 -11.2155
      vertex -2 -7.65922 -11.3643
      vertex -2 -7.325 -11.2155
    endloop
  endfacet
  facet normal 0 -0.406727 0.91355
    outer loop
      vertex -2 -7.65922 -11.3643
      vertex -6 -7.325 -11.2155
      vertex -6 -7.65922 -11.3643
    endloop
  endfacet
  facet normal -0 0.208002 0.978128
    outer loop
      vertex -6 -8.38292 -11.4404
      vertex -2 -8.74078 -11.3643
      vertex -2 -8.38292 -11.4404
    endloop
  endfacet
  facet normal 0 0.208002 0.978128
    outer loop
      vertex -2 -8.74078 -11.3643
      vertex -6 -8.38292 -11.4404
      vertex -6 -8.74078 -11.3643
    endloop
  endfacet
  facet normal 0 0.994523 -0.104523
    outer loop
      vertex -2 -9.95 -9.7
      vertex -6 -9.91176 -9.33615
      vertex -2 -9.91176 -9.33615
    endloop
  endfacet
  facet normal 0 0.994523 -0.104523
    outer loop
      vertex -6 -9.91176 -9.33615
      vertex -2 -9.95 -9.7
      vertex -6 -9.95 -9.7
    endloop
  endfacet
  facet normal 0 -0.743172 0.669101
    outer loop
      vertex -6 -7.02902 -11.0005
      vertex -2 -6.78422 -10.7286
      vertex -6 -6.78422 -10.7286
    endloop
  endfacet
  facet normal 0 -0.743172 0.669101
    outer loop
      vertex -2 -6.78422 -10.7286
      vertex -6 -7.02902 -11.0005
      vertex -2 -7.02902 -11.0005
    endloop
  endfacet
  facet normal 0 -0.587799 -0.809007
    outer loop
      vertex -6 -7.325 -8.18445
      vertex -2 -7.02902 -8.3995
      vertex -2 -7.325 -8.18445
    endloop
  endfacet
  facet normal -0 -0.587799 -0.809007
    outer loop
      vertex -2 -7.02902 -8.3995
      vertex -6 -7.325 -8.18445
      vertex -6 -7.02902 -8.3995
    endloop
  endfacet
  facet normal 0 0.406727 -0.91355
    outer loop
      vertex -6 -9.075 -8.18445
      vertex -2 -8.74078 -8.03565
      vertex -2 -9.075 -8.18445
    endloop
  endfacet
  facet normal 0 0.406727 -0.91355
    outer loop
      vertex -2 -8.74078 -8.03565
      vertex -6 -9.075 -8.18445
      vertex -6 -8.74078 -8.03565
    endloop
  endfacet
  facet normal 0 0.743147 -0.669128
    outer loop
      vertex -2 -9.61578 -8.67138
      vertex -6 -9.37098 -8.3995
      vertex -2 -9.37098 -8.3995
    endloop
  endfacet
  facet normal 0 0.743147 -0.669128
    outer loop
      vertex -6 -9.37098 -8.3995
      vertex -2 -9.61578 -8.67138
      vertex -6 -9.61578 -8.67138
    endloop
  endfacet
  facet normal 0 0.743172 0.669101
    outer loop
      vertex -2 -9.37098 -11.0005
      vertex -6 -9.61578 -10.7286
      vertex -2 -9.61578 -10.7286
    endloop
  endfacet
  facet normal 0 0.743172 0.669101
    outer loop
      vertex -6 -9.61578 -10.7286
      vertex -2 -9.37098 -11.0005
      vertex -6 -9.37098 -11.0005
    endloop
  endfacet
  facet normal 0 0.994521 0.104537
    outer loop
      vertex -2 -9.91176 -10.0638
      vertex -6 -9.95 -9.7
      vertex -2 -9.95 -9.7
    endloop
  endfacet
  facet normal 0 0.994521 0.104537
    outer loop
      vertex -6 -9.95 -9.7
      vertex -2 -9.91176 -10.0638
      vertex -6 -9.91176 -10.0638
    endloop
  endfacet
  facet normal 0 0.866028 -0.499996
    outer loop
      vertex -2 -9.7987 -8.98821
      vertex -6 -9.61578 -8.67138
      vertex -2 -9.61578 -8.67138
    endloop
  endfacet
  facet normal 0 0.866028 -0.499996
    outer loop
      vertex -6 -9.61578 -8.67138
      vertex -2 -9.7987 -8.98821
      vertex -6 -9.7987 -8.98821
    endloop
  endfacet
  facet normal 0 -0.951056 -0.309019
    outer loop
      vertex -2 -5.36337 -9.09706
      vertex 4 -5.55072 -8.52046
      vertex -2 -5.55072 -8.52046
    endloop
  endfacet
  facet normal 0 -0.951056 -0.309019
    outer loop
      vertex 4 -5.55072 -8.52046
      vertex -2 -5.36337 -9.09706
      vertex 4 -5.36337 -9.09706
    endloop
  endfacet
  facet normal 0 -0.866027 -0.499998
    outer loop
      vertex -2 -5.55072 -8.52046
      vertex 4 -5.85385 -7.99542
      vertex -2 -5.85385 -7.99542
    endloop
  endfacet
  facet normal 0 -0.866027 -0.499998
    outer loop
      vertex 4 -5.85385 -7.99542
      vertex -2 -5.55072 -8.52046
      vertex 4 -5.55072 -8.52046
    endloop
  endfacet
  facet normal 0 0.994516 0.104582
    outer loop
      vertex 4 -11.0366 -10.3029
      vertex -2 -11.1 -9.7
      vertex 4 -11.1 -9.7
    endloop
  endfacet
  facet normal 0 0.994516 0.104582
    outer loop
      vertex -2 -11.1 -9.7
      vertex 4 -11.0366 -10.3029
      vertex -2 -11.0366 -10.3029
    endloop
  endfacet
  facet normal 0 0.95108 0.308944
    outer loop
      vertex 4 -10.8493 -10.8795
      vertex -2 -11.0366 -10.3029
      vertex 4 -11.0366 -10.3029
    endloop
  endfacet
  facet normal 0 0.95108 0.308944
    outer loop
      vertex -2 -11.0366 -10.3029
      vertex 4 -10.8493 -10.8795
      vertex -2 -10.8493 -10.8795
    endloop
  endfacet
  facet normal 0 -0.58778 -0.809021
    outer loop
      vertex -2 -6.75 -7.18853
      vertex 4 -6.25952 -7.54488
      vertex 4 -6.75 -7.18853
    endloop
  endfacet
  facet normal -0 -0.58778 -0.809021
    outer loop
      vertex 4 -6.25952 -7.54488
      vertex -2 -6.75 -7.18853
      vertex -2 -6.25952 -7.54488
    endloop
  endfacet
  facet normal 0 -0.994522 -0.104526
    outer loop
      vertex -2 -5.3 -9.7
      vertex 4 -5.36337 -9.09706
      vertex -2 -5.36337 -9.09706
    endloop
  endfacet
  facet normal 0 -0.994522 -0.104526
    outer loop
      vertex 4 -5.36337 -9.09706
      vertex -2 -5.3 -9.7
      vertex 4 -5.3 -9.7
    endloop
  endfacet
  facet normal 0 -0.994521 0.104533
    outer loop
      vertex -2 -5.36337 -10.3029
      vertex 4 -5.3 -9.7
      vertex -2 -5.3 -9.7
    endloop
  endfacet
  facet normal 0 -0.994521 0.104533
    outer loop
      vertex 4 -5.3 -9.7
      vertex -2 -5.36337 -10.3029
      vertex 4 -5.36337 -10.3029
    endloop
  endfacet
  facet normal 0 -0.743143 -0.669132
    outer loop
      vertex -2 -5.85385 -7.99542
      vertex 4 -6.25952 -7.54488
      vertex -2 -6.25952 -7.54488
    endloop
  endfacet
  facet normal 0 -0.743143 -0.669132
    outer loop
      vertex 4 -6.25952 -7.54488
      vertex -2 -5.85385 -7.99542
      vertex 4 -5.85385 -7.99542
    endloop
  endfacet
  facet normal 0 -0.207911 -0.978148
    outer loop
      vertex -2 -7.30385 -6.94194
      vertex 3.98065 -7.89687 -6.81589
      vertex -2 -7.89687 -6.81589
    endloop
  endfacet
  facet normal 0 -0.207911 -0.978148
    outer loop
      vertex 3.98065 -7.89687 -6.81589
      vertex -2 -7.30385 -6.94194
      vertex 3.9939 -7.30385 -6.94194
    endloop
  endfacet
  facet normal -0 0.587819 0.808993
    outer loop
      vertex -2 -9.65 -12.2115
      vertex 4 -10.1405 -11.8551
      vertex 4 -9.65 -12.2115
    endloop
  endfacet
  facet normal 0 0.587819 0.808993
    outer loop
      vertex 4 -10.1405 -11.8551
      vertex -2 -9.65 -12.2115
      vertex -2 -10.1405 -11.8551
    endloop
  endfacet
  facet normal 0 -0.951056 0.309019
    outer loop
      vertex -2 -5.55072 -10.8795
      vertex 4 -5.36337 -10.3029
      vertex -2 -5.36337 -10.3029
    endloop
  endfacet
  facet normal 0 -0.951056 0.309019
    outer loop
      vertex 4 -5.36337 -10.3029
      vertex -2 -5.55072 -10.8795
      vertex 4 -5.55072 -10.8795
    endloop
  endfacet
  facet normal 0 0.406741 -0.913544
    outer loop
      vertex -2 -9.65 -7.18853
      vertex 4 -9.22656 -7
      vertex 4 -9.65 -7.18853
    endloop
  endfacet
  facet normal 3.4938e-07 0.406737 -0.913545
    outer loop
      vertex -2 -9.09615 -6.94194
      vertex 4 -9.22656 -7
      vertex -2 -9.65 -7.18853
    endloop
  endfacet
  facet normal 0 0.406723 -0.913551
    outer loop
      vertex 4 -9.22656 -7
      vertex -2 -9.09615 -6.94194
      vertex 3.9939 -9.09615 -6.94194
    endloop
  endfacet
  facet normal 0 0.95108 -0.308944
    outer loop
      vertex 4 -11.0366 -9.09706
      vertex -2 -10.8493 -8.52046
      vertex 4 -10.8493 -8.52046
    endloop
  endfacet
  facet normal 0 0.95108 -0.308944
    outer loop
      vertex -2 -10.8493 -8.52046
      vertex 4 -11.0366 -9.09706
      vertex -2 -11.0366 -9.09706
    endloop
  endfacet
  facet normal 0 0.865977 -0.500084
    outer loop
      vertex 4 -10.8493 -8.52046
      vertex -2 -10.5461 -7.99542
      vertex 4 -10.5461 -7.99542
    endloop
  endfacet
  facet normal 0 0.865977 -0.500084
    outer loop
      vertex -2 -10.5461 -7.99542
      vertex 4 -10.8493 -8.52046
      vertex -2 -10.8493 -8.52046
    endloop
  endfacet
  facet normal 0 -0.866052 0.499955
    outer loop
      vertex -2 -5.85385 -11.4046
      vertex 4 -5.55072 -10.8795
      vertex -2 -5.55072 -10.8795
    endloop
  endfacet
  facet normal 0 -0.866052 0.499955
    outer loop
      vertex 4 -5.55072 -10.8795
      vertex -2 -5.85385 -11.4046
      vertex 4 -5.85385 -11.4046
    endloop
  endfacet
  facet normal 0 -0.406751 0.913539
    outer loop
      vertex -2 -6.75 -12.2115
      vertex 4 -7.30385 -12.4581
      vertex 4 -6.75 -12.2115
    endloop
  endfacet
  facet normal 0 -0.406751 0.913539
    outer loop
      vertex 4 -7.30385 -12.4581
      vertex -2 -6.75 -12.2115
      vertex -2 -7.30385 -12.4581
    endloop
  endfacet
  facet normal 0 0.587765 -0.809032
    outer loop
      vertex -2 -10.1405 -7.54488
      vertex 4 -9.65 -7.18853
      vertex 4 -10.1405 -7.54488
    endloop
  endfacet
  facet normal 0 0.587765 -0.809032
    outer loop
      vertex 4 -9.65 -7.18853
      vertex -2 -10.1405 -7.54488
      vertex -2 -9.65 -7.18853
    endloop
  endfacet
  facet normal 0 -0.587834 0.808981
    outer loop
      vertex -2 -6.25952 -11.8551
      vertex 4 -6.75 -12.2115
      vertex 4 -6.25952 -11.8551
    endloop
  endfacet
  facet normal 0 -0.587834 0.808981
    outer loop
      vertex 4 -6.75 -12.2115
      vertex -2 -6.25952 -11.8551
      vertex -2 -6.75 -12.2115
    endloop
  endfacet
  facet normal 0 -0.743114 0.669165
    outer loop
      vertex -2 -6.25952 -11.8551
      vertex 4 -5.85385 -11.4046
      vertex -2 -5.85385 -11.4046
    endloop
  endfacet
  facet normal 0 -0.743114 0.669165
    outer loop
      vertex 4 -5.85385 -11.4046
      vertex -2 -6.25952 -11.8551
      vertex 4 -6.25952 -11.8551
    endloop
  endfacet
  facet normal 0 -0.207832 0.978164
    outer loop
      vertex -2 -7.30385 -12.4581
      vertex 4 -7.89687 -12.5841
      vertex 4 -7.30385 -12.4581
    endloop
  endfacet
  facet normal 0 -0.207832 0.978164
    outer loop
      vertex 4 -7.89687 -12.5841
      vertex -2 -7.30385 -12.4581
      vertex -2 -7.89687 -12.5841
    endloop
  endfacet
  facet normal -0 0 1
    outer loop
      vertex -2 -7.89687 -12.5841
      vertex 4 -8.50313 -12.5841
      vertex 4 -7.89687 -12.5841
    endloop
  endfacet
  facet normal 0 0 1
    outer loop
      vertex 4 -8.50313 -12.5841
      vertex -2 -7.89687 -12.5841
      vertex -2 -8.50313 -12.5841
    endloop
  endfacet
  facet normal 0 0.743201 -0.669069
    outer loop
      vertex 4 -10.5461 -7.99542
      vertex -2 -10.1405 -7.54488
      vertex 4 -10.1405 -7.54488
    endloop
  endfacet
  facet normal 0 0.743201 -0.669069
    outer loop
      vertex -2 -10.1405 -7.54488
      vertex 4 -10.5461 -7.99542
      vertex -2 -10.5461 -7.99542
    endloop
  endfacet
  facet normal 0 0.207911 -0.978148
    outer loop
      vertex -2 -9.09615 -6.94194
      vertex 3.98065 -8.50313 -6.81589
      vertex 3.9939 -9.09615 -6.94194
    endloop
  endfacet
  facet normal 0 0.207911 -0.978148
    outer loop
      vertex 3.98065 -8.50313 -6.81589
      vertex -2 -9.09615 -6.94194
      vertex -2 -8.50313 -6.81589
    endloop
  endfacet
  facet normal 0 0.743171 0.669101
    outer loop
      vertex 4 -10.1405 -11.8551
      vertex -2 -10.5461 -11.4046
      vertex 4 -10.5461 -11.4046
    endloop
  endfacet
  facet normal 0 0.743171 0.669101
    outer loop
      vertex -2 -10.5461 -11.4046
      vertex 4 -10.1405 -11.8551
      vertex -2 -10.1405 -11.8551
    endloop
  endfacet
  facet normal 0 -0.406723 -0.913551
    outer loop
      vertex -2 -7.30385 -6.94194
      vertex 4 -7.17344 -7
      vertex 3.9939 -7.30385 -6.94194
    endloop
  endfacet
  facet normal 3.4938e-07 -0.406737 -0.913545
    outer loop
      vertex 4 -7.17344 -7
      vertex -2 -7.30385 -6.94194
      vertex -2 -6.75 -7.18853
    endloop
  endfacet
  facet normal 0 -0.406741 -0.913544
    outer loop
      vertex 4 -7.17344 -7
      vertex -2 -6.75 -7.18853
      vertex 4 -6.75 -7.18853
    endloop
  endfacet
  facet normal -0 0.406751 0.913539
    outer loop
      vertex -2 -9.09615 -12.4581
      vertex 4 -9.65 -12.2115
      vertex 4 -9.09615 -12.4581
    endloop
  endfacet
  facet normal 0 0.406751 0.913539
    outer loop
      vertex 4 -9.65 -12.2115
      vertex -2 -9.09615 -12.4581
      vertex -2 -9.65 -12.2115
    endloop
  endfacet
  facet normal -0 0.207832 0.978164
    outer loop
      vertex -2 -8.50313 -12.5841
      vertex 4 -9.09615 -12.4581
      vertex 4 -8.50313 -12.5841
    endloop
  endfacet
  facet normal 0 0.207832 0.978164
    outer loop
      vertex 4 -9.09615 -12.4581
      vertex -2 -8.50313 -12.5841
      vertex -2 -9.09615 -12.4581
    endloop
  endfacet
  facet normal 0 0.866002 0.500041
    outer loop
      vertex 4 -10.5461 -11.4046
      vertex -2 -10.8493 -10.8795
      vertex 4 -10.8493 -10.8795
    endloop
  endfacet
  facet normal 0 0.866002 0.500041
    outer loop
      vertex -2 -10.8493 -10.8795
      vertex 4 -10.5461 -11.4046
      vertex -2 -10.5461 -11.4046
    endloop
  endfacet
  facet normal 1 0 0
    outer loop
      vertex -2 -6.45 -9.7
      vertex -2 -5.3 -9.7
      vertex -2 -5.36337 -9.09706
    endloop
  endfacet
  facet normal 1 0 0
    outer loop
      vertex -2 -6.48824 -9.33615
      vertex -2 -5.36337 -9.09706
      vertex -2 -5.55072 -8.52046
    endloop
  endfacet
  facet normal 1 0 0
    outer loop
      vertex -2 -5.3 -9.7
      vertex -2 -6.45 -9.7
      vertex -2 -5.36337 -10.3029
    endloop
  endfacet
  facet normal 1 0 0
    outer loop
      vertex -2 -6.60129 -8.98821
      vertex -2 -5.55072 -8.52046
      vertex -2 -5.85385 -7.99542
    endloop
  endfacet
  facet normal 1 -0 0
    outer loop
      vertex -2 -6.48824 -10.0638
      vertex -2 -5.36337 -10.3029
      vertex -2 -6.45 -9.7
    endloop
  endfacet
  facet normal 1 0 0
    outer loop
      vertex -2 -6.78422 -8.67138
      vertex -2 -5.85385 -7.99542
      vertex -2 -6.25952 -7.54488
    endloop
  endfacet
  facet normal 1 0 0
    outer loop
      vertex -2 -5.36337 -10.3029
      vertex -2 -6.48824 -10.0638
      vertex -2 -5.55072 -10.8795
    endloop
  endfacet
  facet normal 1 -0 0
    outer loop
      vertex -2 -6.60129 -10.4118
      vertex -2 -5.55072 -10.8795
      vertex -2 -6.48824 -10.0638
    endloop
  endfacet
  facet normal 1 0 0
    outer loop
      vertex -2 -5.36337 -9.09706
      vertex -2 -6.48824 -9.33615
      vertex -2 -6.45 -9.7
    endloop
  endfacet
  facet normal 1 0 0
    outer loop
      vertex -2 -5.55072 -8.52046
      vertex -2 -6.60129 -8.98821
      vertex -2 -6.48824 -9.33615
    endloop
  endfacet
  facet normal 1 0 0
    outer loop
      vertex -2 -7.02902 -8.3995
      vertex -2 -6.25952 -7.54488
      vertex -2 -6.75 -7.18853
    endloop
  endfacet
  facet normal 1 0 0
    outer loop
      vertex -2 -5.85385 -7.99542
      vertex -2 -6.78422 -8.67138
      vertex -2 -6.60129 -8.98821
    endloop
  endfacet
  facet normal 1 0 0
    outer loop
      vertex -2 -6.25952 -7.54488
      vertex -2 -7.02902 -8.3995
      vertex -2 -6.78422 -8.67138
    endloop
  endfacet
  facet normal 1 0 0
    outer loop
      vertex -2 -7.325 -8.18445
      vertex -2 -6.75 -7.18853
      vertex -2 -7.30385 -6.94194
    endloop
  endfacet
  facet normal 1 0 0
    outer loop
      vertex -2 -6.75 -7.18853
      vertex -2 -7.325 -8.18445
      vertex -2 -7.02902 -8.3995
    endloop
  endfacet
  facet normal 1 0 0
    outer loop
      vertex -2 -7.30385 -6.94194
      vertex -2 -7.65922 -8.03565
      vertex -2 -7.325 -8.18445
    endloop
  endfacet
  facet normal 1 0 0
    outer loop
      vertex -2 -7.89687 -6.81589
      vertex -2 -7.65922 -8.03565
      vertex -2 -7.30385 -6.94194
    endloop
  endfacet
  facet normal 1 0 0
    outer loop
      vertex -2 -7.89687 -6.81589
      vertex -2 -8.01707 -7.95959
      vertex -2 -7.65922 -8.03565
    endloop
  endfacet
  facet normal 1 0 0
    outer loop
      vertex -2 -7.89687 -6.81589
      vertex -2 -8.38292 -7.95959
      vertex -2 -8.01707 -7.95959
    endloop
  endfacet
  facet normal 1 -0 0
    outer loop
      vertex -2 -8.50313 -6.81589
      vertex -2 -8.38292 -7.95959
      vertex -2 -7.89687 -6.81589
    endloop
  endfacet
  facet normal 1 0 0
    outer loop
      vertex -2 -8.50313 -6.81589
      vertex -2 -8.74078 -8.03565
      vertex -2 -8.38292 -7.95959
    endloop
  endfacet
  facet normal 1 -0 0
    outer loop
      vertex -2 -9.09615 -6.94194
      vertex -2 -8.74078 -8.03565
      vertex -2 -8.50313 -6.81589
    endloop
  endfacet
  facet normal 1 0 0
    outer loop
      vertex -2 -8.74078 -8.03565
      vertex -2 -9.09615 -6.94194
      vertex -2 -9.075 -8.18445
    endloop
  endfacet
  facet normal 1 -0 0
    outer loop
      vertex -2 -9.65 -7.18853
      vertex -2 -9.075 -8.18445
      vertex -2 -9.09615 -6.94194
    endloop
  endfacet
  facet normal 1 0 0
    outer loop
      vertex -2 -9.075 -8.18445
      vertex -2 -9.65 -7.18853
      vertex -2 -9.37098 -8.3995
    endloop
  endfacet
  facet normal 1 -0 0
    outer loop
      vertex -2 -10.1405 -7.54488
      vertex -2 -9.37098 -8.3995
      vertex -2 -9.65 -7.18853
    endloop
  endfacet
  facet normal 1 0 0
    outer loop
      vertex -2 -9.37098 -8.3995
      vertex -2 -10.1405 -7.54488
      vertex -2 -9.61578 -8.67138
    endloop
  endfacet
  facet normal 1 -0 0
    outer loop
      vertex -2 -10.5461 -7.99542
      vertex -2 -9.61578 -8.67138
      vertex -2 -10.1405 -7.54488
    endloop
  endfacet
  facet normal 1 -0 0
    outer loop
      vertex -2 -10.8493 -8.52046
      vertex -2 -9.7987 -8.98821
      vertex -2 -10.5461 -7.99542
    endloop
  endfacet
  facet normal 1 0 0
    outer loop
      vertex -2 -9.61578 -8.67138
      vertex -2 -10.5461 -7.99542
      vertex -2 -9.7987 -8.98821
    endloop
  endfacet
  facet normal 1 0 0
    outer loop
      vertex -2 -5.55072 -10.8795
      vertex -2 -6.60129 -10.4118
      vertex -2 -5.85385 -11.4046
    endloop
  endfacet
  facet normal 1 -0 0
    outer loop
      vertex -2 -6.78422 -10.7286
      vertex -2 -5.85385 -11.4046
      vertex -2 -6.60129 -10.4118
    endloop
  endfacet
  facet normal 1 0 0
    outer loop
      vertex -2 -5.85385 -11.4046
      vertex -2 -6.78422 -10.7286
      vertex -2 -6.25952 -11.8551
    endloop
  endfacet
  facet normal 1 -0 0
    outer loop
      vertex -2 -7.02902 -11.0005
      vertex -2 -6.25952 -11.8551
      vertex -2 -6.78422 -10.7286
    endloop
  endfacet
  facet normal 1 0 0
    outer loop
      vertex -2 -6.25952 -11.8551
      vertex -2 -7.02902 -11.0005
      vertex -2 -6.75 -12.2115
    endloop
  endfacet
  facet normal 1 -0 0
    outer loop
      vertex -2 -7.325 -11.2155
      vertex -2 -6.75 -12.2115
      vertex -2 -7.02902 -11.0005
    endloop
  endfacet
  facet normal 1 0 0
    outer loop
      vertex -2 -6.75 -12.2115
      vertex -2 -7.325 -11.2155
      vertex -2 -7.30385 -12.4581
    endloop
  endfacet
  facet normal 1 -0 0
    outer loop
      vertex -2 -7.65922 -11.3643
      vertex -2 -7.30385 -12.4581
      vertex -2 -7.325 -11.2155
    endloop
  endfacet
  facet normal 1 0 0
    outer loop
      vertex -2 -7.65922 -11.3643
      vertex -2 -7.89687 -12.5841
      vertex -2 -7.30385 -12.4581
    endloop
  endfacet
  facet normal 1 -0 0
    outer loop
      vertex -2 -8.01707 -11.4404
      vertex -2 -7.89687 -12.5841
      vertex -2 -7.65922 -11.3643
    endloop
  endfacet
  facet normal 1 -0 0
    outer loop
      vertex -2 -8.38292 -11.4404
      vertex -2 -7.89687 -12.5841
      vertex -2 -8.01707 -11.4404
    endloop
  endfacet
  facet normal 1 0 0
    outer loop
      vertex -2 -8.38292 -11.4404
      vertex -2 -8.50313 -12.5841
      vertex -2 -7.89687 -12.5841
    endloop
  endfacet
  facet normal 1 0 0
    outer loop
      vertex -2 -8.74078 -11.3643
      vertex -2 -8.50313 -12.5841
      vertex -2 -8.38292 -11.4404
    endloop
  endfacet
  facet normal 1 0 0
    outer loop
      vertex -2 -9.09615 -12.4581
      vertex -2 -8.74078 -11.3643
      vertex -2 -9.075 -11.2155
    endloop
  endfacet
  facet normal 1 0 0
    outer loop
      vertex -2 -8.74078 -11.3643
      vertex -2 -9.09615 -12.4581
      vertex -2 -8.50313 -12.5841
    endloop
  endfacet
  facet normal 1 0 0
    outer loop
      vertex -2 -9.65 -12.2115
      vertex -2 -9.075 -11.2155
      vertex -2 -9.37098 -11.0005
    endloop
  endfacet
  facet normal 1 0 0
    outer loop
      vertex -2 -10.1405 -11.8551
      vertex -2 -9.37098 -11.0005
      vertex -2 -9.61578 -10.7286
    endloop
  endfacet
  facet normal 1 0 0
    outer loop
      vertex -2 -9.075 -11.2155
      vertex -2 -9.65 -12.2115
      vertex -2 -9.09615 -12.4581
    endloop
  endfacet
  facet normal 1 0 0
    outer loop
      vertex -2 -10.5461 -11.4046
      vertex -2 -9.61578 -10.7286
      vertex -2 -9.7987 -10.4118
    endloop
  endfacet
  facet normal 1 0 0
    outer loop
      vertex -2 -10.8493 -10.8795
      vertex -2 -9.7987 -10.4118
      vertex -2 -9.91176 -10.0638
    endloop
  endfacet
  facet normal 1 0 0
    outer loop
      vertex -2 -9.37098 -11.0005
      vertex -2 -10.1405 -11.8551
      vertex -2 -9.65 -12.2115
    endloop
  endfacet
  facet normal 1 0 0
    outer loop
      vertex -2 -11.0366 -10.3029
      vertex -2 -9.91176 -10.0638
      vertex -2 -9.95 -9.7
    endloop
  endfacet
  facet normal 1 0 0
    outer loop
      vertex -2 -9.7987 -8.98821
      vertex -2 -10.8493 -8.52046
      vertex -2 -9.91176 -9.33615
    endloop
  endfacet
  facet normal 1 -0 0
    outer loop
      vertex -2 -11.0366 -9.09706
      vertex -2 -9.91176 -9.33615
      vertex -2 -10.8493 -8.52046
    endloop
  endfacet
  facet normal 1 0 0
    outer loop
      vertex -2 -9.61578 -10.7286
      vertex -2 -10.5461 -11.4046
      vertex -2 -10.1405 -11.8551
    endloop
  endfacet
  facet normal 1 0 0
    outer loop
      vertex -2 -9.91176 -9.33615
      vertex -2 -11.0366 -9.09706
      vertex -2 -9.95 -9.7
    endloop
  endfacet
  facet normal 1 0 0
    outer loop
      vertex -2 -9.7987 -10.4118
      vertex -2 -10.8493 -10.8795
      vertex -2 -10.5461 -11.4046
    endloop
  endfacet
  facet normal 1 0 0
    outer loop
      vertex -2 -11.1 -9.7
      vertex -2 -9.95 -9.7
      vertex -2 -11.0366 -9.09706
    endloop
  endfacet
  facet normal 1 0 0
    outer loop
      vertex -2 -9.91176 -10.0638
      vertex -2 -11.0366 -10.3029
      vertex -2 -10.8493 -10.8795
    endloop
  endfacet
  facet normal 1 0 0
    outer loop
      vertex -2 -9.95 -9.7
      vertex -2 -11.1 -9.7
      vertex -2 -11.0366 -10.3029
    endloop
  endfacet
  facet normal 0 0 -1
    outer loop
      vertex -2 -8.50313 -6.81589
      vertex 3.98065 -7.89687 -6.81589
      vertex 3.98065 -8.50313 -6.81589
    endloop
  endfacet
  facet normal -0 0 -1
    outer loop
      vertex 3.98065 -7.89687 -6.81589
      vertex -2 -8.50313 -6.81589
      vertex -2 -7.89687 -6.81589
    endloop
  endfacet
  facet normal 0 0.994517 -0.104575
    outer loop
      vertex 4 -11.1 -9.7
      vertex -2 -11.0366 -9.09706
      vertex 4 -11.0366 -9.09706
    endloop
  endfacet
  facet normal 0 0.994517 -0.104575
    outer loop
      vertex -2 -11.0366 -9.09706
      vertex 4 -11.1 -9.7
      vertex -2 -11.1 -9.7
    endloop
  endfacet
endsolid OpenSCAD_Model
