solid OpenSCAD_Model
  facet normal -0.180312 -0.848253 0.49795
    outer loop
      vertex -2.25861 -6.95129 6.08778
      vertex -2.29091 -7.0507 5.90674
      vertex -2.1041 -7.09041 5.90674
    endloop
  endfacet
  facet normal 0.122627 -0.576997 0.807488
    outer loop
      vertex 2.16312 -6.65739 6.36602
      vertex 2.07855 -6.84733 6.24314
      vertex 2.21538 -6.81825 6.24314
    endloop
  endfacet
  facet normal -0.509718 -0.701592 0.497952
    outer loop
      vertex -3.86128 -6.30806 5.90674
      vertex -3.96912 -6.10122 6.08778
      vertex -4.03906 -6.1789 5.90674
    endloop
  endfacet
  facet normal -0.509718 -0.701592 0.497952
    outer loop
      vertex -3.96912 -6.10122 6.08778
      vertex -3.86128 -6.30806 5.90674
      vertex -3.79134 -6.23038 6.08778
    endloop
  endfacet
  facet normal -0.20678 -0.972829 0.104139
    outer loop
      vertex -2.31087 -7.11214 5.70791
      vertex -1.06324 -7.38025 5.68064
      vertex -1.06235 -7.37752 5.70791
    endloop
  endfacet
  facet normal -0.206788 -0.972847 0.103957
    outer loop
      vertex -1.06324 -7.38025 5.68064
      vertex -2.31087 -7.11214 5.70791
      vertex -2.31763 -7.13292 5.5
    endloop
  endfacet
  facet normal 0.0850015 -0.190917 0.977919
    outer loop
      vertex 3.2823 -5.72858 6.49452
      vertex 2.16312 -6.44948 6.45106
      vertex 3.40451 -5.89678 6.45106
    endloop
  endfacet
  facet normal 0.0850015 -0.190917 0.977919
    outer loop
      vertex 2.16312 -6.44948 6.45106
      vertex 3.2823 -5.72858 6.49452
      vertex 2.04091 -6.28128 6.49452
    endloop
  endfacet
  facet normal -0.387021 -0.869296 0.307471
    outer loop
      vertex -2.29091 -7.0507 5.90674
      vertex -2.49768 -7.02897 5.70791
      vertex -2.31087 -7.11214 5.70791
    endloop
  endfacet
  facet normal -0.122627 -0.576997 0.807488
    outer loop
      vertex -2.16312 -6.65739 6.36602
      vertex -2.21538 -6.81825 6.24314
      vertex -2.07855 -6.84733 6.24314
    endloop
  endfacet
  facet normal 0.154878 -0.728638 0.667158
    outer loop
      vertex 0.966945 -7.11694 6.20674
      vertex 2.07855 -6.84733 6.24314
      vertex 0.924751 -7.09258 6.24314
    endloop
  endfacet
  facet normal 0.154898 -0.728709 0.667075
    outer loop
      vertex 1.02165 -7.21421 6.08778
      vertex 2.07855 -6.84733 6.24314
      vertex 0.966945 -7.11694 6.20674
    endloop
  endfacet
  facet normal 0.154884 -0.728681 0.667109
    outer loop
      vertex 2.07855 -6.84733 6.24314
      vertex 1.02165 -7.21421 6.08778
      vertex 2.25861 -6.95129 6.08778
    endloop
  endfacet
  facet normal -0.197841 -0.930765 0.307466
    outer loop
      vertex -2.1041 -7.09041 5.90674
      vertex -1.02261 -7.34878 5.82049
      vertex -0.943471 -7.33711 5.90674
    endloop
  endfacet
  facet normal -0.197843 -0.930769 0.307454
    outer loop
      vertex -1.02261 -7.34878 5.82049
      vertex -2.1041 -7.09041 5.90674
      vertex -1.05095 -7.37049 5.73653
    endloop
  endfacet
  facet normal 0.404532 -0.908597 0.103952
    outer loop
      vertex 3.55902 -6.58022 5.5
      vertex 2.49768 -7.02897 5.70791
      vertex 2.31763 -7.13292 5.5
    endloop
  endfacet
  facet normal 0.404536 -0.908591 0.103989
    outer loop
      vertex 2.49768 -7.02897 5.70791
      vertex 3.55902 -6.58022 5.5
      vertex 3.73907 -6.47626 5.70791
    endloop
  endfacet
  facet normal 0.302997 -0.68055 0.667117
    outer loop
      vertex 2.41312 -6.8825 6.08778
      vertex 3.58457 -6.20865 6.24314
      vertex 2.34317 -6.76135 6.24314
    endloop
  endfacet
  facet normal 0.303016 -0.680576 0.667082
    outer loop
      vertex 3.58457 -6.20865 6.24314
      vertex 2.41312 -6.8825 6.08778
      vertex 3.65451 -6.32979 6.08778
    endloop
  endfacet
  facet normal 0.166195 -0.373323 0.912693
    outer loop
      vertex 2.25861 -6.61488 6.36602
      vertex 2.1041 -6.47576 6.45106
      vertex 2.16312 -6.65739 6.36602
    endloop
  endfacet
  facet normal -0.0849587 -0.399696 0.912702
    outer loop
      vertex -2.1041 -6.47576 6.45106
      vertex -0.8663 -6.74777 6.44716
      vertex -0.863592 -6.73944 6.45106
    endloop
  endfacet
  facet normal -0.0849635 -0.399718 0.912692
    outer loop
      vertex -0.8663 -6.74777 6.44716
      vertex -2.1041 -6.47576 6.45106
      vertex -2.16312 -6.65739 6.36602
    endloop
  endfacet
  facet normal -0.404532 -0.908592 0.103993
    outer loop
      vertex -3.73907 -6.47626 5.70791
      vertex -3.75 -6.49519 5.5
      vertex -3.55902 -6.58022 5.5
    endloop
  endfacet
  facet normal -0.180298 -0.84825 0.49796
    outer loop
      vertex -2.1041 -7.09041 5.90674
      vertex -1.02165 -7.21421 6.08778
      vertex -2.25861 -6.95129 6.08778
    endloop
  endfacet
  facet normal -0.180297 -0.848259 0.497946
    outer loop
      vertex -1.02165 -7.21421 6.08778
      vertex -2.1041 -7.09041 5.90674
      vertex -1.00465 -7.28202 5.97842
    endloop
  endfacet
  facet normal -0.180294 -0.848216 0.498019
    outer loop
      vertex -1.00465 -7.28202 5.97842
      vertex -2.1041 -7.09041 5.90674
      vertex -0.943471 -7.33711 5.90674
    endloop
  endfacet
  facet normal -0.404536 -0.908591 0.103989
    outer loop
      vertex -3.55902 -6.58022 5.5
      vertex -2.49768 -7.02897 5.70791
      vertex -3.73907 -6.47626 5.70791
    endloop
  endfacet
  facet normal -0.404532 -0.908597 0.103952
    outer loop
      vertex -2.49768 -7.02897 5.70791
      vertex -3.55902 -6.58022 5.5
      vertex -2.31763 -7.13292 5.5
    endloop
  endfacet
  facet normal -0.19784 -0.930766 0.307463
    outer loop
      vertex -1.06235 -7.37752 5.70791
      vertex -2.1041 -7.09041 5.90674
      vertex -2.31087 -7.11214 5.70791
    endloop
  endfacet
  facet normal -0.197847 -0.930774 0.307435
    outer loop
      vertex -2.1041 -7.09041 5.90674
      vertex -1.06235 -7.37752 5.70791
      vertex -1.05095 -7.37049 5.73653
    endloop
  endfacet
  facet normal 0.20678 -0.972829 0.104139
    outer loop
      vertex 1.06324 -7.38025 5.68064
      vertex 2.31087 -7.11214 5.70791
      vertex 1.06235 -7.37752 5.70791
    endloop
  endfacet
  facet normal 0.206788 -0.972847 0.103957
    outer loop
      vertex 2.31087 -7.11214 5.70791
      vertex 1.06324 -7.38025 5.68064
      vertex 2.31763 -7.13292 5.5
    endloop
  endfacet
  facet normal -0.387041 -0.869296 0.307448
    outer loop
      vertex -2.49768 -7.02897 5.70791
      vertex -3.5323 -6.498 5.90674
      vertex -3.73907 -6.47626 5.70791
    endloop
  endfacet
  facet normal -0.38703 -0.869288 0.307482
    outer loop
      vertex -3.5323 -6.498 5.90674
      vertex -2.49768 -7.02897 5.70791
      vertex -2.29091 -7.0507 5.90674
    endloop
  endfacet
  facet normal 0.207916 -0.978147 0
    outer loop
      vertex 2.31763 -7.13292 5.5
      vertex 1.08067 -7.39585 5.5
      vertex 2.31763 -7.13292 4.47716
    endloop
  endfacet
  facet normal 0.303025 -0.680554 0.6671
    outer loop
      vertex 2.34317 -6.76135 6.24314
      vertex 2.21538 -6.81825 6.24314
      vertex 2.25861 -6.95129 6.08778
    endloop
  endfacet
  facet normal 0.0434502 -0.204416 0.977919
    outer loop
      vertex 2.04091 -6.28128 6.49452
      vertex 0.863592 -6.73944 6.45106
      vertex 2.1041 -6.47576 6.45106
    endloop
  endfacet
  facet normal 0.0433275 -0.204107 0.977989
    outer loop
      vertex 0.863592 -6.73944 6.45106
      vertex 2.04091 -6.28128 6.49452
      vertex 0.860694 -6.73052 6.45305
    endloop
  endfacet
  facet normal -0.239943 -0.538881 0.807486
    outer loop
      vertex -2.16312 -6.65739 6.36602
      vertex -2.34317 -6.76135 6.24314
      vertex -2.21538 -6.81825 6.24314
    endloop
  endfacet
  facet normal -0.0849632 -0.39971 0.912695
    outer loop
      vertex -0.8663 -6.74777 6.44716
      vertex -2.16312 -6.65739 6.36602
      vertex -0.926162 -6.92032 6.36602
    endloop
  endfacet
  facet normal -0.197851 -0.93076 0.307474
    outer loop
      vertex -2.29091 -7.0507 5.90674
      vertex -2.31087 -7.11214 5.70791
      vertex -2.1041 -7.09041 5.90674
    endloop
  endfacet
  facet normal -0.122835 -0.169061 0.977921
    outer loop
      vertex -3.58229 -5.76762 6.45106
      vertex -3.30226 -5.71969 6.49452
      vertex -3.48004 -5.59052 6.49452
    endloop
  endfacet
  facet normal -0.122833 -0.169071 0.97792
    outer loop
      vertex -3.30226 -5.71969 6.49452
      vertex -3.58229 -5.76762 6.45106
      vertex -3.40451 -5.89678 6.45106
    endloop
  endfacet
  facet normal 0.559322 -0.769827 0.30745
    outer loop
      vertex 3.86128 -6.30806 5.90674
      vertex 3.70677 -6.42032 5.90674
      vertex 3.73907 -6.47626 5.70791
    endloop
  endfacet
  facet normal 0.352715 -0.792236 0.49795
    outer loop
      vertex 2.41312 -6.8825 6.08778
      vertex 2.25861 -6.95129 6.08778
      vertex 2.29091 -7.0507 5.90674
    endloop
  endfacet
  facet normal 0.587801 -0.809006 0
    outer loop
      vertex 3.75 -6.49519 3.26665
      vertex 3.92778 -6.36602 5.5
      vertex 3.75 -6.49519 5.5
    endloop
  endfacet
  facet normal 0.587788 -0.809015 1.52514e-06
    outer loop
      vertex 3.9052 -6.38243 3.09429
      vertex 3.92778 -6.36602 5.5
      vertex 3.75 -6.49519 3.26665
    endloop
  endfacet
  facet normal 0.587895 -0.808937 0
    outer loop
      vertex 3.92778 -6.36602 5.5
      vertex 3.9052 -6.38243 3.09429
      vertex 3.92778 -6.36602 3.06921
    endloop
  endfacet
  facet normal 0.40452 -0.908601 0.103965
    outer loop
      vertex 2.49768 -7.02897 5.70791
      vertex 2.31087 -7.11214 5.70791
      vertex 2.31763 -7.13292 5.5
    endloop
  endfacet
  facet normal 0.23993 -0.538897 0.80748
    outer loop
      vertex 3.5 -6.06218 6.36602
      vertex 2.34317 -6.76135 6.24314
      vertex 3.58457 -6.20865 6.24314
    endloop
  endfacet
  facet normal 0.239935 -0.538905 0.807473
    outer loop
      vertex 2.34317 -6.76135 6.24314
      vertex 3.5 -6.06218 6.36602
      vertex 2.25861 -6.61488 6.36602
    endloop
  endfacet
  facet normal -0.0850082 -0.190913 0.977919
    outer loop
      vertex -2.04091 -6.28128 6.49452
      vertex -2.16312 -6.44948 6.45106
      vertex -2.1041 -6.47576 6.45106
    endloop
  endfacet
  facet normal -0.0433275 -0.204107 0.977989
    outer loop
      vertex -2.04091 -6.28128 6.49452
      vertex -0.863592 -6.73944 6.45106
      vertex -0.860694 -6.73052 6.45305
    endloop
  endfacet
  facet normal -0.0434502 -0.204416 0.977919
    outer loop
      vertex -0.863592 -6.73944 6.45106
      vertex -2.04091 -6.28128 6.49452
      vertex -2.1041 -6.47576 6.45106
    endloop
  endfacet
  facet normal -0.38704 -0.869296 0.307448
    outer loop
      vertex -3.70677 -6.42032 5.90674
      vertex -3.73907 -6.47626 5.70791
      vertex -3.5323 -6.498 5.90674
    endloop
  endfacet
  facet normal -0.303016 -0.680576 0.667082
    outer loop
      vertex -2.41312 -6.8825 6.08778
      vertex -3.58457 -6.20865 6.24314
      vertex -3.65451 -6.32979 6.08778
    endloop
  endfacet
  facet normal -0.302997 -0.68055 0.667117
    outer loop
      vertex -3.58457 -6.20865 6.24314
      vertex -2.41312 -6.8825 6.08778
      vertex -2.34317 -6.76135 6.24314
    endloop
  endfacet
  facet normal -0.303025 -0.680554 0.6671
    outer loop
      vertex -2.21538 -6.81825 6.24314
      vertex -2.34317 -6.76135 6.24314
      vertex -2.25861 -6.95129 6.08778
    endloop
  endfacet
  facet normal 0.0850253 -0.1909 0.97792
    outer loop
      vertex 3.30226 -5.71969 6.49452
      vertex 3.2823 -5.72858 6.49452
      vertex 3.40451 -5.89678 6.45106
    endloop
  endfacet
  facet normal 0.180297 -0.848259 0.497946
    outer loop
      vertex 2.1041 -7.09041 5.90674
      vertex 1.02165 -7.21421 6.08778
      vertex 1.00465 -7.28202 5.97842
    endloop
  endfacet
  facet normal 0.180294 -0.848216 0.498019
    outer loop
      vertex 2.1041 -7.09041 5.90674
      vertex 1.00465 -7.28202 5.97842
      vertex 0.943471 -7.33711 5.90674
    endloop
  endfacet
  facet normal 0.180298 -0.84825 0.49796
    outer loop
      vertex 1.02165 -7.21421 6.08778
      vertex 2.1041 -7.09041 5.90674
      vertex 2.25861 -6.95129 6.08778
    endloop
  endfacet
  facet normal 0.206789 -0.972846 0.103968
    outer loop
      vertex 2.31763 -7.13292 5.5
      vertex 1.06324 -7.38025 5.68064
      vertex 1.08067 -7.39585 5.5
    endloop
  endfacet
  facet normal 0.197851 -0.93076 0.307474
    outer loop
      vertex 2.29091 -7.0507 5.90674
      vertex 2.1041 -7.09041 5.90674
      vertex 2.31087 -7.11214 5.70791
    endloop
  endfacet
  facet normal 0.180312 -0.848253 0.49795
    outer loop
      vertex 2.25861 -6.95129 6.08778
      vertex 2.1041 -7.09041 5.90674
      vertex 2.29091 -7.0507 5.90674
    endloop
  endfacet
  facet normal 0.239943 -0.538881 0.807486
    outer loop
      vertex 2.34317 -6.76135 6.24314
      vertex 2.16312 -6.65739 6.36602
      vertex 2.21538 -6.81825 6.24314
    endloop
  endfacet
  facet normal 0.239913 -0.538916 0.807472
    outer loop
      vertex 2.25861 -6.61488 6.36602
      vertex 2.16312 -6.65739 6.36602
      vertex 2.34317 -6.76135 6.24314
    endloop
  endfacet
  facet normal 0.437861 -0.602687 0.667118
    outer loop
      vertex 3.76234 -6.07948 6.24314
      vertex 3.79134 -6.23038 6.08778
      vertex 3.96912 -6.10122 6.08778
    endloop
  endfacet
  facet normal 0.437906 -0.602667 0.667107
    outer loop
      vertex 3.79134 -6.23038 6.08778
      vertex 3.76234 -6.07948 6.24314
      vertex 3.58457 -6.20865 6.24314
    endloop
  endfacet
  facet normal 0.302991 -0.680553 0.667116
    outer loop
      vertex 2.34317 -6.76135 6.24314
      vertex 2.25861 -6.95129 6.08778
      vertex 2.41312 -6.8825 6.08778
    endloop
  endfacet
  facet normal 0.406738 -0.913545 0
    outer loop
      vertex 3.55902 -6.58022 3.47876
      vertex 3.75 -6.49519 5.5
      vertex 3.55902 -6.58022 5.5
    endloop
  endfacet
  facet normal 0.406738 -0.913545 0
    outer loop
      vertex 3.75 -6.49519 5.5
      vertex 3.55902 -6.58022 3.47876
      vertex 3.75 -6.49519 3.26665
    endloop
  endfacet
  facet normal 0.352723 -0.792219 0.497972
    outer loop
      vertex 3.65451 -6.32979 6.08778
      vertex 3.5323 -6.498 5.90674
      vertex 3.70677 -6.42032 5.90674
    endloop
  endfacet
  facet normal 0.387021 -0.869296 0.307471
    outer loop
      vertex 2.49768 -7.02897 5.70791
      vertex 2.29091 -7.0507 5.90674
      vertex 2.31087 -7.11214 5.70791
    endloop
  endfacet
  facet normal 0.559298 -0.769836 0.307472
    outer loop
      vertex 3.91685 -6.3471 5.70791
      vertex 3.86128 -6.30806 5.90674
      vertex 3.73907 -6.47626 5.70791
    endloop
  endfacet
  facet normal 0.559298 -0.769836 0.307472
    outer loop
      vertex 3.86128 -6.30806 5.90674
      vertex 3.91685 -6.3471 5.70791
      vertex 4.03906 -6.1789 5.90674
    endloop
  endfacet
  facet normal 0.38704 -0.869296 0.307448
    outer loop
      vertex 3.70677 -6.42032 5.90674
      vertex 3.5323 -6.498 5.90674
      vertex 3.73907 -6.47626 5.70791
    endloop
  endfacet
  facet normal 0.16622 -0.373299 0.912699
    outer loop
      vertex 2.16312 -6.44948 6.45106
      vertex 2.1041 -6.47576 6.45106
      vertex 2.25861 -6.61488 6.36602
    endloop
  endfacet
  facet normal 0.0434518 -0.204427 0.977917
    outer loop
      vertex 2.04091 -6.28128 6.49452
      vertex 0.803955 -6.5442 6.49452
      vertex 0.860694 -6.73052 6.45305
    endloop
  endfacet
  facet normal -0.509715 -0.701583 0.497967
    outer loop
      vertex -3.65451 -6.32979 6.08778
      vertex -3.79134 -6.23038 6.08778
      vertex -3.70677 -6.42032 5.90674
    endloop
  endfacet
  facet normal -0.584616 -0.804622 0.103955
    outer loop
      vertex -3.75 -6.49519 5.5
      vertex -3.91685 -6.3471 5.70791
      vertex -3.92778 -6.36602 5.5
    endloop
  endfacet
  facet normal -0.584584 -0.804641 0.103994
    outer loop
      vertex -3.91685 -6.3471 5.70791
      vertex -3.75 -6.49519 5.5
      vertex -3.73907 -6.47626 5.70791
    endloop
  endfacet
  facet normal -0.154867 -0.728695 0.667099
    outer loop
      vertex -2.21538 -6.81825 6.24314
      vertex -2.25861 -6.95129 6.08778
      vertex -2.07855 -6.84733 6.24314
    endloop
  endfacet
  facet normal -0.154878 -0.728638 0.667158
    outer loop
      vertex -2.07855 -6.84733 6.24314
      vertex -0.966945 -7.11694 6.20674
      vertex -0.924751 -7.09258 6.24314
    endloop
  endfacet
  facet normal -0.154884 -0.728681 0.667109
    outer loop
      vertex -1.02165 -7.21421 6.08778
      vertex -2.07855 -6.84733 6.24314
      vertex -2.25861 -6.95129 6.08778
    endloop
  endfacet
  facet normal -0.154898 -0.728709 0.667075
    outer loop
      vertex -2.07855 -6.84733 6.24314
      vertex -1.02165 -7.21421 6.08778
      vertex -0.966945 -7.11694 6.20674
    endloop
  endfacet
  facet normal -0.352723 -0.792219 0.497972
    outer loop
      vertex -3.5323 -6.498 5.90674
      vertex -2.41312 -6.8825 6.08778
      vertex -3.65451 -6.32979 6.08778
    endloop
  endfacet
  facet normal -0.352725 -0.792236 0.497943
    outer loop
      vertex -2.41312 -6.8825 6.08778
      vertex -3.5323 -6.498 5.90674
      vertex -2.29091 -7.0507 5.90674
    endloop
  endfacet
  facet normal -0.352715 -0.792236 0.49795
    outer loop
      vertex -2.25861 -6.95129 6.08778
      vertex -2.41312 -6.8825 6.08778
      vertex -2.29091 -7.0507 5.90674
    endloop
  endfacet
  facet normal -0.0434518 -0.204427 0.977917
    outer loop
      vertex -0.803955 -6.5442 6.49452
      vertex -2.04091 -6.28128 6.49452
      vertex -0.860694 -6.73052 6.45305
    endloop
  endfacet
  facet normal -0.122649 -0.576994 0.807487
    outer loop
      vertex -0.926162 -6.92032 6.36602
      vertex -2.07855 -6.84733 6.24314
      vertex -0.944568 -7.04807 6.27194
    endloop
  endfacet
  facet normal -0.122649 -0.577002 0.807481
    outer loop
      vertex -2.07855 -6.84733 6.24314
      vertex -0.926162 -6.92032 6.36602
      vertex -2.16312 -6.65739 6.36602
    endloop
  endfacet
  facet normal -0.122659 -0.57706 0.807438
    outer loop
      vertex -0.924751 -7.09258 6.24314
      vertex -0.944568 -7.04807 6.27194
      vertex -2.07855 -6.84733 6.24314
    endloop
  endfacet
  facet normal 0.122835 -0.169061 0.977921
    outer loop
      vertex 3.30226 -5.71969 6.49452
      vertex 3.58229 -5.76762 6.45106
      vertex 3.48004 -5.59052 6.49452
    endloop
  endfacet
  facet normal 0.122833 -0.169071 0.97792
    outer loop
      vertex 3.58229 -5.76762 6.45106
      vertex 3.30226 -5.71969 6.49452
      vertex 3.40451 -5.89678 6.45106
    endloop
  endfacet
  facet normal -0.437906 -0.602667 0.667107
    outer loop
      vertex -3.76234 -6.07948 6.24314
      vertex -3.79134 -6.23038 6.08778
      vertex -3.58457 -6.20865 6.24314
    endloop
  endfacet
  facet normal -0.437861 -0.602687 0.667118
    outer loop
      vertex -3.79134 -6.23038 6.08778
      vertex -3.76234 -6.07948 6.24314
      vertex -3.96912 -6.10122 6.08778
    endloop
  endfacet
  facet normal -0.206789 -0.972846 0.103968
    outer loop
      vertex -1.06324 -7.38025 5.68064
      vertex -2.31763 -7.13292 5.5
      vertex -1.08067 -7.39585 5.5
    endloop
  endfacet
  facet normal -0.207916 -0.978147 -0
    outer loop
      vertex -2.31763 -7.13292 5.5
      vertex -2.31763 -7.13292 4.47716
      vertex -1.08067 -7.39585 5.5
    endloop
  endfacet
  facet normal -0.406735 -0.913546 -3.12575e-06
    outer loop
      vertex -2.5 -7.05172 4.33013
      vertex -2.31763 -7.13292 5.5
      vertex -3.55902 -6.58022 5.5
    endloop
  endfacet
  facet normal -0.406752 -0.913539 -0
    outer loop
      vertex -2.31763 -7.13292 5.5
      vertex -2.5 -7.05172 4.33013
      vertex -2.31763 -7.13292 4.47716
    endloop
  endfacet
  facet normal -0.406738 -0.913545 -2.07928e-05
    outer loop
      vertex -2.31763 -7.13292 4.47716
      vertex -2.5 -7.05172 4.33013
      vertex -2.36879 -7.11014 4.38855
    endloop
  endfacet
  facet normal -0.406731 -0.913548 1.64051e-06
    outer loop
      vertex -3.55902 -6.58022 5.5
      vertex -3.17652 -6.75052 3.8386
      vertex -2.5 -7.05172 4.33013
    endloop
  endfacet
  facet normal -0.406731 -0.913548 1.64052e-06
    outer loop
      vertex -3.55902 -6.58022 5.5
      vertex -3.34565 -6.67522 3.71572
      vertex -3.17652 -6.75052 3.8386
    endloop
  endfacet
  facet normal -0.406742 -0.913543 0
    outer loop
      vertex -3.34565 -6.67522 3.71572
      vertex -3.55902 -6.58022 5.5
      vertex -3.55902 -6.58022 3.47876
    endloop
  endfacet
  facet normal 0.404532 -0.908592 0.103993
    outer loop
      vertex 3.73907 -6.47626 5.70791
      vertex 3.55902 -6.58022 5.5
      vertex 3.75 -6.49519 5.5
    endloop
  endfacet
  facet normal 0 0 1
    outer loop
      vertex 5.34317 3.88204 6.49452
      vertex 4.87677 4.04552 6.49452
      vertex 4.88772 3.83675 6.49452
    endloop
  endfacet
  facet normal 0 0 1
    outer loop
      vertex 5.34317 3.88204 6.49452
      vertex 4.82267 4.24745 6.49452
      vertex 4.87677 4.04552 6.49452
    endloop
  endfacet
  facet normal 0 0 1
    outer loop
      vertex 5.34317 3.88204 6.49452
      vertex 4.72776 4.43373 6.49452
      vertex 4.82267 4.24745 6.49452
    endloop
  endfacet
  facet normal 0 0 1
    outer loop
      vertex 4.43391 4.89188 6.49452
      vertex 4.72776 4.43373 6.49452
      vertex 5.34317 3.88204 6.49452
    endloop
  endfacet
  facet normal 0 0 1
    outer loop
      vertex 4.72776 4.43373 6.49452
      vertex 4.43391 4.89188 6.49452
      vertex 4.59619 4.59619 6.49452
    endloop
  endfacet
  facet normal 0 0 1
    outer loop
      vertex 4.43391 4.89188 6.49452
      vertex 4.43373 4.72776 6.49452
      vertex 4.59619 4.59619 6.49452
    endloop
  endfacet
  facet normal 0 0 1
    outer loop
      vertex 4.24745 4.82267 6.49452
      vertex 4.43391 4.89188 6.49452
      vertex 4.41929 4.90812 6.49452
    endloop
  endfacet
  facet normal 0 0 1
    outer loop
      vertex 4.24745 4.82267 6.49452
      vertex 4.41929 4.90812 6.49452
      vertex 4.40161 4.92096 6.49452
    endloop
  endfacet
  facet normal 0 0 1
    outer loop
      vertex 4.43391 4.89188 6.49452
      vertex 4.24745 4.82267 6.49452
      vertex 4.43373 4.72776 6.49452
    endloop
  endfacet
  facet normal 0 0 1
    outer loop
      vertex 4.40161 4.92096 6.49452
      vertex 4.04552 4.87677 6.49452
      vertex 4.24745 4.82267 6.49452
    endloop
  endfacet
  facet normal 0 0 1
    outer loop
      vertex 3.30226 5.71969 6.49452
      vertex 4.04552 4.87677 6.49452
      vertex 4.40161 4.92096 6.49452
    endloop
  endfacet
  facet normal 0 0 1
    outer loop
      vertex 4.04552 4.87677 6.49452
      vertex 3.30226 5.71969 6.49452
      vertex 3.83675 4.88772 6.49452
    endloop
  endfacet
  facet normal 0 0 1
    outer loop
      vertex 3.30226 5.71969 6.49452
      vertex 3.63027 4.85501 6.49452
      vertex 3.83675 4.88772 6.49452
    endloop
  endfacet
  facet normal -0 0 1
    outer loop
      vertex 3 5.19615 6.49452
      vertex 3.63027 4.85501 6.49452
      vertex 3.30226 5.71969 6.49452
    endloop
  endfacet
  facet normal 0 0 1
    outer loop
      vertex 3 5.19615 6.49452
      vertex 3.30226 5.71969 6.49452
      vertex 3.2823 5.72858 6.49452
    endloop
  endfacet
  facet normal 0 0 1
    outer loop
      vertex 3.63027 4.85501 6.49452
      vertex 3 5.19615 6.49452
      vertex 3.5251 4.81464 6.49452
    endloop
  endfacet
  facet normal 0 0 1
    outer loop
      vertex 1.8541 5.70634 6.49452
      vertex 3.2823 5.72858 6.49452
      vertex 2.04091 6.28128 6.49452
    endloop
  endfacet
  facet normal 0 0 1
    outer loop
      vertex 3.2823 5.72858 6.49452
      vertex 1.8541 5.70634 6.49452
      vertex 3 5.19615 6.49452
    endloop
  endfacet
  facet normal 0 0 1
    outer loop
      vertex 0.711736 6.5638 6.49452
      vertex 1.8541 5.70634 6.49452
      vertex 2.04091 6.28128 6.49452
    endloop
  endfacet
  facet normal 0 0 1
    outer loop
      vertex 0.627171 5.96713 6.49452
      vertex 0.711736 6.5638 6.49452
      vertex 0.69036 6.56835 6.49452
    endloop
  endfacet
  facet normal 0 0 1
    outer loop
      vertex 0.711736 6.5638 6.49452
      vertex 0.627171 5.96713 6.49452
      vertex 1.8541 5.70634 6.49452
    endloop
  endfacet
  facet normal 0 0 1
    outer loop
      vertex 0.69036 6.56835 6.49452
      vertex -0.627171 5.96713 6.49452
      vertex 0.627171 5.96713 6.49452
    endloop
  endfacet
  facet normal -0 0 1
    outer loop
      vertex -0.69036 6.56835 6.49452
      vertex -0.627171 5.96713 6.49452
      vertex 0.69036 6.56835 6.49452
    endloop
  endfacet
  facet normal -0 0 1
    outer loop
      vertex -0.711736 6.5638 6.49452
      vertex -0.627171 5.96713 6.49452
      vertex -0.69036 6.56835 6.49452
    endloop
  endfacet
  facet normal 0 0 1
    outer loop
      vertex -0.711736 6.5638 6.49452
      vertex -1.8541 5.70634 6.49452
      vertex -0.627171 5.96713 6.49452
    endloop
  endfacet
  facet normal -0 0 1
    outer loop
      vertex -2.04091 6.28128 6.49452
      vertex -1.8541 5.70634 6.49452
      vertex -0.711736 6.5638 6.49452
    endloop
  endfacet
  facet normal -0 0 1
    outer loop
      vertex -3.2823 5.72858 6.49452
      vertex -1.8541 5.70634 6.49452
      vertex -2.04091 6.28128 6.49452
    endloop
  endfacet
  facet normal 0 0 1
    outer loop
      vertex -1.8541 5.70634 6.49452
      vertex -3.2823 5.72858 6.49452
      vertex -3 5.19615 6.49452
    endloop
  endfacet
  facet normal -0 0 1
    outer loop
      vertex -3.30226 5.71969 6.49452
      vertex -3 5.19615 6.49452
      vertex -3.2823 5.72858 6.49452
    endloop
  endfacet
  facet normal 0 0 1
    outer loop
      vertex -3.53072 4.82267 6.49452
      vertex -3 5.19615 6.49452
      vertex -3.30226 5.71969 6.49452
    endloop
  endfacet
  facet normal 0 0 1
    outer loop
      vertex -3 5.19615 6.49452
      vertex -3.53072 4.82267 6.49452
      vertex -3.52093 4.81768 6.49452
    endloop
  endfacet
  facet normal 0 0 1
    outer loop
      vertex -3.30226 5.71969 6.49452
      vertex -3.73265 4.87677 6.49452
      vertex -3.53072 4.82267 6.49452
    endloop
  endfacet
  facet normal 0 0 1
    outer loop
      vertex -3.30226 5.71969 6.49452
      vertex -3.94142 4.88772 6.49452
      vertex -3.73265 4.87677 6.49452
    endloop
  endfacet
  facet normal -0 0 1
    outer loop
      vertex -4.40161 4.92096 6.49452
      vertex -3.94142 4.88772 6.49452
      vertex -3.30226 5.71969 6.49452
    endloop
  endfacet
  facet normal 0 0 1
    outer loop
      vertex -3.94142 4.88772 6.49452
      vertex -4.40161 4.92096 6.49452
      vertex -4.14791 4.85501 6.49452
    endloop
  endfacet
  facet normal 0 0 1
    outer loop
      vertex -4.14791 4.85501 6.49452
      vertex -4.40161 4.92096 6.49452
      vertex -4.34308 4.78009 6.49452
    endloop
  endfacet
  facet normal -0 0 1
    outer loop
      vertex -4.41929 4.90812 6.49452
      vertex -4.34308 4.78009 6.49452
      vertex -4.40161 4.92096 6.49452
    endloop
  endfacet
  facet normal -0 0 1
    outer loop
      vertex -4.43391 4.89188 6.49452
      vertex -4.34308 4.78009 6.49452
      vertex -4.41929 4.90812 6.49452
    endloop
  endfacet
  facet normal 0 0 1
    outer loop
      vertex -4.43391 4.89188 6.49452
      vertex -4.51841 4.66623 6.49452
      vertex -4.34308 4.78009 6.49452
    endloop
  endfacet
  facet normal 0 0 1
    outer loop
      vertex -4.43391 4.89188 6.49452
      vertex -4.66623 4.51841 6.49452
      vertex -4.51841 4.66623 6.49452
    endloop
  endfacet
  facet normal 0 0 1
    outer loop
      vertex -5.34317 3.88204 6.49452
      vertex -4.66623 4.51841 6.49452
      vertex -4.43391 4.89188 6.49452
    endloop
  endfacet
  facet normal 0 0 1
    outer loop
      vertex -4.85501 4.14791 6.49452
      vertex -5.34317 3.88204 6.49452
      vertex -4.88772 3.94142 6.49452
    endloop
  endfacet
  facet normal 0 0 1
    outer loop
      vertex -4.78009 4.34308 6.49452
      vertex -5.34317 3.88204 6.49452
      vertex -4.85501 4.14791 6.49452
    endloop
  endfacet
  facet normal 0 0 1
    outer loop
      vertex -4.66623 4.51841 6.49452
      vertex -5.34317 3.88204 6.49452
      vertex -4.78009 4.34308 6.49452
    endloop
  endfacet
  facet normal 0 0 1
    outer loop
      vertex 6 0 6.49452
      vertex 6.60453 0 6.49452
      vertex 6.46249 1.35143 6.49452
    endloop
  endfacet
  facet normal 0 0 1
    outer loop
      vertex 6.60453 0 6.49452
      vertex 6 0 6.49452
      vertex 6.53175 -0.692458 6.49452
    endloop
  endfacet
  facet normal 0 0 1
    outer loop
      vertex 6.45345 1.39394 6.49452
      vertex 6.46249 1.35143 6.49452
      vertex 6.4602 1.37316 6.49452
    endloop
  endfacet
  facet normal 0 0 1
    outer loop
      vertex 5.86889 -1.24747 6.49452
      vertex 6.53175 -0.692458 6.49452
      vertex 6 0 6.49452
    endloop
  endfacet
  facet normal 0 0 1
    outer loop
      vertex 6.46249 1.35143 6.49452
      vertex 6.45345 1.39394 6.49452
      vertex 5.86889 1.24747 6.49452
    endloop
  endfacet
  facet normal 0 0 1
    outer loop
      vertex 6.53175 -0.692458 6.49452
      vertex 5.86889 -1.24747 6.49452
      vertex 6.46249 -1.35143 6.49452
    endloop
  endfacet
  facet normal 0 -0 1
    outer loop
      vertex 6.45345 -1.39394 6.49452
      vertex 6.46249 -1.35143 6.49452
      vertex 5.86889 -1.24747 6.49452
    endloop
  endfacet
  facet normal -0 0 1
    outer loop
      vertex 5.48127 2.44042 6.49452
      vertex 6.45345 1.39394 6.49452
      vertex 6.03354 2.6863 6.49452
    endloop
  endfacet
  facet normal 0 0 1
    outer loop
      vertex 6.46249 -1.35143 6.49452
      vertex 6.45345 -1.39394 6.49452
      vertex 6.4602 -1.37316 6.49452
    endloop
  endfacet
  facet normal 0 0 1
    outer loop
      vertex 6.45345 -1.39394 6.49452
      vertex 5.86889 -1.24747 6.49452
      vertex 6.1303 -2.38848 6.49452
    endloop
  endfacet
  facet normal 0 0 1
    outer loop
      vertex 6.46249 1.35143 6.49452
      vertex 5.86889 1.24747 6.49452
      vertex 6 0 6.49452
    endloop
  endfacet
  facet normal 0 0 1
    outer loop
      vertex 5.48127 2.44042 6.49452
      vertex 6.03354 2.6863 6.49452
      vertex 5.85203 3.00067 6.49452
    endloop
  endfacet
  facet normal 0 0 1
    outer loop
      vertex 6.45345 1.39394 6.49452
      vertex 5.48127 2.44042 6.49452
      vertex 5.86889 1.24747 6.49452
    endloop
  endfacet
  facet normal -0 0 1
    outer loop
      vertex 4.8541 3.52671 6.49452
      vertex 5.85203 3.00067 6.49452
      vertex 5.3541 3.86312 6.49452
    endloop
  endfacet
  facet normal 0 0 1
    outer loop
      vertex 4.88772 3.83675 6.49452
      vertex 5.3541 3.86312 6.49452
      vertex 5.34317 3.88204 6.49452
    endloop
  endfacet
  facet normal 0 0 1
    outer loop
      vertex 5.3541 3.86312 6.49452
      vertex 4.88772 3.83675 6.49452
      vertex 4.85501 3.63027 6.49452
    endloop
  endfacet
  facet normal 0 0 1
    outer loop
      vertex 5.3541 3.86312 6.49452
      vertex 4.85501 3.63027 6.49452
      vertex 4.8541 3.52671 6.49452
    endloop
  endfacet
  facet normal 0 0 1
    outer loop
      vertex 5.85203 3.00067 6.49452
      vertex 4.8541 3.52671 6.49452
      vertex 5.48127 2.44042 6.49452
    endloop
  endfacet
  facet normal 0 -0 1
    outer loop
      vertex 4.8541 3.52671 6.49452
      vertex 4.85501 3.63027 6.49452
      vertex 4.82687 3.55695 6.49452
    endloop
  endfacet
  facet normal 0 0 1
    outer loop
      vertex 5.48127 -2.44042 6.49452
      vertex 6.1303 -2.38848 6.49452
      vertex 5.86889 -1.24747 6.49452
    endloop
  endfacet
  facet normal 0 0 1
    outer loop
      vertex 6.1303 -2.38848 6.49452
      vertex 5.48127 -2.44042 6.49452
      vertex 6.03354 -2.6863 6.49452
    endloop
  endfacet
  facet normal 0 0 1
    outer loop
      vertex 5.48127 -2.44042 6.49452
      vertex 5.3541 -3.86312 6.49452
      vertex 6.03354 -2.6863 6.49452
    endloop
  endfacet
  facet normal -0 0 1
    outer loop
      vertex 4.8541 -3.52671 6.49452
      vertex 5.3541 -3.86312 6.49452
      vertex 5.48127 -2.44042 6.49452
    endloop
  endfacet
  facet normal 0 0 1
    outer loop
      vertex 5.3541 -3.86312 6.49452
      vertex 4.8541 -3.52671 6.49452
      vertex 5.34317 -3.88204 6.49452
    endloop
  endfacet
  facet normal 0 0 1
    outer loop
      vertex 4.8541 -3.52671 6.49452
      vertex 4.43391 -4.89188 6.49452
      vertex 5.34317 -3.88204 6.49452
    endloop
  endfacet
  facet normal -0 0 1
    outer loop
      vertex 4.01478 -4.45887 6.49452
      vertex 4.43391 -4.89188 6.49452
      vertex 4.8541 -3.52671 6.49452
    endloop
  endfacet
  facet normal 0 -0 1
    outer loop
      vertex 4.40161 -4.92096 6.49452
      vertex 4.43391 -4.89188 6.49452
      vertex 4.01478 -4.45887 6.49452
    endloop
  endfacet
  facet normal 0 0 1
    outer loop
      vertex 4.43391 -4.89188 6.49452
      vertex 4.40161 -4.92096 6.49452
      vertex 4.41929 -4.90812 6.49452
    endloop
  endfacet
  facet normal 0 0 1
    outer loop
      vertex 4.01478 -4.45887 6.49452
      vertex 3.48004 -5.59052 6.49452
      vertex 4.40161 -4.92096 6.49452
    endloop
  endfacet
  facet normal -0 0 1
    outer loop
      vertex 3 -5.19615 6.49452
      vertex 3.48004 -5.59052 6.49452
      vertex 4.01478 -4.45887 6.49452
    endloop
  endfacet
  facet normal 0 0 1
    outer loop
      vertex 3.48004 -5.59052 6.49452
      vertex 3 -5.19615 6.49452
      vertex 3.30226 -5.71969 6.49452
    endloop
  endfacet
  facet normal 0 0 1
    outer loop
      vertex 3.30226 -5.71969 6.49452
      vertex 3 -5.19615 6.49452
      vertex 3.2823 -5.72858 6.49452
    endloop
  endfacet
  facet normal -0 0 1
    outer loop
      vertex 1.8541 -5.70634 6.49452
      vertex 3.2823 -5.72858 6.49452
      vertex 3 -5.19615 6.49452
    endloop
  endfacet
  facet normal 0 0 1
    outer loop
      vertex 3.2823 -5.72858 6.49452
      vertex 1.8541 -5.70634 6.49452
      vertex 2.04091 -6.28128 6.49452
    endloop
  endfacet
  facet normal 0 0 1
    outer loop
      vertex 1.8541 -5.70634 6.49452
      vertex 0.803955 -6.5442 6.49452
      vertex 2.04091 -6.28128 6.49452
    endloop
  endfacet
  facet normal -0 0 1
    outer loop
      vertex 0.627171 -5.96713 6.49452
      vertex 0.803955 -6.5442 6.49452
      vertex 1.8541 -5.70634 6.49452
    endloop
  endfacet
  facet normal 0 0 1
    outer loop
      vertex 0.803955 -6.5442 6.49452
      vertex 0.627171 -5.96713 6.49452
      vertex 0.711736 -6.5638 6.49452
    endloop
  endfacet
  facet normal 0 0 1
    outer loop
      vertex 0.711736 -6.5638 6.49452
      vertex 0.627171 -5.96713 6.49452
      vertex 0.69036 -6.56835 6.49452
    endloop
  endfacet
  facet normal -0 0 1
    outer loop
      vertex -0.627171 -5.96713 6.49452
      vertex 0.69036 -6.56835 6.49452
      vertex 0.627171 -5.96713 6.49452
    endloop
  endfacet
  facet normal 0 0 1
    outer loop
      vertex -0.627171 -5.96713 6.49452
      vertex -0.69036 -6.56835 6.49452
      vertex 0.69036 -6.56835 6.49452
    endloop
  endfacet
  facet normal 0 0 1
    outer loop
      vertex -0.627171 -5.96713 6.49452
      vertex -0.711736 -6.5638 6.49452
      vertex -0.69036 -6.56835 6.49452
    endloop
  endfacet
  facet normal 0 0 1
    outer loop
      vertex -0.627171 -5.96713 6.49452
      vertex -0.803955 -6.5442 6.49452
      vertex -0.711736 -6.5638 6.49452
    endloop
  endfacet
  facet normal 0 0 1
    outer loop
      vertex -1.8541 -5.70634 6.49452
      vertex -0.803955 -6.5442 6.49452
      vertex -0.627171 -5.96713 6.49452
    endloop
  endfacet
  facet normal 0 0 1
    outer loop
      vertex -1.8541 -5.70634 6.49452
      vertex -2.04091 -6.28128 6.49452
      vertex -0.803955 -6.5442 6.49452
    endloop
  endfacet
  facet normal 0 0 1
    outer loop
      vertex -3.2823 -5.72858 6.49452
      vertex -1.8541 -5.70634 6.49452
      vertex -3 -5.19615 6.49452
    endloop
  endfacet
  facet normal 0 0 1
    outer loop
      vertex -1.8541 -5.70634 6.49452
      vertex -3.2823 -5.72858 6.49452
      vertex -2.04091 -6.28128 6.49452
    endloop
  endfacet
  facet normal 0 0 1
    outer loop
      vertex -3 -5.19615 6.49452
      vertex -3.30226 -5.71969 6.49452
      vertex -3.2823 -5.72858 6.49452
    endloop
  endfacet
  facet normal 0 0 1
    outer loop
      vertex -3 -5.19615 6.49452
      vertex -3.48004 -5.59052 6.49452
      vertex -3.30226 -5.71969 6.49452
    endloop
  endfacet
  facet normal 0 0 1
    outer loop
      vertex -4.01478 -4.45887 6.49452
      vertex -3.48004 -5.59052 6.49452
      vertex -3 -5.19615 6.49452
    endloop
  endfacet
  facet normal 0 0 1
    outer loop
      vertex -4.01478 -4.45887 6.49452
      vertex -4.40161 -4.92096 6.49452
      vertex -3.48004 -5.59052 6.49452
    endloop
  endfacet
  facet normal -0 0 1
    outer loop
      vertex -4.43391 -4.89188 6.49452
      vertex -4.40161 -4.92096 6.49452
      vertex -4.01478 -4.45887 6.49452
    endloop
  endfacet
  facet normal 0 0 1
    outer loop
      vertex -4.40161 -4.92096 6.49452
      vertex -4.43391 -4.89188 6.49452
      vertex -4.41929 -4.90812 6.49452
    endloop
  endfacet
  facet normal 0 0 1
    outer loop
      vertex -4.8541 -3.52671 6.49452
      vertex -4.43391 -4.89188 6.49452
      vertex -4.01478 -4.45887 6.49452
    endloop
  endfacet
  facet normal 0 0 1
    outer loop
      vertex -4.8541 -3.52671 6.49452
      vertex -5.34317 -3.88204 6.49452
      vertex -4.43391 -4.89188 6.49452
    endloop
  endfacet
  facet normal 0 0 1
    outer loop
      vertex -4.8541 -3.52671 6.49452
      vertex -5.3541 -3.86312 6.49452
      vertex -5.34317 -3.88204 6.49452
    endloop
  endfacet
  facet normal 0 0 1
    outer loop
      vertex -5.48127 -2.44042 6.49452
      vertex -5.3541 -3.86312 6.49452
      vertex -4.8541 -3.52671 6.49452
    endloop
  endfacet
  facet normal -0 0 1
    outer loop
      vertex -6.1303 -2.38848 6.49452
      vertex -5.48127 -2.44042 6.49452
      vertex -5.86889 -1.24747 6.49452
    endloop
  endfacet
  facet normal 0 0 1
    outer loop
      vertex -5.48127 -2.44042 6.49452
      vertex -6.03354 -2.6863 6.49452
      vertex -5.3541 -3.86312 6.49452
    endloop
  endfacet
  facet normal -0 0 1
    outer loop
      vertex -6.53175 -0.692458 6.49452
      vertex -5.86889 -1.24747 6.49452
      vertex -6 0 6.49452
    endloop
  endfacet
  facet normal -0 0 1
    outer loop
      vertex -6.46249 1.35143 6.49452
      vertex -5.86889 1.24747 6.49452
      vertex -6.45345 1.39394 6.49452
    endloop
  endfacet
  facet normal 0 0 1
    outer loop
      vertex -5.48127 -2.44042 6.49452
      vertex -6.1303 -2.38848 6.49452
      vertex -6.03354 -2.6863 6.49452
    endloop
  endfacet
  facet normal 0 0 1
    outer loop
      vertex -5.86889 1.24747 6.49452
      vertex -6.46249 1.35143 6.49452
      vertex -6 0 6.49452
    endloop
  endfacet
  facet normal 0 0 1
    outer loop
      vertex -5.86889 -1.24747 6.49452
      vertex -6.53175 -0.692458 6.49452
      vertex -6.46249 -1.35143 6.49452
    endloop
  endfacet
  facet normal 0 0 1
    outer loop
      vertex -6.46249 1.35143 6.49452
      vertex -6.45345 1.39394 6.49452
      vertex -6.4602 1.37316 6.49452
    endloop
  endfacet
  facet normal 0 0 1
    outer loop
      vertex -6.60453 0 6.49452
      vertex -6 0 6.49452
      vertex -6.46249 1.35143 6.49452
    endloop
  endfacet
  facet normal 0 0 1
    outer loop
      vertex -5.86889 -1.24747 6.49452
      vertex -6.45345 -1.39394 6.49452
      vertex -6.1303 -2.38848 6.49452
    endloop
  endfacet
  facet normal 0 0 1
    outer loop
      vertex -6.45345 -1.39394 6.49452
      vertex -6.46249 -1.35143 6.49452
      vertex -6.4602 -1.37316 6.49452
    endloop
  endfacet
  facet normal 0 0 1
    outer loop
      vertex -5.86889 -1.24747 6.49452
      vertex -6.46249 -1.35143 6.49452
      vertex -6.45345 -1.39394 6.49452
    endloop
  endfacet
  facet normal 0 0 1
    outer loop
      vertex -6 0 6.49452
      vertex -6.60453 0 6.49452
      vertex -6.53175 -0.692458 6.49452
    endloop
  endfacet
  facet normal 0 0 1
    outer loop
      vertex -4.87677 3.73265 6.49452
      vertex -4.8541 3.52671 6.49452
      vertex -4.82905 3.55454 6.49452
    endloop
  endfacet
  facet normal -0 0 1
    outer loop
      vertex -5.34317 3.88204 6.49452
      vertex -4.87677 3.73265 6.49452
      vertex -4.88772 3.94142 6.49452
    endloop
  endfacet
  facet normal -0 0 1
    outer loop
      vertex -5.3541 3.86312 6.49452
      vertex -4.87677 3.73265 6.49452
      vertex -5.34317 3.88204 6.49452
    endloop
  endfacet
  facet normal 0 0 1
    outer loop
      vertex -4.87677 3.73265 6.49452
      vertex -5.3541 3.86312 6.49452
      vertex -4.8541 3.52671 6.49452
    endloop
  endfacet
  facet normal 0 0 1
    outer loop
      vertex -5.85203 3.00067 6.49452
      vertex -4.8541 3.52671 6.49452
      vertex -5.3541 3.86312 6.49452
    endloop
  endfacet
  facet normal 0 0 1
    outer loop
      vertex -4.8541 3.52671 6.49452
      vertex -5.85203 3.00067 6.49452
      vertex -5.48127 2.44042 6.49452
    endloop
  endfacet
  facet normal -0 0 1
    outer loop
      vertex -6.03354 2.6863 6.49452
      vertex -5.48127 2.44042 6.49452
      vertex -5.85203 3.00067 6.49452
    endloop
  endfacet
  facet normal 0 0 1
    outer loop
      vertex -6.45345 1.39394 6.49452
      vertex -5.48127 2.44042 6.49452
      vertex -6.03354 2.6863 6.49452
    endloop
  endfacet
  facet normal 0 0 1
    outer loop
      vertex -5.48127 2.44042 6.49452
      vertex -6.45345 1.39394 6.49452
      vertex -5.86889 1.24747 6.49452
    endloop
  endfacet
  facet normal 0.0849635 -0.399718 0.912692
    outer loop
      vertex 2.1041 -6.47576 6.45106
      vertex 0.8663 -6.74777 6.44716
      vertex 2.16312 -6.65739 6.36602
    endloop
  endfacet
  facet normal 0.0849587 -0.399696 0.912702
    outer loop
      vertex 0.8663 -6.74777 6.44716
      vertex 2.1041 -6.47576 6.45106
      vertex 0.863592 -6.73944 6.45106
    endloop
  endfacet
  facet normal 0.122649 -0.577002 0.807481
    outer loop
      vertex 0.926162 -6.92032 6.36602
      vertex 2.07855 -6.84733 6.24314
      vertex 2.16312 -6.65739 6.36602
    endloop
  endfacet
  facet normal 0.122649 -0.576994 0.807487
    outer loop
      vertex 2.07855 -6.84733 6.24314
      vertex 0.926162 -6.92032 6.36602
      vertex 0.944568 -7.04807 6.27194
    endloop
  endfacet
  facet normal 0.122659 -0.57706 0.807438
    outer loop
      vertex 2.07855 -6.84733 6.24314
      vertex 0.944568 -7.04807 6.27194
      vertex 0.924751 -7.09258 6.24314
    endloop
  endfacet
  facet normal 0.352725 -0.792236 0.497943
    outer loop
      vertex 3.5323 -6.498 5.90674
      vertex 2.41312 -6.8825 6.08778
      vertex 2.29091 -7.0507 5.90674
    endloop
  endfacet
  facet normal 0.352723 -0.792219 0.497972
    outer loop
      vertex 2.41312 -6.8825 6.08778
      vertex 3.5323 -6.498 5.90674
      vertex 3.65451 -6.32979 6.08778
    endloop
  endfacet
  facet normal 0.406752 -0.913539 0
    outer loop
      vertex 2.5 -7.05172 4.33013
      vertex 2.31763 -7.13292 5.5
      vertex 2.31763 -7.13292 4.47716
    endloop
  endfacet
  facet normal 0.406738 -0.913545 -2.07928e-05
    outer loop
      vertex 2.5 -7.05172 4.33013
      vertex 2.31763 -7.13292 4.47716
      vertex 2.36879 -7.11014 4.38855
    endloop
  endfacet
  facet normal 0.406735 -0.913546 -3.12575e-06
    outer loop
      vertex 2.31763 -7.13292 5.5
      vertex 2.5 -7.05172 4.33013
      vertex 3.55902 -6.58022 5.5
    endloop
  endfacet
  facet normal 0.406731 -0.913548 1.64051e-06
    outer loop
      vertex 3.17652 -6.75052 3.8386
      vertex 3.55902 -6.58022 5.5
      vertex 2.5 -7.05172 4.33013
    endloop
  endfacet
  facet normal 0.406731 -0.913548 1.64052e-06
    outer loop
      vertex 3.34565 -6.67522 3.71572
      vertex 3.55902 -6.58022 5.5
      vertex 3.17652 -6.75052 3.8386
    endloop
  endfacet
  facet normal 0.406742 -0.913543 0
    outer loop
      vertex 3.55902 -6.58022 5.5
      vertex 3.34565 -6.67522 3.71572
      vertex 3.55902 -6.58022 3.47876
    endloop
  endfacet
  facet normal 0.38703 -0.869288 0.307482
    outer loop
      vertex 2.49768 -7.02897 5.70791
      vertex 3.5323 -6.498 5.90674
      vertex 2.29091 -7.0507 5.90674
    endloop
  endfacet
  facet normal 0.387041 -0.869296 0.307448
    outer loop
      vertex 3.5323 -6.498 5.90674
      vertex 2.49768 -7.02897 5.70791
      vertex 3.73907 -6.47626 5.70791
    endloop
  endfacet
  facet normal 0.154867 -0.728695 0.667099
    outer loop
      vertex 2.21538 -6.81825 6.24314
      vertex 2.07855 -6.84733 6.24314
      vertex 2.25861 -6.95129 6.08778
    endloop
  endfacet
  facet normal -0.40452 -0.908601 0.103965
    outer loop
      vertex -2.31087 -7.11214 5.70791
      vertex -2.49768 -7.02897 5.70791
      vertex -2.31763 -7.13292 5.5
    endloop
  endfacet
  facet normal -0.559322 -0.769827 0.30745
    outer loop
      vertex -3.70677 -6.42032 5.90674
      vertex -3.86128 -6.30806 5.90674
      vertex -3.73907 -6.47626 5.70791
    endloop
  endfacet
  facet normal -0.352723 -0.792219 0.497972
    outer loop
      vertex -3.65451 -6.32979 6.08778
      vertex -3.70677 -6.42032 5.90674
      vertex -3.5323 -6.498 5.90674
    endloop
  endfacet
  facet normal -0.509735 -0.701578 0.497953
    outer loop
      vertex -3.79134 -6.23038 6.08778
      vertex -3.86128 -6.30806 5.90674
      vertex -3.70677 -6.42032 5.90674
    endloop
  endfacet
  facet normal -0.302991 -0.680553 0.667116
    outer loop
      vertex -2.34317 -6.76135 6.24314
      vertex -2.41312 -6.8825 6.08778
      vertex -2.25861 -6.95129 6.08778
    endloop
  endfacet
  facet normal -0.240192 -0.330608 0.912691
    outer loop
      vertex -3.67778 -5.93301 6.36602
      vertex -3.40451 -5.89678 6.45106
      vertex -3.58229 -5.76762 6.45106
    endloop
  endfacet
  facet normal -0.240197 -0.330589 0.912697
    outer loop
      vertex -3.40451 -5.89678 6.45106
      vertex -3.67778 -5.93301 6.36602
      vertex -3.5 -6.06218 6.36602
    endloop
  endfacet
  facet normal 0.240192 -0.330608 0.912691
    outer loop
      vertex 3.40451 -5.89678 6.45106
      vertex 3.67778 -5.93301 6.36602
      vertex 3.58229 -5.76762 6.45106
    endloop
  endfacet
  facet normal 0.240197 -0.330589 0.912697
    outer loop
      vertex 3.67778 -5.93301 6.36602
      vertex 3.40451 -5.89678 6.45106
      vertex 3.5 -6.06218 6.36602
    endloop
  endfacet
  facet normal -0.406738 -0.913545 0
    outer loop
      vertex -3.75 -6.49519 5.5
      vertex -3.55902 -6.58022 3.47876
      vertex -3.55902 -6.58022 5.5
    endloop
  endfacet
  facet normal -0.406738 -0.913545 0
    outer loop
      vertex -3.55902 -6.58022 3.47876
      vertex -3.75 -6.49519 5.5
      vertex -3.75 -6.49519 3.26665
    endloop
  endfacet
  facet normal 0.584584 -0.804641 0.103994
    outer loop
      vertex 3.75 -6.49519 5.5
      vertex 3.91685 -6.3471 5.70791
      vertex 3.73907 -6.47626 5.70791
    endloop
  endfacet
  facet normal 0.584616 -0.804622 0.103955
    outer loop
      vertex 3.91685 -6.3471 5.70791
      vertex 3.75 -6.49519 5.5
      vertex 3.92778 -6.36602 5.5
    endloop
  endfacet
  facet normal 0.197841 -0.930765 0.307466
    outer loop
      vertex 1.02261 -7.34878 5.82049
      vertex 2.1041 -7.09041 5.90674
      vertex 0.943471 -7.33711 5.90674
    endloop
  endfacet
  facet normal 0.197843 -0.930769 0.307454
    outer loop
      vertex 2.1041 -7.09041 5.90674
      vertex 1.02261 -7.34878 5.82049
      vertex 1.05095 -7.37049 5.73653
    endloop
  endfacet
  facet normal 0.197847 -0.930774 0.307435
    outer loop
      vertex 1.06235 -7.37752 5.70791
      vertex 2.1041 -7.09041 5.90674
      vertex 1.05095 -7.37049 5.73653
    endloop
  endfacet
  facet normal 0.19784 -0.930766 0.307463
    outer loop
      vertex 2.1041 -7.09041 5.90674
      vertex 1.06235 -7.37752 5.70791
      vertex 2.31087 -7.11214 5.70791
    endloop
  endfacet
  facet normal 0.166206 -0.373306 0.912698
    outer loop
      vertex 3.40451 -5.89678 6.45106
      vertex 2.25861 -6.61488 6.36602
      vertex 3.5 -6.06218 6.36602
    endloop
  endfacet
  facet normal 0.166206 -0.373306 0.912698
    outer loop
      vertex 2.25861 -6.61488 6.36602
      vertex 3.40451 -5.89678 6.45106
      vertex 2.16312 -6.44948 6.45106
    endloop
  endfacet
  facet normal 0.0849632 -0.39971 0.912695
    outer loop
      vertex 2.16312 -6.65739 6.36602
      vertex 0.8663 -6.74777 6.44716
      vertex 0.926162 -6.92032 6.36602
    endloop
  endfacet
  facet normal 0.509735 -0.701578 0.497953
    outer loop
      vertex 3.79134 -6.23038 6.08778
      vertex 3.70677 -6.42032 5.90674
      vertex 3.86128 -6.30806 5.90674
    endloop
  endfacet
  facet normal -0.0850253 -0.1909 0.97792
    outer loop
      vertex -3.30226 -5.71969 6.49452
      vertex -3.40451 -5.89678 6.45106
      vertex -3.2823 -5.72858 6.49452
    endloop
  endfacet
  facet normal -0.0850015 -0.190917 0.977919
    outer loop
      vertex -3.2823 -5.72858 6.49452
      vertex -2.16312 -6.44948 6.45106
      vertex -2.04091 -6.28128 6.49452
    endloop
  endfacet
  facet normal -0.0850015 -0.190917 0.977919
    outer loop
      vertex -2.16312 -6.44948 6.45106
      vertex -3.2823 -5.72858 6.49452
      vertex -3.40451 -5.89678 6.45106
    endloop
  endfacet
  facet normal -0.559298 -0.769836 0.307472
    outer loop
      vertex -3.91685 -6.3471 5.70791
      vertex -3.86128 -6.30806 5.90674
      vertex -4.03906 -6.1789 5.90674
    endloop
  endfacet
  facet normal -0.559298 -0.769836 0.307472
    outer loop
      vertex -3.86128 -6.30806 5.90674
      vertex -3.91685 -6.3471 5.70791
      vertex -3.73907 -6.47626 5.70791
    endloop
  endfacet
  facet normal -0.437883 -0.602711 0.667082
    outer loop
      vertex -3.58457 -6.20865 6.24314
      vertex -3.79134 -6.23038 6.08778
      vertex -3.65451 -6.32979 6.08778
    endloop
  endfacet
  facet normal -0.239935 -0.538905 0.807473
    outer loop
      vertex -3.5 -6.06218 6.36602
      vertex -2.34317 -6.76135 6.24314
      vertex -2.25861 -6.61488 6.36602
    endloop
  endfacet
  facet normal -0.23993 -0.538897 0.80748
    outer loop
      vertex -2.34317 -6.76135 6.24314
      vertex -3.5 -6.06218 6.36602
      vertex -3.58457 -6.20865 6.24314
    endloop
  endfacet
  facet normal -0.239913 -0.538916 0.807472
    outer loop
      vertex -2.25861 -6.61488 6.36602
      vertex -2.34317 -6.76135 6.24314
      vertex -2.16312 -6.65739 6.36602
    endloop
  endfacet
  facet normal -0.166195 -0.373323 0.912693
    outer loop
      vertex -2.1041 -6.47576 6.45106
      vertex -2.25861 -6.61488 6.36602
      vertex -2.16312 -6.65739 6.36602
    endloop
  endfacet
  facet normal -0.166206 -0.373306 0.912698
    outer loop
      vertex -3.40451 -5.89678 6.45106
      vertex -2.25861 -6.61488 6.36602
      vertex -2.16312 -6.44948 6.45106
    endloop
  endfacet
  facet normal -0.166206 -0.373306 0.912698
    outer loop
      vertex -2.25861 -6.61488 6.36602
      vertex -3.40451 -5.89678 6.45106
      vertex -3.5 -6.06218 6.36602
    endloop
  endfacet
  facet normal -0.16622 -0.373299 0.912699
    outer loop
      vertex -2.16312 -6.44948 6.45106
      vertex -2.25861 -6.61488 6.36602
      vertex -2.1041 -6.47576 6.45106
    endloop
  endfacet
  facet normal 0.0850082 -0.190913 0.977919
    outer loop
      vertex 2.16312 -6.44948 6.45106
      vertex 2.04091 -6.28128 6.49452
      vertex 2.1041 -6.47576 6.45106
    endloop
  endfacet
  facet normal 0.437883 -0.602711 0.667082
    outer loop
      vertex 3.79134 -6.23038 6.08778
      vertex 3.58457 -6.20865 6.24314
      vertex 3.65451 -6.32979 6.08778
    endloop
  endfacet
  facet normal 0.509715 -0.701583 0.497967
    outer loop
      vertex 3.79134 -6.23038 6.08778
      vertex 3.65451 -6.32979 6.08778
      vertex 3.70677 -6.42032 5.90674
    endloop
  endfacet
  facet normal 0.346748 -0.477238 0.807471
    outer loop
      vertex 3.5 -6.06218 6.36602
      vertex 3.76234 -6.07948 6.24314
      vertex 3.67778 -5.93301 6.36602
    endloop
  endfacet
  facet normal 0.346753 -0.477219 0.80748
    outer loop
      vertex 3.76234 -6.07948 6.24314
      vertex 3.5 -6.06218 6.36602
      vertex 3.58457 -6.20865 6.24314
    endloop
  endfacet
  facet normal 0.509718 -0.701592 0.497952
    outer loop
      vertex 3.86128 -6.30806 5.90674
      vertex 3.96912 -6.10122 6.08778
      vertex 3.79134 -6.23038 6.08778
    endloop
  endfacet
  facet normal 0.509718 -0.701592 0.497952
    outer loop
      vertex 3.96912 -6.10122 6.08778
      vertex 3.86128 -6.30806 5.90674
      vertex 4.03906 -6.1789 5.90674
    endloop
  endfacet
  facet normal -0.587801 -0.809006 0
    outer loop
      vertex -3.92778 -6.36602 5.5
      vertex -3.75 -6.49519 3.26665
      vertex -3.75 -6.49519 5.5
    endloop
  endfacet
  facet normal -0.587788 -0.809015 1.52514e-06
    outer loop
      vertex -3.92778 -6.36602 5.5
      vertex -3.9052 -6.38243 3.09429
      vertex -3.75 -6.49519 3.26665
    endloop
  endfacet
  facet normal -0.587895 -0.808937 0
    outer loop
      vertex -3.9052 -6.38243 3.09429
      vertex -3.92778 -6.36602 5.5
      vertex -3.92778 -6.36602 3.06921
    endloop
  endfacet
  facet normal -0.346748 -0.477238 0.807471
    outer loop
      vertex -3.76234 -6.07948 6.24314
      vertex -3.5 -6.06218 6.36602
      vertex -3.67778 -5.93301 6.36602
    endloop
  endfacet
  facet normal -0.346753 -0.477219 0.80748
    outer loop
      vertex -3.5 -6.06218 6.36602
      vertex -3.76234 -6.07948 6.24314
      vertex -3.58457 -6.20865 6.24314
    endloop
  endfacet
  facet normal 0.989134 -0.103961 -0.103952
    outer loop
      vertex 7.35796 -1.35143 -5.5
      vertex 7.47815 0 -5.70791
      vertex 7.5 0 -5.5
    endloop
  endfacet
  facet normal 0.989134 -0.103961 -0.103952
    outer loop
      vertex 7.47815 0 -5.70791
      vertex 7.35796 -1.35143 -5.5
      vertex 7.33611 -1.35143 -5.70791
    endloop
  endfacet
  facet normal 0.0850253 -0.1909 -0.97792
    outer loop
      vertex 3.40451 -5.89678 -6.45106
      vertex 3.2823 -5.72858 -6.49452
      vertex 3.30226 -5.71969 -6.49452
    endloop
  endfacet
  facet normal 0.946332 0.0994628 -0.307511
    outer loop
      vertex 7.47815 0 -5.70791
      vertex 7.2715 1.35143 -5.90674
      vertex 7.33611 1.35143 -5.70791
    endloop
  endfacet
  facet normal 0.946332 0.0994628 -0.307511
    outer loop
      vertex 7.2715 1.35143 -5.90674
      vertex 7.47815 0 -5.70791
      vertex 7.41354 0 -5.90674
    endloop
  endfacet
  facet normal 0.207844 -0.0218453 -0.977918
    outer loop
      vertex 6.46249 -1.35143 -6.49452
      vertex 6.80226 -0.0642481 -6.45106
      vertex 6.66022 -1.41567 -6.45106
    endloop
  endfacet
  facet normal 0.207843 -0.021845 -0.977918
    outer loop
      vertex 6.80226 -0.0642481 -6.45106
      vertex 6.46249 -1.35143 -6.49452
      vertex 6.60453 0 -6.49452
    endloop
  endfacet
  facet normal -0.824085 -0.475767 -0.307456
    outer loop
      vertex -6.72938 -3.21873 -5.70791
      vertex -6.77261 -3.01536 -5.90674
      vertex -6.67712 -3.18076 -5.90674
    endloop
  endfacet
  facet normal -0.945904 0.307348 -0.103936
    outer loop
      vertex -6.89482 2.84716 -5.70791
      vertex -7.33611 1.55934 -5.5
      vertex -6.91619 2.8517 -5.5
    endloop
  endfacet
  facet normal -0.945901 0.307337 -0.103996
    outer loop
      vertex -7.33611 1.55934 -5.5
      vertex -6.89482 2.84716 -5.70791
      vertex -7.31473 1.55479 -5.70791
    endloop
  endfacet
  facet normal 0 -0.208981 -0.97792
    outer loop
      vertex 0.711736 -6.77172 -6.45106
      vertex -0.69036 -6.56835 -6.49452
      vertex 0.69036 -6.56835 -6.49452
    endloop
  endfacet
  facet normal 0 -0.208981 -0.97792
    outer loop
      vertex -0.69036 -6.56835 -6.49452
      vertex 0.711736 -6.77172 -6.45106
      vertex -0.711736 -6.77172 -6.45106
    endloop
  endfacet
  facet normal 0.198757 -0.0645792 -0.977919
    outer loop
      vertex 6.24031 -2.70804 -6.45106
      vertex 6.45345 -1.39394 -6.49452
      vertex 6.66022 -1.41567 -6.45106
    endloop
  endfacet
  facet normal 0.198754 -0.0645787 -0.977919
    outer loop
      vertex 6.45345 -1.39394 -6.49452
      vertex 6.24031 -2.70804 -6.45106
      vertex 6.03354 -2.6863 -6.49452
    endloop
  endfacet
  facet normal -0.303025 -0.680554 -0.6671
    outer loop
      vertex -2.25861 -6.95129 -6.08778
      vertex -2.34317 -6.76135 -6.24314
      vertex -2.21538 -6.81825 -6.24314
    endloop
  endfacet
  facet normal 0.509715 -0.701583 -0.497967
    outer loop
      vertex 3.70677 -6.42032 -5.90674
      vertex 3.65451 -6.32979 -6.08778
      vertex 3.79134 -6.23038 -6.08778
    endloop
  endfacet
  facet normal 0.945901 -0.307337 -0.103996
    outer loop
      vertex 7.33611 -1.55934 -5.5
      vertex 6.89482 -2.84716 -5.70791
      vertex 7.31473 -1.55479 -5.70791
    endloop
  endfacet
  facet normal 0.945904 -0.307348 -0.103936
    outer loop
      vertex 6.89482 -2.84716 -5.70791
      vertex 7.33611 -1.55934 -5.5
      vertex 6.91619 -2.8517 -5.5
    endloop
  endfacet
  facet normal 0.0849542 0.399723 0.912691
    outer loop
      vertex 0.731699 6.96165 6.36602
      vertex 0.711736 6.77172 6.45106
      vertex 0.833942 6.93992 6.36602
    endloop
  endfacet
  facet normal -0.303682 0.273447 0.91269
    outer loop
      vertex -5.46538 4.05025 6.45106
      vertex -5.59317 4.19217 6.36602
      vertex -5.50861 4.00224 6.45106
    endloop
  endfacet
  facet normal -0.206761 -0.972853 -0.103951
    outer loop
      vertex -0.783963 -7.45891 -5.5
      vertex -0.988451 -7.41545 -5.5
      vertex -0.781678 -7.43718 -5.70791
    endloop
  endfacet
  facet normal 0.561014 0.182296 -0.807485
    outer loop
      vertex 7.01247 1.49054 -6.24314
      vertex 6.84703 1.45538 -6.36602
      vertex 6.96924 1.62358 -6.24314
    endloop
  endfacet
  facet normal -0.303682 0.273447 -0.91269
    outer loop
      vertex -5.50861 4.00224 -6.45106
      vertex -5.59317 4.19217 -6.36602
      vertex -5.46538 4.05025 -6.45106
    endloop
  endfacet
  facet normal -0.86135 0.497257 0.10398
    outer loop
      vertex -6.06763 4.40839 5.5
      vertex -6.17215 4.22734 5.5
      vertex -6.04995 4.39554 5.70791
    endloop
  endfacet
  facet normal 0.207826 -0.0219016 -0.977921
    outer loop
      vertex 6.66022 -1.41567 -6.45106
      vertex 6.4602 -1.37316 -6.49452
      vertex 6.46249 -1.35143 -6.49452
    endloop
  endfacet
  facet normal -0.207844 -0.0218453 -0.977918
    outer loop
      vertex -6.80226 -0.0642481 -6.45106
      vertex -6.46249 -1.35143 -6.49452
      vertex -6.66022 -1.41567 -6.45106
    endloop
  endfacet
  facet normal -0.207843 -0.021845 -0.977918
    outer loop
      vertex -6.46249 -1.35143 -6.49452
      vertex -6.80226 -0.0642481 -6.45106
      vertex -6.60453 0 -6.49452
    endloop
  endfacet
  facet normal 0.197837 -0.930767 -0.307464
    outer loop
      vertex 2.1041 -7.09041 -5.90674
      vertex 0.981699 -7.39466 -5.70791
      vertex 0.774926 -7.37293 -5.90674
    endloop
  endfacet
  facet normal 0.197838 -0.930767 -0.307461
    outer loop
      vertex 0.981699 -7.39466 -5.70791
      vertex 2.1041 -7.09041 -5.90674
      vertex 2.31087 -7.11214 -5.70791
    endloop
  endfacet
  facet normal -0.154893 0.728702 -0.667084
    outer loop
      vertex -2.07855 6.84733 -6.24314
      vertex -0.929434 7.23381 -6.08778
      vertex -0.749377 7.12986 -6.24314
    endloop
  endfacet
  facet normal -0.154883 0.728682 -0.667109
    outer loop
      vertex -0.929434 7.23381 -6.08778
      vertex -2.07855 6.84733 -6.24314
      vertex -2.25861 6.95129 -6.08778
    endloop
  endfacet
  facet normal -0.0435092 0.204407 0.977919
    outer loop
      vertex -0.711736 6.77172 6.45106
      vertex -0.711736 6.5638 6.49452
      vertex -0.69036 6.56835 6.49452
    endloop
  endfacet
  facet normal 0.207915 0.978147 -0
    outer loop
      vertex 2.31763 7.13292 -5.5
      vertex 0.988451 7.41545 5.5
      vertex 2.31763 7.13292 5.5
    endloop
  endfacet
  facet normal 0.207915 0.978147 0
    outer loop
      vertex 0.988451 7.41545 5.5
      vertex 2.31763 7.13292 -5.5
      vertex 0.988451 7.41545 -5.5
    endloop
  endfacet
  facet normal -0.206804 -0.97284 -0.103995
    outer loop
      vertex -0.781678 -7.43718 -5.70791
      vertex -0.988451 -7.41545 -5.5
      vertex -0.981699 -7.39466 -5.70791
    endloop
  endfacet
  facet normal -0.743143 -0.669133 0
    outer loop
      vertex -5.01848 -5.57358 -5.5
      vertex -5.92774 -4.56375 5.5
      vertex -5.92774 -4.56375 -5.5
    endloop
  endfacet
  facet normal -0.743143 -0.669133 0
    outer loop
      vertex -5.92774 -4.56375 5.5
      vertex -5.01848 -5.57358 -5.5
      vertex -5.01848 -5.57358 5.5
    endloop
  endfacet
  facet normal -0.644465 0.580276 0.497941
    outer loop
      vertex -5.08842 5.36741 5.90674
      vertex -5.79995 4.42182 6.08778
      vertex -4.89069 5.43166 6.08778
    endloop
  endfacet
  facet normal -0.644465 0.580276 0.497941
    outer loop
      vertex -5.79995 4.42182 6.08778
      vertex -5.08842 5.36741 5.90674
      vertex -5.99768 4.35757 5.90674
    endloop
  endfacet
  facet normal -0.404532 0.908592 -0.103993
    outer loop
      vertex -3.73907 6.47626 -5.70791
      vertex -3.75 6.49519 -5.5
      vertex -3.55902 6.58022 -5.5
    endloop
  endfacet
  facet normal 0.74088 0.0778747 -0.667107
    outer loop
      vertex 7.30902 0 -6.08778
      vertex 7.16913 0 -6.24314
      vertex 7.29134 0.168203 -6.08778
    endloop
  endfacet
  facet normal 0.239943 -0.538881 -0.807486
    outer loop
      vertex 2.21538 -6.81825 -6.24314
      vertex 2.16312 -6.65739 -6.36602
      vertex 2.34317 -6.76135 -6.24314
    endloop
  endfacet
  facet normal 0.16622 -0.373299 -0.912699
    outer loop
      vertex 2.25861 -6.61488 -6.36602
      vertex 2.1041 -6.47576 -6.45106
      vertex 2.16312 -6.44948 -6.45106
    endloop
  endfacet
  facet normal -0.708497 0.230184 -0.667118
    outer loop
      vertex -7.05695 1.5 -6.19263
      vertex -6.96924 1.62358 -6.24314
      vertex -7.00939 1.5 -6.24314
    endloop
  endfacet
  facet normal -0.708494 0.23018 -0.667123
    outer loop
      vertex -6.96924 1.62358 -6.24314
      vertex -7.05695 1.5 -6.19263
      vertex -7.1493 1.51963 -6.08778
    endloop
  endfacet
  facet normal 0.739119 -0.665503 -0.10397
    outer loop
      vertex 5.92774 -4.56375 -5.5
      vertex 5.14069 -5.40538 -5.70791
      vertex 6.04995 -4.39554 -5.70791
    endloop
  endfacet
  facet normal 0.739118 -0.665508 -0.103944
    outer loop
      vertex 5.14069 -5.40538 -5.70791
      vertex 5.92774 -4.56375 -5.5
      vertex 5.01848 -5.57358 -5.5
    endloop
  endfacet
  facet normal 0.989127 0.103991 -0.103991
    outer loop
      vertex 7.33611 1.35143 -5.70791
      vertex 7.31473 1.55479 -5.70791
      vertex 7.33611 1.55934 -5.5
    endloop
  endfacet
  facet normal 0.207888 0.978153 -0
    outer loop
      vertex 0.988451 7.41545 -5.5
      vertex 0.783963 7.45891 5.5
      vertex 0.988451 7.41545 5.5
    endloop
  endfacet
  facet normal 0.207888 0.978153 0
    outer loop
      vertex 0.783963 7.45891 5.5
      vertex 0.988451 7.41545 -5.5
      vertex 0.783963 7.45891 -5.5
    endloop
  endfacet
  facet normal -0.0849581 0.399703 0.912699
    outer loop
      vertex -0.833942 6.93992 6.36602
      vertex -2.1041 6.47576 6.45106
      vertex -0.774926 6.75828 6.45106
    endloop
  endfacet
  facet normal -0.084964 0.399718 0.912692
    outer loop
      vertex -2.1041 6.47576 6.45106
      vertex -0.833942 6.93992 6.36602
      vertex -2.16312 6.65739 6.36602
    endloop
  endfacet
  facet normal -0.206761 0.972853 -0.103951
    outer loop
      vertex -0.781678 7.43718 -5.70791
      vertex -0.988451 7.41545 -5.5
      vertex -0.783963 7.45891 -5.5
    endloop
  endfacet
  facet normal 0 1 -0
    outer loop
      vertex 0.783963 7.45891 -5.5
      vertex -0.783963 7.45891 5.5
      vertex 0.783963 7.45891 5.5
    endloop
  endfacet
  facet normal 0 1 0
    outer loop
      vertex -0.783963 7.45891 5.5
      vertex 0.783963 7.45891 -5.5
      vertex -0.783963 7.45891 -5.5
    endloop
  endfacet
  facet normal 0.561051 0.182277 -0.807464
    outer loop
      vertex 6.42712 2.74774 -6.36602
      vertex 6.39482 2.84716 -6.36602
      vertex 6.54932 2.91595 -6.24314
    endloop
  endfacet
  facet normal -0.207888 -0.978153 0
    outer loop
      vertex -0.988451 -7.41545 -5.5
      vertex -0.783963 -7.45891 -4.91706
      vertex -0.988451 -7.41545 -4.8736
    endloop
  endfacet
  facet normal -0.207888 -0.978153 -0
    outer loop
      vertex -0.783963 -7.45891 -4.91706
      vertex -0.988451 -7.41545 -5.5
      vertex -0.783963 -7.45891 -5.5
    endloop
  endfacet
  facet normal -0.0850082 -0.190913 -0.977919
    outer loop
      vertex -2.1041 -6.47576 -6.45106
      vertex -2.16312 -6.44948 -6.45106
      vertex -2.04091 -6.28128 -6.49452
    endloop
  endfacet
  facet normal -0.122647 -0.576999 -0.807483
    outer loop
      vertex -2.07855 -6.84733 -6.24314
      vertex -0.833942 -6.93992 -6.36602
      vertex -0.749377 -7.12986 -6.24314
    endloop
  endfacet
  facet normal -0.122647 -0.577001 -0.807482
    outer loop
      vertex -0.833942 -6.93992 -6.36602
      vertex -2.07855 -6.84733 -6.24314
      vertex -2.16312 -6.65739 -6.36602
    endloop
  endfacet
  facet normal 0.122832 0.169062 -0.977921
    outer loop
      vertex 3.30226 5.71969 -6.49452
      vertex 4.50386 5.09806 -6.45106
      vertex 4.40161 4.92096 -6.49452
    endloop
  endfacet
  facet normal 0.122835 0.169069 -0.97792
    outer loop
      vertex 4.50386 5.09806 -6.45106
      vertex 3.30226 5.71969 -6.49452
      vertex 3.40451 5.89678 -6.45106
    endloop
  endfacet
  facet normal -0.206788 -0.972847 -0.103957
    outer loop
      vertex -2.31087 -7.11214 -5.70791
      vertex -0.988451 -7.41545 -5.5
      vertex -2.31763 -7.13292 -5.5
    endloop
  endfacet
  facet normal -0.206782 -0.972844 -0.103995
    outer loop
      vertex -0.988451 -7.41545 -5.5
      vertex -2.31087 -7.11214 -5.70791
      vertex -0.981699 -7.39466 -5.70791
    endloop
  endfacet
  facet normal 0.404532 -0.908592 -0.103993
    outer loop
      vertex 3.75 -6.49519 -5.5
      vertex 3.55902 -6.58022 -5.5
      vertex 3.73907 -6.47626 -5.70791
    endloop
  endfacet
  facet normal -0.438348 0.394745 0.807482
    outer loop
      vertex -4.79708 5.3277 6.24314
      vertex -4.89069 5.22375 6.24314
      vertex -4.68391 5.20201 6.36602
    endloop
  endfacet
  facet normal -0.989156 -0.10385 -0.10385
    outer loop
      vertex -7.33611 -1.55934 -5.5
      vertex -7.34234 -1.5 -5.5
      vertex -7.33611 -1.5 -5.55934
    endloop
  endfacet
  facet normal -0.739109 -0.665512 -0.103984
    outer loop
      vertex -5.92774 -4.56375 -5.5
      vertex -6.06763 -4.40839 -5.5
      vertex -6.04995 -4.39554 -5.70791
    endloop
  endfacet
  facet normal -0.946333 -0.0995566 -0.307478
    outer loop
      vertex -7.31473 -1.55479 -5.70791
      vertex -7.26996 -1.5 -5.86344
      vertex -7.25154 -1.54136 -5.90674
    endloop
  endfacet
  facet normal -0.946347 -0.0994882 -0.307458
    outer loop
      vertex -7.26996 -1.5 -5.86344
      vertex -7.31473 -1.55479 -5.70791
      vertex -7.32049 -1.5 -5.70791
    endloop
  endfacet
  facet normal -0.207921 -0.978146 0
    outer loop
      vertex -2.31763 -7.13292 -5.5
      vertex -1.73607 -7.25654 -4.67025
      vertex -2.31763 -7.13292 -4.41132
    endloop
  endfacet
  facet normal -0.207891 -0.978152 -2.19384e-05
    outer loop
      vertex -2.31763 -7.13292 -5.5
      vertex -1.54508 -7.29713 -4.75528
      vertex -1.73607 -7.25654 -4.67025
    endloop
  endfacet
  facet normal -0.207915 -0.978147 4.01975e-06
    outer loop
      vertex -0.988451 -7.41545 -5.5
      vertex -1.54508 -7.29713 -4.75528
      vertex -2.31763 -7.13292 -5.5
    endloop
  endfacet
  facet normal -0.20792 -0.978146 0
    outer loop
      vertex -1.54508 -7.29713 -4.75528
      vertex -0.988451 -7.41545 -5.5
      vertex -0.988451 -7.41545 -4.8736
    endloop
  endfacet
  facet normal -0.553624 0.498483 0.667094
    outer loop
      vertex -5.79995 4.42182 6.08778
      vertex -4.89069 5.22375 6.24314
      vertex -4.89069 5.43166 6.08778
    endloop
  endfacet
  facet normal -0.553624 0.498483 0.667094
    outer loop
      vertex -4.89069 5.22375 6.24314
      vertex -5.79995 4.42182 6.08778
      vertex -5.79995 4.21391 6.24314
    endloop
  endfacet
  facet normal -0.0850015 0.190917 0.977919
    outer loop
      vertex -2.16312 6.44948 6.45106
      vertex -3.2823 5.72858 6.49452
      vertex -2.04091 6.28128 6.49452
    endloop
  endfacet
  facet normal -0.0850015 0.190917 0.977919
    outer loop
      vertex -3.2823 5.72858 6.49452
      vertex -2.16312 6.44948 6.45106
      vertex -3.40451 5.89678 6.45106
    endloop
  endfacet
  facet normal -0.404532 0.908592 0.103993
    outer loop
      vertex -3.55902 6.58022 5.5
      vertex -3.75 6.49519 5.5
      vertex -3.73907 6.47626 5.70791
    endloop
  endfacet
  facet normal 0.406396 -0.0427312 -0.912697
    outer loop
      vertex 6.84703 -1.45538 -6.36602
      vertex 6.66022 -1.41567 -6.45106
      vertex 6.85796 -1.35143 -6.36602
    endloop
  endfacet
  facet normal -0.122832 0.169062 -0.977921
    outer loop
      vertex -4.50386 5.09806 -6.45106
      vertex -3.30226 5.71969 -6.49452
      vertex -4.40161 4.92096 -6.49452
    endloop
  endfacet
  facet normal -0.122835 0.169069 -0.97792
    outer loop
      vertex -3.30226 5.71969 -6.49452
      vertex -4.50386 5.09806 -6.45106
      vertex -3.40451 5.89678 -6.45106
    endloop
  endfacet
  facet normal -0.553629 0.498482 -0.667092
    outer loop
      vertex -5.79995 4.21391 -6.24314
      vertex -5.91312 4.29613 -6.08778
      vertex -5.79995 4.42182 -6.08778
    endloop
  endfacet
  facet normal -0.388643 0.126276 -0.912694
    outer loop
      vertex -6.24031 2.70804 -6.45106
      vertex -6.63531 1.5 -6.45
      vertex -6.42712 2.74774 -6.36602
    endloop
  endfacet
  facet normal -0.388547 0.126245 -0.91274
    outer loop
      vertex -6.66022 1.41567 -6.45106
      vertex -6.63531 1.5 -6.45
      vertex -6.24031 2.70804 -6.45106
    endloop
  endfacet
  facet normal -0.389545 0.126534 -0.912274
    outer loop
      vertex -6.63531 1.5 -6.45
      vertex -6.66022 1.41567 -6.45106
      vertex -6.66254 1.41617 -6.45
    endloop
  endfacet
  facet normal -0.388643 0.126276 -0.912695
    outer loop
      vertex -6.42712 2.74774 -6.36602
      vertex -6.63531 1.5 -6.45
      vertex -6.83253 1.5 -6.36602
    endloop
  endfacet
  facet normal -0.12286 -0.169054 -0.977919
    outer loop
      vertex -4.50386 -5.09806 -6.45106
      vertex -4.55612 -5.06008 -6.45106
      vertex -4.41929 -4.90812 -6.49452
    endloop
  endfacet
  facet normal 0.207836 0.0218679 -0.977919
    outer loop
      vertex 6.80902 0 -6.45106
      vertex 6.60453 0 -6.49452
      vertex 6.80226 0.0642481 -6.45106
    endloop
  endfacet
  facet normal 0.240234 0.330559 -0.912698
    outer loop
      vertex 4.55612 5.06008 -6.45106
      vertex 4.50386 5.09806 -6.45106
      vertex 4.68391 5.20201 -6.36602
    endloop
  endfacet
  facet normal 0.708498 0.230203 -0.667111
    outer loop
      vertex 7.09703 1.68048 -6.08778
      vertex 6.54932 2.91595 -6.24314
      vertex 6.67712 2.97284 -6.08778
    endloop
  endfacet
  facet normal 0.708511 0.230211 -0.667094
    outer loop
      vertex 6.54932 2.91595 -6.24314
      vertex 7.09703 1.68048 -6.08778
      vertex 6.96924 1.62358 -6.24314
    endloop
  endfacet
  facet normal 0.708502 0.230236 -0.667095
    outer loop
      vertex 7.1493 1.51963 -6.08778
      vertex 6.96924 1.62358 -6.24314
      vertex 7.09703 1.68048 -6.08778
    endloop
  endfacet
  facet normal 0.739109 -0.665512 -0.103984
    outer loop
      vertex 6.06763 -4.40839 -5.5
      vertex 5.92774 -4.56375 -5.5
      vertex 6.04995 -4.39554 -5.70791
    endloop
  endfacet
  facet normal -0.198754 -0.0645787 -0.977919
    outer loop
      vertex -6.24031 -2.70804 -6.45106
      vertex -6.45345 -1.39394 -6.49452
      vertex -6.03354 -2.6863 -6.49452
    endloop
  endfacet
  facet normal -0.198757 -0.0645792 -0.977919
    outer loop
      vertex -6.45345 -1.39394 -6.49452
      vertex -6.24031 -2.70804 -6.45106
      vertex -6.66022 -1.41567 -6.45106
    endloop
  endfacet
  facet normal 0.866024 0.500002 -2.8466e-05
    outer loop
      vertex 6.7796 3.1752 5.28351
      vertex 6.17215 4.22734 5.5
      vertex 6.65461 3.3917 5.5
    endloop
  endfacet
  facet normal 0.866033 0.499986 7.62719e-05
    outer loop
      vertex 6.17215 4.22734 5.5
      vertex 6.7796 3.1752 5.28351
      vertex 6.85159 3.05052 5.18563
    endloop
  endfacet
  facet normal 0.824085 0.475767 -0.307456
    outer loop
      vertex 6.77261 3.01536 -5.90674
      vertex 6.67712 3.18076 -5.90674
      vertex 6.72938 3.21873 -5.70791
    endloop
  endfacet
  facet normal 0 0.994583 0.10395
    outer loop
      vertex 0.783963 7.45891 5.5
      vertex -0.781678 7.43718 5.70791
      vertex 0.781678 7.43718 5.70791
    endloop
  endfacet
  facet normal 0 0.994583 0.10395
    outer loop
      vertex -0.781678 7.43718 5.70791
      vertex 0.783963 7.45891 5.5
      vertex -0.783963 7.45891 5.5
    endloop
  endfacet
  facet normal -0.180963 0.104541 0.977918
    outer loop
      vertex -5.34317 3.88204 6.49452
      vertex -5.54091 3.94629 6.45106
      vertex -5.3541 3.86312 6.49452
    endloop
  endfacet
  facet normal -0.197837 0.930767 -0.307464
    outer loop
      vertex -2.1041 7.09041 -5.90674
      vertex -0.981699 7.39466 -5.70791
      vertex -0.774926 7.37293 -5.90674
    endloop
  endfacet
  facet normal -0.197838 0.930767 -0.307461
    outer loop
      vertex -0.981699 7.39466 -5.70791
      vertex -2.1041 7.09041 -5.90674
      vertex -2.31087 7.11214 -5.70791
    endloop
  endfacet
  facet normal 0.406735 0.913546 -0
    outer loop
      vertex 3.55902 6.58022 -5.5
      vertex 2.31763 7.13292 5.5
      vertex 3.55902 6.58022 5.5
    endloop
  endfacet
  facet normal 0.406735 0.913546 0
    outer loop
      vertex 2.31763 7.13292 5.5
      vertex 3.55902 6.58022 -5.5
      vertex 2.31763 7.13292 -5.5
    endloop
  endfacet
  facet normal 0.197838 0.930767 -0.307461
    outer loop
      vertex 2.1041 7.09041 -5.90674
      vertex 0.981699 7.39466 -5.70791
      vertex 2.31087 7.11214 -5.70791
    endloop
  endfacet
  facet normal 0.197837 0.930767 -0.307464
    outer loop
      vertex 0.981699 7.39466 -5.70791
      vertex 2.1041 7.09041 -5.90674
      vertex 0.774926 7.37293 -5.90674
    endloop
  endfacet
  facet normal -0.154913 0.728686 0.667097
    outer loop
      vertex -0.764 7.26898 6.08778
      vertex -0.929434 7.23381 6.08778
      vertex -0.749377 7.12986 6.24314
    endloop
  endfacet
  facet normal 0 -1 -0
    outer loop
      vertex -0.522642 -7.45891 -4.97261
      vertex -0.783963 -7.45891 -5.5
      vertex 0.522642 -7.45891 -4.97261
    endloop
  endfacet
  facet normal 0 -1 -0
    outer loop
      vertex -0.72713 -7.45891 -4.92914
      vertex -0.783963 -7.45891 -5.5
      vertex -0.522642 -7.45891 -4.97261
    endloop
  endfacet
  facet normal 0 -1 0
    outer loop
      vertex -0.783963 -7.45891 -5.5
      vertex -0.72713 -7.45891 -4.92914
      vertex -0.783963 -7.45891 -4.91706
    endloop
  endfacet
  facet normal 0 -1 0
    outer loop
      vertex 0.783963 -7.45891 -5.5
      vertex 0.522642 -7.45891 -4.97261
      vertex -0.783963 -7.45891 -5.5
    endloop
  endfacet
  facet normal 0 -1 0
    outer loop
      vertex 0.522642 -7.45891 -4.97261
      vertex 0.783963 -7.45891 -5.5
      vertex 0.72713 -7.45891 -4.92914
    endloop
  endfacet
  facet normal 0 -1 0
    outer loop
      vertex 0.72713 -7.45891 -4.92914
      vertex 0.783963 -7.45891 -5.5
      vertex 0.783963 -7.45891 -4.91706
    endloop
  endfacet
  facet normal -0.0850102 -0.399687 -0.912701
    outer loop
      vertex -0.711736 -6.77172 -6.45106
      vertex -0.833942 -6.93992 -6.36602
      vertex -0.774926 -6.75828 -6.45106
    endloop
  endfacet
  facet normal -0.739131 -0.665496 -0.103925
    outer loop
      vertex -5.01848 -5.57358 -5.5
      vertex -5.14069 -5.40538 -5.70791
      vertex -5.00386 -5.55735 -5.70791
    endloop
  endfacet
  facet normal 0.198759 -0.0645632 -0.977919
    outer loop
      vertex 6.66022 -1.41567 -6.45106
      vertex 6.45345 -1.39394 -6.49452
      vertex 6.4602 -1.37316 -6.49452
    endloop
  endfacet
  facet normal -0.122796 -0.169083 -0.977922
    outer loop
      vertex -4.40161 -4.92096 -6.49452
      vertex -4.50386 -5.09806 -6.45106
      vertex -4.41929 -4.90812 -6.49452
    endloop
  endfacet
  facet normal 0.559322 -0.769827 -0.30745
    outer loop
      vertex 3.73907 -6.47626 -5.70791
      vertex 3.70677 -6.42032 -5.90674
      vertex 3.86128 -6.30806 -5.90674
    endloop
  endfacet
  facet normal 0.38704 -0.869296 -0.307448
    outer loop
      vertex 3.73907 -6.47626 -5.70791
      vertex 3.5323 -6.498 -5.90674
      vertex 3.70677 -6.42032 -5.90674
    endloop
  endfacet
  facet normal 0.207888 -0.978153 0
    outer loop
      vertex 0.988451 -7.41545 -5.5
      vertex 0.783963 -7.45891 -4.91706
      vertex 0.783963 -7.45891 -5.5
    endloop
  endfacet
  facet normal 0.207888 -0.978153 0
    outer loop
      vertex 0.783963 -7.45891 -4.91706
      vertex 0.988451 -7.41545 -5.5
      vertex 0.988451 -7.41545 -4.8736
    endloop
  endfacet
  facet normal 0.154913 -0.728686 -0.667097
    outer loop
      vertex 0.764 -7.26898 -6.08778
      vertex 0.749377 -7.12986 -6.24314
      vertex 0.929434 -7.23381 -6.08778
    endloop
  endfacet
  facet normal 0.387021 -0.869296 -0.307471
    outer loop
      vertex 2.31087 -7.11214 -5.70791
      vertex 2.29091 -7.0507 -5.90674
      vertex 2.49768 -7.02897 -5.70791
    endloop
  endfacet
  facet normal 0.584629 -0.804608 -0.103993
    outer loop
      vertex 4.84935 -5.69647 -5.5
      vertex 4.83842 -5.67754 -5.70791
      vertex 5.01848 -5.57358 -5.5
    endloop
  endfacet
  facet normal -0.751023 0.433586 -0.497963
    outer loop
      vertex -6.67712 2.97284 -6.08778
      vertex -6.77261 3.01536 -5.90674
      vertex -6.67712 3.18076 -5.90674
    endloop
  endfacet
  facet normal -0.740853 -0.0779644 -0.667127
    outer loop
      vertex -7.05695 -1.5 -6.19263
      vertex -7.1493 -1.51963 -6.08778
      vertex -7.13504 -1.5 -6.10591
    endloop
  endfacet
  facet normal -0.945906 -0.307341 -0.103937
    outer loop
      vertex -6.85159 -3.05052 -5.5
      vertex -6.91619 -2.8517 -5.5
      vertex -6.83163 -3.04164 -5.70791
    endloop
  endfacet
  facet normal -0.824066 0.475775 0.307494
    outer loop
      vertex -6.54788 3.5331 5.70791
      vertex -5.99768 4.35757 5.90674
      vertex -6.04995 4.39554 5.70791
    endloop
  endfacet
  facet normal -0.824069 0.475781 0.307479
    outer loop
      vertex -5.99768 4.35757 5.90674
      vertex -6.54788 3.5331 5.70791
      vertex -6.49562 3.49512 5.90674
    endloop
  endfacet
  facet normal -0.404532 -0.908592 -0.103993
    outer loop
      vertex -3.55902 -6.58022 -5.5
      vertex -3.75 -6.49519 -5.5
      vertex -3.73907 -6.47626 -5.70791
    endloop
  endfacet
  facet normal -0.180963 0.104541 -0.977918
    outer loop
      vertex -5.3541 3.86312 -6.49452
      vertex -5.54091 3.94629 -6.45106
      vertex -5.34317 3.88204 -6.49452
    endloop
  endfacet
  facet normal -0.509715 0.701583 -0.497967
    outer loop
      vertex -3.65451 6.32979 -6.08778
      vertex -3.79134 6.23038 -6.08778
      vertex -3.70677 6.42032 -5.90674
    endloop
  endfacet
  facet normal -0.206782 0.972844 -0.103995
    outer loop
      vertex -2.31087 7.11214 -5.70791
      vertex -0.988451 7.41545 -5.5
      vertex -0.981699 7.39466 -5.70791
    endloop
  endfacet
  facet normal -0.206788 0.972847 -0.103957
    outer loop
      vertex -0.988451 7.41545 -5.5
      vertex -2.31087 7.11214 -5.70791
      vertex -2.31763 7.13292 -5.5
    endloop
  endfacet
  facet normal 0.346724 0.477241 -0.80748
    outer loop
      vertex 4.79708 5.3277 -6.24314
      vertex 4.68391 5.20201 -6.36602
      vertex 4.68391 5.40992 -6.24314
    endloop
  endfacet
  facet normal -0.553629 0.498482 0.667092
    outer loop
      vertex -5.79995 4.42182 6.08778
      vertex -5.91312 4.29613 6.08778
      vertex -5.79995 4.21391 6.24314
    endloop
  endfacet
  facet normal 0.586655 -0.0616555 -0.807487
    outer loop
      vertex 7.01247 -1.49054 -6.24314
      vertex 6.84703 -1.45538 -6.36602
      vertex 7.02709 -1.35143 -6.24314
    endloop
  endfacet
  facet normal 0.586665 -0.0616859 -0.807477
    outer loop
      vertex 7.02709 -1.35143 -6.24314
      vertex 6.84703 -1.45538 -6.36602
      vertex 6.85796 -1.35143 -6.36602
    endloop
  endfacet
  facet normal 0.0850253 0.1909 -0.97792
    outer loop
      vertex 3.30226 5.71969 -6.49452
      vertex 3.2823 5.72858 -6.49452
      vertex 3.40451 5.89678 -6.45106
    endloop
  endfacet
  facet normal 0 -0.408652 -0.91269
    outer loop
      vertex 0.731699 -6.96165 -6.36602
      vertex -0.711736 -6.77172 -6.45106
      vertex 0.711736 -6.77172 -6.45106
    endloop
  endfacet
  facet normal 0 -0.408652 -0.91269
    outer loop
      vertex -0.711736 -6.77172 -6.45106
      vertex 0.731699 -6.96165 -6.36602
      vertex -0.731699 -6.96165 -6.36602
    endloop
  endfacet
  facet normal 0.346734 -0.477231 -0.807481
    outer loop
      vertex 3.5 -6.06218 -6.36602
      vertex 4.68391 -5.40992 -6.24314
      vertex 3.58457 -6.20865 -6.24314
    endloop
  endfacet
  facet normal 0.34674 -0.477243 -0.807472
    outer loop
      vertex 4.68391 -5.40992 -6.24314
      vertex 3.5 -6.06218 -6.36602
      vertex 4.59935 -5.26345 -6.36602
    endloop
  endfacet
  facet normal -0.15532 -0.139826 -0.977918
    outer loop
      vertex -4.41929 -4.90812 -6.49452
      vertex -4.55612 -5.06008 -6.45106
      vertex -4.43391 -4.89188 -6.49452
    endloop
  endfacet
  facet normal -0.166206 0.373306 -0.912698
    outer loop
      vertex -3.40451 5.89678 -6.45106
      vertex -2.25861 6.61488 -6.36602
      vertex -2.16312 6.44948 -6.45106
    endloop
  endfacet
  facet normal -0.166206 0.373306 -0.912698
    outer loop
      vertex -2.25861 6.61488 -6.36602
      vertex -3.40451 5.89678 -6.45106
      vertex -3.5 6.06218 -6.36602
    endloop
  endfacet
  facet normal 0.406405 0.0427608 -0.912692
    outer loop
      vertex 6.80902 0 -6.45106
      vertex 6.80226 0.0642481 -6.45106
      vertex 7 0 -6.36602
    endloop
  endfacet
  facet normal 0.155297 0.139835 -0.977921
    outer loop
      vertex 5.50861 4.00224 -6.45106
      vertex 5.34317 3.88204 -6.49452
      vertex 5.46538 4.05025 -6.45106
    endloop
  endfacet
  facet normal 0.166195 -0.373323 -0.912693
    outer loop
      vertex 2.16312 -6.65739 -6.36602
      vertex 2.1041 -6.47576 -6.45106
      vertex 2.25861 -6.61488 -6.36602
    endloop
  endfacet
  facet normal 0.207843 0.021845 -0.977918
    outer loop
      vertex 6.46249 1.35143 -6.49452
      vertex 6.80226 0.0642481 -6.45106
      vertex 6.60453 0 -6.49452
    endloop
  endfacet
  facet normal 0.207844 0.0218453 -0.977918
    outer loop
      vertex 6.80226 0.0642481 -6.45106
      vertex 6.46249 1.35143 -6.49452
      vertex 6.66022 1.41567 -6.45106
    endloop
  endfacet
  facet normal 0.0434492 -0.204416 -0.977919
    outer loop
      vertex 0.774926 -6.75828 -6.45106
      vertex 2.04091 -6.28128 -6.49452
      vertex 2.1041 -6.47576 -6.45106
    endloop
  endfacet
  facet normal 0.0434492 -0.204416 -0.977919
    outer loop
      vertex 2.04091 -6.28128 -6.49452
      vertex 0.774926 -6.75828 -6.45106
      vertex 0.711736 -6.5638 -6.49452
    endloop
  endfacet
  facet normal -0.824085 0.475767 -0.307456
    outer loop
      vertex -6.67712 3.18076 -5.90674
      vertex -6.77261 3.01536 -5.90674
      vertex -6.72938 3.21873 -5.70791
    endloop
  endfacet
  facet normal 0.198754 -0.0645798 -0.977919
    outer loop
      vertex 6.22035 -2.76947 -6.45106
      vertex 6.03354 -2.6863 -6.49452
      vertex 6.24031 -2.70804 -6.45106
    endloop
  endfacet
  facet normal 0.0434758 0.204407 -0.97792
    outer loop
      vertex 0.774926 6.75828 -6.45106
      vertex 0.711736 6.5638 -6.49452
      vertex 0.711736 6.77172 -6.45106
    endloop
  endfacet
  facet normal 0.951057 -0.309015 0
    outer loop
      vertex 6.85159 -3.05052 5.5
      vertex 6.91619 -2.8517 4.79001
      vertex 6.91619 -2.8517 5.5
    endloop
  endfacet
  facet normal 0.951057 -0.309015 0
    outer loop
      vertex 6.85159 -3.05052 -5.5
      vertex 6.91619 -2.8517 4.79001
      vertex 6.85159 -3.05052 5.5
    endloop
  endfacet
  facet normal 0.951057 -0.309015 0
    outer loop
      vertex 6.91619 -2.8517 4.79001
      vertex 6.85159 -3.05052 -5.5
      vertex 6.91619 -2.8517 -5.5
    endloop
  endfacet
  facet normal 0.824746 -0.26801 -0.497961
    outer loop
      vertex 7.19252 -1.723 -5.90674
      vertex 7.09703 -1.68048 -6.08778
      vertex 7.1493 -1.51963 -6.08778
    endloop
  endfacet
  facet normal 0.0850082 0.190913 -0.977919
    outer loop
      vertex 2.16312 6.44948 -6.45106
      vertex 2.04091 6.28128 -6.49452
      vertex 2.1041 6.47576 -6.45106
    endloop
  endfacet
  facet normal 0.0435092 -0.204407 -0.977919
    outer loop
      vertex 0.711736 -6.77172 -6.45106
      vertex 0.69036 -6.56835 -6.49452
      vertex 0.711736 -6.5638 -6.49452
    endloop
  endfacet
  facet normal 0.707151 0.636701 -0.307489
    outer loop
      vertex 5.14069 5.40538 -5.70791
      vertex 4.96063 5.50934 -5.90674
      vertex 5.00386 5.55735 -5.70791
    endloop
  endfacet
  facet normal 0.644469 0.580263 -0.497951
    outer loop
      vertex 5.08842 5.36741 -5.90674
      vertex 4.89069 5.43166 -6.08778
      vertex 4.96063 5.50934 -5.90674
    endloop
  endfacet
  facet normal 0.862467 0.0906548 -0.497929
    outer loop
      vertex 7.30902 0 -6.08778
      vertex 7.29134 0.168203 -6.08778
      vertex 7.41354 0 -5.90674
    endloop
  endfacet
  facet normal 0.989135 -0.103952 -0.103952
    outer loop
      vertex 7.35796 -1.35143 -5.5
      vertex 7.33611 -1.55934 -5.5
      vertex 7.33611 -1.35143 -5.70791
    endloop
  endfacet
  facet normal 0.945904 0.307348 -0.103936
    outer loop
      vertex 7.33611 1.55934 -5.5
      vertex 6.89482 2.84716 -5.70791
      vertex 6.91619 2.8517 -5.5
    endloop
  endfacet
  facet normal 0.945901 0.307337 -0.103996
    outer loop
      vertex 6.89482 2.84716 -5.70791
      vertex 7.33611 1.55934 -5.5
      vertex 7.31473 1.55479 -5.70791
    endloop
  endfacet
  facet normal 0.994523 -0.104518 0
    outer loop
      vertex 7.33611 -1.55934 5.5
      vertex 7.35796 -1.35143 4.42467
      vertex 7.35796 -1.35143 5.5
    endloop
  endfacet
  facet normal 0.994523 -0.104518 0
    outer loop
      vertex 7.33611 -1.55934 -5.5
      vertex 7.35796 -1.35143 4.42467
      vertex 7.33611 -1.55934 5.5
    endloop
  endfacet
  facet normal 0.994523 -0.104518 0
    outer loop
      vertex 7.35796 -1.35143 4.42467
      vertex 7.33611 -1.55934 -5.5
      vertex 7.35796 -1.35143 -5.5
    endloop
  endfacet
  facet normal 0.989135 0.103952 -0.103952
    outer loop
      vertex 7.35796 1.35143 -5.5
      vertex 7.33611 1.35143 -5.70791
      vertex 7.33611 1.55934 -5.5
    endloop
  endfacet
  facet normal 0.644466 0.580271 0.497945
    outer loop
      vertex 5.99768 4.35757 5.90674
      vertex 5.79995 4.42182 6.08778
      vertex 5.91312 4.29613 6.08778
    endloop
  endfacet
  facet normal 0.86135 0.497257 -0.10398
    outer loop
      vertex 6.17215 4.22734 -5.5
      vertex 6.04995 4.39554 -5.70791
      vertex 6.06763 4.40839 -5.5
    endloop
  endfacet
  facet normal 0.904982 -0.294042 -0.307484
    outer loop
      vertex 6.89482 -2.84716 -5.70791
      vertex 7.19252 -1.723 -5.90674
      vertex 7.31473 -1.55479 -5.70791
    endloop
  endfacet
  facet normal 0.904978 -0.294043 -0.307496
    outer loop
      vertex 7.19252 -1.723 -5.90674
      vertex 6.89482 -2.84716 -5.70791
      vertex 6.77261 -3.01536 -5.90674
    endloop
  endfacet
  facet normal 0.989127 -0.103991 -0.103991
    outer loop
      vertex 7.33611 -1.55934 -5.5
      vertex 7.31473 -1.55479 -5.70791
      vertex 7.33611 -1.35143 -5.70791
    endloop
  endfacet
  facet normal 0.862467 -0.0906548 -0.497929
    outer loop
      vertex 7.41354 0 -5.90674
      vertex 7.29134 -0.168203 -6.08778
      vertex 7.30902 0 -6.08778
    endloop
  endfacet
  facet normal 0.437862 0.602686 -0.667118
    outer loop
      vertex 4.79708 5.3277 -6.24314
      vertex 4.68391 5.40992 -6.24314
      vertex 4.89069 5.43166 -6.08778
    endloop
  endfacet
  facet normal 0.206761 0.972853 0.103951
    outer loop
      vertex 0.783963 7.45891 5.5
      vertex 0.781678 7.43718 5.70791
      vertex 0.988451 7.41545 5.5
    endloop
  endfacet
  facet normal 0.303025 0.680554 0.6671
    outer loop
      vertex 2.25861 6.95129 6.08778
      vertex 2.21538 6.81825 6.24314
      vertex 2.34317 6.76135 6.24314
    endloop
  endfacet
  facet normal 0.352715 0.792236 0.49795
    outer loop
      vertex 2.29091 7.0507 5.90674
      vertex 2.25861 6.95129 6.08778
      vertex 2.41312 6.8825 6.08778
    endloop
  endfacet
  facet normal 0.12263 0.576995 0.807489
    outer loop
      vertex 0.749377 7.12986 6.24314
      vertex 0.731699 6.96165 6.36602
      vertex 0.833942 6.93992 6.36602
    endloop
  endfacet
  facet normal -0.0434758 0.204407 0.97792
    outer loop
      vertex -0.711736 6.77172 6.45106
      vertex -0.774926 6.75828 6.45106
      vertex -0.711736 6.5638 6.49452
    endloop
  endfacet
  facet normal -0.509735 0.701578 0.497953
    outer loop
      vertex -3.70677 6.42032 5.90674
      vertex -3.86128 6.30806 5.90674
      vertex -3.79134 6.23038 6.08778
    endloop
  endfacet
  facet normal -0.154867 0.728695 0.667099
    outer loop
      vertex -2.07855 6.84733 6.24314
      vertex -2.25861 6.95129 6.08778
      vertex -2.21538 6.81825 6.24314
    endloop
  endfacet
  facet normal -0.866045 0.499967 0
    outer loop
      vertex -6.17215 4.22734 -5.5
      vertex -6.06763 4.40839 5.5
      vertex -6.06763 4.40839 -5.5
    endloop
  endfacet
  facet normal -0.866045 0.499967 0
    outer loop
      vertex -6.06763 4.40839 5.5
      vertex -6.17215 4.22734 -5.5
      vertex -6.17215 4.22734 5.5
    endloop
  endfacet
  facet normal -0.510857 0.29494 0.807487
    outer loop
      vertex -6.29788 3.35146 6.24314
      vertex -5.71538 4.02397 6.36602
      vertex -5.79995 4.21391 6.24314
    endloop
  endfacet
  facet normal -0.510869 0.294953 0.807475
    outer loop
      vertex -5.71538 4.02397 6.36602
      vertex -6.29788 3.35146 6.24314
      vertex -6.21332 3.16152 6.36602
    endloop
  endfacet
  facet normal 0.12263 0.576995 -0.807489
    outer loop
      vertex 0.833942 6.93992 -6.36602
      vertex 0.731699 6.96165 -6.36602
      vertex 0.749377 7.12986 -6.24314
    endloop
  endfacet
  facet normal -0.207888 0.978153 0
    outer loop
      vertex -0.783963 7.45891 -5.5
      vertex -0.988451 7.41545 5.5
      vertex -0.783963 7.45891 5.5
    endloop
  endfacet
  facet normal -0.207888 0.978153 0
    outer loop
      vertex -0.988451 7.41545 5.5
      vertex -0.783963 7.45891 -5.5
      vertex -0.988451 7.41545 -5.5
    endloop
  endfacet
  facet normal 0.197851 0.93076 -0.307474
    outer loop
      vertex 2.29091 7.0507 -5.90674
      vertex 2.1041 7.09041 -5.90674
      vertex 2.31087 7.11214 -5.70791
    endloop
  endfacet
  facet normal -0.0434758 -0.204407 -0.97792
    outer loop
      vertex -0.711736 -6.77172 -6.45106
      vertex -0.774926 -6.75828 -6.45106
      vertex -0.711736 -6.5638 -6.49452
    endloop
  endfacet
  facet normal 0.404536 0.908591 -0.103989
    outer loop
      vertex 2.49768 7.02897 -5.70791
      vertex 3.55902 6.58022 -5.5
      vertex 3.73907 6.47626 -5.70791
    endloop
  endfacet
  facet normal 0.404532 0.908597 -0.103952
    outer loop
      vertex 3.55902 6.58022 -5.5
      vertex 2.49768 7.02897 -5.70791
      vertex 2.31763 7.13292 -5.5
    endloop
  endfacet
  facet normal 0.707142 0.636711 0.30749
    outer loop
      vertex 5.08842 5.36741 5.90674
      vertex 6.04995 4.39554 5.70791
      vertex 5.14069 5.40538 5.70791
    endloop
  endfacet
  facet normal 0.707142 0.636711 0.30749
    outer loop
      vertex 6.04995 4.39554 5.70791
      vertex 5.08842 5.36741 5.90674
      vertex 5.99768 4.35757 5.90674
    endloop
  endfacet
  facet normal 0.40452 0.908601 -0.103965
    outer loop
      vertex 2.49768 7.02897 -5.70791
      vertex 2.31087 7.11214 -5.70791
      vertex 2.31763 7.13292 -5.5
    endloop
  endfacet
  facet normal -0.207915 0.978147 0
    outer loop
      vertex -0.988451 7.41545 -5.5
      vertex -2.31763 7.13292 5.5
      vertex -0.988451 7.41545 5.5
    endloop
  endfacet
  facet normal -0.207915 0.978147 0
    outer loop
      vertex -2.31763 7.13292 5.5
      vertex -0.988451 7.41545 -5.5
      vertex -2.31763 7.13292 -5.5
    endloop
  endfacet
  facet normal 0 -0.994583 -0.10395
    outer loop
      vertex -0.781678 -7.43718 -5.70791
      vertex 0.783963 -7.45891 -5.5
      vertex -0.783963 -7.45891 -5.5
    endloop
  endfacet
  facet normal 0 -0.994583 -0.10395
    outer loop
      vertex 0.783963 -7.45891 -5.5
      vertex -0.781678 -7.43718 -5.70791
      vertex 0.781678 -7.43718 -5.70791
    endloop
  endfacet
  facet normal 0.154893 -0.728702 -0.667084
    outer loop
      vertex 2.07855 -6.84733 -6.24314
      vertex 0.929434 -7.23381 -6.08778
      vertex 0.749377 -7.12986 -6.24314
    endloop
  endfacet
  facet normal 0.154883 -0.728682 -0.667109
    outer loop
      vertex 0.929434 -7.23381 -6.08778
      vertex 2.07855 -6.84733 -6.24314
      vertex 2.25861 -6.95129 -6.08778
    endloop
  endfacet
  facet normal 0.180312 -0.848253 -0.49795
    outer loop
      vertex 2.29091 -7.0507 -5.90674
      vertex 2.1041 -7.09041 -5.90674
      vertex 2.25861 -6.95129 -6.08778
    endloop
  endfacet
  facet normal -0.40452 -0.908601 -0.103965
    outer loop
      vertex -2.31763 -7.13292 -5.5
      vertex -2.49768 -7.02897 -5.70791
      vertex -2.31087 -7.11214 -5.70791
    endloop
  endfacet
  facet normal -0.707151 -0.6367 -0.30749
    outer loop
      vertex -4.96063 -5.50934 -5.90674
      vertex -5.14069 -5.40538 -5.70791
      vertex -5.08842 -5.36741 -5.90674
    endloop
  endfacet
  facet normal -0.644469 -0.580263 -0.497951
    outer loop
      vertex -4.96063 -5.50934 -5.90674
      vertex -5.08842 -5.36741 -5.90674
      vertex -4.89069 -5.43166 -6.08778
    endloop
  endfacet
  facet normal -0.180985 0.104492 -0.977919
    outer loop
      vertex -6.03354 2.6863 -6.49452
      vertex -5.54091 3.94629 -6.45106
      vertex -5.3541 3.86312 -6.49452
    endloop
  endfacet
  facet normal -0.180985 0.104492 -0.977919
    outer loop
      vertex -5.54091 3.94629 -6.45106
      vertex -6.03354 2.6863 -6.49452
      vertex -6.22035 2.76947 -6.45106
    endloop
  endfacet
  facet normal 0.561035 -0.182293 -0.807471
    outer loop
      vertex 6.42712 -2.74774 -6.36602
      vertex 6.96924 -1.62358 -6.24314
      vertex 6.54932 -2.91595 -6.24314
    endloop
  endfacet
  facet normal 0.561023 -0.182286 -0.80748
    outer loop
      vertex 6.96924 -1.62358 -6.24314
      vertex 6.42712 -2.74774 -6.36602
      vertex 6.84703 -1.45538 -6.36602
    endloop
  endfacet
  facet normal 0.20792 -0.978146 0
    outer loop
      vertex 0.988451 -7.41545 -5.5
      vertex 1.54508 -7.29713 -4.75528
      vertex 0.988451 -7.41545 -4.8736
    endloop
  endfacet
  facet normal 0.207915 -0.978147 4.01975e-06
    outer loop
      vertex 2.31763 -7.13292 -5.5
      vertex 1.54508 -7.29713 -4.75528
      vertex 0.988451 -7.41545 -5.5
    endloop
  endfacet
  facet normal 0.207891 -0.978152 -2.19384e-05
    outer loop
      vertex 1.54508 -7.29713 -4.75528
      vertex 2.31763 -7.13292 -5.5
      vertex 1.73607 -7.25654 -4.67025
    endloop
  endfacet
  facet normal 0.207921 -0.978146 0
    outer loop
      vertex 1.73607 -7.25654 -4.67025
      vertex 2.31763 -7.13292 -5.5
      vertex 2.31763 -7.13292 -4.41132
    endloop
  endfacet
  facet normal 0.206804 -0.97284 -0.103995
    outer loop
      vertex 0.988451 -7.41545 -5.5
      vertex 0.781678 -7.43718 -5.70791
      vertex 0.981699 -7.39466 -5.70791
    endloop
  endfacet
  facet normal 0.406738 -0.913545 0
    outer loop
      vertex 3.75 -6.49519 -5.5
      vertex 3.55902 -6.58022 -3.47876
      vertex 3.55902 -6.58022 -5.5
    endloop
  endfacet
  facet normal 0.406738 -0.913545 0
    outer loop
      vertex 3.55902 -6.58022 -3.47876
      vertex 3.75 -6.49519 -5.5
      vertex 3.75 -6.49519 -3.26665
    endloop
  endfacet
  facet normal 0.406752 -0.913539 0
    outer loop
      vertex 2.31763 -7.13292 -5.5
      vertex 2.5 -7.05172 -4.33013
      vertex 2.31763 -7.13292 -4.41132
    endloop
  endfacet
  facet normal 0.406735 -0.913546 3.12575e-06
    outer loop
      vertex 3.55902 -6.58022 -5.5
      vertex 2.5 -7.05172 -4.33013
      vertex 2.31763 -7.13292 -5.5
    endloop
  endfacet
  facet normal 0.406731 -0.913548 -1.64051e-06
    outer loop
      vertex 2.5 -7.05172 -4.33013
      vertex 3.55902 -6.58022 -5.5
      vertex 3.17652 -6.75052 -3.8386
    endloop
  endfacet
  facet normal 0.406731 -0.913548 -1.64052e-06
    outer loop
      vertex 3.17652 -6.75052 -3.8386
      vertex 3.55902 -6.58022 -5.5
      vertex 3.34565 -6.67522 -3.71572
    endloop
  endfacet
  facet normal 0.406742 -0.913543 0
    outer loop
      vertex 3.34565 -6.67522 -3.71572
      vertex 3.55902 -6.58022 -5.5
      vertex 3.55902 -6.58022 -3.47876
    endloop
  endfacet
  facet normal 0.206782 -0.972844 -0.103995
    outer loop
      vertex 2.31087 -7.11214 -5.70791
      vertex 0.988451 -7.41545 -5.5
      vertex 0.981699 -7.39466 -5.70791
    endloop
  endfacet
  facet normal 0.206788 -0.972847 -0.103957
    outer loop
      vertex 0.988451 -7.41545 -5.5
      vertex 2.31087 -7.11214 -5.70791
      vertex 2.31763 -7.13292 -5.5
    endloop
  endfacet
  facet normal -0.197838 -0.930767 -0.307461
    outer loop
      vertex -2.1041 -7.09041 -5.90674
      vertex -0.981699 -7.39466 -5.70791
      vertex -2.31087 -7.11214 -5.70791
    endloop
  endfacet
  facet normal -0.197837 -0.930767 -0.307464
    outer loop
      vertex -0.981699 -7.39466 -5.70791
      vertex -2.1041 -7.09041 -5.90674
      vertex -0.774926 -7.37293 -5.90674
    endloop
  endfacet
  facet normal 0.509728 -0.701584 -0.497953
    outer loop
      vertex 4.89069 -5.43166 -6.08778
      vertex 3.86128 -6.30806 -5.90674
      vertex 3.79134 -6.23038 -6.08778
    endloop
  endfacet
  facet normal 0.509728 -0.701584 -0.497953
    outer loop
      vertex 3.86128 -6.30806 -5.90674
      vertex 4.89069 -5.43166 -6.08778
      vertex 4.96063 -5.50934 -5.90674
    endloop
  endfacet
  facet normal 0.437883 -0.602711 -0.667082
    outer loop
      vertex 3.65451 -6.32979 -6.08778
      vertex 3.58457 -6.20865 -6.24314
      vertex 3.79134 -6.23038 -6.08778
    endloop
  endfacet
  facet normal 0.584596 -0.804632 -0.103994
    outer loop
      vertex 4.83842 -5.67754 -5.70791
      vertex 3.75 -6.49519 -5.5
      vertex 3.73907 -6.47626 -5.70791
    endloop
  endfacet
  facet normal 0.584596 -0.804632 -0.103994
    outer loop
      vertex 3.75 -6.49519 -5.5
      vertex 4.83842 -5.67754 -5.70791
      vertex 4.84935 -5.69647 -5.5
    endloop
  endfacet
  facet normal 0.587783 -0.809019 0
    outer loop
      vertex 4.84935 -5.69647 -5.5
      vertex 3.75 -6.49519 -3.26665
      vertex 3.75 -6.49519 -5.5
    endloop
  endfacet
  facet normal 0.587786 -0.809017 2.05536e-06
    outer loop
      vertex 3.75 -6.49519 -3.26665
      vertex 4.84935 -5.69647 -5.5
      vertex 3.9052 -6.38243 -3.09429
    endloop
  endfacet
  facet normal 0.587788 -0.809015 3.1472e-06
    outer loop
      vertex 3.9052 -6.38243 -3.09429
      vertex 4.84935 -5.69647 -5.5
      vertex 4.04508 -6.2808 -2.93893
    endloop
  endfacet
  facet normal 0.587799 -0.809007 8.40008e-06
    outer loop
      vertex 4.04508 -6.2808 -2.93893
      vertex 4.84935 -5.69647 -5.5
      vertex 4.14961 -6.20485 -2.75788
    endloop
  endfacet
  facet normal 0.587772 -0.809026 -1.87213e-06
    outer loop
      vertex 4.14961 -6.20485 -2.75788
      vertex 4.84935 -5.69647 -5.5
      vertex 4.56773 -5.90108 -2.03368
    endloop
  endfacet
  facet normal 0.587821 -0.808991 4.15253e-06
    outer loop
      vertex 4.56773 -5.90108 -2.03368
      vertex 4.84935 -5.69647 -5.5
      vertex 4.63233 -5.85414 -1.83486
    endloop
  endfacet
  facet normal 0.587775 -0.809025 0
    outer loop
      vertex 4.63233 -5.85414 -1.83486
      vertex 4.84935 -5.69647 -5.5
      vertex 4.84935 -5.69647 -1.16694
    endloop
  endfacet
  facet normal 0.587816 -0.808995 0
    outer loop
      vertex 4.84935 -5.69647 1.16694
      vertex 5.01848 -5.57358 5.5
      vertex 4.84935 -5.69647 5.5
    endloop
  endfacet
  facet normal 0.587885 -0.808945 -4.08038e-06
    outer loop
      vertex 4.89074 -5.66639 1.03956
      vertex 5.01848 -5.57358 5.5
      vertex 4.84935 -5.69647 1.16694
    endloop
  endfacet
  facet normal 0.587779 -0.809022 5.4714e-07
    outer loop
      vertex 5 -5.58701 0
      vertex 5.01848 -5.57358 5.5
      vertex 4.89074 -5.66639 1.03956
    endloop
  endfacet
  facet normal 0.587816 -0.808995 0
    outer loop
      vertex 5.01848 -5.57358 -5.5
      vertex 4.84935 -5.69647 -1.16694
      vertex 4.84935 -5.69647 -5.5
    endloop
  endfacet
  facet normal 0.587885 -0.808945 4.08038e-06
    outer loop
      vertex 4.84935 -5.69647 -1.16694
      vertex 5.01848 -5.57358 -5.5
      vertex 4.89074 -5.66639 -1.03956
    endloop
  endfacet
  facet normal 0.587885 -0.808944 0
    outer loop
      vertex 5 -5.58701 0
      vertex 5.01848 -5.57358 -5.5
      vertex 5.01848 -5.57358 5.5
    endloop
  endfacet
  facet normal 0.587779 -0.809022 -5.4714e-07
    outer loop
      vertex 4.89074 -5.66639 -1.03956
      vertex 5.01848 -5.57358 -5.5
      vertex 5 -5.58701 0
    endloop
  endfacet
  facet normal -0.751036 0.433588 0.497941
    outer loop
      vertex -5.99768 4.35757 5.90674
      vertex -5.99768 4.14966 6.08778
      vertex -5.91312 4.29613 6.08778
    endloop
  endfacet
  facet normal -0.866025 0.500001 0
    outer loop
      vertex -6.85159 3.05052 5.18563
      vertex -6.17215 4.22734 -5.5
      vertex -6.85159 3.05052 -5.5
    endloop
  endfacet
  facet normal -0.866025 0.500001 0
    outer loop
      vertex -6.17215 4.22734 -5.5
      vertex -6.85159 3.05052 5.18563
      vertex -6.17215 4.22734 5.5
    endloop
  endfacet
  facet normal -0.510878 0.294959 -0.807467
    outer loop
      vertex -6.47938 3.03709 -6.24314
      vertex -5.71538 4.02397 -6.36602
      vertex -6.39482 2.84716 -6.36602
    endloop
  endfacet
  facet normal -0.510857 0.29494 -0.807487
    outer loop
      vertex -5.71538 4.02397 -6.36602
      vertex -6.47938 3.03709 -6.24314
      vertex -5.79995 4.21391 -6.24314
    endloop
  endfacet
  facet normal -0.708502 -0.230236 -0.667095
    outer loop
      vertex -7.09703 -1.68048 -6.08778
      vertex -7.1493 -1.51963 -6.08778
      vertex -6.96924 -1.62358 -6.24314
    endloop
  endfacet
  facet normal -0.994534 0.104414 0
    outer loop
      vertex -7.34234 1.5 4.85
      vertex -7.33611 1.55934 -5.5
      vertex -7.34234 1.5 -5.5
    endloop
  endfacet
  facet normal -0.994534 0.104414 0
    outer loop
      vertex -7.33611 1.55934 -5.5
      vertex -7.34234 1.5 4.85
      vertex -7.33611 1.55934 5.5
    endloop
  endfacet
  facet normal -0.994519 0.104559 0
    outer loop
      vertex -7.35796 1.35143 5.5
      vertex -7.34234 1.5 4.85
      vertex -7.35796 1.35143 4.85
    endloop
  endfacet
  facet normal -0.994523 0.104518 -9.56465e-06
    outer loop
      vertex -7.34234 1.5 4.85
      vertex -7.35796 1.35143 5.5
      vertex -7.33611 1.55934 5.5
    endloop
  endfacet
  facet normal -0.951057 0.309015 0
    outer loop
      vertex -6.91619 2.8517 -5.5
      vertex -6.85159 3.05052 5.18563
      vertex -6.85159 3.05052 -5.5
    endloop
  endfacet
  facet normal -0.951057 0.309015 0
    outer loop
      vertex -6.91619 2.8517 5.5
      vertex -6.85159 3.05052 5.18563
      vertex -6.91619 2.8517 -5.5
    endloop
  endfacet
  facet normal -0.951057 0.309015 0
    outer loop
      vertex -6.85159 3.05052 5.18563
      vertex -6.91619 2.8517 5.5
      vertex -6.85159 3.05052 5.5
    endloop
  endfacet
  facet normal -0.824052 -0.475799 -0.307496
    outer loop
      vertex -6.72938 -3.21873 -5.70791
      vertex -6.83163 -3.04164 -5.70791
      vertex -6.77261 -3.01536 -5.90674
    endloop
  endfacet
  facet normal -0.740983 0.0777598 -0.667007
    outer loop
      vertex -7.13504 1.5 -6.10591
      vertex -7.15136 1.5 -6.08778
      vertex -7.1493 1.51963 -6.08778
    endloop
  endfacet
  facet normal -0.862359 -0.0904972 -0.498143
    outer loop
      vertex -7.1493 -1.51963 -6.08778
      vertex -7.16356 -1.5 -6.06666
      vertex -7.15136 -1.5 -6.08778
    endloop
  endfacet
  facet normal -0.824074 -0.475785 -0.307457
    outer loop
      vertex -5.99768 -4.35757 -5.90674
      vertex -6.72938 -3.21873 -5.70791
      vertex -6.67712 -3.18076 -5.90674
    endloop
  endfacet
  facet normal -0.824067 -0.475774 -0.307494
    outer loop
      vertex -6.72938 -3.21873 -5.70791
      vertex -5.99768 -4.35757 -5.90674
      vertex -6.04995 -4.39554 -5.70791
    endloop
  endfacet
  facet normal -0.303647 -0.273466 -0.912697
    outer loop
      vertex -5.59317 -4.19217 -6.36602
      vertex -5.66312 -4.1145 -6.36602
      vertex -5.50861 -4.00224 -6.45106
    endloop
  endfacet
  facet normal -0.12286 0.169054 0.977919
    outer loop
      vertex -4.50386 5.09806 6.45106
      vertex -4.55612 5.06008 6.45106
      vertex -4.41929 4.90812 6.49452
    endloop
  endfacet
  facet normal -0.122627 0.576997 0.807488
    outer loop
      vertex -2.07855 6.84733 6.24314
      vertex -2.21538 6.81825 6.24314
      vertex -2.16312 6.65739 6.36602
    endloop
  endfacet
  facet normal -0.406738 -0.913545 0
    outer loop
      vertex -3.75 -6.49519 -5.5
      vertex -3.55902 -6.58022 -3.47876
      vertex -3.75 -6.49519 -3.26665
    endloop
  endfacet
  facet normal -0.406738 -0.913545 -0
    outer loop
      vertex -3.55902 -6.58022 -3.47876
      vertex -3.75 -6.49519 -5.5
      vertex -3.55902 -6.58022 -5.5
    endloop
  endfacet
  facet normal -0.587816 -0.808995 0
    outer loop
      vertex -5.01848 -5.57358 5.5
      vertex -4.84935 -5.69647 1.16694
      vertex -4.84935 -5.69647 5.5
    endloop
  endfacet
  facet normal -0.587885 -0.808945 -4.08038e-06
    outer loop
      vertex -5.01848 -5.57358 5.5
      vertex -4.89074 -5.66639 1.03956
      vertex -4.84935 -5.69647 1.16694
    endloop
  endfacet
  facet normal -0.587779 -0.809022 5.4714e-07
    outer loop
      vertex -5.01848 -5.57358 5.5
      vertex -5 -5.58701 0
      vertex -4.89074 -5.66639 1.03956
    endloop
  endfacet
  facet normal -0.587885 -0.808944 0
    outer loop
      vertex -5.01848 -5.57358 -5.5
      vertex -5 -5.58701 0
      vertex -5.01848 -5.57358 5.5
    endloop
  endfacet
  facet normal -0.587779 -0.809022 -5.4714e-07
    outer loop
      vertex -5.01848 -5.57358 -5.5
      vertex -4.89074 -5.66639 -1.03956
      vertex -5 -5.58701 0
    endloop
  endfacet
  facet normal -0.587885 -0.808945 4.08038e-06
    outer loop
      vertex -5.01848 -5.57358 -5.5
      vertex -4.84935 -5.69647 -1.16694
      vertex -4.89074 -5.66639 -1.03956
    endloop
  endfacet
  facet normal -0.587816 -0.808995 -0
    outer loop
      vertex -4.84935 -5.69647 -1.16694
      vertex -5.01848 -5.57358 -5.5
      vertex -4.84935 -5.69647 -5.5
    endloop
  endfacet
  facet normal -0.584596 -0.804632 -0.103994
    outer loop
      vertex -4.83842 -5.67754 -5.70791
      vertex -3.75 -6.49519 -5.5
      vertex -4.84935 -5.69647 -5.5
    endloop
  endfacet
  facet normal -0.584596 -0.804632 -0.103994
    outer loop
      vertex -3.75 -6.49519 -5.5
      vertex -4.83842 -5.67754 -5.70791
      vertex -3.73907 -6.47626 -5.70791
    endloop
  endfacet
  facet normal -0.587783 0.809019 0
    outer loop
      vertex -3.75 6.49519 -5.5
      vertex -4.84935 5.69647 5.5
      vertex -3.75 6.49519 5.5
    endloop
  endfacet
  facet normal -0.587783 0.809019 0
    outer loop
      vertex -4.84935 5.69647 5.5
      vertex -3.75 6.49519 -5.5
      vertex -4.84935 5.69647 -5.5
    endloop
  endfacet
  facet normal -0.40452 0.908601 -0.103965
    outer loop
      vertex -2.31087 7.11214 -5.70791
      vertex -2.49768 7.02897 -5.70791
      vertex -2.31763 7.13292 -5.5
    endloop
  endfacet
  facet normal 0.43834 0.394771 -0.807473
    outer loop
      vertex 5.66312 4.1145 -6.36602
      vertex 5.59317 4.19217 -6.36602
      vertex 5.79995 4.21391 -6.24314
    endloop
  endfacet
  facet normal 0.584573 -0.804658 -0.10392
    outer loop
      vertex 5.01848 -5.57358 -5.5
      vertex 4.83842 -5.67754 -5.70791
      vertex 5.00386 -5.55735 -5.70791
    endloop
  endfacet
  facet normal 0.0434492 0.204416 -0.977919
    outer loop
      vertex 2.04091 6.28128 -6.49452
      vertex 0.774926 6.75828 -6.45106
      vertex 2.1041 6.47576 -6.45106
    endloop
  endfacet
  facet normal 0.0434492 0.204416 -0.977919
    outer loop
      vertex 0.774926 6.75828 -6.45106
      vertex 2.04091 6.28128 -6.49452
      vertex 0.711736 6.5638 -6.49452
    endloop
  endfacet
  facet normal 0.207836 -0.0218679 -0.977919
    outer loop
      vertex 6.80226 -0.0642481 -6.45106
      vertex 6.60453 0 -6.49452
      vertex 6.80902 0 -6.45106
    endloop
  endfacet
  facet normal 0.406405 -0.0427608 -0.912692
    outer loop
      vertex 7 0 -6.36602
      vertex 6.80226 -0.0642481 -6.45106
      vertex 6.80902 0 -6.45106
    endloop
  endfacet
  facet normal 0.180985 0.104492 -0.977919
    outer loop
      vertex 6.03354 2.6863 -6.49452
      vertex 5.54091 3.94629 -6.45106
      vertex 6.22035 2.76947 -6.45106
    endloop
  endfacet
  facet normal 0.180985 0.104492 -0.977919
    outer loop
      vertex 5.54091 3.94629 -6.45106
      vertex 6.03354 2.6863 -6.49452
      vertex 5.3541 3.86312 -6.49452
    endloop
  endfacet
  facet normal -0.12286 0.169054 -0.977919
    outer loop
      vertex -4.41929 4.90812 -6.49452
      vertex -4.55612 5.06008 -6.45106
      vertex -4.50386 5.09806 -6.45106
    endloop
  endfacet
  facet normal -0.510882 0.294957 -0.807465
    outer loop
      vertex -6.39482 2.84716 -6.36602
      vertex -6.54932 2.91595 -6.24314
      vertex -6.47938 3.03709 -6.24314
    endloop
  endfacet
  facet normal 0.15532 -0.139826 -0.977918
    outer loop
      vertex 4.55612 -5.06008 -6.45106
      vertex 4.41929 -4.90812 -6.49452
      vertex 4.43391 -4.89188 -6.49452
    endloop
  endfacet
  facet normal -0.198754 0.0645798 -0.977919
    outer loop
      vertex -6.03354 2.6863 -6.49452
      vertex -6.24031 2.70804 -6.45106
      vertex -6.22035 2.76947 -6.45106
    endloop
  endfacet
  facet normal -0.388642 0.126279 -0.912694
    outer loop
      vertex -6.24031 2.70804 -6.45106
      vertex -6.42712 2.74774 -6.36602
      vertex -6.22035 2.76947 -6.45106
    endloop
  endfacet
  facet normal -0.438348 0.394745 -0.807482
    outer loop
      vertex -4.68391 5.20201 -6.36602
      vertex -4.89069 5.22375 -6.24314
      vertex -4.79708 5.3277 -6.24314
    endloop
  endfacet
  facet normal -0.510888 0.294919 -0.807476
    outer loop
      vertex -5.71538 4.02397 -6.36602
      vertex -5.79995 4.21391 -6.24314
      vertex -5.66312 4.1145 -6.36602
    endloop
  endfacet
  facet normal -0.239935 0.538905 -0.807473
    outer loop
      vertex -3.5 6.06218 -6.36602
      vertex -2.34317 6.76135 -6.24314
      vertex -2.25861 6.61488 -6.36602
    endloop
  endfacet
  facet normal -0.23993 0.538897 -0.80748
    outer loop
      vertex -2.34317 6.76135 -6.24314
      vertex -3.5 6.06218 -6.36602
      vertex -3.58457 6.20865 -6.24314
    endloop
  endfacet
  facet normal -0.240234 0.330559 -0.912698
    outer loop
      vertex -4.55612 5.06008 -6.45106
      vertex -4.68391 5.20201 -6.36602
      vertex -4.50386 5.09806 -6.45106
    endloop
  endfacet
  facet normal -0.0850253 0.1909 -0.97792
    outer loop
      vertex -3.30226 5.71969 -6.49452
      vertex -3.40451 5.89678 -6.45106
      vertex -3.2823 5.72858 -6.49452
    endloop
  endfacet
  facet normal -0.404532 0.908597 -0.103952
    outer loop
      vertex -2.49768 7.02897 -5.70791
      vertex -3.55902 6.58022 -5.5
      vertex -2.31763 7.13292 -5.5
    endloop
  endfacet
  facet normal -0.404536 0.908591 -0.103989
    outer loop
      vertex -3.55902 6.58022 -5.5
      vertex -2.49768 7.02897 -5.70791
      vertex -3.73907 6.47626 -5.70791
    endloop
  endfacet
  facet normal 0.866045 -0.499967 0
    outer loop
      vertex 6.06763 -4.40839 5.5
      vertex 6.17215 -4.22734 -5.5
      vertex 6.17215 -4.22734 5.5
    endloop
  endfacet
  facet normal 0.866045 -0.499967 0
    outer loop
      vertex 6.17215 -4.22734 -5.5
      vertex 6.06763 -4.40839 5.5
      vertex 6.06763 -4.40839 -5.5
    endloop
  endfacet
  facet normal -0.0435092 0.204407 -0.977919
    outer loop
      vertex -0.69036 6.56835 -6.49452
      vertex -0.711736 6.5638 -6.49452
      vertex -0.711736 6.77172 -6.45106
    endloop
  endfacet
  facet normal 0.824757 -0.267978 -0.497959
    outer loop
      vertex 7.19252 -1.723 -5.90674
      vertex 6.67712 -2.97284 -6.08778
      vertex 7.09703 -1.68048 -6.08778
    endloop
  endfacet
  facet normal 0.824757 -0.267978 -0.497959
    outer loop
      vertex 6.67712 -2.97284 -6.08778
      vertex 7.19252 -1.723 -5.90674
      vertex 6.77261 -3.01536 -5.90674
    endloop
  endfacet
  facet normal 0.751015 0.433604 -0.49796
    outer loop
      vertex 6.67712 3.18076 -5.90674
      vertex 5.99768 4.14966 -6.08778
      vertex 5.99768 4.35757 -5.90674
    endloop
  endfacet
  facet normal 0.751009 0.433597 -0.497975
    outer loop
      vertex 5.99768 4.14966 -6.08778
      vertex 6.67712 3.18076 -5.90674
      vertex 6.67712 2.97284 -6.08778
    endloop
  endfacet
  facet normal 0.751023 0.433586 -0.497963
    outer loop
      vertex 6.77261 3.01536 -5.90674
      vertex 6.67712 2.97284 -6.08778
      vertex 6.67712 3.18076 -5.90674
    endloop
  endfacet
  facet normal -0.353894 0.204322 -0.912695
    outer loop
      vertex -6.22035 2.76947 -6.45106
      vertex -5.71538 4.02397 -6.36602
      vertex -5.54091 3.94629 -6.45106
    endloop
  endfacet
  facet normal -0.353886 0.204318 -0.912699
    outer loop
      vertex -5.71538 4.02397 -6.36602
      vertex -6.22035 2.76947 -6.45106
      vertex -6.39482 2.84716 -6.36602
    endloop
  endfacet
  facet normal 0.644465 0.580276 -0.497941
    outer loop
      vertex 5.08842 5.36741 -5.90674
      vertex 5.79995 4.42182 -6.08778
      vertex 4.89069 5.43166 -6.08778
    endloop
  endfacet
  facet normal 0.644465 0.580276 -0.497941
    outer loop
      vertex 5.79995 4.42182 -6.08778
      vertex 5.08842 5.36741 -5.90674
      vertex 5.99768 4.35757 -5.90674
    endloop
  endfacet
  facet normal 0.739131 0.665496 -0.103925
    outer loop
      vertex 5.14069 5.40538 -5.70791
      vertex 5.00386 5.55735 -5.70791
      vertex 5.01848 5.57358 -5.5
    endloop
  endfacet
  facet normal 0.584573 0.804658 -0.10392
    outer loop
      vertex 5.00386 5.55735 -5.70791
      vertex 4.83842 5.67754 -5.70791
      vertex 5.01848 5.57358 -5.5
    endloop
  endfacet
  facet normal 0.74088 -0.0778747 -0.667107
    outer loop
      vertex 7.29134 -0.168203 -6.08778
      vertex 7.16913 0 -6.24314
      vertex 7.30902 0 -6.08778
    endloop
  endfacet
  facet normal 0.586666 -0.0616607 -0.807478
    outer loop
      vertex 7.02709 -1.35143 -6.24314
      vertex 7 0 -6.36602
      vertex 7.16913 0 -6.24314
    endloop
  endfacet
  facet normal 0.586666 -0.0616607 -0.807478
    outer loop
      vertex 7 0 -6.36602
      vertex 7.02709 -1.35143 -6.24314
      vertex 6.85796 -1.35143 -6.36602
    endloop
  endfacet
  facet normal 0.740884 -0.0778695 -0.667104
    outer loop
      vertex 7.29134 -0.168203 -6.08778
      vertex 7.02709 -1.35143 -6.24314
      vertex 7.16913 0 -6.24314
    endloop
  endfacet
  facet normal 0.740884 -0.0778697 -0.667103
    outer loop
      vertex 7.02709 -1.35143 -6.24314
      vertex 7.29134 -0.168203 -6.08778
      vertex 7.1493 -1.51963 -6.08778
    endloop
  endfacet
  facet normal 0.945906 0.307342 -0.103936
    outer loop
      vertex 6.89482 2.84716 -5.70791
      vertex 6.83163 3.04164 -5.70791
      vertex 6.91619 2.8517 -5.5
    endloop
  endfacet
  facet normal 0.824052 0.475799 -0.307496
    outer loop
      vertex 6.77261 3.01536 -5.90674
      vertex 6.72938 3.21873 -5.70791
      vertex 6.83163 3.04164 -5.70791
    endloop
  endfacet
  facet normal 0.904978 -0.294043 -0.307495
    outer loop
      vertex 6.83163 -3.04164 -5.70791
      vertex 6.77261 -3.01536 -5.90674
      vertex 6.89482 -2.84716 -5.70791
    endloop
  endfacet
  facet normal 0.951055 -0.309022 0
    outer loop
      vertex 6.91619 -2.8517 4.79001
      vertex 7.33611 -1.55934 -5.5
      vertex 7.33611 -1.55934 5.5
    endloop
  endfacet
  facet normal 0.951055 -0.309022 0
    outer loop
      vertex 7.33611 -1.55934 -5.5
      vertex 6.91619 -2.8517 4.79001
      vertex 6.91619 -2.8517 -5.5
    endloop
  endfacet
  facet normal 0.994522 -0.104528 0
    outer loop
      vertex 7.35796 -1.35143 4.42467
      vertex 7.5 0 -5.5
      vertex 7.5 0 5.5
    endloop
  endfacet
  facet normal 0.994522 -0.104528 0
    outer loop
      vertex 7.5 0 -5.5
      vertex 7.35796 -1.35143 4.42467
      vertex 7.35796 -1.35143 -5.5
    endloop
  endfacet
  facet normal 0.437883 0.602711 -0.667082
    outer loop
      vertex 3.79134 6.23038 -6.08778
      vertex 3.58457 6.20865 -6.24314
      vertex 3.65451 6.32979 -6.08778
    endloop
  endfacet
  facet normal 0.240197 0.330605 -0.912691
    outer loop
      vertex 3.40451 5.89678 -6.45106
      vertex 4.59935 5.26345 -6.36602
      vertex 4.50386 5.09806 -6.45106
    endloop
  endfacet
  facet normal 0.240191 0.330592 -0.912698
    outer loop
      vertex 4.59935 5.26345 -6.36602
      vertex 3.40451 5.89678 -6.45106
      vertex 3.5 6.06218 -6.36602
    endloop
  endfacet
  facet normal -0.180963 -0.104541 -0.977918
    outer loop
      vertex -5.34317 -3.88204 -6.49452
      vertex -5.54091 -3.94629 -6.45106
      vertex -5.3541 -3.86312 -6.49452
    endloop
  endfacet
  facet normal -0.180983 0.104481 0.977921
    outer loop
      vertex -5.50861 4.00224 6.45106
      vertex -5.54091 3.94629 6.45106
      vertex -5.34317 3.88204 6.49452
    endloop
  endfacet
  facet normal 0.0434758 0.204407 0.97792
    outer loop
      vertex 0.711736 6.77172 6.45106
      vertex 0.711736 6.5638 6.49452
      vertex 0.774926 6.75828 6.45106
    endloop
  endfacet
  facet normal 0.509735 0.701578 0.497953
    outer loop
      vertex 3.86128 6.30806 5.90674
      vertex 3.70677 6.42032 5.90674
      vertex 3.79134 6.23038 6.08778
    endloop
  endfacet
  facet normal 0 0.867212 0.497938
    outer loop
      vertex 0.774926 7.37293 5.90674
      vertex -0.764 7.26898 6.08778
      vertex 0.764 7.26898 6.08778
    endloop
  endfacet
  facet normal 0 0.867212 0.497938
    outer loop
      vertex -0.764 7.26898 6.08778
      vertex 0.774926 7.37293 5.90674
      vertex -0.774926 7.37293 5.90674
    endloop
  endfacet
  facet normal 0 0.408652 0.91269
    outer loop
      vertex 0.731699 6.96165 6.36602
      vertex -0.711736 6.77172 6.45106
      vertex 0.711736 6.77172 6.45106
    endloop
  endfacet
  facet normal 0 0.408652 0.91269
    outer loop
      vertex -0.711736 6.77172 6.45106
      vertex 0.731699 6.96165 6.36602
      vertex -0.731699 6.96165 6.36602
    endloop
  endfacet
  facet normal -0.437862 0.602686 0.667118
    outer loop
      vertex -4.68391 5.40992 6.24314
      vertex -4.89069 5.43166 6.08778
      vertex -4.79708 5.3277 6.24314
    endloop
  endfacet
  facet normal -0.154893 0.728702 0.667084
    outer loop
      vertex -0.929434 7.23381 6.08778
      vertex -2.07855 6.84733 6.24314
      vertex -0.749377 7.12986 6.24314
    endloop
  endfacet
  facet normal -0.154883 0.728682 0.667109
    outer loop
      vertex -2.07855 6.84733 6.24314
      vertex -0.929434 7.23381 6.08778
      vertex -2.25861 6.95129 6.08778
    endloop
  endfacet
  facet normal -0.122647 0.576999 0.807483
    outer loop
      vertex -2.07855 6.84733 6.24314
      vertex -0.833942 6.93992 6.36602
      vertex -0.749377 7.12986 6.24314
    endloop
  endfacet
  facet normal -0.122647 0.577001 0.807482
    outer loop
      vertex -0.833942 6.93992 6.36602
      vertex -2.07855 6.84733 6.24314
      vertex -2.16312 6.65739 6.36602
    endloop
  endfacet
  facet normal -0.0434492 0.204416 0.977919
    outer loop
      vertex -0.774926 6.75828 6.45106
      vertex -2.04091 6.28128 6.49452
      vertex -0.711736 6.5638 6.49452
    endloop
  endfacet
  facet normal -0.0434492 0.204416 0.977919
    outer loop
      vertex -2.04091 6.28128 6.49452
      vertex -0.774926 6.75828 6.45106
      vertex -2.1041 6.47576 6.45106
    endloop
  endfacet
  facet normal 0.0850102 0.399687 0.912701
    outer loop
      vertex 0.833942 6.93992 6.36602
      vertex 0.711736 6.77172 6.45106
      vertex 0.774926 6.75828 6.45106
    endloop
  endfacet
  facet normal -0.0850253 0.1909 0.97792
    outer loop
      vertex -3.2823 5.72858 6.49452
      vertex -3.40451 5.89678 6.45106
      vertex -3.30226 5.71969 6.49452
    endloop
  endfacet
  facet normal -0.122796 0.169083 0.977922
    outer loop
      vertex -4.40161 4.92096 6.49452
      vertex -4.50386 5.09806 6.45106
      vertex -4.41929 4.90812 6.49452
    endloop
  endfacet
  facet normal -0.743143 0.669133 0
    outer loop
      vertex -5.92774 4.56375 -5.5
      vertex -5.01848 5.57358 5.5
      vertex -5.01848 5.57358 -5.5
    endloop
  endfacet
  facet normal -0.743143 0.669133 0
    outer loop
      vertex -5.01848 5.57358 5.5
      vertex -5.92774 4.56375 -5.5
      vertex -5.92774 4.56375 5.5
    endloop
  endfacet
  facet normal -0.197858 0.930756 -0.307484
    outer loop
      vertex -0.774926 7.37293 -5.90674
      vertex -0.981699 7.39466 -5.70791
      vertex -0.781678 7.43718 -5.70791
    endloop
  endfacet
  facet normal 0 0.994583 -0.10395
    outer loop
      vertex 0.781678 7.43718 -5.70791
      vertex -0.783963 7.45891 -5.5
      vertex 0.783963 7.45891 -5.5
    endloop
  endfacet
  facet normal 0 0.994583 -0.10395
    outer loop
      vertex -0.783963 7.45891 -5.5
      vertex 0.781678 7.43718 -5.70791
      vertex -0.781678 7.43718 -5.70791
    endloop
  endfacet
  facet normal -0.166195 0.373323 -0.912693
    outer loop
      vertex -2.1041 6.47576 -6.45106
      vertex -2.25861 6.61488 -6.36602
      vertex -2.16312 6.65739 -6.36602
    endloop
  endfacet
  facet normal 0.0850015 0.190917 -0.977919
    outer loop
      vertex 3.2823 5.72858 -6.49452
      vertex 2.16312 6.44948 -6.45106
      vertex 3.40451 5.89678 -6.45106
    endloop
  endfacet
  facet normal 0.0850015 0.190917 -0.977919
    outer loop
      vertex 2.16312 6.44948 -6.45106
      vertex 3.2823 5.72858 -6.49452
      vertex 2.04091 6.28128 -6.49452
    endloop
  endfacet
  facet normal -0.437883 0.602711 -0.667082
    outer loop
      vertex -3.58457 6.20865 -6.24314
      vertex -3.79134 6.23038 -6.08778
      vertex -3.65451 6.32979 -6.08778
    endloop
  endfacet
  facet normal -0.0850015 0.190917 -0.977919
    outer loop
      vertex -3.2823 5.72858 -6.49452
      vertex -2.16312 6.44948 -6.45106
      vertex -2.04091 6.28128 -6.49452
    endloop
  endfacet
  facet normal -0.0850015 0.190917 -0.977919
    outer loop
      vertex -2.16312 6.44948 -6.45106
      vertex -3.2823 5.72858 -6.49452
      vertex -3.40451 5.89678 -6.45106
    endloop
  endfacet
  facet normal -0.303025 0.680554 -0.6671
    outer loop
      vertex -2.21538 6.81825 -6.24314
      vertex -2.34317 6.76135 -6.24314
      vertex -2.25861 6.95129 -6.08778
    endloop
  endfacet
  facet normal -0.154867 0.728695 -0.667099
    outer loop
      vertex -2.21538 6.81825 -6.24314
      vertex -2.25861 6.95129 -6.08778
      vertex -2.07855 6.84733 -6.24314
    endloop
  endfacet
  facet normal 0.584596 0.804632 -0.103994
    outer loop
      vertex 4.83842 5.67754 -5.70791
      vertex 3.75 6.49519 -5.5
      vertex 4.84935 5.69647 -5.5
    endloop
  endfacet
  facet normal 0.584596 0.804632 -0.103994
    outer loop
      vertex 3.75 6.49519 -5.5
      vertex 4.83842 5.67754 -5.70791
      vertex 3.73907 6.47626 -5.70791
    endloop
  endfacet
  facet normal 0.584629 0.804608 0.103993
    outer loop
      vertex 4.84935 5.69647 5.5
      vertex 4.83842 5.67754 5.70791
      vertex 5.01848 5.57358 5.5
    endloop
  endfacet
  facet normal 0.166195 0.373323 0.912693
    outer loop
      vertex 2.16312 6.65739 6.36602
      vertex 2.1041 6.47576 6.45106
      vertex 2.25861 6.61488 6.36602
    endloop
  endfacet
  facet normal -0.197851 0.93076 0.307474
    outer loop
      vertex -2.1041 7.09041 5.90674
      vertex -2.31087 7.11214 5.70791
      vertex -2.29091 7.0507 5.90674
    endloop
  endfacet
  facet normal 0.154913 0.728686 0.667097
    outer loop
      vertex 0.764 7.26898 6.08778
      vertex 0.749377 7.12986 6.24314
      vertex 0.929434 7.23381 6.08778
    endloop
  endfacet
  facet normal -0.587775 -0.809025 0
    outer loop
      vertex -4.84935 -5.69647 -5.5
      vertex -4.63233 -5.85414 -1.83486
      vertex -4.84935 -5.69647 -1.16694
    endloop
  endfacet
  facet normal -0.587821 -0.808991 4.15253e-06
    outer loop
      vertex -4.84935 -5.69647 -5.5
      vertex -4.56773 -5.90108 -2.03368
      vertex -4.63233 -5.85414 -1.83486
    endloop
  endfacet
  facet normal -0.587772 -0.809026 -1.87213e-06
    outer loop
      vertex -4.84935 -5.69647 -5.5
      vertex -4.14961 -6.20485 -2.75788
      vertex -4.56773 -5.90108 -2.03368
    endloop
  endfacet
  facet normal -0.587799 -0.809007 8.40008e-06
    outer loop
      vertex -4.84935 -5.69647 -5.5
      vertex -4.04508 -6.2808 -2.93893
      vertex -4.14961 -6.20485 -2.75788
    endloop
  endfacet
  facet normal -0.587788 -0.809015 3.1472e-06
    outer loop
      vertex -4.84935 -5.69647 -5.5
      vertex -3.9052 -6.38243 -3.09429
      vertex -4.04508 -6.2808 -2.93893
    endloop
  endfacet
  facet normal -0.587786 -0.809017 2.05536e-06
    outer loop
      vertex -4.84935 -5.69647 -5.5
      vertex -3.75 -6.49519 -3.26665
      vertex -3.9052 -6.38243 -3.09429
    endloop
  endfacet
  facet normal -0.587783 -0.809019 -0
    outer loop
      vertex -3.75 -6.49519 -3.26665
      vertex -4.84935 -5.69647 -5.5
      vertex -3.75 -6.49519 -5.5
    endloop
  endfacet
  facet normal -0.584573 -0.804658 -0.10392
    outer loop
      vertex -4.83842 -5.67754 -5.70791
      vertex -5.01848 -5.57358 -5.5
      vertex -5.00386 -5.55735 -5.70791
    endloop
  endfacet
  facet normal 0.206761 -0.972853 -0.103951
    outer loop
      vertex 0.783963 -7.45891 -5.5
      vertex 0.781678 -7.43718 -5.70791
      vertex 0.988451 -7.41545 -5.5
    endloop
  endfacet
  facet normal 0.38703 -0.869288 -0.307482
    outer loop
      vertex 3.5323 -6.498 -5.90674
      vertex 2.49768 -7.02897 -5.70791
      vertex 2.29091 -7.0507 -5.90674
    endloop
  endfacet
  facet normal 0.387041 -0.869296 -0.307448
    outer loop
      vertex 2.49768 -7.02897 -5.70791
      vertex 3.5323 -6.498 -5.90674
      vertex 3.73907 -6.47626 -5.70791
    endloop
  endfacet
  facet normal 0.352725 -0.792236 -0.497943
    outer loop
      vertex 2.41312 -6.8825 -6.08778
      vertex 3.5323 -6.498 -5.90674
      vertex 2.29091 -7.0507 -5.90674
    endloop
  endfacet
  facet normal 0.352723 -0.792219 -0.497972
    outer loop
      vertex 3.5323 -6.498 -5.90674
      vertex 2.41312 -6.8825 -6.08778
      vertex 3.65451 -6.32979 -6.08778
    endloop
  endfacet
  facet normal 0.239913 -0.538916 -0.807472
    outer loop
      vertex 2.34317 -6.76135 -6.24314
      vertex 2.16312 -6.65739 -6.36602
      vertex 2.25861 -6.61488 -6.36602
    endloop
  endfacet
  facet normal -0.0849542 -0.399723 -0.912691
    outer loop
      vertex -0.731699 -6.96165 -6.36602
      vertex -0.833942 -6.93992 -6.36602
      vertex -0.711736 -6.77172 -6.45106
    endloop
  endfacet
  facet normal -0.12263 -0.576995 -0.807489
    outer loop
      vertex -0.749377 -7.12986 -6.24314
      vertex -0.833942 -6.93992 -6.36602
      vertex -0.731699 -6.96165 -6.36602
    endloop
  endfacet
  facet normal 0 -0.867212 -0.497938
    outer loop
      vertex -0.764 -7.26898 -6.08778
      vertex 0.774926 -7.37293 -5.90674
      vertex -0.774926 -7.37293 -5.90674
    endloop
  endfacet
  facet normal 0 -0.867212 -0.497938
    outer loop
      vertex 0.774926 -7.37293 -5.90674
      vertex -0.764 -7.26898 -6.08778
      vertex 0.764 -7.26898 -6.08778
    endloop
  endfacet
  facet normal -0.180312 -0.848253 -0.49795
    outer loop
      vertex -2.1041 -7.09041 -5.90674
      vertex -2.29091 -7.0507 -5.90674
      vertex -2.25861 -6.95129 -6.08778
    endloop
  endfacet
  facet normal -0.155297 -0.139835 -0.977921
    outer loop
      vertex -5.46538 -4.05025 -6.45106
      vertex -5.50861 -4.00224 -6.45106
      vertex -5.34317 -3.88204 -6.49452
    endloop
  endfacet
  facet normal -0.352723 -0.792219 -0.497972
    outer loop
      vertex -2.41312 -6.8825 -6.08778
      vertex -3.5323 -6.498 -5.90674
      vertex -3.65451 -6.32979 -6.08778
    endloop
  endfacet
  facet normal -0.352725 -0.792236 -0.497943
    outer loop
      vertex -3.5323 -6.498 -5.90674
      vertex -2.41312 -6.8825 -6.08778
      vertex -2.29091 -7.0507 -5.90674
    endloop
  endfacet
  facet normal -0.197851 -0.93076 -0.307474
    outer loop
      vertex -2.1041 -7.09041 -5.90674
      vertex -2.31087 -7.11214 -5.70791
      vertex -2.29091 -7.0507 -5.90674
    endloop
  endfacet
  facet normal 0.352715 -0.792236 -0.49795
    outer loop
      vertex 2.29091 -7.0507 -5.90674
      vertex 2.25861 -6.95129 -6.08778
      vertex 2.41312 -6.8825 -6.08778
    endloop
  endfacet
  facet normal -0.584629 -0.804608 -0.103993
    outer loop
      vertex -4.84935 -5.69647 -5.5
      vertex -5.01848 -5.57358 -5.5
      vertex -4.83842 -5.67754 -5.70791
    endloop
  endfacet
  facet normal -0.707151 -0.636701 -0.307489
    outer loop
      vertex -5.00386 -5.55735 -5.70791
      vertex -5.14069 -5.40538 -5.70791
      vertex -4.96063 -5.50934 -5.90674
    endloop
  endfacet
  facet normal -0.198759 -0.0645632 -0.977919
    outer loop
      vertex -6.45345 -1.39394 -6.49452
      vertex -6.66022 -1.41567 -6.45106
      vertex -6.4602 -1.37316 -6.49452
    endloop
  endfacet
  facet normal 0.861332 -0.497292 -0.103958
    outer loop
      vertex 6.17215 -4.22734 -5.5
      vertex 6.72938 -3.21873 -5.70791
      vertex 6.85159 -3.05052 -5.5
    endloop
  endfacet
  facet normal 0.861335 -0.497291 -0.103943
    outer loop
      vertex 6.72938 -3.21873 -5.70791
      vertex 6.17215 -4.22734 -5.5
      vertex 6.04995 -4.39554 -5.70791
    endloop
  endfacet
  facet normal 0 -0.951553 -0.307485
    outer loop
      vertex -0.774926 -7.37293 -5.90674
      vertex 0.781678 -7.43718 -5.70791
      vertex -0.781678 -7.43718 -5.70791
    endloop
  endfacet
  facet normal 0 -0.951553 -0.307485
    outer loop
      vertex 0.781678 -7.43718 -5.70791
      vertex -0.774926 -7.37293 -5.90674
      vertex 0.774926 -7.37293 -5.90674
    endloop
  endfacet
  facet normal 0 -0.589883 -0.807489
    outer loop
      vertex 0.749377 -7.12986 -6.24314
      vertex -0.731699 -6.96165 -6.36602
      vertex 0.731699 -6.96165 -6.36602
    endloop
  endfacet
  facet normal 0 -0.589883 -0.807489
    outer loop
      vertex -0.731699 -6.96165 -6.36602
      vertex 0.749377 -7.12986 -6.24314
      vertex -0.749377 -7.12986 -6.24314
    endloop
  endfacet
  facet normal 0.197858 -0.930756 -0.307484
    outer loop
      vertex 0.781678 -7.43718 -5.70791
      vertex 0.774926 -7.37293 -5.90674
      vertex 0.981699 -7.39466 -5.70791
    endloop
  endfacet
  facet normal 0.122627 -0.576997 -0.807488
    outer loop
      vertex 2.21538 -6.81825 -6.24314
      vertex 2.07855 -6.84733 -6.24314
      vertex 2.16312 -6.65739 -6.36602
    endloop
  endfacet
  facet normal 0.509735 -0.701578 -0.497953
    outer loop
      vertex 3.86128 -6.30806 -5.90674
      vertex 3.70677 -6.42032 -5.90674
      vertex 3.79134 -6.23038 -6.08778
    endloop
  endfacet
  facet normal 0.302997 -0.68055 -0.667117
    outer loop
      vertex 3.58457 -6.20865 -6.24314
      vertex 2.41312 -6.8825 -6.08778
      vertex 2.34317 -6.76135 -6.24314
    endloop
  endfacet
  facet normal 0.303016 -0.680576 -0.667082
    outer loop
      vertex 2.41312 -6.8825 -6.08778
      vertex 3.58457 -6.20865 -6.24314
      vertex 3.65451 -6.32979 -6.08778
    endloop
  endfacet
  facet normal 0.404532 -0.908597 -0.103952
    outer loop
      vertex 2.49768 -7.02897 -5.70791
      vertex 3.55902 -6.58022 -5.5
      vertex 2.31763 -7.13292 -5.5
    endloop
  endfacet
  facet normal 0.404536 -0.908591 -0.103989
    outer loop
      vertex 3.55902 -6.58022 -5.5
      vertex 2.49768 -7.02897 -5.70791
      vertex 3.73907 -6.47626 -5.70791
    endloop
  endfacet
  facet normal 0.40452 -0.908601 -0.103965
    outer loop
      vertex 2.31763 -7.13292 -5.5
      vertex 2.31087 -7.11214 -5.70791
      vertex 2.49768 -7.02897 -5.70791
    endloop
  endfacet
  facet normal -0.751036 0.433588 -0.497941
    outer loop
      vertex -5.91312 4.29613 -6.08778
      vertex -5.99768 4.14966 -6.08778
      vertex -5.99768 4.35757 -5.90674
    endloop
  endfacet
  facet normal -0.740853 0.0779644 -0.667127
    outer loop
      vertex -7.13504 1.5 -6.10591
      vertex -7.1493 1.51963 -6.08778
      vertex -7.05695 1.5 -6.19263
    endloop
  endfacet
  facet normal -0.407338 0.0438671 -0.912224
    outer loop
      vertex -6.66022 1.41567 -6.45106
      vertex -6.66268 1.41487 -6.45
      vertex -6.66254 1.41617 -6.45
    endloop
  endfacet
  facet normal -0.994522 -0.10453 -0
    outer loop
      vertex -7.5 0 5.5
      vertex -7.5 0 4.85
      vertex -7.41414 -0.816891 4.85
    endloop
  endfacet
  facet normal -0.861321 0.497318 -0.10393
    outer loop
      vertex -6.83163 3.04164 -5.70791
      vertex -6.85159 3.05052 -5.5
      vertex -6.72938 3.21873 -5.70791
    endloop
  endfacet
  facet normal -0.994522 0.104528 0
    outer loop
      vertex -7.5 0 4.85
      vertex -7.35796 1.35143 5.5
      vertex -7.35796 1.35143 4.85
    endloop
  endfacet
  facet normal -0.994522 0.104528 0
    outer loop
      vertex -7.35796 1.35143 5.5
      vertex -7.5 0 4.85
      vertex -7.5 0 5.5
    endloop
  endfacet
  facet normal -0.945906 -0.307342 -0.103936
    outer loop
      vertex -6.83163 -3.04164 -5.70791
      vertex -6.91619 -2.8517 -5.5
      vertex -6.89482 -2.84716 -5.70791
    endloop
  endfacet
  facet normal -0.862443 -0.0907677 -0.497948
    outer loop
      vertex -7.25154 -1.54136 -5.90674
      vertex -7.16356 -1.5 -6.06666
      vertex -7.1493 -1.51963 -6.08778
    endloop
  endfacet
  facet normal -0.862455 -0.0907079 -0.497939
    outer loop
      vertex -7.16356 -1.5 -6.06666
      vertex -7.25154 -1.54136 -5.90674
      vertex -7.25589 -1.5 -5.90674
    endloop
  endfacet
  facet normal 0.207826 0.0219016 -0.977921
    outer loop
      vertex 6.46249 1.35143 -6.49452
      vertex 6.4602 1.37316 -6.49452
      vertex 6.66022 1.41567 -6.45106
    endloop
  endfacet
  facet normal -0.388642 -0.126279 -0.912694
    outer loop
      vertex -6.22035 -2.76947 -6.45106
      vertex -6.42712 -2.74774 -6.36602
      vertex -6.24031 -2.70804 -6.45106
    endloop
  endfacet
  facet normal 0.240191 -0.330592 -0.912698
    outer loop
      vertex 3.40451 -5.89678 -6.45106
      vertex 4.59935 -5.26345 -6.36602
      vertex 3.5 -6.06218 -6.36602
    endloop
  endfacet
  facet normal 0.240197 -0.330605 -0.912691
    outer loop
      vertex 4.59935 -5.26345 -6.36602
      vertex 3.40451 -5.89678 -6.45106
      vertex 4.50386 -5.09806 -6.45106
    endloop
  endfacet
  facet normal -0.180985 -0.104492 -0.977919
    outer loop
      vertex -5.54091 -3.94629 -6.45106
      vertex -6.03354 -2.6863 -6.49452
      vertex -5.3541 -3.86312 -6.49452
    endloop
  endfacet
  facet normal -0.180985 -0.104492 -0.977919
    outer loop
      vertex -6.03354 -2.6863 -6.49452
      vertex -5.54091 -3.94629 -6.45106
      vertex -6.22035 -2.76947 -6.45106
    endloop
  endfacet
  facet normal -0.510882 -0.294957 -0.807465
    outer loop
      vertex -6.47938 -3.03709 -6.24314
      vertex -6.54932 -2.91595 -6.24314
      vertex -6.39482 -2.84716 -6.36602
    endloop
  endfacet
  facet normal -0.644466 -0.580271 -0.497945
    outer loop
      vertex -5.79995 -4.42182 -6.08778
      vertex -5.99768 -4.35757 -5.90674
      vertex -5.91312 -4.29613 -6.08778
    endloop
  endfacet
  facet normal -0.406738 0.913545 0
    outer loop
      vertex -3.55902 6.58022 -5.5
      vertex -3.75 6.49519 5.5
      vertex -3.55902 6.58022 5.5
    endloop
  endfacet
  facet normal -0.406738 0.913545 0
    outer loop
      vertex -3.75 6.49519 5.5
      vertex -3.55902 6.58022 -5.5
      vertex -3.75 6.49519 -5.5
    endloop
  endfacet
  facet normal -0.353896 0.204305 0.912698
    outer loop
      vertex -5.50861 4.00224 6.45106
      vertex -5.66312 4.1145 6.36602
      vertex -5.54091 3.94629 6.45106
    endloop
  endfacet
  facet normal -0.30368 0.273433 0.912695
    outer loop
      vertex -5.59317 4.19217 6.36602
      vertex -4.55612 5.06008 6.45106
      vertex -4.68391 5.20201 6.36602
    endloop
  endfacet
  facet normal -0.303687 0.273443 0.91269
    outer loop
      vertex -4.55612 5.06008 6.45106
      vertex -5.59317 4.19217 6.36602
      vertex -5.46538 4.05025 6.45106
    endloop
  endfacet
  facet normal 0.0850015 0.190917 0.977919
    outer loop
      vertex 2.16312 6.44948 6.45106
      vertex 3.2823 5.72858 6.49452
      vertex 3.40451 5.89678 6.45106
    endloop
  endfacet
  facet normal 0.0850015 0.190917 0.977919
    outer loop
      vertex 3.2823 5.72858 6.49452
      vertex 2.16312 6.44948 6.45106
      vertex 2.04091 6.28128 6.49452
    endloop
  endfacet
  facet normal 0.0434492 0.204416 0.977919
    outer loop
      vertex 0.774926 6.75828 6.45106
      vertex 2.04091 6.28128 6.49452
      vertex 2.1041 6.47576 6.45106
    endloop
  endfacet
  facet normal 0.0434492 0.204416 0.977919
    outer loop
      vertex 2.04091 6.28128 6.49452
      vertex 0.774926 6.75828 6.45106
      vertex 0.711736 6.5638 6.49452
    endloop
  endfacet
  facet normal -0.302997 0.68055 -0.667117
    outer loop
      vertex -3.58457 6.20865 -6.24314
      vertex -2.41312 6.8825 -6.08778
      vertex -2.34317 6.76135 -6.24314
    endloop
  endfacet
  facet normal -0.303016 0.680576 -0.667082
    outer loop
      vertex -2.41312 6.8825 -6.08778
      vertex -3.58457 6.20865 -6.24314
      vertex -3.65451 6.32979 -6.08778
    endloop
  endfacet
  facet normal 0.406393 -0.0427133 -0.912699
    outer loop
      vertex 6.85796 -1.35143 -6.36602
      vertex 6.80226 -0.0642481 -6.45106
      vertex 7 0 -6.36602
    endloop
  endfacet
  facet normal 0.406392 -0.0427135 -0.9127
    outer loop
      vertex 6.80226 -0.0642481 -6.45106
      vertex 6.85796 -1.35143 -6.36602
      vertex 6.66022 -1.41567 -6.45106
    endloop
  endfacet
  facet normal -0.122796 0.169083 -0.977922
    outer loop
      vertex -4.41929 4.90812 -6.49452
      vertex -4.50386 5.09806 -6.45106
      vertex -4.40161 4.92096 -6.49452
    endloop
  endfacet
  facet normal 0.406396 0.0427312 -0.912697
    outer loop
      vertex 6.85796 1.35143 -6.36602
      vertex 6.66022 1.41567 -6.45106
      vertex 6.84703 1.45538 -6.36602
    endloop
  endfacet
  facet normal 0.586666 0.0616607 -0.807478
    outer loop
      vertex 7 0 -6.36602
      vertex 7.02709 1.35143 -6.24314
      vertex 7.16913 0 -6.24314
    endloop
  endfacet
  facet normal 0.586666 0.0616607 -0.807478
    outer loop
      vertex 7.02709 1.35143 -6.24314
      vertex 7 0 -6.36602
      vertex 6.85796 1.35143 -6.36602
    endloop
  endfacet
  facet normal 0.406393 0.0427133 -0.912699
    outer loop
      vertex 6.80226 0.0642481 -6.45106
      vertex 6.85796 1.35143 -6.36602
      vertex 7 0 -6.36602
    endloop
  endfacet
  facet normal 0.406392 0.0427135 -0.9127
    outer loop
      vertex 6.85796 1.35143 -6.36602
      vertex 6.80226 0.0642481 -6.45106
      vertex 6.66022 1.41567 -6.45106
    endloop
  endfacet
  facet normal 0.388642 0.126279 -0.912694
    outer loop
      vertex 6.24031 2.70804 -6.45106
      vertex 6.22035 2.76947 -6.45106
      vertex 6.42712 2.74774 -6.36602
    endloop
  endfacet
  facet normal 0.084964 -0.399718 -0.912692
    outer loop
      vertex 0.833942 -6.93992 -6.36602
      vertex 2.1041 -6.47576 -6.45106
      vertex 2.16312 -6.65739 -6.36602
    endloop
  endfacet
  facet normal 0.0849581 -0.399703 -0.912699
    outer loop
      vertex 2.1041 -6.47576 -6.45106
      vertex 0.833942 -6.93992 -6.36602
      vertex 0.774926 -6.75828 -6.45106
    endloop
  endfacet
  facet normal 0.708511 -0.230211 -0.667094
    outer loop
      vertex 7.09703 -1.68048 -6.08778
      vertex 6.54932 -2.91595 -6.24314
      vertex 6.96924 -1.62358 -6.24314
    endloop
  endfacet
  facet normal 0.708498 -0.230203 -0.667111
    outer loop
      vertex 6.54932 -2.91595 -6.24314
      vertex 7.09703 -1.68048 -6.08778
      vertex 6.67712 -2.97284 -6.08778
    endloop
  endfacet
  facet normal 0.240234 -0.330559 -0.912698
    outer loop
      vertex 4.68391 -5.20201 -6.36602
      vertex 4.50386 -5.09806 -6.45106
      vertex 4.55612 -5.06008 -6.45106
    endloop
  endfacet
  facet normal -0.353905 0.204298 -0.912696
    outer loop
      vertex -5.54091 3.94629 -6.45106
      vertex -5.71538 4.02397 -6.36602
      vertex -5.66312 4.1145 -6.36602
    endloop
  endfacet
  facet normal -0.155304 -0.139837 -0.977919
    outer loop
      vertex -5.46538 -4.05025 -6.45106
      vertex -4.43391 -4.89188 -6.49452
      vertex -4.55612 -5.06008 -6.45106
    endloop
  endfacet
  facet normal -0.1553 -0.139832 -0.977921
    outer loop
      vertex -4.43391 -4.89188 -6.49452
      vertex -5.46538 -4.05025 -6.45106
      vertex -5.34317 -3.88204 -6.49452
    endloop
  endfacet
  facet normal -0.16622 0.373299 -0.912699
    outer loop
      vertex -2.16312 6.44948 -6.45106
      vertex -2.25861 6.61488 -6.36602
      vertex -2.1041 6.47576 -6.45106
    endloop
  endfacet
  facet normal -0.240197 0.330605 -0.912691
    outer loop
      vertex -4.59935 5.26345 -6.36602
      vertex -3.40451 5.89678 -6.45106
      vertex -4.50386 5.09806 -6.45106
    endloop
  endfacet
  facet normal -0.240191 0.330592 -0.912698
    outer loop
      vertex -3.40451 5.89678 -6.45106
      vertex -4.59935 5.26345 -6.36602
      vertex -3.5 6.06218 -6.36602
    endloop
  endfacet
  facet normal 0.198759 0.0645632 -0.977919
    outer loop
      vertex 6.4602 1.37316 -6.49452
      vertex 6.45345 1.39394 -6.49452
      vertex 6.66022 1.41567 -6.45106
    endloop
  endfacet
  facet normal 0.166206 -0.373306 -0.912698
    outer loop
      vertex 2.25861 -6.61488 -6.36602
      vertex 3.40451 -5.89678 -6.45106
      vertex 3.5 -6.06218 -6.36602
    endloop
  endfacet
  facet normal 0.166206 -0.373306 -0.912698
    outer loop
      vertex 3.40451 -5.89678 -6.45106
      vertex 2.25861 -6.61488 -6.36602
      vertex 2.16312 -6.44948 -6.45106
    endloop
  endfacet
  facet normal -0.43834 0.394771 -0.807473
    outer loop
      vertex -5.66312 4.1145 -6.36602
      vertex -5.79995 4.21391 -6.24314
      vertex -5.59317 4.19217 -6.36602
    endloop
  endfacet
  facet normal -0.303687 0.273443 -0.91269
    outer loop
      vertex -5.59317 4.19217 -6.36602
      vertex -4.55612 5.06008 -6.45106
      vertex -5.46538 4.05025 -6.45106
    endloop
  endfacet
  facet normal -0.30368 0.273433 -0.912695
    outer loop
      vertex -4.55612 5.06008 -6.45106
      vertex -5.59317 4.19217 -6.36602
      vertex -4.68391 5.20201 -6.36602
    endloop
  endfacet
  facet normal -0.240208 0.330599 -0.912691
    outer loop
      vertex -4.50386 5.09806 -6.45106
      vertex -4.68391 5.20201 -6.36602
      vertex -4.59935 5.26345 -6.36602
    endloop
  endfacet
  facet normal 0.866025 -0.500001 0
    outer loop
      vertex 6.17215 -4.22734 5.5
      vertex 6.85159 -3.05052 -5.5
      vertex 6.85159 -3.05052 5.5
    endloop
  endfacet
  facet normal 0.866025 -0.500001 0
    outer loop
      vertex 6.85159 -3.05052 -5.5
      vertex 6.17215 -4.22734 5.5
      vertex 6.17215 -4.22734 -5.5
    endloop
  endfacet
  facet normal 0.86135 -0.497257 -0.10398
    outer loop
      vertex 6.06763 -4.40839 -5.5
      vertex 6.04995 -4.39554 -5.70791
      vertex 6.17215 -4.22734 -5.5
    endloop
  endfacet
  facet normal 0.43834 -0.394771 -0.807473
    outer loop
      vertex 5.79995 -4.21391 -6.24314
      vertex 5.59317 -4.19217 -6.36602
      vertex 5.66312 -4.1145 -6.36602
    endloop
  endfacet
  facet normal 0.707151 -0.6367 -0.30749
    outer loop
      vertex 5.14069 -5.40538 -5.70791
      vertex 4.96063 -5.50934 -5.90674
      vertex 5.08842 -5.36741 -5.90674
    endloop
  endfacet
  facet normal 0.824074 -0.475785 -0.307457
    outer loop
      vertex 6.72938 -3.21873 -5.70791
      vertex 5.99768 -4.35757 -5.90674
      vertex 6.67712 -3.18076 -5.90674
    endloop
  endfacet
  facet normal 0.824067 -0.475774 -0.307494
    outer loop
      vertex 5.99768 -4.35757 -5.90674
      vertex 6.72938 -3.21873 -5.70791
      vertex 6.04995 -4.39554 -5.70791
    endloop
  endfacet
  facet normal -0.198754 0.0645787 -0.977919
    outer loop
      vertex -6.45345 1.39394 -6.49452
      vertex -6.24031 2.70804 -6.45106
      vertex -6.03354 2.6863 -6.49452
    endloop
  endfacet
  facet normal -0.198757 0.0645792 -0.977919
    outer loop
      vertex -6.24031 2.70804 -6.45106
      vertex -6.45345 1.39394 -6.49452
      vertex -6.66022 1.41567 -6.45106
    endloop
  endfacet
  facet normal 0.438361 0.394701 -0.807497
    outer loop
      vertex 5.59317 4.19217 -6.36602
      vertex 4.89069 5.22375 -6.24314
      vertex 5.79995 4.21391 -6.24314
    endloop
  endfacet
  facet normal 0.438361 0.394701 -0.807497
    outer loop
      vertex 4.89069 5.22375 -6.24314
      vertex 5.59317 4.19217 -6.36602
      vertex 4.68391 5.20201 -6.36602
    endloop
  endfacet
  facet normal 0.198754 0.0645798 -0.977919
    outer loop
      vertex 6.24031 2.70804 -6.45106
      vertex 6.03354 2.6863 -6.49452
      vertex 6.22035 2.76947 -6.45106
    endloop
  endfacet
  facet normal 0.561023 0.182286 -0.80748
    outer loop
      vertex 6.42712 2.74774 -6.36602
      vertex 6.96924 1.62358 -6.24314
      vertex 6.84703 1.45538 -6.36602
    endloop
  endfacet
  facet normal 0.561035 0.182293 -0.807471
    outer loop
      vertex 6.96924 1.62358 -6.24314
      vertex 6.42712 2.74774 -6.36602
      vertex 6.54932 2.91595 -6.24314
    endloop
  endfacet
  facet normal -0.0435092 -0.204407 -0.977919
    outer loop
      vertex -0.69036 -6.56835 -6.49452
      vertex -0.711736 -6.77172 -6.45106
      vertex -0.711736 -6.5638 -6.49452
    endloop
  endfacet
  facet normal -0.207826 0.0219016 -0.977921
    outer loop
      vertex -6.46249 1.35143 -6.49452
      vertex -6.66022 1.41567 -6.45106
      vertex -6.4602 1.37316 -6.49452
    endloop
  endfacet
  facet normal 0.707151 0.6367 -0.30749
    outer loop
      vertex 5.08842 5.36741 -5.90674
      vertex 4.96063 5.50934 -5.90674
      vertex 5.14069 5.40538 -5.70791
    endloop
  endfacet
  facet normal 0.707142 0.636711 -0.30749
    outer loop
      vertex 6.04995 4.39554 -5.70791
      vertex 5.08842 5.36741 -5.90674
      vertex 5.14069 5.40538 -5.70791
    endloop
  endfacet
  facet normal 0.707142 0.636711 -0.30749
    outer loop
      vertex 5.08842 5.36741 -5.90674
      vertex 6.04995 4.39554 -5.70791
      vertex 5.99768 4.35757 -5.90674
    endloop
  endfacet
  facet normal 0.55928 0.769842 -0.307488
    outer loop
      vertex 4.96063 5.50934 -5.90674
      vertex 4.83842 5.67754 -5.70791
      vertex 5.00386 5.55735 -5.70791
    endloop
  endfacet
  facet normal 0.751036 0.433588 -0.497941
    outer loop
      vertex 5.99768 4.14966 -6.08778
      vertex 5.91312 4.29613 -6.08778
      vertex 5.99768 4.35757 -5.90674
    endloop
  endfacet
  facet normal 0.353886 0.204318 -0.912699
    outer loop
      vertex 6.22035 2.76947 -6.45106
      vertex 5.71538 4.02397 -6.36602
      vertex 6.39482 2.84716 -6.36602
    endloop
  endfacet
  facet normal 0.353894 0.204322 -0.912695
    outer loop
      vertex 5.71538 4.02397 -6.36602
      vertex 6.22035 2.76947 -6.45106
      vertex 5.54091 3.94629 -6.45106
    endloop
  endfacet
  facet normal 0.553569 0.498505 -0.667123
    outer loop
      vertex 4.89069 5.22375 -6.24314
      vertex 4.79708 5.3277 -6.24314
      vertex 4.89069 5.43166 -6.08778
    endloop
  endfacet
  facet normal 0 0.951553 -0.307485
    outer loop
      vertex 0.774926 7.37293 -5.90674
      vertex -0.781678 7.43718 -5.70791
      vertex 0.781678 7.43718 -5.70791
    endloop
  endfacet
  facet normal 0 0.951553 -0.307485
    outer loop
      vertex -0.781678 7.43718 -5.70791
      vertex 0.774926 7.37293 -5.90674
      vertex -0.774926 7.37293 -5.90674
    endloop
  endfacet
  facet normal 0.824052 -0.475799 -0.307496
    outer loop
      vertex 6.83163 -3.04164 -5.70791
      vertex 6.72938 -3.21873 -5.70791
      vertex 6.77261 -3.01536 -5.90674
    endloop
  endfacet
  facet normal 0.862465 -0.090648 -0.497934
    outer loop
      vertex 7.2715 -1.35143 -5.90674
      vertex 7.29134 -0.168203 -6.08778
      vertex 7.41354 0 -5.90674
    endloop
  endfacet
  facet normal 0.862464 -0.0906482 -0.497935
    outer loop
      vertex 7.29134 -0.168203 -6.08778
      vertex 7.2715 -1.35143 -5.90674
      vertex 7.1493 -1.51963 -6.08778
    endloop
  endfacet
  facet normal 0.94634 -0.0994923 -0.307476
    outer loop
      vertex 7.31473 -1.55479 -5.70791
      vertex 7.25154 -1.54136 -5.90674
      vertex 7.33611 -1.35143 -5.70791
    endloop
  endfacet
  facet normal 0.740887 0.0778648 -0.6671
    outer loop
      vertex 7.02709 1.35143 -6.24314
      vertex 7.01247 1.49054 -6.24314
      vertex 7.1493 1.51963 -6.08778
    endloop
  endfacet
  facet normal 0.7085 0.23022 -0.667103
    outer loop
      vertex 7.01247 1.49054 -6.24314
      vertex 6.96924 1.62358 -6.24314
      vertex 7.1493 1.51963 -6.08778
    endloop
  endfacet
  facet normal 0.989134 0.103961 -0.103952
    outer loop
      vertex 7.5 0 -5.5
      vertex 7.33611 1.35143 -5.70791
      vertex 7.35796 1.35143 -5.5
    endloop
  endfacet
  facet normal 0.989134 0.103961 -0.103952
    outer loop
      vertex 7.33611 1.35143 -5.70791
      vertex 7.5 0 -5.5
      vertex 7.47815 0 -5.70791
    endloop
  endfacet
  facet normal 0.994523 0.104518 0
    outer loop
      vertex 7.35796 1.35143 5.5
      vertex 7.33611 1.55934 -5.5
      vertex 7.33611 1.55934 5.5
    endloop
  endfacet
  facet normal 0.994523 0.104518 0
    outer loop
      vertex 7.33611 1.55934 -5.5
      vertex 7.35796 1.35143 5.5
      vertex 7.35796 1.35143 -5.5
    endloop
  endfacet
  facet normal 0.951057 0.309015 0
    outer loop
      vertex 6.91619 2.8517 5.5
      vertex 6.85159 3.05052 5.18563
      vertex 6.85159 3.05052 5.5
    endloop
  endfacet
  facet normal 0.951057 0.309015 -0
    outer loop
      vertex 6.91619 2.8517 -5.5
      vertex 6.85159 3.05052 5.18563
      vertex 6.91619 2.8517 5.5
    endloop
  endfacet
  facet normal 0.951057 0.309015 0
    outer loop
      vertex 6.85159 3.05052 5.18563
      vertex 6.91619 2.8517 -5.5
      vertex 6.85159 3.05052 -5.5
    endloop
  endfacet
  facet normal 0.861321 0.497318 -0.10393
    outer loop
      vertex 6.83163 3.04164 -5.70791
      vertex 6.72938 3.21873 -5.70791
      vertex 6.85159 3.05052 -5.5
    endloop
  endfacet
  facet normal 0.861335 0.497291 -0.103943
    outer loop
      vertex 6.17215 4.22734 -5.5
      vertex 6.72938 3.21873 -5.70791
      vertex 6.04995 4.39554 -5.70791
    endloop
  endfacet
  facet normal 0.861332 0.497292 -0.103958
    outer loop
      vertex 6.72938 3.21873 -5.70791
      vertex 6.17215 4.22734 -5.5
      vertex 6.85159 3.05052 -5.5
    endloop
  endfacet
  facet normal 0.824067 0.475774 -0.307494
    outer loop
      vertex 6.72938 3.21873 -5.70791
      vertex 5.99768 4.35757 -5.90674
      vertex 6.04995 4.39554 -5.70791
    endloop
  endfacet
  facet normal 0.824074 0.475785 -0.307457
    outer loop
      vertex 5.99768 4.35757 -5.90674
      vertex 6.72938 3.21873 -5.70791
      vertex 6.67712 3.18076 -5.90674
    endloop
  endfacet
  facet normal 0.862461 0.0906371 -0.497943
    outer loop
      vertex 7.2715 1.35143 -5.90674
      vertex 7.1493 1.51963 -6.08778
      vertex 7.25154 1.54136 -5.90674
    endloop
  endfacet
  facet normal 0.824746 0.26801 -0.497961
    outer loop
      vertex 7.1493 1.51963 -6.08778
      vertex 7.09703 1.68048 -6.08778
      vertex 7.19252 1.723 -5.90674
    endloop
  endfacet
  facet normal 0.945906 -0.307342 -0.103936
    outer loop
      vertex 6.91619 -2.8517 -5.5
      vertex 6.83163 -3.04164 -5.70791
      vertex 6.89482 -2.84716 -5.70791
    endloop
  endfacet
  facet normal 0.945906 -0.307341 -0.103937
    outer loop
      vertex 6.85159 -3.05052 -5.5
      vertex 6.83163 -3.04164 -5.70791
      vertex 6.91619 -2.8517 -5.5
    endloop
  endfacet
  facet normal -0.207826 -0.0219016 -0.977921
    outer loop
      vertex -6.4602 -1.37316 -6.49452
      vertex -6.66022 -1.41567 -6.45106
      vertex -6.46249 -1.35143 -6.49452
    endloop
  endfacet
  facet normal -0.645176 0.372473 0.667092
    outer loop
      vertex -5.91312 4.29613 6.08778
      vertex -5.99768 4.14966 6.08778
      vertex -5.79995 4.21391 6.24314
    endloop
  endfacet
  facet normal 0 0.951553 0.307485
    outer loop
      vertex 0.781678 7.43718 5.70791
      vertex -0.774926 7.37293 5.90674
      vertex 0.774926 7.37293 5.90674
    endloop
  endfacet
  facet normal 0 0.951553 0.307485
    outer loop
      vertex -0.774926 7.37293 5.90674
      vertex 0.781678 7.43718 5.70791
      vertex -0.781678 7.43718 5.70791
    endloop
  endfacet
  facet normal 0.302991 0.680553 0.667116
    outer loop
      vertex 2.41312 6.8825 6.08778
      vertex 2.25861 6.95129 6.08778
      vertex 2.34317 6.76135 6.24314
    endloop
  endfacet
  facet normal 0.166206 0.373306 0.912698
    outer loop
      vertex 2.25861 6.61488 6.36602
      vertex 3.40451 5.89678 6.45106
      vertex 3.5 6.06218 6.36602
    endloop
  endfacet
  facet normal 0.166206 0.373306 0.912698
    outer loop
      vertex 3.40451 5.89678 6.45106
      vertex 2.25861 6.61488 6.36602
      vertex 2.16312 6.44948 6.45106
    endloop
  endfacet
  facet normal 0.155304 0.139837 0.977919
    outer loop
      vertex 4.43391 4.89188 6.49452
      vertex 5.46538 4.05025 6.45106
      vertex 4.55612 5.06008 6.45106
    endloop
  endfacet
  facet normal 0.1553 0.139832 0.977921
    outer loop
      vertex 5.46538 4.05025 6.45106
      vertex 4.43391 4.89188 6.49452
      vertex 5.34317 3.88204 6.49452
    endloop
  endfacet
  facet normal 0 0.589883 0.807489
    outer loop
      vertex 0.749377 7.12986 6.24314
      vertex -0.731699 6.96165 6.36602
      vertex 0.731699 6.96165 6.36602
    endloop
  endfacet
  facet normal 0 0.589883 0.807489
    outer loop
      vertex -0.731699 6.96165 6.36602
      vertex 0.749377 7.12986 6.24314
      vertex -0.749377 7.12986 6.24314
    endloop
  endfacet
  facet normal 0.15532 0.139826 0.977918
    outer loop
      vertex 4.55612 5.06008 6.45106
      vertex 4.41929 4.90812 6.49452
      vertex 4.43391 4.89188 6.49452
    endloop
  endfacet
  facet normal -0.584629 0.804608 0.103993
    outer loop
      vertex -4.84935 5.69647 5.5
      vertex -5.01848 5.57358 5.5
      vertex -4.83842 5.67754 5.70791
    endloop
  endfacet
  facet normal -0.866024 0.500002 -2.8466e-05
    outer loop
      vertex -6.17215 4.22734 5.5
      vertex -6.7796 3.1752 5.28351
      vertex -6.65461 3.3917 5.5
    endloop
  endfacet
  facet normal -0.866033 0.499986 7.62719e-05
    outer loop
      vertex -6.7796 3.1752 5.28351
      vertex -6.17215 4.22734 5.5
      vertex -6.85159 3.05052 5.18563
    endloop
  endfacet
  facet normal -0.0849542 0.399723 0.912691
    outer loop
      vertex -0.731699 6.96165 6.36602
      vertex -0.833942 6.93992 6.36602
      vertex -0.711736 6.77172 6.45106
    endloop
  endfacet
  facet normal -0.12263 0.576995 0.807489
    outer loop
      vertex -0.749377 7.12986 6.24314
      vertex -0.833942 6.93992 6.36602
      vertex -0.731699 6.96165 6.36602
    endloop
  endfacet
  facet normal -0.743137 0.669139 0
    outer loop
      vertex -6.06763 4.40839 -5.5
      vertex -5.92774 4.56375 5.5
      vertex -5.92774 4.56375 -5.5
    endloop
  endfacet
  facet normal -0.743137 0.669139 0
    outer loop
      vertex -5.92774 4.56375 5.5
      vertex -6.06763 4.40839 -5.5
      vertex -6.06763 4.40839 5.5
    endloop
  endfacet
  facet normal -0.38703 0.869288 -0.307482
    outer loop
      vertex -3.5323 6.498 -5.90674
      vertex -2.49768 7.02897 -5.70791
      vertex -2.29091 7.0507 -5.90674
    endloop
  endfacet
  facet normal -0.387041 0.869296 -0.307448
    outer loop
      vertex -2.49768 7.02897 -5.70791
      vertex -3.5323 6.498 -5.90674
      vertex -3.73907 6.47626 -5.70791
    endloop
  endfacet
  facet normal -0.387021 0.869296 -0.307471
    outer loop
      vertex -2.29091 7.0507 -5.90674
      vertex -2.49768 7.02897 -5.70791
      vertex -2.31087 7.11214 -5.70791
    endloop
  endfacet
  facet normal -0.352725 0.792236 -0.497943
    outer loop
      vertex -2.41312 6.8825 -6.08778
      vertex -3.5323 6.498 -5.90674
      vertex -2.29091 7.0507 -5.90674
    endloop
  endfacet
  facet normal -0.352723 0.792219 -0.497972
    outer loop
      vertex -3.5323 6.498 -5.90674
      vertex -2.41312 6.8825 -6.08778
      vertex -3.65451 6.32979 -6.08778
    endloop
  endfacet
  facet normal -0.352715 0.792236 -0.49795
    outer loop
      vertex -2.25861 6.95129 -6.08778
      vertex -2.41312 6.8825 -6.08778
      vertex -2.29091 7.0507 -5.90674
    endloop
  endfacet
  facet normal -0.0849542 0.399723 -0.912691
    outer loop
      vertex -0.711736 6.77172 -6.45106
      vertex -0.833942 6.93992 -6.36602
      vertex -0.731699 6.96165 -6.36602
    endloop
  endfacet
  facet normal 0 0.589883 -0.807489
    outer loop
      vertex -0.731699 6.96165 -6.36602
      vertex 0.749377 7.12986 -6.24314
      vertex 0.731699 6.96165 -6.36602
    endloop
  endfacet
  facet normal 0 0.589883 -0.807489
    outer loop
      vertex 0.749377 7.12986 -6.24314
      vertex -0.731699 6.96165 -6.36602
      vertex -0.749377 7.12986 -6.24314
    endloop
  endfacet
  facet normal -0.180333 0.848256 -0.497937
    outer loop
      vertex -0.764 7.26898 -6.08778
      vertex -0.929434 7.23381 -6.08778
      vertex -0.774926 7.37293 -5.90674
    endloop
  endfacet
  facet normal -0.154913 0.728686 -0.667097
    outer loop
      vertex -0.749377 7.12986 -6.24314
      vertex -0.929434 7.23381 -6.08778
      vertex -0.764 7.26898 -6.08778
    endloop
  endfacet
  facet normal 0.239943 0.538881 0.807486
    outer loop
      vertex 2.21538 6.81825 6.24314
      vertex 2.16312 6.65739 6.36602
      vertex 2.34317 6.76135 6.24314
    endloop
  endfacet
  facet normal 0.406738 0.913545 -0
    outer loop
      vertex 3.75 6.49519 -5.5
      vertex 3.55902 6.58022 5.5
      vertex 3.75 6.49519 5.5
    endloop
  endfacet
  facet normal 0.406738 0.913545 0
    outer loop
      vertex 3.55902 6.58022 5.5
      vertex 3.75 6.49519 -5.5
      vertex 3.55902 6.58022 -5.5
    endloop
  endfacet
  facet normal 0.86135 0.497257 0.10398
    outer loop
      vertex 6.06763 4.40839 5.5
      vertex 6.04995 4.39554 5.70791
      vertex 6.17215 4.22734 5.5
    endloop
  endfacet
  facet normal 0.154883 0.728682 0.667109
    outer loop
      vertex 0.929434 7.23381 6.08778
      vertex 2.07855 6.84733 6.24314
      vertex 2.25861 6.95129 6.08778
    endloop
  endfacet
  facet normal 0.154893 0.728702 0.667084
    outer loop
      vertex 2.07855 6.84733 6.24314
      vertex 0.929434 7.23381 6.08778
      vertex 0.749377 7.12986 6.24314
    endloop
  endfacet
  facet normal -0.180333 0.848256 0.497937
    outer loop
      vertex -0.774926 7.37293 5.90674
      vertex -0.929434 7.23381 6.08778
      vertex -0.764 7.26898 6.08778
    endloop
  endfacet
  facet normal -0.206761 0.972853 0.103951
    outer loop
      vertex -0.783963 7.45891 5.5
      vertex -0.988451 7.41545 5.5
      vertex -0.781678 7.43718 5.70791
    endloop
  endfacet
  facet normal -0.206782 0.972844 0.103995
    outer loop
      vertex -0.988451 7.41545 5.5
      vertex -2.31087 7.11214 5.70791
      vertex -0.981699 7.39466 5.70791
    endloop
  endfacet
  facet normal -0.206788 0.972847 0.103957
    outer loop
      vertex -2.31087 7.11214 5.70791
      vertex -0.988451 7.41545 5.5
      vertex -2.31763 7.13292 5.5
    endloop
  endfacet
  facet normal -0.404532 0.908597 0.103952
    outer loop
      vertex -3.55902 6.58022 5.5
      vertex -2.49768 7.02897 5.70791
      vertex -2.31763 7.13292 5.5
    endloop
  endfacet
  facet normal -0.404536 0.908591 0.103989
    outer loop
      vertex -2.49768 7.02897 5.70791
      vertex -3.55902 6.58022 5.5
      vertex -3.73907 6.47626 5.70791
    endloop
  endfacet
  facet normal -0.206804 0.97284 -0.103995
    outer loop
      vertex -0.981699 7.39466 -5.70791
      vertex -0.988451 7.41545 -5.5
      vertex -0.781678 7.43718 -5.70791
    endloop
  endfacet
  facet normal 0.197851 -0.93076 -0.307474
    outer loop
      vertex 2.31087 -7.11214 -5.70791
      vertex 2.1041 -7.09041 -5.90674
      vertex 2.29091 -7.0507 -5.90674
    endloop
  endfacet
  facet normal 0.0850082 -0.190913 -0.977919
    outer loop
      vertex 2.1041 -6.47576 -6.45106
      vertex 2.04091 -6.28128 -6.49452
      vertex 2.16312 -6.44948 -6.45106
    endloop
  endfacet
  facet normal 0.23993 -0.538897 -0.80748
    outer loop
      vertex 2.34317 -6.76135 -6.24314
      vertex 3.5 -6.06218 -6.36602
      vertex 3.58457 -6.20865 -6.24314
    endloop
  endfacet
  facet normal 0.239935 -0.538905 -0.807473
    outer loop
      vertex 3.5 -6.06218 -6.36602
      vertex 2.34317 -6.76135 -6.24314
      vertex 2.25861 -6.61488 -6.36602
    endloop
  endfacet
  facet normal -0.16622 -0.373299 -0.912699
    outer loop
      vertex -2.1041 -6.47576 -6.45106
      vertex -2.25861 -6.61488 -6.36602
      vertex -2.16312 -6.44948 -6.45106
    endloop
  endfacet
  facet normal -0.0849581 -0.399703 -0.912699
    outer loop
      vertex -0.833942 -6.93992 -6.36602
      vertex -2.1041 -6.47576 -6.45106
      vertex -0.774926 -6.75828 -6.45106
    endloop
  endfacet
  facet normal -0.084964 -0.399718 -0.912692
    outer loop
      vertex -2.1041 -6.47576 -6.45106
      vertex -0.833942 -6.93992 -6.36602
      vertex -2.16312 -6.65739 -6.36602
    endloop
  endfacet
  facet normal -0.122627 -0.576997 -0.807488
    outer loop
      vertex -2.07855 -6.84733 -6.24314
      vertex -2.21538 -6.81825 -6.24314
      vertex -2.16312 -6.65739 -6.36602
    endloop
  endfacet
  facet normal -0.510888 -0.294919 -0.807476
    outer loop
      vertex -5.66312 -4.1145 -6.36602
      vertex -5.79995 -4.21391 -6.24314
      vertex -5.71538 -4.02397 -6.36602
    endloop
  endfacet
  facet normal -0.240208 -0.330599 -0.912691
    outer loop
      vertex -4.59935 -5.26345 -6.36602
      vertex -4.68391 -5.20201 -6.36602
      vertex -4.50386 -5.09806 -6.45106
    endloop
  endfacet
  facet normal -0.154867 -0.728695 -0.667099
    outer loop
      vertex -2.07855 -6.84733 -6.24314
      vertex -2.25861 -6.95129 -6.08778
      vertex -2.21538 -6.81825 -6.24314
    endloop
  endfacet
  facet normal -0.180298 -0.84825 -0.49796
    outer loop
      vertex -0.929434 -7.23381 -6.08778
      vertex -2.1041 -7.09041 -5.90674
      vertex -2.25861 -6.95129 -6.08778
    endloop
  endfacet
  facet normal -0.180298 -0.848249 -0.497962
    outer loop
      vertex -2.1041 -7.09041 -5.90674
      vertex -0.929434 -7.23381 -6.08778
      vertex -0.774926 -7.37293 -5.90674
    endloop
  endfacet
  facet normal -0.197858 -0.930756 -0.307484
    outer loop
      vertex -0.781678 -7.43718 -5.70791
      vertex -0.981699 -7.39466 -5.70791
      vertex -0.774926 -7.37293 -5.90674
    endloop
  endfacet
  facet normal -0.406742 -0.913543 0
    outer loop
      vertex -3.55902 -6.58022 -5.5
      vertex -3.34565 -6.67522 -3.71572
      vertex -3.55902 -6.58022 -3.47876
    endloop
  endfacet
  facet normal -0.406731 -0.913548 -1.64052e-06
    outer loop
      vertex -3.55902 -6.58022 -5.5
      vertex -3.17652 -6.75052 -3.8386
      vertex -3.34565 -6.67522 -3.71572
    endloop
  endfacet
  facet normal -0.406731 -0.913548 -1.64051e-06
    outer loop
      vertex -3.55902 -6.58022 -5.5
      vertex -2.5 -7.05172 -4.33013
      vertex -3.17652 -6.75052 -3.8386
    endloop
  endfacet
  facet normal -0.406735 -0.913546 3.12575e-06
    outer loop
      vertex -2.31763 -7.13292 -5.5
      vertex -2.5 -7.05172 -4.33013
      vertex -3.55902 -6.58022 -5.5
    endloop
  endfacet
  facet normal -0.406752 -0.913539 0
    outer loop
      vertex -2.5 -7.05172 -4.33013
      vertex -2.31763 -7.13292 -5.5
      vertex -2.31763 -7.13292 -4.41132
    endloop
  endfacet
  facet normal -0.387021 -0.869296 -0.307471
    outer loop
      vertex -2.31087 -7.11214 -5.70791
      vertex -2.49768 -7.02897 -5.70791
      vertex -2.29091 -7.0507 -5.90674
    endloop
  endfacet
  facet normal -0.559312 -0.769831 -0.307459
    outer loop
      vertex -3.86128 -6.30806 -5.90674
      vertex -4.83842 -5.67754 -5.70791
      vertex -4.96063 -5.50934 -5.90674
    endloop
  endfacet
  facet normal -0.559312 -0.769831 -0.307459
    outer loop
      vertex -4.83842 -5.67754 -5.70791
      vertex -3.86128 -6.30806 -5.90674
      vertex -3.73907 -6.47626 -5.70791
    endloop
  endfacet
  facet normal -0.553624 -0.498483 -0.667094
    outer loop
      vertex -5.79995 -4.42182 -6.08778
      vertex -4.89069 -5.22375 -6.24314
      vertex -4.89069 -5.43166 -6.08778
    endloop
  endfacet
  facet normal -0.553624 -0.498483 -0.667094
    outer loop
      vertex -4.89069 -5.22375 -6.24314
      vertex -5.79995 -4.42182 -6.08778
      vertex -5.79995 -4.21391 -6.24314
    endloop
  endfacet
  facet normal -0.303016 -0.680576 -0.667082
    outer loop
      vertex -3.58457 -6.20865 -6.24314
      vertex -2.41312 -6.8825 -6.08778
      vertex -3.65451 -6.32979 -6.08778
    endloop
  endfacet
  facet normal -0.302997 -0.68055 -0.667117
    outer loop
      vertex -2.41312 -6.8825 -6.08778
      vertex -3.58457 -6.20865 -6.24314
      vertex -2.34317 -6.76135 -6.24314
    endloop
  endfacet
  facet normal -0.55928 -0.769842 -0.307488
    outer loop
      vertex -4.83842 -5.67754 -5.70791
      vertex -5.00386 -5.55735 -5.70791
      vertex -4.96063 -5.50934 -5.90674
    endloop
  endfacet
  facet normal 0.122796 0.169083 -0.977922
    outer loop
      vertex 4.41929 4.90812 -6.49452
      vertex 4.40161 4.92096 -6.49452
      vertex 4.50386 5.09806 -6.45106
    endloop
  endfacet
  facet normal -0.240234 -0.330559 -0.912698
    outer loop
      vertex -4.50386 -5.09806 -6.45106
      vertex -4.68391 -5.20201 -6.36602
      vertex -4.55612 -5.06008 -6.45106
    endloop
  endfacet
  facet normal -0.743137 -0.669139 0
    outer loop
      vertex -5.92774 -4.56375 -5.5
      vertex -6.06763 -4.40839 5.5
      vertex -6.06763 -4.40839 -5.5
    endloop
  endfacet
  facet normal -0.743137 -0.669139 0
    outer loop
      vertex -6.06763 -4.40839 5.5
      vertex -5.92774 -4.56375 -5.5
      vertex -5.92774 -4.56375 5.5
    endloop
  endfacet
  facet normal -0.198759 0.0645632 -0.977919
    outer loop
      vertex -6.4602 1.37316 -6.49452
      vertex -6.66022 1.41567 -6.45106
      vertex -6.45345 1.39394 -6.49452
    endloop
  endfacet
  facet normal -0.15532 0.139826 -0.977918
    outer loop
      vertex -4.43391 4.89188 -6.49452
      vertex -4.55612 5.06008 -6.45106
      vertex -4.41929 4.90812 -6.49452
    endloop
  endfacet
  facet normal 0.12263 -0.576995 -0.807489
    outer loop
      vertex 0.749377 -7.12986 -6.24314
      vertex 0.731699 -6.96165 -6.36602
      vertex 0.833942 -6.93992 -6.36602
    endloop
  endfacet
  facet normal 0.154867 -0.728695 -0.667099
    outer loop
      vertex 2.25861 -6.95129 -6.08778
      vertex 2.07855 -6.84733 -6.24314
      vertex 2.21538 -6.81825 -6.24314
    endloop
  endfacet
  facet normal 0.352723 -0.792219 -0.497972
    outer loop
      vertex 3.70677 -6.42032 -5.90674
      vertex 3.5323 -6.498 -5.90674
      vertex 3.65451 -6.32979 -6.08778
    endloop
  endfacet
  facet normal -0.824052 0.475799 -0.307496
    outer loop
      vertex -6.77261 3.01536 -5.90674
      vertex -6.83163 3.04164 -5.70791
      vertex -6.72938 3.21873 -5.70791
    endloop
  endfacet
  facet normal -0.824746 0.26801 -0.497961
    outer loop
      vertex -7.1493 1.51963 -6.08778
      vertex -7.19252 1.723 -5.90674
      vertex -7.09703 1.68048 -6.08778
    endloop
  endfacet
  facet normal -0.946328 0.0995292 -0.307502
    outer loop
      vertex -7.25589 1.5 -5.90674
      vertex -7.26996 1.5 -5.86344
      vertex -7.25154 1.54136 -5.90674
    endloop
  endfacet
  facet normal -0.739109 0.665512 -0.103984
    outer loop
      vertex -6.04995 4.39554 -5.70791
      vertex -6.06763 4.40839 -5.5
      vertex -5.92774 4.56375 -5.5
    endloop
  endfacet
  facet normal -0.86135 0.497257 -0.10398
    outer loop
      vertex -6.04995 4.39554 -5.70791
      vertex -6.17215 4.22734 -5.5
      vertex -6.06763 4.40839 -5.5
    endloop
  endfacet
  facet normal -0.951055 0.309022 0
    outer loop
      vertex -7.33611 1.55934 -5.5
      vertex -6.91619 2.8517 5.5
      vertex -6.91619 2.8517 -5.5
    endloop
  endfacet
  facet normal -0.951055 0.309022 0
    outer loop
      vertex -6.91619 2.8517 5.5
      vertex -7.33611 1.55934 -5.5
      vertex -7.33611 1.55934 5.5
    endloop
  endfacet
  facet normal -0.862443 0.0907677 -0.497948
    outer loop
      vertex -7.16356 1.5 -6.06666
      vertex -7.25154 1.54136 -5.90674
      vertex -7.1493 1.51963 -6.08778
    endloop
  endfacet
  facet normal -0.862455 0.0907079 -0.497939
    outer loop
      vertex -7.25154 1.54136 -5.90674
      vertex -7.16356 1.5 -6.06666
      vertex -7.25589 1.5 -5.90674
    endloop
  endfacet
  facet normal -0.407061 0.0427838 -0.912399
    outer loop
      vertex -6.80226 0.0642481 -6.45106
      vertex -6.66268 1.41487 -6.45
      vertex -6.66022 1.41567 -6.45106
    endloop
  endfacet
  facet normal -0.407037 0.0427813 -0.912409
    outer loop
      vertex -6.66268 1.41487 -6.45
      vertex -6.80226 0.0642481 -6.45106
      vertex -6.80472 0.0634497 -6.45
    endloop
  endfacet
  facet normal -0.708497 -0.230184 -0.667118
    outer loop
      vertex -6.96924 -1.62358 -6.24314
      vertex -7.05695 -1.5 -6.19263
      vertex -7.00939 -1.5 -6.24314
    endloop
  endfacet
  facet normal -0.708494 -0.23018 -0.667123
    outer loop
      vertex -7.05695 -1.5 -6.19263
      vertex -6.96924 -1.62358 -6.24314
      vertex -7.1493 -1.51963 -6.08778
    endloop
  endfacet
  facet normal -0.561035 -0.182293 -0.807471
    outer loop
      vertex -6.96924 -1.62358 -6.24314
      vertex -6.42712 -2.74774 -6.36602
      vertex -6.54932 -2.91595 -6.24314
    endloop
  endfacet
  facet normal -0.561019 -0.182284 -0.807484
    outer loop
      vertex -6.42712 -2.74774 -6.36602
      vertex -6.96924 -1.62358 -6.24314
      vertex -6.83253 -1.5 -6.36602
    endloop
  endfacet
  facet normal -0.560898 -0.182462 -0.807528
    outer loop
      vertex -6.83253 -1.5 -6.36602
      vertex -6.96924 -1.62358 -6.24314
      vertex -6.87945 -1.5 -6.33343
    endloop
  endfacet
  facet normal -0.407049 -0.0428285 -0.912402
    outer loop
      vertex -6.80472 -0.0634497 -6.45
      vertex -6.80902 0 -6.45106
      vertex -6.80226 -0.0642481 -6.45106
    endloop
  endfacet
  facet normal -0.407906 -0.0428802 -0.912016
    outer loop
      vertex -6.80902 0 -6.45106
      vertex -6.80472 -0.0634497 -6.45
      vertex -6.81139 0 -6.45
    endloop
  endfacet
  facet normal -0.407338 -0.0438671 -0.912224
    outer loop
      vertex -6.66254 -1.41617 -6.45
      vertex -6.66268 -1.41487 -6.45
      vertex -6.66022 -1.41567 -6.45106
    endloop
  endfacet
  facet normal -0.904982 -0.294054 -0.307473
    outer loop
      vertex -7.19252 -1.723 -5.90674
      vertex -7.31473 -1.55479 -5.70791
      vertex -7.25154 -1.54136 -5.90674
    endloop
  endfacet
  facet normal -0.553629 -0.498482 -0.667092
    outer loop
      vertex -5.79995 -4.42182 -6.08778
      vertex -5.91312 -4.29613 -6.08778
      vertex -5.79995 -4.21391 -6.24314
    endloop
  endfacet
  facet normal -0.751023 -0.433586 -0.497963
    outer loop
      vertex -6.67712 -3.18076 -5.90674
      vertex -6.77261 -3.01536 -5.90674
      vertex -6.67712 -2.97284 -6.08778
    endloop
  endfacet
  facet normal -0.198754 -0.0645798 -0.977919
    outer loop
      vertex -6.22035 -2.76947 -6.45106
      vertex -6.24031 -2.70804 -6.45106
      vertex -6.03354 -2.6863 -6.49452
    endloop
  endfacet
  facet normal -0.303682 -0.273447 -0.91269
    outer loop
      vertex -5.46538 -4.05025 -6.45106
      vertex -5.59317 -4.19217 -6.36602
      vertex -5.50861 -4.00224 -6.45106
    endloop
  endfacet
  facet normal -0.346724 -0.477241 -0.80748
    outer loop
      vertex -4.68391 -5.40992 -6.24314
      vertex -4.79708 -5.3277 -6.24314
      vertex -4.68391 -5.20201 -6.36602
    endloop
  endfacet
  facet normal -0.30368 -0.273433 -0.912695
    outer loop
      vertex -5.59317 -4.19217 -6.36602
      vertex -4.55612 -5.06008 -6.45106
      vertex -4.68391 -5.20201 -6.36602
    endloop
  endfacet
  facet normal -0.303687 -0.273443 -0.91269
    outer loop
      vertex -4.55612 -5.06008 -6.45106
      vertex -5.59317 -4.19217 -6.36602
      vertex -5.46538 -4.05025 -6.45106
    endloop
  endfacet
  facet normal -0.437862 -0.602686 -0.667118
    outer loop
      vertex -4.68391 -5.40992 -6.24314
      vertex -4.89069 -5.43166 -6.08778
      vertex -4.79708 -5.3277 -6.24314
    endloop
  endfacet
  facet normal -0.553569 -0.498505 -0.667123
    outer loop
      vertex -4.79708 -5.3277 -6.24314
      vertex -4.89069 -5.43166 -6.08778
      vertex -4.89069 -5.22375 -6.24314
    endloop
  endfacet
  facet normal -0.994534 -0.104414 0
    outer loop
      vertex -7.34234 -1.5 -5.5
      vertex -7.33611 -1.55934 -5.5
      vertex -7.34234 -1.5 4.85
    endloop
  endfacet
  facet normal -0.994519 -0.104559 0
    outer loop
      vertex -7.34234 -1.5 4.85
      vertex -7.35796 -1.35143 5.5
      vertex -7.35796 -1.35143 4.85
    endloop
  endfacet
  facet normal -0.994523 -0.104518 -9.56465e-06
    outer loop
      vertex -7.34234 -1.5 4.85
      vertex -7.33611 -1.55934 5.5
      vertex -7.35796 -1.35143 5.5
    endloop
  endfacet
  facet normal -0.994534 -0.104414 -0
    outer loop
      vertex -7.33611 -1.55934 5.5
      vertex -7.34234 -1.5 4.85
      vertex -7.33611 -1.55934 -5.5
    endloop
  endfacet
  facet normal -0.951057 -0.309015 0
    outer loop
      vertex -6.85159 -3.05052 -5.5
      vertex -6.91619 -2.8517 4.79001
      vertex -6.91619 -2.8517 -5.5
    endloop
  endfacet
  facet normal -0.951057 -0.309015 -0
    outer loop
      vertex -6.85159 -3.05052 5.5
      vertex -6.91619 -2.8517 4.79001
      vertex -6.85159 -3.05052 -5.5
    endloop
  endfacet
  facet normal -0.951057 -0.309015 0
    outer loop
      vertex -6.91619 -2.8517 4.79001
      vertex -6.85159 -3.05052 5.5
      vertex -6.91619 -2.8517 5.5
    endloop
  endfacet
  facet normal -0.584596 0.804632 0.103994
    outer loop
      vertex -3.75 6.49519 5.5
      vertex -4.83842 5.67754 5.70791
      vertex -3.73907 6.47626 5.70791
    endloop
  endfacet
  facet normal -0.584596 0.804632 0.103994
    outer loop
      vertex -4.83842 5.67754 5.70791
      vertex -3.75 6.49519 5.5
      vertex -4.84935 5.69647 5.5
    endloop
  endfacet
  facet normal -0.437891 0.602695 0.667091
    outer loop
      vertex -3.79134 6.23038 6.08778
      vertex -4.68391 5.40992 6.24314
      vertex -3.58457 6.20865 6.24314
    endloop
  endfacet
  facet normal -0.437867 0.602676 0.667124
    outer loop
      vertex -4.68391 5.40992 6.24314
      vertex -3.79134 6.23038 6.08778
      vertex -4.89069 5.43166 6.08778
    endloop
  endfacet
  facet normal -0.644466 0.580271 0.497945
    outer loop
      vertex -5.79995 4.42182 6.08778
      vertex -5.99768 4.35757 5.90674
      vertex -5.91312 4.29613 6.08778
    endloop
  endfacet
  facet normal -0.510888 0.294919 0.807476
    outer loop
      vertex -5.66312 4.1145 6.36602
      vertex -5.79995 4.21391 6.24314
      vertex -5.71538 4.02397 6.36602
    endloop
  endfacet
  facet normal -0.303647 0.273466 0.912697
    outer loop
      vertex -5.59317 4.19217 6.36602
      vertex -5.66312 4.1145 6.36602
      vertex -5.50861 4.00224 6.45106
    endloop
  endfacet
  facet normal -0.0850082 0.190913 0.977919
    outer loop
      vertex -2.1041 6.47576 6.45106
      vertex -2.16312 6.44948 6.45106
      vertex -2.04091 6.28128 6.49452
    endloop
  endfacet
  facet normal -0.239935 0.538905 0.807473
    outer loop
      vertex -2.34317 6.76135 6.24314
      vertex -3.5 6.06218 6.36602
      vertex -2.25861 6.61488 6.36602
    endloop
  endfacet
  facet normal -0.23993 0.538897 0.80748
    outer loop
      vertex -3.5 6.06218 6.36602
      vertex -2.34317 6.76135 6.24314
      vertex -3.58457 6.20865 6.24314
    endloop
  endfacet
  facet normal -0.346734 0.477231 0.807481
    outer loop
      vertex -4.68391 5.40992 6.24314
      vertex -3.5 6.06218 6.36602
      vertex -3.58457 6.20865 6.24314
    endloop
  endfacet
  facet normal -0.34674 0.477243 0.807472
    outer loop
      vertex -3.5 6.06218 6.36602
      vertex -4.68391 5.40992 6.24314
      vertex -4.59935 5.26345 6.36602
    endloop
  endfacet
  facet normal -0.239913 0.538916 0.807472
    outer loop
      vertex -2.16312 6.65739 6.36602
      vertex -2.34317 6.76135 6.24314
      vertex -2.25861 6.61488 6.36602
    endloop
  endfacet
  facet normal -0.15532 0.139826 0.977918
    outer loop
      vertex -4.41929 4.90812 6.49452
      vertex -4.55612 5.06008 6.45106
      vertex -4.43391 4.89188 6.49452
    endloop
  endfacet
  facet normal 0.0850253 0.1909 0.97792
    outer loop
      vertex 3.40451 5.89678 6.45106
      vertex 3.2823 5.72858 6.49452
      vertex 3.30226 5.71969 6.49452
    endloop
  endfacet
  facet normal -0.353905 0.204298 0.912696
    outer loop
      vertex -5.66312 4.1145 6.36602
      vertex -5.71538 4.02397 6.36602
      vertex -5.54091 3.94629 6.45106
    endloop
  endfacet
  facet normal -0.43834 0.394771 0.807473
    outer loop
      vertex -5.59317 4.19217 6.36602
      vertex -5.79995 4.21391 6.24314
      vertex -5.66312 4.1145 6.36602
    endloop
  endfacet
  facet normal -0.509735 0.701578 -0.497953
    outer loop
      vertex -3.79134 6.23038 -6.08778
      vertex -3.86128 6.30806 -5.90674
      vertex -3.70677 6.42032 -5.90674
    endloop
  endfacet
  facet normal -0.587816 0.808995 0
    outer loop
      vertex -4.84935 5.69647 -5.5
      vertex -5.01848 5.57358 5.5
      vertex -4.84935 5.69647 5.5
    endloop
  endfacet
  facet normal -0.587816 0.808995 0
    outer loop
      vertex -5.01848 5.57358 5.5
      vertex -4.84935 5.69647 -5.5
      vertex -5.01848 5.57358 -5.5
    endloop
  endfacet
  facet normal -0.644466 0.580271 -0.497945
    outer loop
      vertex -5.91312 4.29613 -6.08778
      vertex -5.99768 4.35757 -5.90674
      vertex -5.79995 4.42182 -6.08778
    endloop
  endfacet
  facet normal 0.586665 0.0616859 -0.807477
    outer loop
      vertex 6.85796 1.35143 -6.36602
      vertex 6.84703 1.45538 -6.36602
      vertex 7.02709 1.35143 -6.24314
    endloop
  endfacet
  facet normal 0.586655 0.0616555 -0.807487
    outer loop
      vertex 7.02709 1.35143 -6.24314
      vertex 6.84703 1.45538 -6.36602
      vertex 7.01247 1.49054 -6.24314
    endloop
  endfacet
  facet normal 0.0850015 -0.190917 -0.977919
    outer loop
      vertex 2.16312 -6.44948 -6.45106
      vertex 3.2823 -5.72858 -6.49452
      vertex 3.40451 -5.89678 -6.45106
    endloop
  endfacet
  facet normal 0.0850015 -0.190917 -0.977919
    outer loop
      vertex 3.2823 -5.72858 -6.49452
      vertex 2.16312 -6.44948 -6.45106
      vertex 2.04091 -6.28128 -6.49452
    endloop
  endfacet
  facet normal 0.0850102 -0.399687 -0.912701
    outer loop
      vertex 0.833942 -6.93992 -6.36602
      vertex 0.711736 -6.77172 -6.45106
      vertex 0.774926 -6.75828 -6.45106
    endloop
  endfacet
  facet normal 0.0849542 -0.399723 -0.912691
    outer loop
      vertex 0.731699 -6.96165 -6.36602
      vertex 0.711736 -6.77172 -6.45106
      vertex 0.833942 -6.93992 -6.36602
    endloop
  endfacet
  facet normal 0.12286 0.169054 -0.977919
    outer loop
      vertex 4.55612 5.06008 -6.45106
      vertex 4.41929 4.90812 -6.49452
      vertex 4.50386 5.09806 -6.45106
    endloop
  endfacet
  facet normal 0.180983 0.104481 -0.977921
    outer loop
      vertex 5.54091 3.94629 -6.45106
      vertex 5.34317 3.88204 -6.49452
      vertex 5.50861 4.00224 -6.45106
    endloop
  endfacet
  facet normal -0.122627 0.576997 -0.807488
    outer loop
      vertex -2.16312 6.65739 -6.36602
      vertex -2.21538 6.81825 -6.24314
      vertex -2.07855 6.84733 -6.24314
    endloop
  endfacet
  facet normal 0.353905 -0.204298 -0.912696
    outer loop
      vertex 5.66312 -4.1145 -6.36602
      vertex 5.54091 -3.94629 -6.45106
      vertex 5.71538 -4.02397 -6.36602
    endloop
  endfacet
  facet normal -0.353896 0.204305 -0.912698
    outer loop
      vertex -5.54091 3.94629 -6.45106
      vertex -5.66312 4.1145 -6.36602
      vertex -5.50861 4.00224 -6.45106
    endloop
  endfacet
  facet normal -0.180983 0.104481 -0.977921
    outer loop
      vertex -5.34317 3.88204 -6.49452
      vertex -5.54091 3.94629 -6.45106
      vertex -5.50861 4.00224 -6.45106
    endloop
  endfacet
  facet normal -0.437862 0.602686 -0.667118
    outer loop
      vertex -4.79708 5.3277 -6.24314
      vertex -4.89069 5.43166 -6.08778
      vertex -4.68391 5.40992 -6.24314
    endloop
  endfacet
  facet normal -0.155297 0.139835 -0.977921
    outer loop
      vertex -5.34317 3.88204 -6.49452
      vertex -5.50861 4.00224 -6.45106
      vertex -5.46538 4.05025 -6.45106
    endloop
  endfacet
  facet normal -0.303647 0.273466 -0.912697
    outer loop
      vertex -5.50861 4.00224 -6.45106
      vertex -5.66312 4.1145 -6.36602
      vertex -5.59317 4.19217 -6.36602
    endloop
  endfacet
  facet normal -0.553569 0.498505 -0.667123
    outer loop
      vertex -4.79708 5.3277 -6.24314
      vertex -4.89069 5.22375 -6.24314
      vertex -4.89069 5.43166 -6.08778
    endloop
  endfacet
  facet normal -0.437891 0.602695 -0.667091
    outer loop
      vertex -4.68391 5.40992 -6.24314
      vertex -3.79134 6.23038 -6.08778
      vertex -3.58457 6.20865 -6.24314
    endloop
  endfacet
  facet normal -0.437867 0.602676 -0.667124
    outer loop
      vertex -3.79134 6.23038 -6.08778
      vertex -4.68391 5.40992 -6.24314
      vertex -4.89069 5.43166 -6.08778
    endloop
  endfacet
  facet normal 0.743137 -0.669139 0
    outer loop
      vertex 5.92774 -4.56375 5.5
      vertex 6.06763 -4.40839 -5.5
      vertex 6.06763 -4.40839 5.5
    endloop
  endfacet
  facet normal 0.743137 -0.669139 0
    outer loop
      vertex 6.06763 -4.40839 -5.5
      vertex 5.92774 -4.56375 5.5
      vertex 5.92774 -4.56375 -5.5
    endloop
  endfacet
  facet normal 0.743143 -0.669133 0
    outer loop
      vertex 5.01848 -5.57358 5.5
      vertex 5.92774 -4.56375 -5.5
      vertex 5.92774 -4.56375 5.5
    endloop
  endfacet
  facet normal 0.743143 -0.669133 0
    outer loop
      vertex 5.92774 -4.56375 -5.5
      vertex 5.01848 -5.57358 5.5
      vertex 5.01848 -5.57358 -5.5
    endloop
  endfacet
  facet normal 0.388637 -0.126275 -0.912697
    outer loop
      vertex 6.42712 -2.74774 -6.36602
      vertex 6.66022 -1.41567 -6.45106
      vertex 6.84703 -1.45538 -6.36602
    endloop
  endfacet
  facet normal 0.388643 -0.126276 -0.912694
    outer loop
      vertex 6.66022 -1.41567 -6.45106
      vertex 6.42712 -2.74774 -6.36602
      vertex 6.24031 -2.70804 -6.45106
    endloop
  endfacet
  facet normal 0.437862 -0.602686 -0.667118
    outer loop
      vertex 4.89069 -5.43166 -6.08778
      vertex 4.68391 -5.40992 -6.24314
      vertex 4.79708 -5.3277 -6.24314
    endloop
  endfacet
  facet normal 0.824757 0.267978 -0.497959
    outer loop
      vertex 7.19252 1.723 -5.90674
      vertex 6.67712 2.97284 -6.08778
      vertex 6.77261 3.01536 -5.90674
    endloop
  endfacet
  facet normal 0.824757 0.267978 -0.497959
    outer loop
      vertex 6.67712 2.97284 -6.08778
      vertex 7.19252 1.723 -5.90674
      vertex 7.09703 1.68048 -6.08778
    endloop
  endfacet
  facet normal 0.94634 0.0994923 -0.307476
    outer loop
      vertex 7.33611 1.35143 -5.70791
      vertex 7.25154 1.54136 -5.90674
      vertex 7.31473 1.55479 -5.70791
    endloop
  endfacet
  facet normal 0.180963 0.104541 -0.977918
    outer loop
      vertex 5.3541 3.86312 -6.49452
      vertex 5.34317 3.88204 -6.49452
      vertex 5.54091 3.94629 -6.45106
    endloop
  endfacet
  facet normal 0.1553 0.139832 -0.977921
    outer loop
      vertex 4.43391 4.89188 -6.49452
      vertex 5.46538 4.05025 -6.45106
      vertex 5.34317 3.88204 -6.49452
    endloop
  endfacet
  facet normal 0.155304 0.139837 -0.977919
    outer loop
      vertex 5.46538 4.05025 -6.45106
      vertex 4.43391 4.89188 -6.49452
      vertex 4.55612 5.06008 -6.45106
    endloop
  endfacet
  facet normal -0.0850015 -0.190917 -0.977919
    outer loop
      vertex -2.16312 -6.44948 -6.45106
      vertex -3.2823 -5.72858 -6.49452
      vertex -2.04091 -6.28128 -6.49452
    endloop
  endfacet
  facet normal -0.0850015 -0.190917 -0.977919
    outer loop
      vertex -3.2823 -5.72858 -6.49452
      vertex -2.16312 -6.44948 -6.45106
      vertex -3.40451 -5.89678 -6.45106
    endloop
  endfacet
  facet normal 0.388642 0.126264 -0.912697
    outer loop
      vertex 6.42712 2.74774 -6.36602
      vertex 6.22035 2.76947 -6.45106
      vertex 6.39482 2.84716 -6.36602
    endloop
  endfacet
  facet normal -0.0434492 -0.204416 -0.977919
    outer loop
      vertex -0.774926 -6.75828 -6.45106
      vertex -2.04091 -6.28128 -6.49452
      vertex -0.711736 -6.5638 -6.49452
    endloop
  endfacet
  facet normal -0.0434492 -0.204416 -0.977919
    outer loop
      vertex -2.04091 -6.28128 -6.49452
      vertex -0.774926 -6.75828 -6.45106
      vertex -2.1041 -6.47576 -6.45106
    endloop
  endfacet
  facet normal 0.404532 0.908592 -0.103993
    outer loop
      vertex 3.73907 6.47626 -5.70791
      vertex 3.55902 6.58022 -5.5
      vertex 3.75 6.49519 -5.5
    endloop
  endfacet
  facet normal 0.438348 0.394745 -0.807482
    outer loop
      vertex 4.89069 5.22375 -6.24314
      vertex 4.68391 5.20201 -6.36602
      vertex 4.79708 5.3277 -6.24314
    endloop
  endfacet
  facet normal 0.240208 0.330599 -0.912691
    outer loop
      vertex 4.68391 5.20201 -6.36602
      vertex 4.50386 5.09806 -6.45106
      vertex 4.59935 5.26345 -6.36602
    endloop
  endfacet
  facet normal 0.509728 0.701584 -0.497953
    outer loop
      vertex 4.89069 5.43166 -6.08778
      vertex 3.86128 6.30806 -5.90674
      vertex 4.96063 5.50934 -5.90674
    endloop
  endfacet
  facet normal 0.509728 0.701584 -0.497953
    outer loop
      vertex 3.86128 6.30806 -5.90674
      vertex 4.89069 5.43166 -6.08778
      vertex 3.79134 6.23038 -6.08778
    endloop
  endfacet
  facet normal 0.437867 0.602676 -0.667124
    outer loop
      vertex 4.68391 5.40992 -6.24314
      vertex 3.79134 6.23038 -6.08778
      vertex 4.89069 5.43166 -6.08778
    endloop
  endfacet
  facet normal 0.437891 0.602695 -0.667091
    outer loop
      vertex 3.79134 6.23038 -6.08778
      vertex 4.68391 5.40992 -6.24314
      vertex 3.58457 6.20865 -6.24314
    endloop
  endfacet
  facet normal 0.180333 0.848256 -0.497937
    outer loop
      vertex 0.929434 7.23381 -6.08778
      vertex 0.764 7.26898 -6.08778
      vertex 0.774926 7.37293 -5.90674
    endloop
  endfacet
  facet normal 0.180298 0.84825 -0.49796
    outer loop
      vertex 0.929434 7.23381 -6.08778
      vertex 2.1041 7.09041 -5.90674
      vertex 2.25861 6.95129 -6.08778
    endloop
  endfacet
  facet normal 0.180298 0.848249 -0.497962
    outer loop
      vertex 2.1041 7.09041 -5.90674
      vertex 0.929434 7.23381 -6.08778
      vertex 0.774926 7.37293 -5.90674
    endloop
  endfacet
  facet normal 0.904982 -0.294054 -0.307473
    outer loop
      vertex 7.31473 -1.55479 -5.70791
      vertex 7.19252 -1.723 -5.90674
      vertex 7.25154 -1.54136 -5.90674
    endloop
  endfacet
  facet normal 0.824764 -0.267989 -0.497941
    outer loop
      vertex 7.19252 -1.723 -5.90674
      vertex 7.1493 -1.51963 -6.08778
      vertex 7.25154 -1.54136 -5.90674
    endloop
  endfacet
  facet normal 0.861334 0.497292 0.103942
    outer loop
      vertex 6.54788 3.5331 5.70791
      vertex 6.17215 4.22734 5.5
      vertex 6.04995 4.39554 5.70791
    endloop
  endfacet
  facet normal 0.861334 0.497292 0.103943
    outer loop
      vertex 6.61656 3.44407 5.56473
      vertex 6.17215 4.22734 5.5
      vertex 6.54788 3.5331 5.70791
    endloop
  endfacet
  facet normal 0.86133 0.497292 0.103977
    outer loop
      vertex 6.17215 4.22734 5.5
      vertex 6.61656 3.44407 5.56473
      vertex 6.65461 3.3917 5.5
    endloop
  endfacet
  facet normal 0.862464 0.0906482 -0.497935
    outer loop
      vertex 7.2715 1.35143 -5.90674
      vertex 7.29134 0.168203 -6.08778
      vertex 7.1493 1.51963 -6.08778
    endloop
  endfacet
  facet normal 0.862465 0.090648 -0.497934
    outer loop
      vertex 7.29134 0.168203 -6.08778
      vertex 7.2715 1.35143 -5.90674
      vertex 7.41354 0 -5.90674
    endloop
  endfacet
  facet normal 0.945906 0.307341 -0.103937
    outer loop
      vertex 6.91619 2.8517 -5.5
      vertex 6.83163 3.04164 -5.70791
      vertex 6.85159 3.05052 -5.5
    endloop
  endfacet
  facet normal 0.904978 0.294043 -0.307495
    outer loop
      vertex 6.89482 2.84716 -5.70791
      vertex 6.77261 3.01536 -5.90674
      vertex 6.83163 3.04164 -5.70791
    endloop
  endfacet
  facet normal 0.861321 -0.497318 -0.10393
    outer loop
      vertex 6.85159 -3.05052 -5.5
      vertex 6.72938 -3.21873 -5.70791
      vertex 6.83163 -3.04164 -5.70791
    endloop
  endfacet
  facet normal 0.197858 0.930756 0.307484
    outer loop
      vertex 0.781678 7.43718 5.70791
      vertex 0.774926 7.37293 5.90674
      vertex 0.981699 7.39466 5.70791
    endloop
  endfacet
  facet normal 0.122627 0.576997 0.807488
    outer loop
      vertex 2.21538 6.81825 6.24314
      vertex 2.07855 6.84733 6.24314
      vertex 2.16312 6.65739 6.36602
    endloop
  endfacet
  facet normal 0.154867 0.728695 0.667099
    outer loop
      vertex 2.25861 6.95129 6.08778
      vertex 2.07855 6.84733 6.24314
      vertex 2.21538 6.81825 6.24314
    endloop
  endfacet
  facet normal 0.509715 0.701583 0.497967
    outer loop
      vertex 3.70677 6.42032 5.90674
      vertex 3.65451 6.32979 6.08778
      vertex 3.79134 6.23038 6.08778
    endloop
  endfacet
  facet normal 0.16622 0.373299 0.912699
    outer loop
      vertex 2.25861 6.61488 6.36602
      vertex 2.1041 6.47576 6.45106
      vertex 2.16312 6.44948 6.45106
    endloop
  endfacet
  facet normal 0.0850082 0.190913 0.977919
    outer loop
      vertex 2.1041 6.47576 6.45106
      vertex 2.04091 6.28128 6.49452
      vertex 2.16312 6.44948 6.45106
    endloop
  endfacet
  facet normal 0.437883 0.602711 0.667082
    outer loop
      vertex 3.65451 6.32979 6.08778
      vertex 3.58457 6.20865 6.24314
      vertex 3.79134 6.23038 6.08778
    endloop
  endfacet
  facet normal 0.553624 0.498483 0.667094
    outer loop
      vertex 4.89069 5.22375 6.24314
      vertex 5.79995 4.42182 6.08778
      vertex 4.89069 5.43166 6.08778
    endloop
  endfacet
  facet normal 0.553624 0.498483 0.667094
    outer loop
      vertex 5.79995 4.42182 6.08778
      vertex 4.89069 5.22375 6.24314
      vertex 5.79995 4.21391 6.24314
    endloop
  endfacet
  facet normal 0.438361 0.394701 0.807497
    outer loop
      vertex 4.89069 5.22375 6.24314
      vertex 5.59317 4.19217 6.36602
      vertex 5.79995 4.21391 6.24314
    endloop
  endfacet
  facet normal 0.438361 0.394701 0.807497
    outer loop
      vertex 5.59317 4.19217 6.36602
      vertex 4.89069 5.22375 6.24314
      vertex 4.68391 5.20201 6.36602
    endloop
  endfacet
  facet normal 0.12286 0.169054 0.977919
    outer loop
      vertex 4.50386 5.09806 6.45106
      vertex 4.41929 4.90812 6.49452
      vertex 4.55612 5.06008 6.45106
    endloop
  endfacet
  facet normal 0.346734 0.477231 0.807481
    outer loop
      vertex 3.5 6.06218 6.36602
      vertex 4.68391 5.40992 6.24314
      vertex 3.58457 6.20865 6.24314
    endloop
  endfacet
  facet normal 0.34674 0.477243 0.807472
    outer loop
      vertex 4.68391 5.40992 6.24314
      vertex 3.5 6.06218 6.36602
      vertex 4.59935 5.26345 6.36602
    endloop
  endfacet
  facet normal -0.406735 0.913546 0
    outer loop
      vertex -2.31763 7.13292 -5.5
      vertex -3.55902 6.58022 5.5
      vertex -2.31763 7.13292 5.5
    endloop
  endfacet
  facet normal -0.406735 0.913546 0
    outer loop
      vertex -3.55902 6.58022 5.5
      vertex -2.31763 7.13292 -5.5
      vertex -3.55902 6.58022 -5.5
    endloop
  endfacet
  facet normal -0.0850102 0.399687 0.912701
    outer loop
      vertex -0.711736 6.77172 6.45106
      vertex -0.833942 6.93992 6.36602
      vertex -0.774926 6.75828 6.45106
    endloop
  endfacet
  facet normal -0.644469 0.580263 -0.497951
    outer loop
      vertex -4.89069 5.43166 -6.08778
      vertex -5.08842 5.36741 -5.90674
      vertex -4.96063 5.50934 -5.90674
    endloop
  endfacet
  facet normal -0.644465 0.580276 -0.497941
    outer loop
      vertex -5.79995 4.42182 -6.08778
      vertex -5.08842 5.36741 -5.90674
      vertex -4.89069 5.43166 -6.08778
    endloop
  endfacet
  facet normal -0.644465 0.580276 -0.497941
    outer loop
      vertex -5.08842 5.36741 -5.90674
      vertex -5.79995 4.42182 -6.08778
      vertex -5.99768 4.35757 -5.90674
    endloop
  endfacet
  facet normal 0.346752 0.477235 -0.807471
    outer loop
      vertex 4.68391 5.20201 -6.36602
      vertex 4.59935 5.26345 -6.36602
      vertex 4.68391 5.40992 -6.24314
    endloop
  endfacet
  facet normal 0.166206 0.373306 -0.912698
    outer loop
      vertex 3.40451 5.89678 -6.45106
      vertex 2.25861 6.61488 -6.36602
      vertex 3.5 6.06218 -6.36602
    endloop
  endfacet
  facet normal 0.166206 0.373306 -0.912698
    outer loop
      vertex 2.25861 6.61488 -6.36602
      vertex 3.40451 5.89678 -6.45106
      vertex 2.16312 6.44948 -6.45106
    endloop
  endfacet
  facet normal 0.16622 0.373299 -0.912699
    outer loop
      vertex 2.16312 6.44948 -6.45106
      vertex 2.1041 6.47576 -6.45106
      vertex 2.25861 6.61488 -6.36602
    endloop
  endfacet
  facet normal 0.23993 0.538897 -0.80748
    outer loop
      vertex 3.5 6.06218 -6.36602
      vertex 2.34317 6.76135 -6.24314
      vertex 3.58457 6.20865 -6.24314
    endloop
  endfacet
  facet normal 0.239935 0.538905 -0.807473
    outer loop
      vertex 2.34317 6.76135 -6.24314
      vertex 3.5 6.06218 -6.36602
      vertex 2.25861 6.61488 -6.36602
    endloop
  endfacet
  facet normal 0.303016 0.680576 -0.667082
    outer loop
      vertex 3.58457 6.20865 -6.24314
      vertex 2.41312 6.8825 -6.08778
      vertex 3.65451 6.32979 -6.08778
    endloop
  endfacet
  facet normal 0.302997 0.68055 -0.667117
    outer loop
      vertex 2.41312 6.8825 -6.08778
      vertex 3.58457 6.20865 -6.24314
      vertex 2.34317 6.76135 -6.24314
    endloop
  endfacet
  facet normal -0.180312 0.848253 -0.49795
    outer loop
      vertex -2.25861 6.95129 -6.08778
      vertex -2.29091 7.0507 -5.90674
      vertex -2.1041 7.09041 -5.90674
    endloop
  endfacet
  facet normal -0.197851 0.93076 -0.307474
    outer loop
      vertex -2.29091 7.0507 -5.90674
      vertex -2.31087 7.11214 -5.70791
      vertex -2.1041 7.09041 -5.90674
    endloop
  endfacet
  facet normal -0.352723 0.792219 -0.497972
    outer loop
      vertex -3.65451 6.32979 -6.08778
      vertex -3.70677 6.42032 -5.90674
      vertex -3.5323 6.498 -5.90674
    endloop
  endfacet
  facet normal -0.302991 0.680553 -0.667116
    outer loop
      vertex -2.34317 6.76135 -6.24314
      vertex -2.41312 6.8825 -6.08778
      vertex -2.25861 6.95129 -6.08778
    endloop
  endfacet
  facet normal -0.0850082 0.190913 -0.977919
    outer loop
      vertex -2.04091 6.28128 -6.49452
      vertex -2.16312 6.44948 -6.45106
      vertex -2.1041 6.47576 -6.45106
    endloop
  endfacet
  facet normal -0.12263 0.576995 -0.807489
    outer loop
      vertex -0.731699 6.96165 -6.36602
      vertex -0.833942 6.93992 -6.36602
      vertex -0.749377 7.12986 -6.24314
    endloop
  endfacet
  facet normal -0.0849581 0.399703 -0.912699
    outer loop
      vertex -2.1041 6.47576 -6.45106
      vertex -0.833942 6.93992 -6.36602
      vertex -0.774926 6.75828 -6.45106
    endloop
  endfacet
  facet normal -0.084964 0.399718 -0.912692
    outer loop
      vertex -0.833942 6.93992 -6.36602
      vertex -2.1041 6.47576 -6.45106
      vertex -2.16312 6.65739 -6.36602
    endloop
  endfacet
  facet normal -0.180298 0.848249 -0.497962
    outer loop
      vertex -0.929434 7.23381 -6.08778
      vertex -2.1041 7.09041 -5.90674
      vertex -0.774926 7.37293 -5.90674
    endloop
  endfacet
  facet normal -0.180298 0.84825 -0.49796
    outer loop
      vertex -2.1041 7.09041 -5.90674
      vertex -0.929434 7.23381 -6.08778
      vertex -2.25861 6.95129 -6.08778
    endloop
  endfacet
  facet normal 0.743143 0.669133 0
    outer loop
      vertex 5.92774 4.56375 5.5
      vertex 5.01848 5.57358 -5.5
      vertex 5.01848 5.57358 5.5
    endloop
  endfacet
  facet normal 0.743143 0.669133 0
    outer loop
      vertex 5.01848 5.57358 -5.5
      vertex 5.92774 4.56375 5.5
      vertex 5.92774 4.56375 -5.5
    endloop
  endfacet
  facet normal -0.197837 0.930767 0.307464
    outer loop
      vertex -0.981699 7.39466 5.70791
      vertex -2.1041 7.09041 5.90674
      vertex -0.774926 7.37293 5.90674
    endloop
  endfacet
  facet normal -0.197838 0.930767 0.307461
    outer loop
      vertex -2.1041 7.09041 5.90674
      vertex -0.981699 7.39466 5.70791
      vertex -2.31087 7.11214 5.70791
    endloop
  endfacet
  facet normal -0.197858 0.930756 0.307484
    outer loop
      vertex -0.781678 7.43718 5.70791
      vertex -0.981699 7.39466 5.70791
      vertex -0.774926 7.37293 5.90674
    endloop
  endfacet
  facet normal -0.180312 0.848253 0.49795
    outer loop
      vertex -2.1041 7.09041 5.90674
      vertex -2.29091 7.0507 5.90674
      vertex -2.25861 6.95129 6.08778
    endloop
  endfacet
  facet normal -0.180298 0.848249 0.497962
    outer loop
      vertex -2.1041 7.09041 5.90674
      vertex -0.929434 7.23381 6.08778
      vertex -0.774926 7.37293 5.90674
    endloop
  endfacet
  facet normal -0.180298 0.84825 0.49796
    outer loop
      vertex -0.929434 7.23381 6.08778
      vertex -2.1041 7.09041 5.90674
      vertex -2.25861 6.95129 6.08778
    endloop
  endfacet
  facet normal 0.0434758 -0.204407 -0.97792
    outer loop
      vertex 0.774926 -6.75828 -6.45106
      vertex 0.711736 -6.77172 -6.45106
      vertex 0.711736 -6.5638 -6.49452
    endloop
  endfacet
  facet normal -0.239913 -0.538916 -0.807472
    outer loop
      vertex -2.16312 -6.65739 -6.36602
      vertex -2.34317 -6.76135 -6.24314
      vertex -2.25861 -6.61488 -6.36602
    endloop
  endfacet
  facet normal -0.166195 -0.373323 -0.912693
    outer loop
      vertex -2.16312 -6.65739 -6.36602
      vertex -2.25861 -6.61488 -6.36602
      vertex -2.1041 -6.47576 -6.45106
    endloop
  endfacet
  facet normal 0.198757 0.0645792 -0.977919
    outer loop
      vertex 6.45345 1.39394 -6.49452
      vertex 6.24031 2.70804 -6.45106
      vertex 6.66022 1.41567 -6.45106
    endloop
  endfacet
  facet normal 0.198754 0.0645787 -0.977919
    outer loop
      vertex 6.24031 2.70804 -6.45106
      vertex 6.45345 1.39394 -6.49452
      vertex 6.03354 2.6863 -6.49452
    endloop
  endfacet
  facet normal -0.38704 -0.869296 -0.307448
    outer loop
      vertex -3.5323 -6.498 -5.90674
      vertex -3.73907 -6.47626 -5.70791
      vertex -3.70677 -6.42032 -5.90674
    endloop
  endfacet
  facet normal -0.352723 -0.792219 -0.497972
    outer loop
      vertex -3.5323 -6.498 -5.90674
      vertex -3.70677 -6.42032 -5.90674
      vertex -3.65451 -6.32979 -6.08778
    endloop
  endfacet
  facet normal -0.154913 -0.728686 -0.667097
    outer loop
      vertex -0.764 -7.26898 -6.08778
      vertex -0.929434 -7.23381 -6.08778
      vertex -0.749377 -7.12986 -6.24314
    endloop
  endfacet
  facet normal -0.180333 -0.848256 -0.497937
    outer loop
      vertex -0.774926 -7.37293 -5.90674
      vertex -0.929434 -7.23381 -6.08778
      vertex -0.764 -7.26898 -6.08778
    endloop
  endfacet
  facet normal -0.302991 -0.680553 -0.667116
    outer loop
      vertex -2.25861 -6.95129 -6.08778
      vertex -2.41312 -6.8825 -6.08778
      vertex -2.34317 -6.76135 -6.24314
    endloop
  endfacet
  facet normal -0.352715 -0.792236 -0.49795
    outer loop
      vertex -2.29091 -7.0507 -5.90674
      vertex -2.41312 -6.8825 -6.08778
      vertex -2.25861 -6.95129 -6.08778
    endloop
  endfacet
  facet normal -0.404536 -0.908591 -0.103989
    outer loop
      vertex -2.49768 -7.02897 -5.70791
      vertex -3.55902 -6.58022 -5.5
      vertex -3.73907 -6.47626 -5.70791
    endloop
  endfacet
  facet normal -0.404532 -0.908597 -0.103952
    outer loop
      vertex -3.55902 -6.58022 -5.5
      vertex -2.49768 -7.02897 -5.70791
      vertex -2.31763 -7.13292 -5.5
    endloop
  endfacet
  facet normal -0.509715 -0.701583 -0.497967
    outer loop
      vertex -3.70677 -6.42032 -5.90674
      vertex -3.79134 -6.23038 -6.08778
      vertex -3.65451 -6.32979 -6.08778
    endloop
  endfacet
  facet normal -0.739119 -0.665503 -0.10397
    outer loop
      vertex -5.14069 -5.40538 -5.70791
      vertex -5.92774 -4.56375 -5.5
      vertex -6.04995 -4.39554 -5.70791
    endloop
  endfacet
  facet normal -0.739118 -0.665508 -0.103944
    outer loop
      vertex -5.92774 -4.56375 -5.5
      vertex -5.14069 -5.40538 -5.70791
      vertex -5.01848 -5.57358 -5.5
    endloop
  endfacet
  facet normal -0.861332 -0.497292 -0.103958
    outer loop
      vertex -6.72938 -3.21873 -5.70791
      vertex -6.17215 -4.22734 -5.5
      vertex -6.85159 -3.05052 -5.5
    endloop
  endfacet
  facet normal -0.861335 -0.497291 -0.103943
    outer loop
      vertex -6.17215 -4.22734 -5.5
      vertex -6.72938 -3.21873 -5.70791
      vertex -6.04995 -4.39554 -5.70791
    endloop
  endfacet
  facet normal 0.303025 -0.680554 -0.6671
    outer loop
      vertex 2.25861 -6.95129 -6.08778
      vertex 2.21538 -6.81825 -6.24314
      vertex 2.34317 -6.76135 -6.24314
    endloop
  endfacet
  facet normal 0.302991 -0.680553 -0.667116
    outer loop
      vertex 2.41312 -6.8825 -6.08778
      vertex 2.25861 -6.95129 -6.08778
      vertex 2.34317 -6.76135 -6.24314
    endloop
  endfacet
  facet normal -0.824067 0.475774 -0.307494
    outer loop
      vertex -5.99768 4.35757 -5.90674
      vertex -6.72938 3.21873 -5.70791
      vertex -6.04995 4.39554 -5.70791
    endloop
  endfacet
  facet normal -0.824074 0.475785 -0.307457
    outer loop
      vertex -6.72938 3.21873 -5.70791
      vertex -5.99768 4.35757 -5.90674
      vertex -6.67712 3.18076 -5.90674
    endloop
  endfacet
  facet normal -0.904978 0.294043 -0.307495
    outer loop
      vertex -6.77261 3.01536 -5.90674
      vertex -6.89482 2.84716 -5.70791
      vertex -6.83163 3.04164 -5.70791
    endloop
  endfacet
  facet normal -0.388642 0.126264 -0.912697
    outer loop
      vertex -6.22035 2.76947 -6.45106
      vertex -6.42712 2.74774 -6.36602
      vertex -6.39482 2.84716 -6.36602
    endloop
  endfacet
  facet normal -0.561051 0.182277 -0.807464
    outer loop
      vertex -6.42712 2.74774 -6.36602
      vertex -6.54932 2.91595 -6.24314
      vertex -6.39482 2.84716 -6.36602
    endloop
  endfacet
  facet normal -0.708498 0.230203 -0.667111
    outer loop
      vertex -6.54932 2.91595 -6.24314
      vertex -7.09703 1.68048 -6.08778
      vertex -6.67712 2.97284 -6.08778
    endloop
  endfacet
  facet normal -0.708511 0.230211 -0.667094
    outer loop
      vertex -7.09703 1.68048 -6.08778
      vertex -6.54932 2.91595 -6.24314
      vertex -6.96924 1.62358 -6.24314
    endloop
  endfacet
  facet normal -0.708502 0.230236 -0.667095
    outer loop
      vertex -6.96924 1.62358 -6.24314
      vertex -7.1493 1.51963 -6.08778
      vertex -7.09703 1.68048 -6.08778
    endloop
  endfacet
  facet normal -0.989127 0.103986 -0.103993
    outer loop
      vertex -7.33611 1.5 -5.55934
      vertex -7.31473 1.55479 -5.70791
      vertex -7.32049 1.5 -5.70791
    endloop
  endfacet
  facet normal -0.989127 0.103991 -0.103991
    outer loop
      vertex -7.31473 1.55479 -5.70791
      vertex -7.33611 1.5 -5.55934
      vertex -7.33611 1.55934 -5.5
    endloop
  endfacet
  facet normal -0.407049 0.0428285 -0.912402
    outer loop
      vertex -6.80902 0 -6.45106
      vertex -6.80472 0.0634497 -6.45
      vertex -6.80226 0.0642481 -6.45106
    endloop
  endfacet
  facet normal -0.407906 0.0428802 -0.912016
    outer loop
      vertex -6.80472 0.0634497 -6.45
      vertex -6.80902 0 -6.45106
      vertex -6.81139 0 -6.45
    endloop
  endfacet
  facet normal -0.207836 -0.0218679 -0.977919
    outer loop
      vertex -6.80226 -0.0642481 -6.45106
      vertex -6.80902 0 -6.45106
      vertex -6.60453 0 -6.49452
    endloop
  endfacet
  facet normal -0.207836 0.0218679 -0.977919
    outer loop
      vertex -6.60453 0 -6.49452
      vertex -6.80902 0 -6.45106
      vertex -6.80226 0.0642481 -6.45106
    endloop
  endfacet
  facet normal -0.388643 -0.126276 -0.912695
    outer loop
      vertex -6.42712 -2.74774 -6.36602
      vertex -6.83253 -1.5 -6.36602
      vertex -6.63531 -1.5 -6.45
    endloop
  endfacet
  facet normal -0.388643 -0.126276 -0.912694
    outer loop
      vertex -6.63531 -1.5 -6.45
      vertex -6.24031 -2.70804 -6.45106
      vertex -6.42712 -2.74774 -6.36602
    endloop
  endfacet
  facet normal -0.388547 -0.126245 -0.91274
    outer loop
      vertex -6.63531 -1.5 -6.45
      vertex -6.66022 -1.41567 -6.45106
      vertex -6.24031 -2.70804 -6.45106
    endloop
  endfacet
  facet normal -0.389545 -0.126534 -0.912274
    outer loop
      vertex -6.66022 -1.41567 -6.45106
      vertex -6.63531 -1.5 -6.45
      vertex -6.66254 -1.41617 -6.45
    endloop
  endfacet
  facet normal -0.561065 0.182285 -0.807452
    outer loop
      vertex -6.87945 1.5 -6.33343
      vertex -7.00939 1.5 -6.24314
      vertex -6.96924 1.62358 -6.24314
    endloop
  endfacet
  facet normal -0.561019 0.182284 -0.807484
    outer loop
      vertex -6.96924 1.62358 -6.24314
      vertex -6.42712 2.74774 -6.36602
      vertex -6.83253 1.5 -6.36602
    endloop
  endfacet
  facet normal -0.560898 0.182462 -0.807528
    outer loop
      vertex -6.96924 1.62358 -6.24314
      vertex -6.83253 1.5 -6.36602
      vertex -6.87945 1.5 -6.33343
    endloop
  endfacet
  facet normal -0.561035 0.182293 -0.807471
    outer loop
      vertex -6.42712 2.74774 -6.36602
      vertex -6.96924 1.62358 -6.24314
      vertex -6.54932 2.91595 -6.24314
    endloop
  endfacet
  facet normal -0.946328 -0.0995292 -0.307502
    outer loop
      vertex -7.25154 -1.54136 -5.90674
      vertex -7.26996 -1.5 -5.86344
      vertex -7.25589 -1.5 -5.90674
    endloop
  endfacet
  facet normal -0.904982 -0.294042 -0.307484
    outer loop
      vertex -7.19252 -1.723 -5.90674
      vertex -6.89482 -2.84716 -5.70791
      vertex -7.31473 -1.55479 -5.70791
    endloop
  endfacet
  facet normal -0.904978 -0.294043 -0.307496
    outer loop
      vertex -6.89482 -2.84716 -5.70791
      vertex -7.19252 -1.723 -5.90674
      vertex -6.77261 -3.01536 -5.90674
    endloop
  endfacet
  facet normal -0.740983 -0.0777598 -0.667007
    outer loop
      vertex -7.1493 -1.51963 -6.08778
      vertex -7.15136 -1.5 -6.08778
      vertex -7.13504 -1.5 -6.10591
    endloop
  endfacet
  facet normal -0.945901 -0.307337 -0.103996
    outer loop
      vertex -6.89482 -2.84716 -5.70791
      vertex -7.33611 -1.55934 -5.5
      vertex -7.31473 -1.55479 -5.70791
    endloop
  endfacet
  facet normal -0.945904 -0.307348 -0.103936
    outer loop
      vertex -7.33611 -1.55934 -5.5
      vertex -6.89482 -2.84716 -5.70791
      vertex -6.91619 -2.8517 -5.5
    endloop
  endfacet
  facet normal -0.707142 -0.636711 -0.30749
    outer loop
      vertex -5.08842 -5.36741 -5.90674
      vertex -6.04995 -4.39554 -5.70791
      vertex -5.99768 -4.35757 -5.90674
    endloop
  endfacet
  facet normal -0.707142 -0.636711 -0.30749
    outer loop
      vertex -6.04995 -4.39554 -5.70791
      vertex -5.08842 -5.36741 -5.90674
      vertex -5.14069 -5.40538 -5.70791
    endloop
  endfacet
  facet normal -0.644465 -0.580276 -0.497941
    outer loop
      vertex -5.79995 -4.42182 -6.08778
      vertex -5.08842 -5.36741 -5.90674
      vertex -5.99768 -4.35757 -5.90674
    endloop
  endfacet
  facet normal -0.644465 -0.580276 -0.497941
    outer loop
      vertex -5.08842 -5.36741 -5.90674
      vertex -5.79995 -4.42182 -6.08778
      vertex -4.89069 -5.43166 -6.08778
    endloop
  endfacet
  facet normal -0.510857 -0.29494 -0.807487
    outer loop
      vertex -6.47938 -3.03709 -6.24314
      vertex -5.71538 -4.02397 -6.36602
      vertex -5.79995 -4.21391 -6.24314
    endloop
  endfacet
  facet normal -0.510878 -0.294959 -0.807467
    outer loop
      vertex -5.71538 -4.02397 -6.36602
      vertex -6.47938 -3.03709 -6.24314
      vertex -6.39482 -2.84716 -6.36602
    endloop
  endfacet
  facet normal -0.561065 -0.182285 -0.807452
    outer loop
      vertex -6.96924 -1.62358 -6.24314
      vertex -7.00939 -1.5 -6.24314
      vertex -6.87945 -1.5 -6.33343
    endloop
  endfacet
  facet normal -0.239943 -0.538881 -0.807486
    outer loop
      vertex -2.21538 -6.81825 -6.24314
      vertex -2.34317 -6.76135 -6.24314
      vertex -2.16312 -6.65739 -6.36602
    endloop
  endfacet
  facet normal -0.509735 -0.701578 -0.497953
    outer loop
      vertex -3.70677 -6.42032 -5.90674
      vertex -3.86128 -6.30806 -5.90674
      vertex -3.79134 -6.23038 -6.08778
    endloop
  endfacet
  facet normal -0.951055 -0.309022 -0
    outer loop
      vertex -6.91619 -2.8517 4.79001
      vertex -7.33611 -1.55934 -5.5
      vertex -6.91619 -2.8517 -5.5
    endloop
  endfacet
  facet normal -0.951055 -0.309022 0
    outer loop
      vertex -7.33611 -1.55934 -5.5
      vertex -6.91619 -2.8517 4.79001
      vertex -7.33611 -1.55934 5.5
    endloop
  endfacet
  facet normal -0.989127 -0.103986 -0.103993
    outer loop
      vertex -7.31473 -1.55479 -5.70791
      vertex -7.33611 -1.5 -5.55934
      vertex -7.32049 -1.5 -5.70791
    endloop
  endfacet
  facet normal -0.989127 -0.103991 -0.103991
    outer loop
      vertex -7.33611 -1.5 -5.55934
      vertex -7.31473 -1.55479 -5.70791
      vertex -7.33611 -1.55934 -5.5
    endloop
  endfacet
  facet normal -0.302991 0.680553 0.667116
    outer loop
      vertex -2.25861 6.95129 6.08778
      vertex -2.41312 6.8825 6.08778
      vertex -2.34317 6.76135 6.24314
    endloop
  endfacet
  facet normal -0.739131 0.665496 0.103925
    outer loop
      vertex -5.01848 5.57358 5.5
      vertex -5.14069 5.40538 5.70791
      vertex -5.00386 5.55735 5.70791
    endloop
  endfacet
  facet normal -0.559322 0.769827 0.30745
    outer loop
      vertex -3.73907 6.47626 5.70791
      vertex -3.86128 6.30806 5.90674
      vertex -3.70677 6.42032 5.90674
    endloop
  endfacet
  facet normal -0.707151 0.636701 0.307489
    outer loop
      vertex -5.00386 5.55735 5.70791
      vertex -5.14069 5.40538 5.70791
      vertex -4.96063 5.50934 5.90674
    endloop
  endfacet
  facet normal -0.240234 0.330559 0.912698
    outer loop
      vertex -4.50386 5.09806 6.45106
      vertex -4.68391 5.20201 6.36602
      vertex -4.55612 5.06008 6.45106
    endloop
  endfacet
  facet normal 0.122835 0.169069 0.97792
    outer loop
      vertex 3.30226 5.71969 6.49452
      vertex 4.50386 5.09806 6.45106
      vertex 3.40451 5.89678 6.45106
    endloop
  endfacet
  facet normal 0.122832 0.169062 0.977921
    outer loop
      vertex 4.50386 5.09806 6.45106
      vertex 3.30226 5.71969 6.49452
      vertex 4.40161 4.92096 6.49452
    endloop
  endfacet
  facet normal -0.155297 0.139835 0.977921
    outer loop
      vertex -5.46538 4.05025 6.45106
      vertex -5.50861 4.00224 6.45106
      vertex -5.34317 3.88204 6.49452
    endloop
  endfacet
  facet normal -0.155304 0.139837 0.977919
    outer loop
      vertex -5.46538 4.05025 6.45106
      vertex -4.43391 4.89188 6.49452
      vertex -4.55612 5.06008 6.45106
    endloop
  endfacet
  facet normal -0.1553 0.139832 0.977921
    outer loop
      vertex -4.43391 4.89188 6.49452
      vertex -5.46538 4.05025 6.45106
      vertex -5.34317 3.88204 6.49452
    endloop
  endfacet
  facet normal -0.303025 0.680554 0.6671
    outer loop
      vertex -2.25861 6.95129 6.08778
      vertex -2.34317 6.76135 6.24314
      vertex -2.21538 6.81825 6.24314
    endloop
  endfacet
  facet normal -0.302997 0.68055 0.667117
    outer loop
      vertex -2.41312 6.8825 6.08778
      vertex -3.58457 6.20865 6.24314
      vertex -2.34317 6.76135 6.24314
    endloop
  endfacet
  facet normal -0.303016 0.680576 0.667082
    outer loop
      vertex -3.58457 6.20865 6.24314
      vertex -2.41312 6.8825 6.08778
      vertex -3.65451 6.32979 6.08778
    endloop
  endfacet
  facet normal -0.352715 0.792236 0.49795
    outer loop
      vertex -2.29091 7.0507 5.90674
      vertex -2.41312 6.8825 6.08778
      vertex -2.25861 6.95129 6.08778
    endloop
  endfacet
  facet normal -0.509715 0.701583 0.497967
    outer loop
      vertex -3.70677 6.42032 5.90674
      vertex -3.79134 6.23038 6.08778
      vertex -3.65451 6.32979 6.08778
    endloop
  endfacet
  facet normal -0.16622 0.373299 0.912699
    outer loop
      vertex -2.1041 6.47576 6.45106
      vertex -2.25861 6.61488 6.36602
      vertex -2.16312 6.44948 6.45106
    endloop
  endfacet
  facet normal -0.240191 0.330592 0.912698
    outer loop
      vertex -4.59935 5.26345 6.36602
      vertex -3.40451 5.89678 6.45106
      vertex -3.5 6.06218 6.36602
    endloop
  endfacet
  facet normal -0.240197 0.330605 0.912691
    outer loop
      vertex -3.40451 5.89678 6.45106
      vertex -4.59935 5.26345 6.36602
      vertex -4.50386 5.09806 6.45106
    endloop
  endfacet
  facet normal 0.0435092 0.204407 0.977919
    outer loop
      vertex 0.711736 6.77172 6.45106
      vertex 0.69036 6.56835 6.49452
      vertex 0.711736 6.5638 6.49452
    endloop
  endfacet
  facet normal -0.122835 0.169069 0.97792
    outer loop
      vertex -4.50386 5.09806 6.45106
      vertex -3.30226 5.71969 6.49452
      vertex -3.40451 5.89678 6.45106
    endloop
  endfacet
  facet normal -0.122832 0.169062 0.977921
    outer loop
      vertex -3.30226 5.71969 6.49452
      vertex -4.50386 5.09806 6.45106
      vertex -4.40161 4.92096 6.49452
    endloop
  endfacet
  facet normal -0.353895 0.204319 0.912695
    outer loop
      vertex -5.71538 4.02397 6.36602
      vertex -6.03884 3.08384 6.45106
      vertex -5.54091 3.94629 6.45106
    endloop
  endfacet
  facet normal -0.35388 0.204315 0.912702
    outer loop
      vertex -6.03884 3.08384 6.45106
      vertex -5.71538 4.02397 6.36602
      vertex -6.21332 3.16152 6.36602
    endloop
  endfacet
  facet normal -0.739118 0.665508 0.103944
    outer loop
      vertex -5.92774 4.56375 5.5
      vertex -5.14069 5.40538 5.70791
      vertex -5.01848 5.57358 5.5
    endloop
  endfacet
  facet normal -0.739119 0.665503 0.10397
    outer loop
      vertex -5.14069 5.40538 5.70791
      vertex -5.92774 4.56375 5.5
      vertex -6.04995 4.39554 5.70791
    endloop
  endfacet
  facet normal -0.751016 0.433603 0.497959
    outer loop
      vertex -6.49562 3.49512 5.90674
      vertex -5.99768 4.14966 6.08778
      vertex -5.99768 4.35757 5.90674
    endloop
  endfacet
  facet normal -0.751016 0.433603 0.497959
    outer loop
      vertex -5.99768 4.14966 6.08778
      vertex -6.49562 3.49512 5.90674
      vertex -6.49562 3.28721 6.08778
    endloop
  endfacet
  facet normal -0.645175 0.372488 0.667084
    outer loop
      vertex -5.99768 4.14966 6.08778
      vertex -6.29788 3.35146 6.24314
      vertex -5.79995 4.21391 6.24314
    endloop
  endfacet
  facet normal -0.645157 0.372485 0.667104
    outer loop
      vertex -6.29788 3.35146 6.24314
      vertex -5.99768 4.14966 6.08778
      vertex -6.49562 3.28721 6.08778
    endloop
  endfacet
  facet normal -0.584629 0.804608 -0.103993
    outer loop
      vertex -4.83842 5.67754 -5.70791
      vertex -5.01848 5.57358 -5.5
      vertex -4.84935 5.69647 -5.5
    endloop
  endfacet
  facet normal -0.584596 0.804632 -0.103994
    outer loop
      vertex -4.83842 5.67754 -5.70791
      vertex -3.75 6.49519 -5.5
      vertex -3.73907 6.47626 -5.70791
    endloop
  endfacet
  facet normal -0.584596 0.804632 -0.103994
    outer loop
      vertex -3.75 6.49519 -5.5
      vertex -4.83842 5.67754 -5.70791
      vertex -4.84935 5.69647 -5.5
    endloop
  endfacet
  facet normal -0.239943 0.538881 -0.807486
    outer loop
      vertex -2.16312 6.65739 -6.36602
      vertex -2.34317 6.76135 -6.24314
      vertex -2.21538 6.81825 -6.24314
    endloop
  endfacet
  facet normal -0.346752 0.477235 -0.807471
    outer loop
      vertex -4.59935 5.26345 -6.36602
      vertex -4.68391 5.20201 -6.36602
      vertex -4.68391 5.40992 -6.24314
    endloop
  endfacet
  facet normal -0.346724 0.477241 -0.80748
    outer loop
      vertex -4.68391 5.20201 -6.36602
      vertex -4.79708 5.3277 -6.24314
      vertex -4.68391 5.40992 -6.24314
    endloop
  endfacet
  facet normal -0.1553 0.139832 -0.977921
    outer loop
      vertex -5.46538 4.05025 -6.45106
      vertex -4.43391 4.89188 -6.49452
      vertex -5.34317 3.88204 -6.49452
    endloop
  endfacet
  facet normal -0.155304 0.139837 -0.977919
    outer loop
      vertex -4.43391 4.89188 -6.49452
      vertex -5.46538 4.05025 -6.45106
      vertex -4.55612 5.06008 -6.45106
    endloop
  endfacet
  facet normal -0.438361 0.394701 -0.807497
    outer loop
      vertex -5.59317 4.19217 -6.36602
      vertex -4.89069 5.22375 -6.24314
      vertex -4.68391 5.20201 -6.36602
    endloop
  endfacet
  facet normal -0.438361 0.394701 -0.807497
    outer loop
      vertex -4.89069 5.22375 -6.24314
      vertex -5.59317 4.19217 -6.36602
      vertex -5.79995 4.21391 -6.24314
    endloop
  endfacet
  facet normal -0.553624 0.498483 -0.667094
    outer loop
      vertex -5.79995 4.42182 -6.08778
      vertex -4.89069 5.22375 -6.24314
      vertex -5.79995 4.21391 -6.24314
    endloop
  endfacet
  facet normal -0.553624 0.498483 -0.667094
    outer loop
      vertex -4.89069 5.22375 -6.24314
      vertex -5.79995 4.42182 -6.08778
      vertex -4.89069 5.43166 -6.08778
    endloop
  endfacet
  facet normal 0.15532 0.139826 -0.977918
    outer loop
      vertex 4.43391 4.89188 -6.49452
      vertex 4.41929 4.90812 -6.49452
      vertex 4.55612 5.06008 -6.45106
    endloop
  endfacet
  facet normal 0.561014 -0.182296 -0.807485
    outer loop
      vertex 6.96924 -1.62358 -6.24314
      vertex 6.84703 -1.45538 -6.36602
      vertex 7.01247 -1.49054 -6.24314
    endloop
  endfacet
  facet normal 0.303682 -0.273447 -0.91269
    outer loop
      vertex 5.59317 -4.19217 -6.36602
      vertex 5.46538 -4.05025 -6.45106
      vertex 5.50861 -4.00224 -6.45106
    endloop
  endfacet
  facet normal 0.346724 -0.477241 -0.80748
    outer loop
      vertex 4.79708 -5.3277 -6.24314
      vertex 4.68391 -5.40992 -6.24314
      vertex 4.68391 -5.20201 -6.36602
    endloop
  endfacet
  facet normal 0.751036 -0.433588 -0.497941
    outer loop
      vertex 5.99768 -4.35757 -5.90674
      vertex 5.91312 -4.29613 -6.08778
      vertex 5.99768 -4.14966 -6.08778
    endloop
  endfacet
  facet normal 0.553569 -0.498505 -0.667123
    outer loop
      vertex 4.89069 -5.43166 -6.08778
      vertex 4.79708 -5.3277 -6.24314
      vertex 4.89069 -5.22375 -6.24314
    endloop
  endfacet
  facet normal 0.946333 0.0994514 -0.307512
    outer loop
      vertex 7.2715 1.35143 -5.90674
      vertex 7.25154 1.54136 -5.90674
      vertex 7.33611 1.35143 -5.70791
    endloop
  endfacet
  facet normal 0.904978 0.294043 -0.307496
    outer loop
      vertex 6.89482 2.84716 -5.70791
      vertex 7.19252 1.723 -5.90674
      vertex 6.77261 3.01536 -5.90674
    endloop
  endfacet
  facet normal 0.904982 0.294042 -0.307484
    outer loop
      vertex 7.19252 1.723 -5.90674
      vertex 6.89482 2.84716 -5.70791
      vertex 7.31473 1.55479 -5.70791
    endloop
  endfacet
  facet normal 0.510888 0.294919 -0.807476
    outer loop
      vertex 5.71538 4.02397 -6.36602
      vertex 5.66312 4.1145 -6.36602
      vertex 5.79995 4.21391 -6.24314
    endloop
  endfacet
  facet normal 0.645157 0.372481 -0.667106
    outer loop
      vertex 6.54932 2.91595 -6.24314
      vertex 6.47938 3.03709 -6.24314
      vertex 6.67712 2.97284 -6.08778
    endloop
  endfacet
  facet normal 0.303647 0.273466 -0.912697
    outer loop
      vertex 5.66312 4.1145 -6.36602
      vertex 5.50861 4.00224 -6.45106
      vertex 5.59317 4.19217 -6.36602
    endloop
  endfacet
  facet normal 0.303682 0.273447 -0.91269
    outer loop
      vertex 5.50861 4.00224 -6.45106
      vertex 5.46538 4.05025 -6.45106
      vertex 5.59317 4.19217 -6.36602
    endloop
  endfacet
  facet normal 0.553629 0.498482 -0.667092
    outer loop
      vertex 5.91312 4.29613 -6.08778
      vertex 5.79995 4.21391 -6.24314
      vertex 5.79995 4.42182 -6.08778
    endloop
  endfacet
  facet normal 0.553624 0.498483 -0.667094
    outer loop
      vertex 4.89069 5.22375 -6.24314
      vertex 5.79995 4.42182 -6.08778
      vertex 5.79995 4.21391 -6.24314
    endloop
  endfacet
  facet normal 0.553624 0.498483 -0.667094
    outer loop
      vertex 5.79995 4.42182 -6.08778
      vertex 4.89069 5.22375 -6.24314
      vertex 4.89069 5.43166 -6.08778
    endloop
  endfacet
  facet normal 0.510882 0.294957 -0.807465
    outer loop
      vertex 6.54932 2.91595 -6.24314
      vertex 6.39482 2.84716 -6.36602
      vertex 6.47938 3.03709 -6.24314
    endloop
  endfacet
  facet normal 0.510878 0.294959 -0.807467
    outer loop
      vertex 5.71538 4.02397 -6.36602
      vertex 6.47938 3.03709 -6.24314
      vertex 6.39482 2.84716 -6.36602
    endloop
  endfacet
  facet normal 0.510857 0.29494 -0.807487
    outer loop
      vertex 6.47938 3.03709 -6.24314
      vertex 5.71538 4.02397 -6.36602
      vertex 5.79995 4.21391 -6.24314
    endloop
  endfacet
  facet normal 0.0435092 0.204407 -0.977919
    outer loop
      vertex 0.711736 6.5638 -6.49452
      vertex 0.69036 6.56835 -6.49452
      vertex 0.711736 6.77172 -6.45106
    endloop
  endfacet
  facet normal 0.388637 0.126275 -0.912697
    outer loop
      vertex 6.66022 1.41567 -6.45106
      vertex 6.42712 2.74774 -6.36602
      vertex 6.84703 1.45538 -6.36602
    endloop
  endfacet
  facet normal 0.388643 0.126276 -0.912694
    outer loop
      vertex 6.42712 2.74774 -6.36602
      vertex 6.66022 1.41567 -6.45106
      vertex 6.24031 2.70804 -6.45106
    endloop
  endfacet
  facet normal 0.559322 0.769827 -0.30745
    outer loop
      vertex 3.86128 6.30806 -5.90674
      vertex 3.70677 6.42032 -5.90674
      vertex 3.73907 6.47626 -5.70791
    endloop
  endfacet
  facet normal 0.559312 0.769831 -0.307459
    outer loop
      vertex 3.86128 6.30806 -5.90674
      vertex 4.83842 5.67754 -5.70791
      vertex 4.96063 5.50934 -5.90674
    endloop
  endfacet
  facet normal 0.559312 0.769831 -0.307459
    outer loop
      vertex 4.83842 5.67754 -5.70791
      vertex 3.86128 6.30806 -5.90674
      vertex 3.73907 6.47626 -5.70791
    endloop
  endfacet
  facet normal 0.584573 0.804658 0.10392
    outer loop
      vertex 5.01848 5.57358 5.5
      vertex 4.83842 5.67754 5.70791
      vertex 5.00386 5.55735 5.70791
    endloop
  endfacet
  facet normal 0.34674 0.477243 -0.807472
    outer loop
      vertex 3.5 6.06218 -6.36602
      vertex 4.68391 5.40992 -6.24314
      vertex 4.59935 5.26345 -6.36602
    endloop
  endfacet
  facet normal 0.346734 0.477231 -0.807481
    outer loop
      vertex 4.68391 5.40992 -6.24314
      vertex 3.5 6.06218 -6.36602
      vertex 3.58457 6.20865 -6.24314
    endloop
  endfacet
  facet normal 0.352723 0.792219 -0.497972
    outer loop
      vertex 2.41312 6.8825 -6.08778
      vertex 3.5323 6.498 -5.90674
      vertex 3.65451 6.32979 -6.08778
    endloop
  endfacet
  facet normal 0.352725 0.792236 -0.497943
    outer loop
      vertex 3.5323 6.498 -5.90674
      vertex 2.41312 6.8825 -6.08778
      vertex 2.29091 7.0507 -5.90674
    endloop
  endfacet
  facet normal 0.239943 0.538881 -0.807486
    outer loop
      vertex 2.34317 6.76135 -6.24314
      vertex 2.16312 6.65739 -6.36602
      vertex 2.21538 6.81825 -6.24314
    endloop
  endfacet
  facet normal 0.387021 0.869296 -0.307471
    outer loop
      vertex 2.49768 7.02897 -5.70791
      vertex 2.29091 7.0507 -5.90674
      vertex 2.31087 7.11214 -5.70791
    endloop
  endfacet
  facet normal 0.206761 0.972853 -0.103951
    outer loop
      vertex 0.988451 7.41545 -5.5
      vertex 0.781678 7.43718 -5.70791
      vertex 0.783963 7.45891 -5.5
    endloop
  endfacet
  facet normal 0.206788 0.972847 -0.103957
    outer loop
      vertex 2.31087 7.11214 -5.70791
      vertex 0.988451 7.41545 -5.5
      vertex 2.31763 7.13292 -5.5
    endloop
  endfacet
  facet normal 0.206782 0.972844 -0.103995
    outer loop
      vertex 0.988451 7.41545 -5.5
      vertex 2.31087 7.11214 -5.70791
      vertex 0.981699 7.39466 -5.70791
    endloop
  endfacet
  facet normal 0 0.74497 -0.667098
    outer loop
      vertex 0.749377 7.12986 -6.24314
      vertex -0.764 7.26898 -6.08778
      vertex 0.764 7.26898 -6.08778
    endloop
  endfacet
  facet normal 0 0.74497 -0.667098
    outer loop
      vertex -0.764 7.26898 -6.08778
      vertex 0.749377 7.12986 -6.24314
      vertex -0.749377 7.12986 -6.24314
    endloop
  endfacet
  facet normal 0 0.867212 -0.497938
    outer loop
      vertex 0.764 7.26898 -6.08778
      vertex -0.774926 7.37293 -5.90674
      vertex 0.774926 7.37293 -5.90674
    endloop
  endfacet
  facet normal 0 0.867212 -0.497938
    outer loop
      vertex -0.774926 7.37293 -5.90674
      vertex 0.764 7.26898 -6.08778
      vertex -0.764 7.26898 -6.08778
    endloop
  endfacet
  facet normal 0.946333 -0.0994514 -0.307512
    outer loop
      vertex 7.33611 -1.35143 -5.70791
      vertex 7.25154 -1.54136 -5.90674
      vertex 7.2715 -1.35143 -5.90674
    endloop
  endfacet
  facet normal 0.862461 -0.0906371 -0.497943
    outer loop
      vertex 7.25154 -1.54136 -5.90674
      vertex 7.1493 -1.51963 -6.08778
      vertex 7.2715 -1.35143 -5.90674
    endloop
  endfacet
  facet normal 0.866025 0.500001 0
    outer loop
      vertex 6.85159 3.05052 5.18563
      vertex 6.17215 4.22734 -5.5
      vertex 6.17215 4.22734 5.5
    endloop
  endfacet
  facet normal 0.866025 0.500001 0
    outer loop
      vertex 6.17215 4.22734 -5.5
      vertex 6.85159 3.05052 5.18563
      vertex 6.85159 3.05052 -5.5
    endloop
  endfacet
  facet normal 0.740884 0.0778697 -0.667103
    outer loop
      vertex 7.29134 0.168203 -6.08778
      vertex 7.02709 1.35143 -6.24314
      vertex 7.1493 1.51963 -6.08778
    endloop
  endfacet
  facet normal 0.740884 0.0778695 -0.667104
    outer loop
      vertex 7.02709 1.35143 -6.24314
      vertex 7.29134 0.168203 -6.08778
      vertex 7.16913 0 -6.24314
    endloop
  endfacet
  facet normal 0.197838 0.930767 0.307461
    outer loop
      vertex 0.981699 7.39466 5.70791
      vertex 2.1041 7.09041 5.90674
      vertex 2.31087 7.11214 5.70791
    endloop
  endfacet
  facet normal 0.197837 0.930767 0.307464
    outer loop
      vertex 2.1041 7.09041 5.90674
      vertex 0.981699 7.39466 5.70791
      vertex 0.774926 7.37293 5.90674
    endloop
  endfacet
  facet normal 0 0.74497 0.667098
    outer loop
      vertex 0.764 7.26898 6.08778
      vertex -0.749377 7.12986 6.24314
      vertex 0.749377 7.12986 6.24314
    endloop
  endfacet
  facet normal 0 0.74497 0.667098
    outer loop
      vertex -0.749377 7.12986 6.24314
      vertex 0.764 7.26898 6.08778
      vertex -0.764 7.26898 6.08778
    endloop
  endfacet
  facet normal 0.559312 0.769831 0.307459
    outer loop
      vertex 4.83842 5.67754 5.70791
      vertex 3.86128 6.30806 5.90674
      vertex 4.96063 5.50934 5.90674
    endloop
  endfacet
  facet normal 0.559312 0.769831 0.307459
    outer loop
      vertex 3.86128 6.30806 5.90674
      vertex 4.83842 5.67754 5.70791
      vertex 3.73907 6.47626 5.70791
    endloop
  endfacet
  facet normal 0.197851 0.93076 0.307474
    outer loop
      vertex 2.31087 7.11214 5.70791
      vertex 2.1041 7.09041 5.90674
      vertex 2.29091 7.0507 5.90674
    endloop
  endfacet
  facet normal 0.239913 0.538916 0.807472
    outer loop
      vertex 2.34317 6.76135 6.24314
      vertex 2.16312 6.65739 6.36602
      vertex 2.25861 6.61488 6.36602
    endloop
  endfacet
  facet normal 0.23993 0.538897 0.80748
    outer loop
      vertex 2.34317 6.76135 6.24314
      vertex 3.5 6.06218 6.36602
      vertex 3.58457 6.20865 6.24314
    endloop
  endfacet
  facet normal 0.239935 0.538905 0.807473
    outer loop
      vertex 3.5 6.06218 6.36602
      vertex 2.34317 6.76135 6.24314
      vertex 2.25861 6.61488 6.36602
    endloop
  endfacet
  facet normal 0.084964 0.399718 0.912692
    outer loop
      vertex 0.833942 6.93992 6.36602
      vertex 2.1041 6.47576 6.45106
      vertex 2.16312 6.65739 6.36602
    endloop
  endfacet
  facet normal 0.0849581 0.399703 0.912699
    outer loop
      vertex 2.1041 6.47576 6.45106
      vertex 0.833942 6.93992 6.36602
      vertex 0.774926 6.75828 6.45106
    endloop
  endfacet
  facet normal 0 0.208981 0.97792
    outer loop
      vertex 0.711736 6.77172 6.45106
      vertex -0.69036 6.56835 6.49452
      vertex 0.69036 6.56835 6.49452
    endloop
  endfacet
  facet normal 0 0.208981 0.97792
    outer loop
      vertex -0.69036 6.56835 6.49452
      vertex 0.711736 6.77172 6.45106
      vertex -0.711736 6.77172 6.45106
    endloop
  endfacet
  facet normal 0.122647 0.577001 0.807482
    outer loop
      vertex 2.07855 6.84733 6.24314
      vertex 0.833942 6.93992 6.36602
      vertex 2.16312 6.65739 6.36602
    endloop
  endfacet
  facet normal 0.122647 0.576999 0.807483
    outer loop
      vertex 0.833942 6.93992 6.36602
      vertex 2.07855 6.84733 6.24314
      vertex 0.749377 7.12986 6.24314
    endloop
  endfacet
  facet normal 0.122796 0.169083 0.977922
    outer loop
      vertex 4.50386 5.09806 6.45106
      vertex 4.40161 4.92096 6.49452
      vertex 4.41929 4.90812 6.49452
    endloop
  endfacet
  facet normal 0.437862 0.602686 0.667118
    outer loop
      vertex 4.89069 5.43166 6.08778
      vertex 4.68391 5.40992 6.24314
      vertex 4.79708 5.3277 6.24314
    endloop
  endfacet
  facet normal 0.240234 0.330559 0.912698
    outer loop
      vertex 4.68391 5.20201 6.36602
      vertex 4.50386 5.09806 6.45106
      vertex 4.55612 5.06008 6.45106
    endloop
  endfacet
  facet normal 0.346724 0.477241 0.80748
    outer loop
      vertex 4.68391 5.40992 6.24314
      vertex 4.68391 5.20201 6.36602
      vertex 4.79708 5.3277 6.24314
    endloop
  endfacet
  facet normal 0.553629 0.498482 0.667092
    outer loop
      vertex 5.79995 4.42182 6.08778
      vertex 5.79995 4.21391 6.24314
      vertex 5.91312 4.29613 6.08778
    endloop
  endfacet
  facet normal -0.861335 0.497291 -0.103943
    outer loop
      vertex -6.72938 3.21873 -5.70791
      vertex -6.17215 4.22734 -5.5
      vertex -6.04995 4.39554 -5.70791
    endloop
  endfacet
  facet normal -0.861332 0.497292 -0.103958
    outer loop
      vertex -6.17215 4.22734 -5.5
      vertex -6.72938 3.21873 -5.70791
      vertex -6.85159 3.05052 -5.5
    endloop
  endfacet
  facet normal -0.707151 0.636701 -0.307489
    outer loop
      vertex -4.96063 5.50934 -5.90674
      vertex -5.14069 5.40538 -5.70791
      vertex -5.00386 5.55735 -5.70791
    endloop
  endfacet
  facet normal 0.302991 0.680553 -0.667116
    outer loop
      vertex 2.34317 6.76135 -6.24314
      vertex 2.25861 6.95129 -6.08778
      vertex 2.41312 6.8825 -6.08778
    endloop
  endfacet
  facet normal -0.0434758 0.204407 -0.97792
    outer loop
      vertex -0.711736 6.5638 -6.49452
      vertex -0.774926 6.75828 -6.45106
      vertex -0.711736 6.77172 -6.45106
    endloop
  endfacet
  facet normal 0.084964 0.399718 -0.912692
    outer loop
      vertex 2.1041 6.47576 -6.45106
      vertex 0.833942 6.93992 -6.36602
      vertex 2.16312 6.65739 -6.36602
    endloop
  endfacet
  facet normal 0.0849581 0.399703 -0.912699
    outer loop
      vertex 0.833942 6.93992 -6.36602
      vertex 2.1041 6.47576 -6.45106
      vertex 0.774926 6.75828 -6.45106
    endloop
  endfacet
  facet normal 0.122627 0.576997 -0.807488
    outer loop
      vertex 2.16312 6.65739 -6.36602
      vertex 2.07855 6.84733 -6.24314
      vertex 2.21538 6.81825 -6.24314
    endloop
  endfacet
  facet normal 0.866045 0.499967 0
    outer loop
      vertex 6.17215 4.22734 5.5
      vertex 6.06763 4.40839 -5.5
      vertex 6.06763 4.40839 5.5
    endloop
  endfacet
  facet normal 0.866045 0.499967 0
    outer loop
      vertex 6.06763 4.40839 -5.5
      vertex 6.17215 4.22734 5.5
      vertex 6.17215 4.22734 -5.5
    endloop
  endfacet
  facet normal 0.739118 0.665508 -0.103944
    outer loop
      vertex 5.92774 4.56375 -5.5
      vertex 5.14069 5.40538 -5.70791
      vertex 5.01848 5.57358 -5.5
    endloop
  endfacet
  facet normal 0.739119 0.665503 -0.10397
    outer loop
      vertex 5.14069 5.40538 -5.70791
      vertex 5.92774 4.56375 -5.5
      vertex 6.04995 4.39554 -5.70791
    endloop
  endfacet
  facet normal -0.387021 0.869296 0.307471
    outer loop
      vertex -2.31087 7.11214 5.70791
      vertex -2.49768 7.02897 5.70791
      vertex -2.29091 7.0507 5.90674
    endloop
  endfacet
  facet normal -0.40452 0.908601 0.103965
    outer loop
      vertex -2.31763 7.13292 5.5
      vertex -2.49768 7.02897 5.70791
      vertex -2.31087 7.11214 5.70791
    endloop
  endfacet
  facet normal -0.206804 0.97284 0.103995
    outer loop
      vertex -0.781678 7.43718 5.70791
      vertex -0.988451 7.41545 5.5
      vertex -0.981699 7.39466 5.70791
    endloop
  endfacet
  facet normal -0.166206 -0.373306 -0.912698
    outer loop
      vertex -2.25861 -6.61488 -6.36602
      vertex -3.40451 -5.89678 -6.45106
      vertex -2.16312 -6.44948 -6.45106
    endloop
  endfacet
  facet normal -0.166206 -0.373306 -0.912698
    outer loop
      vertex -3.40451 -5.89678 -6.45106
      vertex -2.25861 -6.61488 -6.36602
      vertex -3.5 -6.06218 -6.36602
    endloop
  endfacet
  facet normal -0.239935 -0.538905 -0.807473
    outer loop
      vertex -2.34317 -6.76135 -6.24314
      vertex -3.5 -6.06218 -6.36602
      vertex -2.25861 -6.61488 -6.36602
    endloop
  endfacet
  facet normal -0.23993 -0.538897 -0.80748
    outer loop
      vertex -3.5 -6.06218 -6.36602
      vertex -2.34317 -6.76135 -6.24314
      vertex -3.58457 -6.20865 -6.24314
    endloop
  endfacet
  facet normal -0.559322 -0.769827 -0.30745
    outer loop
      vertex -3.73907 -6.47626 -5.70791
      vertex -3.86128 -6.30806 -5.90674
      vertex -3.70677 -6.42032 -5.90674
    endloop
  endfacet
  facet normal -0.437883 -0.602711 -0.667082
    outer loop
      vertex -3.65451 -6.32979 -6.08778
      vertex -3.79134 -6.23038 -6.08778
      vertex -3.58457 -6.20865 -6.24314
    endloop
  endfacet
  facet normal -0.387041 -0.869296 -0.307448
    outer loop
      vertex -3.5323 -6.498 -5.90674
      vertex -2.49768 -7.02897 -5.70791
      vertex -3.73907 -6.47626 -5.70791
    endloop
  endfacet
  facet normal -0.38703 -0.869288 -0.307482
    outer loop
      vertex -2.49768 -7.02897 -5.70791
      vertex -3.5323 -6.498 -5.90674
      vertex -2.29091 -7.0507 -5.90674
    endloop
  endfacet
  facet normal -0.154883 -0.728682 -0.667109
    outer loop
      vertex -2.07855 -6.84733 -6.24314
      vertex -0.929434 -7.23381 -6.08778
      vertex -2.25861 -6.95129 -6.08778
    endloop
  endfacet
  facet normal -0.154893 -0.728702 -0.667084
    outer loop
      vertex -0.929434 -7.23381 -6.08778
      vertex -2.07855 -6.84733 -6.24314
      vertex -0.749377 -7.12986 -6.24314
    endloop
  endfacet
  facet normal -0.866025 -0.500001 0
    outer loop
      vertex -6.17215 -4.22734 -5.5
      vertex -6.85159 -3.05052 5.5
      vertex -6.85159 -3.05052 -5.5
    endloop
  endfacet
  facet normal -0.866025 -0.500001 0
    outer loop
      vertex -6.85159 -3.05052 5.5
      vertex -6.17215 -4.22734 -5.5
      vertex -6.17215 -4.22734 5.5
    endloop
  endfacet
  facet normal 0 -0.74497 -0.667098
    outer loop
      vertex -0.749377 -7.12986 -6.24314
      vertex 0.764 -7.26898 -6.08778
      vertex -0.764 -7.26898 -6.08778
    endloop
  endfacet
  facet normal 0 -0.74497 -0.667098
    outer loop
      vertex 0.764 -7.26898 -6.08778
      vertex -0.749377 -7.12986 -6.24314
      vertex 0.749377 -7.12986 -6.24314
    endloop
  endfacet
  facet normal 0.122647 -0.577001 -0.807482
    outer loop
      vertex 2.07855 -6.84733 -6.24314
      vertex 0.833942 -6.93992 -6.36602
      vertex 2.16312 -6.65739 -6.36602
    endloop
  endfacet
  facet normal 0.122647 -0.576999 -0.807483
    outer loop
      vertex 0.833942 -6.93992 -6.36602
      vertex 2.07855 -6.84733 -6.24314
      vertex 0.749377 -7.12986 -6.24314
    endloop
  endfacet
  facet normal -0.751015 0.433604 -0.49796
    outer loop
      vertex -5.99768 4.14966 -6.08778
      vertex -6.67712 3.18076 -5.90674
      vertex -5.99768 4.35757 -5.90674
    endloop
  endfacet
  facet normal -0.751009 0.433597 -0.497975
    outer loop
      vertex -6.67712 3.18076 -5.90674
      vertex -5.99768 4.14966 -6.08778
      vertex -6.67712 2.97284 -6.08778
    endloop
  endfacet
  facet normal -0.645176 0.372473 -0.667092
    outer loop
      vertex -5.79995 4.21391 -6.24314
      vertex -5.99768 4.14966 -6.08778
      vertex -5.91312 4.29613 -6.08778
    endloop
  endfacet
  facet normal -0.645157 0.372481 -0.667106
    outer loop
      vertex -6.54932 2.91595 -6.24314
      vertex -6.67712 2.97284 -6.08778
      vertex -6.47938 3.03709 -6.24314
    endloop
  endfacet
  facet normal -0.645175 0.372488 -0.667084
    outer loop
      vertex -6.47938 3.03709 -6.24314
      vertex -5.99768 4.14966 -6.08778
      vertex -5.79995 4.21391 -6.24314
    endloop
  endfacet
  facet normal -0.645157 0.372483 -0.667104
    outer loop
      vertex -5.99768 4.14966 -6.08778
      vertex -6.47938 3.03709 -6.24314
      vertex -6.67712 2.97284 -6.08778
    endloop
  endfacet
  facet normal -0.945906 0.307342 -0.103936
    outer loop
      vertex -6.89482 2.84716 -5.70791
      vertex -6.91619 2.8517 -5.5
      vertex -6.83163 3.04164 -5.70791
    endloop
  endfacet
  facet normal -0.945906 0.307341 -0.103937
    outer loop
      vertex -6.83163 3.04164 -5.70791
      vertex -6.91619 2.8517 -5.5
      vertex -6.85159 3.05052 -5.5
    endloop
  endfacet
  facet normal -0.904978 0.294043 -0.307496
    outer loop
      vertex -7.19252 1.723 -5.90674
      vertex -6.89482 2.84716 -5.70791
      vertex -6.77261 3.01536 -5.90674
    endloop
  endfacet
  facet normal -0.904982 0.294042 -0.307484
    outer loop
      vertex -6.89482 2.84716 -5.70791
      vertex -7.19252 1.723 -5.90674
      vertex -7.31473 1.55479 -5.70791
    endloop
  endfacet
  facet normal -0.207843 0.021845 -0.977918
    outer loop
      vertex -6.80226 0.0642481 -6.45106
      vertex -6.46249 1.35143 -6.49452
      vertex -6.60453 0 -6.49452
    endloop
  endfacet
  facet normal -0.207844 0.0218453 -0.977918
    outer loop
      vertex -6.46249 1.35143 -6.49452
      vertex -6.80226 0.0642481 -6.45106
      vertex -6.66022 1.41567 -6.45106
    endloop
  endfacet
  facet normal -0.407061 -0.0427838 -0.912399
    outer loop
      vertex -6.66268 -1.41487 -6.45
      vertex -6.80226 -0.0642481 -6.45106
      vertex -6.66022 -1.41567 -6.45106
    endloop
  endfacet
  facet normal -0.407037 -0.0427813 -0.912409
    outer loop
      vertex -6.80226 -0.0642481 -6.45106
      vertex -6.66268 -1.41487 -6.45
      vertex -6.80472 -0.0634497 -6.45
    endloop
  endfacet
  facet normal -0.86135 -0.497257 -0.10398
    outer loop
      vertex -6.06763 -4.40839 -5.5
      vertex -6.17215 -4.22734 -5.5
      vertex -6.04995 -4.39554 -5.70791
    endloop
  endfacet
  facet normal -0.861321 -0.497318 -0.10393
    outer loop
      vertex -6.72938 -3.21873 -5.70791
      vertex -6.85159 -3.05052 -5.5
      vertex -6.83163 -3.04164 -5.70791
    endloop
  endfacet
  facet normal -0.645176 -0.372473 -0.667092
    outer loop
      vertex -5.91312 -4.29613 -6.08778
      vertex -5.99768 -4.14966 -6.08778
      vertex -5.79995 -4.21391 -6.24314
    endloop
  endfacet
  facet normal -0.751036 -0.433588 -0.497941
    outer loop
      vertex -5.91312 -4.29613 -6.08778
      vertex -5.99768 -4.35757 -5.90674
      vertex -5.99768 -4.14966 -6.08778
    endloop
  endfacet
  facet normal -0.438361 -0.394701 -0.807497
    outer loop
      vertex -4.89069 -5.22375 -6.24314
      vertex -5.59317 -4.19217 -6.36602
      vertex -4.68391 -5.20201 -6.36602
    endloop
  endfacet
  facet normal -0.438361 -0.394701 -0.807497
    outer loop
      vertex -5.59317 -4.19217 -6.36602
      vertex -4.89069 -5.22375 -6.24314
      vertex -5.79995 -4.21391 -6.24314
    endloop
  endfacet
  facet normal -0.43834 -0.394771 -0.807473
    outer loop
      vertex -5.59317 -4.19217 -6.36602
      vertex -5.79995 -4.21391 -6.24314
      vertex -5.66312 -4.1145 -6.36602
    endloop
  endfacet
  facet normal -0.353905 -0.204298 -0.912696
    outer loop
      vertex -5.66312 -4.1145 -6.36602
      vertex -5.71538 -4.02397 -6.36602
      vertex -5.54091 -3.94629 -6.45106
    endloop
  endfacet
  facet normal -0.353894 -0.204322 -0.912695
    outer loop
      vertex -5.71538 -4.02397 -6.36602
      vertex -6.22035 -2.76947 -6.45106
      vertex -5.54091 -3.94629 -6.45106
    endloop
  endfacet
  facet normal -0.353886 -0.204318 -0.912699
    outer loop
      vertex -6.22035 -2.76947 -6.45106
      vertex -5.71538 -4.02397 -6.36602
      vertex -6.39482 -2.84716 -6.36602
    endloop
  endfacet
  facet normal -0.708511 -0.230211 -0.667094
    outer loop
      vertex -6.54932 -2.91595 -6.24314
      vertex -7.09703 -1.68048 -6.08778
      vertex -6.96924 -1.62358 -6.24314
    endloop
  endfacet
  facet normal -0.708498 -0.230203 -0.667111
    outer loop
      vertex -7.09703 -1.68048 -6.08778
      vertex -6.54932 -2.91595 -6.24314
      vertex -6.67712 -2.97284 -6.08778
    endloop
  endfacet
  facet normal -0.388642 -0.126264 -0.912697
    outer loop
      vertex -6.39482 -2.84716 -6.36602
      vertex -6.42712 -2.74774 -6.36602
      vertex -6.22035 -2.76947 -6.45106
    endloop
  endfacet
  facet normal -0.561051 -0.182277 -0.807464
    outer loop
      vertex -6.39482 -2.84716 -6.36602
      vertex -6.54932 -2.91595 -6.24314
      vertex -6.42712 -2.74774 -6.36602
    endloop
  endfacet
  facet normal -0.645175 -0.372488 -0.667084
    outer loop
      vertex -5.99768 -4.14966 -6.08778
      vertex -6.47938 -3.03709 -6.24314
      vertex -5.79995 -4.21391 -6.24314
    endloop
  endfacet
  facet normal -0.645157 -0.372483 -0.667104
    outer loop
      vertex -6.47938 -3.03709 -6.24314
      vertex -5.99768 -4.14966 -6.08778
      vertex -6.67712 -2.97284 -6.08778
    endloop
  endfacet
  facet normal -0.645157 -0.372481 -0.667106
    outer loop
      vertex -6.47938 -3.03709 -6.24314
      vertex -6.67712 -2.97284 -6.08778
      vertex -6.54932 -2.91595 -6.24314
    endloop
  endfacet
  facet normal -0.438348 -0.394745 -0.807482
    outer loop
      vertex -4.79708 -5.3277 -6.24314
      vertex -4.89069 -5.22375 -6.24314
      vertex -4.68391 -5.20201 -6.36602
    endloop
  endfacet
  facet normal -0.644469 0.580263 0.497951
    outer loop
      vertex -4.96063 5.50934 5.90674
      vertex -5.08842 5.36741 5.90674
      vertex -4.89069 5.43166 6.08778
    endloop
  endfacet
  facet normal -0.707151 0.6367 0.30749
    outer loop
      vertex -4.96063 5.50934 5.90674
      vertex -5.14069 5.40538 5.70791
      vertex -5.08842 5.36741 5.90674
    endloop
  endfacet
  facet normal -0.584573 0.804658 0.10392
    outer loop
      vertex -4.83842 5.67754 5.70791
      vertex -5.01848 5.57358 5.5
      vertex -5.00386 5.55735 5.70791
    endloop
  endfacet
  facet normal -0.55928 0.769842 0.307488
    outer loop
      vertex -4.83842 5.67754 5.70791
      vertex -5.00386 5.55735 5.70791
      vertex -4.96063 5.50934 5.90674
    endloop
  endfacet
  facet normal -0.166195 0.373323 0.912693
    outer loop
      vertex -2.16312 6.65739 6.36602
      vertex -2.25861 6.61488 6.36602
      vertex -2.1041 6.47576 6.45106
    endloop
  endfacet
  facet normal -0.239943 0.538881 0.807486
    outer loop
      vertex -2.21538 6.81825 6.24314
      vertex -2.34317 6.76135 6.24314
      vertex -2.16312 6.65739 6.36602
    endloop
  endfacet
  facet normal -0.437883 0.602711 0.667082
    outer loop
      vertex -3.65451 6.32979 6.08778
      vertex -3.79134 6.23038 6.08778
      vertex -3.58457 6.20865 6.24314
    endloop
  endfacet
  facet normal -0.509728 0.701584 0.497953
    outer loop
      vertex -3.86128 6.30806 5.90674
      vertex -4.89069 5.43166 6.08778
      vertex -3.79134 6.23038 6.08778
    endloop
  endfacet
  facet normal -0.509728 0.701584 0.497953
    outer loop
      vertex -4.89069 5.43166 6.08778
      vertex -3.86128 6.30806 5.90674
      vertex -4.96063 5.50934 5.90674
    endloop
  endfacet
  facet normal -0.38703 0.869288 0.307482
    outer loop
      vertex -2.49768 7.02897 5.70791
      vertex -3.5323 6.498 5.90674
      vertex -2.29091 7.0507 5.90674
    endloop
  endfacet
  facet normal -0.387041 0.869296 0.307448
    outer loop
      vertex -3.5323 6.498 5.90674
      vertex -2.49768 7.02897 5.70791
      vertex -3.73907 6.47626 5.70791
    endloop
  endfacet
  facet normal -0.352723 0.792219 0.497972
    outer loop
      vertex -3.5323 6.498 5.90674
      vertex -3.70677 6.42032 5.90674
      vertex -3.65451 6.32979 6.08778
    endloop
  endfacet
  facet normal -0.438361 0.394701 0.807497
    outer loop
      vertex -4.89069 5.22375 6.24314
      vertex -5.59317 4.19217 6.36602
      vertex -4.68391 5.20201 6.36602
    endloop
  endfacet
  facet normal -0.438361 0.394701 0.807497
    outer loop
      vertex -5.59317 4.19217 6.36602
      vertex -4.89069 5.22375 6.24314
      vertex -5.79995 4.21391 6.24314
    endloop
  endfacet
  facet normal -0.346724 0.477241 0.80748
    outer loop
      vertex -4.68391 5.40992 6.24314
      vertex -4.79708 5.3277 6.24314
      vertex -4.68391 5.20201 6.36602
    endloop
  endfacet
  facet normal -0.166206 0.373306 0.912698
    outer loop
      vertex -2.25861 6.61488 6.36602
      vertex -3.40451 5.89678 6.45106
      vertex -2.16312 6.44948 6.45106
    endloop
  endfacet
  facet normal -0.166206 0.373306 0.912698
    outer loop
      vertex -3.40451 5.89678 6.45106
      vertex -2.25861 6.61488 6.36602
      vertex -3.5 6.06218 6.36602
    endloop
  endfacet
  facet normal -0.346752 0.477235 0.807471
    outer loop
      vertex -4.68391 5.40992 6.24314
      vertex -4.68391 5.20201 6.36602
      vertex -4.59935 5.26345 6.36602
    endloop
  endfacet
  facet normal -0.240208 0.330599 0.912691
    outer loop
      vertex -4.59935 5.26345 6.36602
      vertex -4.68391 5.20201 6.36602
      vertex -4.50386 5.09806 6.45106
    endloop
  endfacet
  facet normal 0.353896 0.204305 0.912698
    outer loop
      vertex 5.66312 4.1145 6.36602
      vertex 5.50861 4.00224 6.45106
      vertex 5.54091 3.94629 6.45106
    endloop
  endfacet
  facet normal 0.155297 0.139835 0.977921
    outer loop
      vertex 5.46538 4.05025 6.45106
      vertex 5.34317 3.88204 6.49452
      vertex 5.50861 4.00224 6.45106
    endloop
  endfacet
  facet normal -0.739109 0.665512 0.103984
    outer loop
      vertex -5.92774 4.56375 5.5
      vertex -6.06763 4.40839 5.5
      vertex -6.04995 4.39554 5.70791
    endloop
  endfacet
  facet normal -0.707142 0.636711 0.30749
    outer loop
      vertex -6.04995 4.39554 5.70791
      vertex -5.08842 5.36741 5.90674
      vertex -5.14069 5.40538 5.70791
    endloop
  endfacet
  facet normal -0.707142 0.636711 0.30749
    outer loop
      vertex -5.08842 5.36741 5.90674
      vertex -6.04995 4.39554 5.70791
      vertex -5.99768 4.35757 5.90674
    endloop
  endfacet
  facet normal -0.38704 0.869296 -0.307448
    outer loop
      vertex -3.70677 6.42032 -5.90674
      vertex -3.73907 6.47626 -5.70791
      vertex -3.5323 6.498 -5.90674
    endloop
  endfacet
  facet normal -0.559322 0.769827 -0.30745
    outer loop
      vertex -3.70677 6.42032 -5.90674
      vertex -3.86128 6.30806 -5.90674
      vertex -3.73907 6.47626 -5.70791
    endloop
  endfacet
  facet normal -0.707151 0.6367 -0.30749
    outer loop
      vertex -5.08842 5.36741 -5.90674
      vertex -5.14069 5.40538 -5.70791
      vertex -4.96063 5.50934 -5.90674
    endloop
  endfacet
  facet normal -0.55928 0.769842 -0.307488
    outer loop
      vertex -4.96063 5.50934 -5.90674
      vertex -5.00386 5.55735 -5.70791
      vertex -4.83842 5.67754 -5.70791
    endloop
  endfacet
  facet normal -0.122647 0.576999 -0.807483
    outer loop
      vertex -0.833942 6.93992 -6.36602
      vertex -2.07855 6.84733 -6.24314
      vertex -0.749377 7.12986 -6.24314
    endloop
  endfacet
  facet normal -0.122647 0.577001 -0.807482
    outer loop
      vertex -2.07855 6.84733 -6.24314
      vertex -0.833942 6.93992 -6.36602
      vertex -2.16312 6.65739 -6.36602
    endloop
  endfacet
  facet normal -0.239913 0.538916 -0.807472
    outer loop
      vertex -2.25861 6.61488 -6.36602
      vertex -2.34317 6.76135 -6.24314
      vertex -2.16312 6.65739 -6.36602
    endloop
  endfacet
  facet normal -0.34674 0.477243 -0.807472
    outer loop
      vertex -4.68391 5.40992 -6.24314
      vertex -3.5 6.06218 -6.36602
      vertex -4.59935 5.26345 -6.36602
    endloop
  endfacet
  facet normal -0.346734 0.477231 -0.807481
    outer loop
      vertex -3.5 6.06218 -6.36602
      vertex -4.68391 5.40992 -6.24314
      vertex -3.58457 6.20865 -6.24314
    endloop
  endfacet
  facet normal 0.388642 -0.126279 -0.912694
    outer loop
      vertex 6.42712 -2.74774 -6.36602
      vertex 6.22035 -2.76947 -6.45106
      vertex 6.24031 -2.70804 -6.45106
    endloop
  endfacet
  facet normal 0.708502 -0.230236 -0.667095
    outer loop
      vertex 7.09703 -1.68048 -6.08778
      vertex 6.96924 -1.62358 -6.24314
      vertex 7.1493 -1.51963 -6.08778
    endloop
  endfacet
  facet normal 0.645157 -0.372481 -0.667106
    outer loop
      vertex 6.67712 -2.97284 -6.08778
      vertex 6.47938 -3.03709 -6.24314
      vertex 6.54932 -2.91595 -6.24314
    endloop
  endfacet
  facet normal 0.644466 -0.580271 -0.497945
    outer loop
      vertex 5.99768 -4.35757 -5.90674
      vertex 5.79995 -4.42182 -6.08778
      vertex 5.91312 -4.29613 -6.08778
    endloop
  endfacet
  facet normal 0.122835 -0.169069 -0.97792
    outer loop
      vertex 3.30226 -5.71969 -6.49452
      vertex 4.50386 -5.09806 -6.45106
      vertex 3.40451 -5.89678 -6.45106
    endloop
  endfacet
  facet normal 0.122832 -0.169062 -0.977921
    outer loop
      vertex 4.50386 -5.09806 -6.45106
      vertex 3.30226 -5.71969 -6.49452
      vertex 4.40161 -4.92096 -6.49452
    endloop
  endfacet
  facet normal 0.0849542 0.399723 -0.912691
    outer loop
      vertex 0.833942 6.93992 -6.36602
      vertex 0.711736 6.77172 -6.45106
      vertex 0.731699 6.96165 -6.36602
    endloop
  endfacet
  facet normal 0.707151 -0.636701 -0.307489
    outer loop
      vertex 5.00386 -5.55735 -5.70791
      vertex 4.96063 -5.50934 -5.90674
      vertex 5.14069 -5.40538 -5.70791
    endloop
  endfacet
  facet normal 0.510888 -0.294919 -0.807476
    outer loop
      vertex 5.79995 -4.21391 -6.24314
      vertex 5.66312 -4.1145 -6.36602
      vertex 5.71538 -4.02397 -6.36602
    endloop
  endfacet
  facet normal 0.240208 -0.330599 -0.912691
    outer loop
      vertex 4.59935 -5.26345 -6.36602
      vertex 4.50386 -5.09806 -6.45106
      vertex 4.68391 -5.20201 -6.36602
    endloop
  endfacet
  facet normal 0.559312 -0.769831 -0.307459
    outer loop
      vertex 3.86128 -6.30806 -5.90674
      vertex 4.83842 -5.67754 -5.70791
      vertex 3.73907 -6.47626 -5.70791
    endloop
  endfacet
  facet normal 0.559312 -0.769831 -0.307459
    outer loop
      vertex 4.83842 -5.67754 -5.70791
      vertex 3.86128 -6.30806 -5.90674
      vertex 4.96063 -5.50934 -5.90674
    endloop
  endfacet
  facet normal 0.437867 -0.602676 -0.667124
    outer loop
      vertex 3.79134 -6.23038 -6.08778
      vertex 4.68391 -5.40992 -6.24314
      vertex 4.89069 -5.43166 -6.08778
    endloop
  endfacet
  facet normal 0.437891 -0.602695 -0.667091
    outer loop
      vertex 4.68391 -5.40992 -6.24314
      vertex 3.79134 -6.23038 -6.08778
      vertex 3.58457 -6.20865 -6.24314
    endloop
  endfacet
  facet normal 0.739131 -0.665496 -0.103925
    outer loop
      vertex 5.01848 -5.57358 -5.5
      vertex 5.00386 -5.55735 -5.70791
      vertex 5.14069 -5.40538 -5.70791
    endloop
  endfacet
  facet normal 0.55928 -0.769842 -0.307488
    outer loop
      vertex 5.00386 -5.55735 -5.70791
      vertex 4.83842 -5.67754 -5.70791
      vertex 4.96063 -5.50934 -5.90674
    endloop
  endfacet
  facet normal 0.353896 0.204305 -0.912698
    outer loop
      vertex 5.54091 3.94629 -6.45106
      vertex 5.50861 4.00224 -6.45106
      vertex 5.66312 4.1145 -6.36602
    endloop
  endfacet
  facet normal 0.353905 0.204298 -0.912696
    outer loop
      vertex 5.71538 4.02397 -6.36602
      vertex 5.54091 3.94629 -6.45106
      vertex 5.66312 4.1145 -6.36602
    endloop
  endfacet
  facet normal 0.303687 0.273443 -0.91269
    outer loop
      vertex 4.55612 5.06008 -6.45106
      vertex 5.59317 4.19217 -6.36602
      vertex 5.46538 4.05025 -6.45106
    endloop
  endfacet
  facet normal 0.30368 0.273433 -0.912695
    outer loop
      vertex 5.59317 4.19217 -6.36602
      vertex 4.55612 5.06008 -6.45106
      vertex 4.68391 5.20201 -6.36602
    endloop
  endfacet
  facet normal 0.645157 0.372483 -0.667104
    outer loop
      vertex 6.47938 3.03709 -6.24314
      vertex 5.99768 4.14966 -6.08778
      vertex 6.67712 2.97284 -6.08778
    endloop
  endfacet
  facet normal 0.645175 0.372488 -0.667084
    outer loop
      vertex 5.99768 4.14966 -6.08778
      vertex 6.47938 3.03709 -6.24314
      vertex 5.79995 4.21391 -6.24314
    endloop
  endfacet
  facet normal 0.645176 0.372473 -0.667092
    outer loop
      vertex 5.99768 4.14966 -6.08778
      vertex 5.79995 4.21391 -6.24314
      vertex 5.91312 4.29613 -6.08778
    endloop
  endfacet
  facet normal 0.644466 0.580271 -0.497945
    outer loop
      vertex 5.91312 4.29613 -6.08778
      vertex 5.79995 4.42182 -6.08778
      vertex 5.99768 4.35757 -5.90674
    endloop
  endfacet
  facet normal 0.509715 0.701583 -0.497967
    outer loop
      vertex 3.79134 6.23038 -6.08778
      vertex 3.65451 6.32979 -6.08778
      vertex 3.70677 6.42032 -5.90674
    endloop
  endfacet
  facet normal 0.509735 0.701578 -0.497953
    outer loop
      vertex 3.79134 6.23038 -6.08778
      vertex 3.70677 6.42032 -5.90674
      vertex 3.86128 6.30806 -5.90674
    endloop
  endfacet
  facet normal 0.707151 0.636701 0.307489
    outer loop
      vertex 5.00386 5.55735 5.70791
      vertex 4.96063 5.50934 5.90674
      vertex 5.14069 5.40538 5.70791
    endloop
  endfacet
  facet normal 0.584629 0.804608 -0.103993
    outer loop
      vertex 5.01848 5.57358 -5.5
      vertex 4.83842 5.67754 -5.70791
      vertex 4.84935 5.69647 -5.5
    endloop
  endfacet
  facet normal 0.352715 0.792236 -0.49795
    outer loop
      vertex 2.41312 6.8825 -6.08778
      vertex 2.25861 6.95129 -6.08778
      vertex 2.29091 7.0507 -5.90674
    endloop
  endfacet
  facet normal 0.180312 0.848253 -0.49795
    outer loop
      vertex 2.25861 6.95129 -6.08778
      vertex 2.1041 7.09041 -5.90674
      vertex 2.29091 7.0507 -5.90674
    endloop
  endfacet
  facet normal 0.197858 0.930756 -0.307484
    outer loop
      vertex 0.981699 7.39466 -5.70791
      vertex 0.774926 7.37293 -5.90674
      vertex 0.781678 7.43718 -5.70791
    endloop
  endfacet
  facet normal 0.206804 0.97284 -0.103995
    outer loop
      vertex 0.981699 7.39466 -5.70791
      vertex 0.781678 7.43718 -5.70791
      vertex 0.988451 7.41545 -5.5
    endloop
  endfacet
  facet normal 0.154913 0.728686 -0.667097
    outer loop
      vertex 0.929434 7.23381 -6.08778
      vertex 0.749377 7.12986 -6.24314
      vertex 0.764 7.26898 -6.08778
    endloop
  endfacet
  facet normal 0.946332 -0.0994628 -0.307511
    outer loop
      vertex 7.33611 -1.35143 -5.70791
      vertex 7.41354 0 -5.90674
      vertex 7.47815 0 -5.70791
    endloop
  endfacet
  facet normal 0.946332 -0.0994628 -0.307511
    outer loop
      vertex 7.41354 0 -5.90674
      vertex 7.33611 -1.35143 -5.70791
      vertex 7.2715 -1.35143 -5.90674
    endloop
  endfacet
  facet normal 0.303682 0.273447 0.91269
    outer loop
      vertex 5.59317 4.19217 6.36602
      vertex 5.46538 4.05025 6.45106
      vertex 5.50861 4.00224 6.45106
    endloop
  endfacet
  facet normal 0.824066 0.475775 0.307494
    outer loop
      vertex 5.99768 4.35757 5.90674
      vertex 6.54788 3.5331 5.70791
      vertex 6.04995 4.39554 5.70791
    endloop
  endfacet
  facet normal 0.824069 0.475781 0.307479
    outer loop
      vertex 6.54788 3.5331 5.70791
      vertex 5.99768 4.35757 5.90674
      vertex 6.49562 3.49512 5.90674
    endloop
  endfacet
  facet normal 0.751016 0.433603 0.497959
    outer loop
      vertex 5.99768 4.14966 6.08778
      vertex 6.49562 3.49512 5.90674
      vertex 5.99768 4.35757 5.90674
    endloop
  endfacet
  facet normal 0.751016 0.433603 0.497959
    outer loop
      vertex 6.49562 3.49512 5.90674
      vertex 5.99768 4.14966 6.08778
      vertex 6.49562 3.28721 6.08778
    endloop
  endfacet
  facet normal 0.824764 0.267989 -0.497941
    outer loop
      vertex 7.25154 1.54136 -5.90674
      vertex 7.1493 1.51963 -6.08778
      vertex 7.19252 1.723 -5.90674
    endloop
  endfacet
  facet normal 0.904982 0.294054 -0.307473
    outer loop
      vertex 7.25154 1.54136 -5.90674
      vertex 7.19252 1.723 -5.90674
      vertex 7.31473 1.55479 -5.70791
    endloop
  endfacet
  facet normal 0.180298 0.84825 0.49796
    outer loop
      vertex 2.1041 7.09041 5.90674
      vertex 0.929434 7.23381 6.08778
      vertex 2.25861 6.95129 6.08778
    endloop
  endfacet
  facet normal 0.180298 0.848249 0.497962
    outer loop
      vertex 0.929434 7.23381 6.08778
      vertex 2.1041 7.09041 5.90674
      vertex 0.774926 7.37293 5.90674
    endloop
  endfacet
  facet normal 0.180333 0.848256 0.497937
    outer loop
      vertex 0.774926 7.37293 5.90674
      vertex 0.764 7.26898 6.08778
      vertex 0.929434 7.23381 6.08778
    endloop
  endfacet
  facet normal 0.553569 0.498505 0.667123
    outer loop
      vertex 4.89069 5.43166 6.08778
      vertex 4.79708 5.3277 6.24314
      vertex 4.89069 5.22375 6.24314
    endloop
  endfacet
  facet normal 0.438348 0.394745 0.807482
    outer loop
      vertex 4.79708 5.3277 6.24314
      vertex 4.68391 5.20201 6.36602
      vertex 4.89069 5.22375 6.24314
    endloop
  endfacet
  facet normal 0.240191 0.330592 0.912698
    outer loop
      vertex 3.40451 5.89678 6.45106
      vertex 4.59935 5.26345 6.36602
      vertex 3.5 6.06218 6.36602
    endloop
  endfacet
  facet normal 0.240197 0.330605 0.912691
    outer loop
      vertex 4.59935 5.26345 6.36602
      vertex 3.40451 5.89678 6.45106
      vertex 4.50386 5.09806 6.45106
    endloop
  endfacet
  facet normal 0.240208 0.330599 0.912691
    outer loop
      vertex 4.59935 5.26345 6.36602
      vertex 4.50386 5.09806 6.45106
      vertex 4.68391 5.20201 6.36602
    endloop
  endfacet
  facet normal 0.303016 0.680576 0.667082
    outer loop
      vertex 2.41312 6.8825 6.08778
      vertex 3.58457 6.20865 6.24314
      vertex 3.65451 6.32979 6.08778
    endloop
  endfacet
  facet normal 0.302997 0.68055 0.667117
    outer loop
      vertex 3.58457 6.20865 6.24314
      vertex 2.41312 6.8825 6.08778
      vertex 2.34317 6.76135 6.24314
    endloop
  endfacet
  facet normal 0.352723 0.792219 0.497972
    outer loop
      vertex 3.5323 6.498 5.90674
      vertex 2.41312 6.8825 6.08778
      vertex 3.65451 6.32979 6.08778
    endloop
  endfacet
  facet normal 0.352725 0.792236 0.497943
    outer loop
      vertex 2.41312 6.8825 6.08778
      vertex 3.5323 6.498 5.90674
      vertex 2.29091 7.0507 5.90674
    endloop
  endfacet
  facet normal 0.404532 0.908592 0.103993
    outer loop
      vertex 3.75 6.49519 5.5
      vertex 3.55902 6.58022 5.5
      vertex 3.73907 6.47626 5.70791
    endloop
  endfacet
  facet normal 0.346752 0.477235 0.807471
    outer loop
      vertex 4.68391 5.40992 6.24314
      vertex 4.59935 5.26345 6.36602
      vertex 4.68391 5.20201 6.36602
    endloop
  endfacet
  facet normal -0.739118 0.665508 -0.103944
    outer loop
      vertex -5.14069 5.40538 -5.70791
      vertex -5.92774 4.56375 -5.5
      vertex -5.01848 5.57358 -5.5
    endloop
  endfacet
  facet normal -0.739119 0.665503 -0.10397
    outer loop
      vertex -5.92774 4.56375 -5.5
      vertex -5.14069 5.40538 -5.70791
      vertex -6.04995 4.39554 -5.70791
    endloop
  endfacet
  facet normal 0.166195 0.373323 -0.912693
    outer loop
      vertex 2.25861 6.61488 -6.36602
      vertex 2.1041 6.47576 -6.45106
      vertex 2.16312 6.65739 -6.36602
    endloop
  endfacet
  facet normal 0.239913 0.538916 -0.807472
    outer loop
      vertex 2.25861 6.61488 -6.36602
      vertex 2.16312 6.65739 -6.36602
      vertex 2.34317 6.76135 -6.24314
    endloop
  endfacet
  facet normal 0.154867 0.728695 -0.667099
    outer loop
      vertex 2.21538 6.81825 -6.24314
      vertex 2.07855 6.84733 -6.24314
      vertex 2.25861 6.95129 -6.08778
    endloop
  endfacet
  facet normal 0.303025 0.680554 -0.6671
    outer loop
      vertex 2.34317 6.76135 -6.24314
      vertex 2.21538 6.81825 -6.24314
      vertex 2.25861 6.95129 -6.08778
    endloop
  endfacet
  facet normal -0.0850102 0.399687 -0.912701
    outer loop
      vertex -0.774926 6.75828 -6.45106
      vertex -0.833942 6.93992 -6.36602
      vertex -0.711736 6.77172 -6.45106
    endloop
  endfacet
  facet normal -0.0434492 0.204416 -0.977919
    outer loop
      vertex -2.04091 6.28128 -6.49452
      vertex -0.774926 6.75828 -6.45106
      vertex -0.711736 6.5638 -6.49452
    endloop
  endfacet
  facet normal -0.0434492 0.204416 -0.977919
    outer loop
      vertex -0.774926 6.75828 -6.45106
      vertex -2.04091 6.28128 -6.49452
      vertex -2.1041 6.47576 -6.45106
    endloop
  endfacet
  facet normal 0 0.408652 -0.91269
    outer loop
      vertex -0.711736 6.77172 -6.45106
      vertex 0.731699 6.96165 -6.36602
      vertex 0.711736 6.77172 -6.45106
    endloop
  endfacet
  facet normal 0 0.408652 -0.91269
    outer loop
      vertex 0.731699 6.96165 -6.36602
      vertex -0.711736 6.77172 -6.45106
      vertex -0.731699 6.96165 -6.36602
    endloop
  endfacet
  facet normal 0.739109 0.665512 0.103984
    outer loop
      vertex 6.06763 4.40839 5.5
      vertex 5.92774 4.56375 5.5
      vertex 6.04995 4.39554 5.70791
    endloop
  endfacet
  facet normal -0.346752 -0.477235 -0.807471
    outer loop
      vertex -4.59935 -5.26345 -6.36602
      vertex -4.68391 -5.40992 -6.24314
      vertex -4.68391 -5.20201 -6.36602
    endloop
  endfacet
  facet normal -0.509728 -0.701584 -0.497953
    outer loop
      vertex -4.89069 -5.43166 -6.08778
      vertex -3.86128 -6.30806 -5.90674
      vertex -4.96063 -5.50934 -5.90674
    endloop
  endfacet
  facet normal -0.509728 -0.701584 -0.497953
    outer loop
      vertex -3.86128 -6.30806 -5.90674
      vertex -4.89069 -5.43166 -6.08778
      vertex -3.79134 -6.23038 -6.08778
    endloop
  endfacet
  facet normal -0.866045 -0.499967 0
    outer loop
      vertex -6.06763 -4.40839 -5.5
      vertex -6.17215 -4.22734 5.5
      vertex -6.17215 -4.22734 -5.5
    endloop
  endfacet
  facet normal -0.866045 -0.499967 0
    outer loop
      vertex -6.17215 -4.22734 5.5
      vertex -6.06763 -4.40839 -5.5
      vertex -6.06763 -4.40839 5.5
    endloop
  endfacet
  facet normal 0.180298 -0.848249 -0.497962
    outer loop
      vertex 0.929434 -7.23381 -6.08778
      vertex 2.1041 -7.09041 -5.90674
      vertex 0.774926 -7.37293 -5.90674
    endloop
  endfacet
  facet normal 0.180298 -0.84825 -0.49796
    outer loop
      vertex 2.1041 -7.09041 -5.90674
      vertex 0.929434 -7.23381 -6.08778
      vertex 2.25861 -6.95129 -6.08778
    endloop
  endfacet
  facet normal 0.180333 -0.848256 -0.497937
    outer loop
      vertex 0.774926 -7.37293 -5.90674
      vertex 0.764 -7.26898 -6.08778
      vertex 0.929434 -7.23381 -6.08778
    endloop
  endfacet
  facet normal -0.989156 0.10385 -0.10385
    outer loop
      vertex -7.33611 1.5 -5.55934
      vertex -7.34234 1.5 -5.5
      vertex -7.33611 1.55934 -5.5
    endloop
  endfacet
  facet normal -0.946333 0.0995566 -0.307478
    outer loop
      vertex -7.26996 1.5 -5.86344
      vertex -7.31473 1.55479 -5.70791
      vertex -7.25154 1.54136 -5.90674
    endloop
  endfacet
  facet normal -0.946347 0.0994882 -0.307458
    outer loop
      vertex -7.31473 1.55479 -5.70791
      vertex -7.26996 1.5 -5.86344
      vertex -7.32049 1.5 -5.70791
    endloop
  endfacet
  facet normal -0.751009 -0.433597 -0.497975
    outer loop
      vertex -5.99768 -4.14966 -6.08778
      vertex -6.67712 -3.18076 -5.90674
      vertex -6.67712 -2.97284 -6.08778
    endloop
  endfacet
  facet normal -0.751015 -0.433604 -0.49796
    outer loop
      vertex -6.67712 -3.18076 -5.90674
      vertex -5.99768 -4.14966 -6.08778
      vertex -5.99768 -4.35757 -5.90674
    endloop
  endfacet
  facet normal -0.824757 -0.267978 -0.497959
    outer loop
      vertex -6.67712 -2.97284 -6.08778
      vertex -7.19252 -1.723 -5.90674
      vertex -7.09703 -1.68048 -6.08778
    endloop
  endfacet
  facet normal -0.824757 -0.267978 -0.497959
    outer loop
      vertex -7.19252 -1.723 -5.90674
      vertex -6.67712 -2.97284 -6.08778
      vertex -6.77261 -3.01536 -5.90674
    endloop
  endfacet
  facet normal -0.904978 -0.294043 -0.307495
    outer loop
      vertex -6.83163 -3.04164 -5.70791
      vertex -6.89482 -2.84716 -5.70791
      vertex -6.77261 -3.01536 -5.90674
    endloop
  endfacet
  facet normal -0.824764 -0.267989 -0.497941
    outer loop
      vertex -7.19252 -1.723 -5.90674
      vertex -7.25154 -1.54136 -5.90674
      vertex -7.1493 -1.51963 -6.08778
    endloop
  endfacet
  facet normal -0.824746 -0.26801 -0.497961
    outer loop
      vertex -7.09703 -1.68048 -6.08778
      vertex -7.19252 -1.723 -5.90674
      vertex -7.1493 -1.51963 -6.08778
    endloop
  endfacet
  facet normal -0.180983 -0.104481 -0.977921
    outer loop
      vertex -5.50861 -4.00224 -6.45106
      vertex -5.54091 -3.94629 -6.45106
      vertex -5.34317 -3.88204 -6.49452
    endloop
  endfacet
  facet normal -0.353896 -0.204305 -0.912698
    outer loop
      vertex -5.50861 -4.00224 -6.45106
      vertex -5.66312 -4.1145 -6.36602
      vertex -5.54091 -3.94629 -6.45106
    endloop
  endfacet
  facet normal -0.352725 0.792236 0.497943
    outer loop
      vertex -3.5323 6.498 5.90674
      vertex -2.41312 6.8825 6.08778
      vertex -2.29091 7.0507 5.90674
    endloop
  endfacet
  facet normal -0.352723 0.792219 0.497972
    outer loop
      vertex -2.41312 6.8825 6.08778
      vertex -3.5323 6.498 5.90674
      vertex -3.65451 6.32979 6.08778
    endloop
  endfacet
  facet normal -0.38704 0.869296 0.307448
    outer loop
      vertex -3.5323 6.498 5.90674
      vertex -3.73907 6.47626 5.70791
      vertex -3.70677 6.42032 5.90674
    endloop
  endfacet
  facet normal -0.553569 0.498505 0.667123
    outer loop
      vertex -4.89069 5.43166 6.08778
      vertex -4.89069 5.22375 6.24314
      vertex -4.79708 5.3277 6.24314
    endloop
  endfacet
  facet normal -0.861334 0.497292 0.103942
    outer loop
      vertex -6.17215 4.22734 5.5
      vertex -6.54788 3.5331 5.70791
      vertex -6.04995 4.39554 5.70791
    endloop
  endfacet
  facet normal -0.861334 0.497292 0.103943
    outer loop
      vertex -6.17215 4.22734 5.5
      vertex -6.61656 3.44407 5.56473
      vertex -6.54788 3.5331 5.70791
    endloop
  endfacet
  facet normal -0.86133 0.497292 0.103977
    outer loop
      vertex -6.61656 3.44407 5.56473
      vertex -6.17215 4.22734 5.5
      vertex -6.65461 3.3917 5.5
    endloop
  endfacet
  facet normal -0.509728 0.701584 -0.497953
    outer loop
      vertex -4.89069 5.43166 -6.08778
      vertex -3.86128 6.30806 -5.90674
      vertex -3.79134 6.23038 -6.08778
    endloop
  endfacet
  facet normal -0.509728 0.701584 -0.497953
    outer loop
      vertex -3.86128 6.30806 -5.90674
      vertex -4.89069 5.43166 -6.08778
      vertex -4.96063 5.50934 -5.90674
    endloop
  endfacet
  facet normal -0.559312 0.769831 -0.307459
    outer loop
      vertex -3.86128 6.30806 -5.90674
      vertex -4.83842 5.67754 -5.70791
      vertex -3.73907 6.47626 -5.70791
    endloop
  endfacet
  facet normal -0.559312 0.769831 -0.307459
    outer loop
      vertex -4.83842 5.67754 -5.70791
      vertex -3.86128 6.30806 -5.90674
      vertex -4.96063 5.50934 -5.90674
    endloop
  endfacet
  facet normal -0.739131 0.665496 -0.103925
    outer loop
      vertex -5.00386 5.55735 -5.70791
      vertex -5.14069 5.40538 -5.70791
      vertex -5.01848 5.57358 -5.5
    endloop
  endfacet
  facet normal -0.584573 0.804658 -0.10392
    outer loop
      vertex -5.00386 5.55735 -5.70791
      vertex -5.01848 5.57358 -5.5
      vertex -4.83842 5.67754 -5.70791
    endloop
  endfacet
  facet normal 0.388642 -0.126264 -0.912697
    outer loop
      vertex 6.39482 -2.84716 -6.36602
      vertex 6.22035 -2.76947 -6.45106
      vertex 6.42712 -2.74774 -6.36602
    endloop
  endfacet
  facet normal 0.561051 -0.182277 -0.807464
    outer loop
      vertex 6.54932 -2.91595 -6.24314
      vertex 6.39482 -2.84716 -6.36602
      vertex 6.42712 -2.74774 -6.36602
    endloop
  endfacet
  facet normal 0.740887 -0.0778648 -0.6671
    outer loop
      vertex 7.1493 -1.51963 -6.08778
      vertex 7.01247 -1.49054 -6.24314
      vertex 7.02709 -1.35143 -6.24314
    endloop
  endfacet
  facet normal 0.7085 -0.23022 -0.667103
    outer loop
      vertex 7.1493 -1.51963 -6.08778
      vertex 6.96924 -1.62358 -6.24314
      vertex 7.01247 -1.49054 -6.24314
    endloop
  endfacet
  facet normal 0.751023 -0.433586 -0.497963
    outer loop
      vertex 6.77261 -3.01536 -5.90674
      vertex 6.67712 -3.18076 -5.90674
      vertex 6.67712 -2.97284 -6.08778
    endloop
  endfacet
  facet normal 0.824085 -0.475767 -0.307456
    outer loop
      vertex 6.72938 -3.21873 -5.70791
      vertex 6.67712 -3.18076 -5.90674
      vertex 6.77261 -3.01536 -5.90674
    endloop
  endfacet
  facet normal 0.553624 -0.498483 -0.667094
    outer loop
      vertex 4.89069 -5.22375 -6.24314
      vertex 5.79995 -4.42182 -6.08778
      vertex 4.89069 -5.43166 -6.08778
    endloop
  endfacet
  facet normal 0.553624 -0.498483 -0.667094
    outer loop
      vertex 5.79995 -4.42182 -6.08778
      vertex 4.89069 -5.22375 -6.24314
      vertex 5.79995 -4.21391 -6.24314
    endloop
  endfacet
  facet normal 0.438348 -0.394745 -0.807482
    outer loop
      vertex 4.79708 -5.3277 -6.24314
      vertex 4.68391 -5.20201 -6.36602
      vertex 4.89069 -5.22375 -6.24314
    endloop
  endfacet
  facet normal 0.644469 -0.580263 -0.497951
    outer loop
      vertex 4.96063 -5.50934 -5.90674
      vertex 4.89069 -5.43166 -6.08778
      vertex 5.08842 -5.36741 -5.90674
    endloop
  endfacet
  facet normal 0.587816 0.808995 -0
    outer loop
      vertex 5.01848 5.57358 -5.5
      vertex 4.84935 5.69647 5.5
      vertex 5.01848 5.57358 5.5
    endloop
  endfacet
  facet normal 0.587816 0.808995 0
    outer loop
      vertex 4.84935 5.69647 5.5
      vertex 5.01848 5.57358 -5.5
      vertex 4.84935 5.69647 -5.5
    endloop
  endfacet
  facet normal 0.587783 0.809019 -0
    outer loop
      vertex 4.84935 5.69647 -5.5
      vertex 3.75 6.49519 5.5
      vertex 4.84935 5.69647 5.5
    endloop
  endfacet
  facet normal 0.587783 0.809019 0
    outer loop
      vertex 3.75 6.49519 5.5
      vertex 4.84935 5.69647 -5.5
      vertex 3.75 6.49519 -5.5
    endloop
  endfacet
  facet normal 0.387041 0.869296 -0.307448
    outer loop
      vertex 3.5323 6.498 -5.90674
      vertex 2.49768 7.02897 -5.70791
      vertex 3.73907 6.47626 -5.70791
    endloop
  endfacet
  facet normal 0.38703 0.869288 -0.307482
    outer loop
      vertex 2.49768 7.02897 -5.70791
      vertex 3.5323 6.498 -5.90674
      vertex 2.29091 7.0507 -5.90674
    endloop
  endfacet
  facet normal 0.38704 0.869296 -0.307448
    outer loop
      vertex 3.70677 6.42032 -5.90674
      vertex 3.5323 6.498 -5.90674
      vertex 3.73907 6.47626 -5.70791
    endloop
  endfacet
  facet normal 0.645157 0.372485 0.667104
    outer loop
      vertex 5.99768 4.14966 6.08778
      vertex 6.29788 3.35146 6.24314
      vertex 6.49562 3.28721 6.08778
    endloop
  endfacet
  facet normal 0.645175 0.372488 0.667084
    outer loop
      vertex 6.29788 3.35146 6.24314
      vertex 5.99768 4.14966 6.08778
      vertex 5.79995 4.21391 6.24314
    endloop
  endfacet
  facet normal 0.353905 0.204298 0.912696
    outer loop
      vertex 5.66312 4.1145 6.36602
      vertex 5.54091 3.94629 6.45106
      vertex 5.71538 4.02397 6.36602
    endloop
  endfacet
  facet normal 0.43834 0.394771 0.807473
    outer loop
      vertex 5.79995 4.21391 6.24314
      vertex 5.59317 4.19217 6.36602
      vertex 5.66312 4.1145 6.36602
    endloop
  endfacet
  facet normal 0.303647 0.273466 0.912697
    outer loop
      vertex 5.59317 4.19217 6.36602
      vertex 5.50861 4.00224 6.45106
      vertex 5.66312 4.1145 6.36602
    endloop
  endfacet
  facet normal 0.994522 0.104528 0
    outer loop
      vertex 7.5 0 5.5
      vertex 7.35796 1.35143 -5.5
      vertex 7.35796 1.35143 5.5
    endloop
  endfacet
  facet normal 0.994522 0.104528 0
    outer loop
      vertex 7.35796 1.35143 -5.5
      vertex 7.5 0 5.5
      vertex 7.5 0 -5.5
    endloop
  endfacet
  facet normal 0.951055 0.309022 0
    outer loop
      vertex 7.33611 1.55934 5.5
      vertex 6.91619 2.8517 -5.5
      vertex 6.91619 2.8517 5.5
    endloop
  endfacet
  facet normal 0.951055 0.309022 0
    outer loop
      vertex 6.91619 2.8517 -5.5
      vertex 7.33611 1.55934 5.5
      vertex 7.33611 1.55934 -5.5
    endloop
  endfacet
  facet normal 0.645176 0.372473 0.667092
    outer loop
      vertex 5.91312 4.29613 6.08778
      vertex 5.79995 4.21391 6.24314
      vertex 5.99768 4.14966 6.08778
    endloop
  endfacet
  facet normal 0.510888 0.294919 0.807476
    outer loop
      vertex 5.79995 4.21391 6.24314
      vertex 5.66312 4.1145 6.36602
      vertex 5.71538 4.02397 6.36602
    endloop
  endfacet
  facet normal -0.180985 0.104491 0.977919
    outer loop
      vertex -5.54091 3.94629 6.45106
      vertex -5.85203 3.00067 6.49452
      vertex -5.3541 3.86312 6.49452
    endloop
  endfacet
  facet normal -0.180985 0.104491 0.977919
    outer loop
      vertex -5.85203 3.00067 6.49452
      vertex -5.54091 3.94629 6.45106
      vertex -6.03884 3.08384 6.45106
    endloop
  endfacet
  facet normal 0.206788 0.972847 0.103957
    outer loop
      vertex 0.988451 7.41545 5.5
      vertex 2.31087 7.11214 5.70791
      vertex 2.31763 7.13292 5.5
    endloop
  endfacet
  facet normal 0.206782 0.972844 0.103995
    outer loop
      vertex 2.31087 7.11214 5.70791
      vertex 0.988451 7.41545 5.5
      vertex 0.981699 7.39466 5.70791
    endloop
  endfacet
  facet normal 0.206804 0.97284 0.103995
    outer loop
      vertex 0.988451 7.41545 5.5
      vertex 0.781678 7.43718 5.70791
      vertex 0.981699 7.39466 5.70791
    endloop
  endfacet
  facet normal 0.180312 0.848253 0.49795
    outer loop
      vertex 2.29091 7.0507 5.90674
      vertex 2.1041 7.09041 5.90674
      vertex 2.25861 6.95129 6.08778
    endloop
  endfacet
  facet normal 0.40452 0.908601 0.103965
    outer loop
      vertex 2.31763 7.13292 5.5
      vertex 2.31087 7.11214 5.70791
      vertex 2.49768 7.02897 5.70791
    endloop
  endfacet
  facet normal 0.387021 0.869296 0.307471
    outer loop
      vertex 2.31087 7.11214 5.70791
      vertex 2.29091 7.0507 5.90674
      vertex 2.49768 7.02897 5.70791
    endloop
  endfacet
  facet normal 0.437867 0.602676 0.667124
    outer loop
      vertex 3.79134 6.23038 6.08778
      vertex 4.68391 5.40992 6.24314
      vertex 4.89069 5.43166 6.08778
    endloop
  endfacet
  facet normal 0.437891 0.602695 0.667091
    outer loop
      vertex 4.68391 5.40992 6.24314
      vertex 3.79134 6.23038 6.08778
      vertex 3.58457 6.20865 6.24314
    endloop
  endfacet
  facet normal 0.584596 0.804632 0.103994
    outer loop
      vertex 3.75 6.49519 5.5
      vertex 4.83842 5.67754 5.70791
      vertex 4.84935 5.69647 5.5
    endloop
  endfacet
  facet normal 0.584596 0.804632 0.103994
    outer loop
      vertex 4.83842 5.67754 5.70791
      vertex 3.75 6.49519 5.5
      vertex 3.73907 6.47626 5.70791
    endloop
  endfacet
  facet normal -0.707142 0.636711 -0.30749
    outer loop
      vertex -5.08842 5.36741 -5.90674
      vertex -6.04995 4.39554 -5.70791
      vertex -5.14069 5.40538 -5.70791
    endloop
  endfacet
  facet normal -0.707142 0.636711 -0.30749
    outer loop
      vertex -6.04995 4.39554 -5.70791
      vertex -5.08842 5.36741 -5.90674
      vertex -5.99768 4.35757 -5.90674
    endloop
  endfacet
  facet normal 0.122647 0.577001 -0.807482
    outer loop
      vertex 0.833942 6.93992 -6.36602
      vertex 2.07855 6.84733 -6.24314
      vertex 2.16312 6.65739 -6.36602
    endloop
  endfacet
  facet normal 0.122647 0.576999 -0.807483
    outer loop
      vertex 2.07855 6.84733 -6.24314
      vertex 0.833942 6.93992 -6.36602
      vertex 0.749377 7.12986 -6.24314
    endloop
  endfacet
  facet normal 0.154883 0.728682 -0.667109
    outer loop
      vertex 2.07855 6.84733 -6.24314
      vertex 0.929434 7.23381 -6.08778
      vertex 2.25861 6.95129 -6.08778
    endloop
  endfacet
  facet normal 0.154893 0.728702 -0.667084
    outer loop
      vertex 0.929434 7.23381 -6.08778
      vertex 2.07855 6.84733 -6.24314
      vertex 0.749377 7.12986 -6.24314
    endloop
  endfacet
  facet normal 0 0 -1
    outer loop
      vertex -4.8541 3.52671 -6.49452
      vertex -4.87677 3.73265 -6.49452
      vertex -4.82905 3.55454 -6.49452
    endloop
  endfacet
  facet normal 0 0 -1
    outer loop
      vertex -4.87677 3.73265 -6.49452
      vertex -5.34317 3.88204 -6.49452
      vertex -4.88772 3.94142 -6.49452
    endloop
  endfacet
  facet normal 0 0 -1
    outer loop
      vertex -5.3541 3.86312 -6.49452
      vertex -4.87677 3.73265 -6.49452
      vertex -4.8541 3.52671 -6.49452
    endloop
  endfacet
  facet normal 0 0 -1
    outer loop
      vertex -4.87677 3.73265 -6.49452
      vertex -5.3541 3.86312 -6.49452
      vertex -5.34317 3.88204 -6.49452
    endloop
  endfacet
  facet normal 0 0 -1
    outer loop
      vertex -5.48127 2.44042 -6.49452
      vertex -5.3541 3.86312 -6.49452
      vertex -4.8541 3.52671 -6.49452
    endloop
  endfacet
  facet normal 0 0 -1
    outer loop
      vertex -6.45345 1.39394 -6.49452
      vertex -5.48127 2.44042 -6.49452
      vertex -5.86889 1.24747 -6.49452
    endloop
  endfacet
  facet normal 0 0 -1
    outer loop
      vertex -5.48127 2.44042 -6.49452
      vertex -6.03354 2.6863 -6.49452
      vertex -5.3541 3.86312 -6.49452
    endloop
  endfacet
  facet normal 0 0 -1
    outer loop
      vertex -6.46249 1.35143 -6.49452
      vertex -5.86889 1.24747 -6.49452
      vertex -6 0 -6.49452
    endloop
  endfacet
  facet normal 0 0 -1
    outer loop
      vertex -6.46249 -1.35143 -6.49452
      vertex -5.86889 -1.24747 -6.49452
      vertex -6.45345 -1.39394 -6.49452
    endloop
  endfacet
  facet normal -0 0 -1
    outer loop
      vertex -5.86889 -1.24747 -6.49452
      vertex -6.46249 -1.35143 -6.49452
      vertex -6 0 -6.49452
    endloop
  endfacet
  facet normal -0 0 -1
    outer loop
      vertex -5.48127 2.44042 -6.49452
      vertex -6.45345 1.39394 -6.49452
      vertex -6.03354 2.6863 -6.49452
    endloop
  endfacet
  facet normal 0 0 -1
    outer loop
      vertex -6.46249 -1.35143 -6.49452
      vertex -6.45345 -1.39394 -6.49452
      vertex -6.4602 -1.37316 -6.49452
    endloop
  endfacet
  facet normal 0 0 -1
    outer loop
      vertex -6.60453 0 -6.49452
      vertex -6 0 -6.49452
      vertex -6.46249 -1.35143 -6.49452
    endloop
  endfacet
  facet normal 0 0 -1
    outer loop
      vertex -5.86889 1.24747 -6.49452
      vertex -6.46249 1.35143 -6.49452
      vertex -6.45345 1.39394 -6.49452
    endloop
  endfacet
  facet normal 0 0 -1
    outer loop
      vertex -6.45345 1.39394 -6.49452
      vertex -6.46249 1.35143 -6.49452
      vertex -6.4602 1.37316 -6.49452
    endloop
  endfacet
  facet normal 0 0 -1
    outer loop
      vertex -6 0 -6.49452
      vertex -6.60453 0 -6.49452
      vertex -6.46249 1.35143 -6.49452
    endloop
  endfacet
  facet normal 0 0 -1
    outer loop
      vertex 6 0 -6.49452
      vertex 6.60453 0 -6.49452
      vertex 6.46249 -1.35143 -6.49452
    endloop
  endfacet
  facet normal 0 0 -1
    outer loop
      vertex 6.45345 -1.39394 -6.49452
      vertex 6.46249 -1.35143 -6.49452
      vertex 6.4602 -1.37316 -6.49452
    endloop
  endfacet
  facet normal 0 0 -1
    outer loop
      vertex 6.60453 0 -6.49452
      vertex 6 0 -6.49452
      vertex 6.46249 1.35143 -6.49452
    endloop
  endfacet
  facet normal -0 0 -1
    outer loop
      vertex 6.46249 -1.35143 -6.49452
      vertex 6.45345 -1.39394 -6.49452
      vertex 5.86889 -1.24747 -6.49452
    endloop
  endfacet
  facet normal 0 0 -1
    outer loop
      vertex 5.86889 1.24747 -6.49452
      vertex 6.46249 1.35143 -6.49452
      vertex 6 0 -6.49452
    endloop
  endfacet
  facet normal 0 0 -1
    outer loop
      vertex 5.48127 -2.44042 -6.49452
      vertex 6.45345 -1.39394 -6.49452
      vertex 6.03354 -2.6863 -6.49452
    endloop
  endfacet
  facet normal 0 -0 -1
    outer loop
      vertex 6.45345 1.39394 -6.49452
      vertex 6.46249 1.35143 -6.49452
      vertex 5.86889 1.24747 -6.49452
    endloop
  endfacet
  facet normal 0 0 -1
    outer loop
      vertex 6.46249 1.35143 -6.49452
      vertex 6.45345 1.39394 -6.49452
      vertex 6.4602 1.37316 -6.49452
    endloop
  endfacet
  facet normal 0 0 -1
    outer loop
      vertex 6.46249 -1.35143 -6.49452
      vertex 5.86889 -1.24747 -6.49452
      vertex 6 0 -6.49452
    endloop
  endfacet
  facet normal -0 0 -1
    outer loop
      vertex 6.45345 -1.39394 -6.49452
      vertex 5.48127 -2.44042 -6.49452
      vertex 5.86889 -1.24747 -6.49452
    endloop
  endfacet
  facet normal 0 0 -1
    outer loop
      vertex 5.3541 -3.86312 -6.49452
      vertex 5.48127 -2.44042 -6.49452
      vertex 6.03354 -2.6863 -6.49452
    endloop
  endfacet
  facet normal 0 0 -1
    outer loop
      vertex 4.8541 -3.52671 -6.49452
      vertex 5.3541 -3.86312 -6.49452
      vertex 5.34317 -3.88204 -6.49452
    endloop
  endfacet
  facet normal 0 0 -1
    outer loop
      vertex 5.3541 -3.86312 -6.49452
      vertex 4.8541 -3.52671 -6.49452
      vertex 5.48127 -2.44042 -6.49452
    endloop
  endfacet
  facet normal 0 0 -1
    outer loop
      vertex 4.43391 -4.89188 -6.49452
      vertex 4.8541 -3.52671 -6.49452
      vertex 5.34317 -3.88204 -6.49452
    endloop
  endfacet
  facet normal 0 0 -1
    outer loop
      vertex 4.40161 -4.92096 -6.49452
      vertex 4.43391 -4.89188 -6.49452
      vertex 4.41929 -4.90812 -6.49452
    endloop
  endfacet
  facet normal -0 0 -1
    outer loop
      vertex 4.43391 -4.89188 -6.49452
      vertex 4.40161 -4.92096 -6.49452
      vertex 4.01478 -4.45887 -6.49452
    endloop
  endfacet
  facet normal 0 0 -1
    outer loop
      vertex 4.43391 -4.89188 -6.49452
      vertex 4.01478 -4.45887 -6.49452
      vertex 4.8541 -3.52671 -6.49452
    endloop
  endfacet
  facet normal 0 0 -1
    outer loop
      vertex 3 -5.19615 -6.49452
      vertex 4.40161 -4.92096 -6.49452
      vertex 3.30226 -5.71969 -6.49452
    endloop
  endfacet
  facet normal 0 0 -1
    outer loop
      vertex 3 -5.19615 -6.49452
      vertex 3.30226 -5.71969 -6.49452
      vertex 3.2823 -5.72858 -6.49452
    endloop
  endfacet
  facet normal -0 0 -1
    outer loop
      vertex 4.40161 -4.92096 -6.49452
      vertex 3 -5.19615 -6.49452
      vertex 4.01478 -4.45887 -6.49452
    endloop
  endfacet
  facet normal 0 0 -1
    outer loop
      vertex 1.8541 -5.70634 -6.49452
      vertex 3.2823 -5.72858 -6.49452
      vertex 2.04091 -6.28128 -6.49452
    endloop
  endfacet
  facet normal 0 0 -1
    outer loop
      vertex 3.2823 -5.72858 -6.49452
      vertex 1.8541 -5.70634 -6.49452
      vertex 3 -5.19615 -6.49452
    endloop
  endfacet
  facet normal 0 0 -1
    outer loop
      vertex 0.711736 -6.5638 -6.49452
      vertex 1.8541 -5.70634 -6.49452
      vertex 2.04091 -6.28128 -6.49452
    endloop
  endfacet
  facet normal 0 0 -1
    outer loop
      vertex 0.627171 -5.96713 -6.49452
      vertex 0.711736 -6.5638 -6.49452
      vertex 0.69036 -6.56835 -6.49452
    endloop
  endfacet
  facet normal 0 0 -1
    outer loop
      vertex 0.711736 -6.5638 -6.49452
      vertex 0.627171 -5.96713 -6.49452
      vertex 1.8541 -5.70634 -6.49452
    endloop
  endfacet
  facet normal 0 0 -1
    outer loop
      vertex 0.69036 -6.56835 -6.49452
      vertex -0.627171 -5.96713 -6.49452
      vertex 0.627171 -5.96713 -6.49452
    endloop
  endfacet
  facet normal 0 0 -1
    outer loop
      vertex -0.69036 -6.56835 -6.49452
      vertex -0.627171 -5.96713 -6.49452
      vertex 0.69036 -6.56835 -6.49452
    endloop
  endfacet
  facet normal 0 0 -1
    outer loop
      vertex -0.711736 -6.5638 -6.49452
      vertex -0.627171 -5.96713 -6.49452
      vertex -0.69036 -6.56835 -6.49452
    endloop
  endfacet
  facet normal 0 0 -1
    outer loop
      vertex -0.711736 -6.5638 -6.49452
      vertex -1.8541 -5.70634 -6.49452
      vertex -0.627171 -5.96713 -6.49452
    endloop
  endfacet
  facet normal 0 0 -1
    outer loop
      vertex -2.04091 -6.28128 -6.49452
      vertex -1.8541 -5.70634 -6.49452
      vertex -0.711736 -6.5638 -6.49452
    endloop
  endfacet
  facet normal 0 0 -1
    outer loop
      vertex -3.2823 -5.72858 -6.49452
      vertex -1.8541 -5.70634 -6.49452
      vertex -2.04091 -6.28128 -6.49452
    endloop
  endfacet
  facet normal -0 0 -1
    outer loop
      vertex -1.8541 -5.70634 -6.49452
      vertex -3.2823 -5.72858 -6.49452
      vertex -3 -5.19615 -6.49452
    endloop
  endfacet
  facet normal 0 0 -1
    outer loop
      vertex -3.30226 -5.71969 -6.49452
      vertex -3 -5.19615 -6.49452
      vertex -3.2823 -5.72858 -6.49452
    endloop
  endfacet
  facet normal 0 0 -1
    outer loop
      vertex -4.40161 -4.92096 -6.49452
      vertex -3 -5.19615 -6.49452
      vertex -3.30226 -5.71969 -6.49452
    endloop
  endfacet
  facet normal 0 0 -1
    outer loop
      vertex -3 -5.19615 -6.49452
      vertex -4.40161 -4.92096 -6.49452
      vertex -4.01478 -4.45887 -6.49452
    endloop
  endfacet
  facet normal 0 0 -1
    outer loop
      vertex -4.43391 -4.89188 -6.49452
      vertex -4.40161 -4.92096 -6.49452
      vertex -4.41929 -4.90812 -6.49452
    endloop
  endfacet
  facet normal 0 0 -1
    outer loop
      vertex -4.40161 -4.92096 -6.49452
      vertex -4.43391 -4.89188 -6.49452
      vertex -4.01478 -4.45887 -6.49452
    endloop
  endfacet
  facet normal 0 0 -1
    outer loop
      vertex -4.43391 -4.89188 -6.49452
      vertex -4.8541 -3.52671 -6.49452
      vertex -4.01478 -4.45887 -6.49452
    endloop
  endfacet
  facet normal 0 0 -1
    outer loop
      vertex -5.34317 -3.88204 -6.49452
      vertex -4.8541 -3.52671 -6.49452
      vertex -4.43391 -4.89188 -6.49452
    endloop
  endfacet
  facet normal 0 0 -1
    outer loop
      vertex -5.3541 -3.86312 -6.49452
      vertex -4.8541 -3.52671 -6.49452
      vertex -5.34317 -3.88204 -6.49452
    endloop
  endfacet
  facet normal 0 0 -1
    outer loop
      vertex -5.3541 -3.86312 -6.49452
      vertex -5.48127 -2.44042 -6.49452
      vertex -4.8541 -3.52671 -6.49452
    endloop
  endfacet
  facet normal 0 0 -1
    outer loop
      vertex -6.03354 -2.6863 -6.49452
      vertex -5.48127 -2.44042 -6.49452
      vertex -5.3541 -3.86312 -6.49452
    endloop
  endfacet
  facet normal 0 0 -1
    outer loop
      vertex -5.48127 -2.44042 -6.49452
      vertex -6.45345 -1.39394 -6.49452
      vertex -5.86889 -1.24747 -6.49452
    endloop
  endfacet
  facet normal 0 0 -1
    outer loop
      vertex -6.45345 -1.39394 -6.49452
      vertex -5.48127 -2.44042 -6.49452
      vertex -6.03354 -2.6863 -6.49452
    endloop
  endfacet
  facet normal 0 0 -1
    outer loop
      vertex 5.48127 2.44042 -6.49452
      vertex 6.45345 1.39394 -6.49452
      vertex 5.86889 1.24747 -6.49452
    endloop
  endfacet
  facet normal 0 0 -1
    outer loop
      vertex 6.45345 1.39394 -6.49452
      vertex 5.48127 2.44042 -6.49452
      vertex 6.03354 2.6863 -6.49452
    endloop
  endfacet
  facet normal 0 0 -1
    outer loop
      vertex 5.48127 2.44042 -6.49452
      vertex 5.3541 3.86312 -6.49452
      vertex 6.03354 2.6863 -6.49452
    endloop
  endfacet
  facet normal 0 0 -1
    outer loop
      vertex 4.8541 3.52671 -6.49452
      vertex 5.3541 3.86312 -6.49452
      vertex 5.48127 2.44042 -6.49452
    endloop
  endfacet
  facet normal 0 -0 -1
    outer loop
      vertex 4.85501 3.63027 -6.49452
      vertex 5.3541 3.86312 -6.49452
      vertex 4.8541 3.52671 -6.49452
    endloop
  endfacet
  facet normal 0 -0 -1
    outer loop
      vertex 4.88772 3.83675 -6.49452
      vertex 5.3541 3.86312 -6.49452
      vertex 4.85501 3.63027 -6.49452
    endloop
  endfacet
  facet normal -0 0 -1
    outer loop
      vertex 5.3541 3.86312 -6.49452
      vertex 4.88772 3.83675 -6.49452
      vertex 5.34317 3.88204 -6.49452
    endloop
  endfacet
  facet normal 0 0 -1
    outer loop
      vertex 4.85501 3.63027 -6.49452
      vertex 4.8541 3.52671 -6.49452
      vertex 4.82687 3.55695 -6.49452
    endloop
  endfacet
  facet normal 0 0 -1
    outer loop
      vertex 4.87677 4.04552 -6.49452
      vertex 5.34317 3.88204 -6.49452
      vertex 4.88772 3.83675 -6.49452
    endloop
  endfacet
  facet normal 0 0 -1
    outer loop
      vertex 4.82267 4.24745 -6.49452
      vertex 5.34317 3.88204 -6.49452
      vertex 4.87677 4.04552 -6.49452
    endloop
  endfacet
  facet normal 0 0 -1
    outer loop
      vertex 4.72776 4.43373 -6.49452
      vertex 5.34317 3.88204 -6.49452
      vertex 4.82267 4.24745 -6.49452
    endloop
  endfacet
  facet normal 0 0 -1
    outer loop
      vertex 4.43391 4.89188 -6.49452
      vertex 4.72776 4.43373 -6.49452
      vertex 4.59619 4.59619 -6.49452
    endloop
  endfacet
  facet normal 0 0 -1
    outer loop
      vertex 4.72776 4.43373 -6.49452
      vertex 4.43391 4.89188 -6.49452
      vertex 5.34317 3.88204 -6.49452
    endloop
  endfacet
  facet normal 0 0 -1
    outer loop
      vertex 4.43373 4.72776 -6.49452
      vertex 4.43391 4.89188 -6.49452
      vertex 4.59619 4.59619 -6.49452
    endloop
  endfacet
  facet normal 0 0 -1
    outer loop
      vertex 4.24745 4.82267 -6.49452
      vertex 4.43391 4.89188 -6.49452
      vertex 4.43373 4.72776 -6.49452
    endloop
  endfacet
  facet normal -0 0 -1
    outer loop
      vertex 4.43391 4.89188 -6.49452
      vertex 4.24745 4.82267 -6.49452
      vertex 4.41929 4.90812 -6.49452
    endloop
  endfacet
  facet normal -0 0 -1
    outer loop
      vertex 4.41929 4.90812 -6.49452
      vertex 4.24745 4.82267 -6.49452
      vertex 4.40161 4.92096 -6.49452
    endloop
  endfacet
  facet normal 0 0 -1
    outer loop
      vertex 4.04552 4.87677 -6.49452
      vertex 4.40161 4.92096 -6.49452
      vertex 4.24745 4.82267 -6.49452
    endloop
  endfacet
  facet normal 0 0 -1
    outer loop
      vertex 3.30226 5.71969 -6.49452
      vertex 4.04552 4.87677 -6.49452
      vertex 3.83675 4.88772 -6.49452
    endloop
  endfacet
  facet normal 0 0 -1
    outer loop
      vertex 4.04552 4.87677 -6.49452
      vertex 3.30226 5.71969 -6.49452
      vertex 4.40161 4.92096 -6.49452
    endloop
  endfacet
  facet normal 0 0 -1
    outer loop
      vertex 3.63027 4.85501 -6.49452
      vertex 3.30226 5.71969 -6.49452
      vertex 3.83675 4.88772 -6.49452
    endloop
  endfacet
  facet normal 0 0 -1
    outer loop
      vertex 3 5.19615 -6.49452
      vertex 3.63027 4.85501 -6.49452
      vertex 3.5251 4.81464 -6.49452
    endloop
  endfacet
  facet normal 0 0 -1
    outer loop
      vertex 3.63027 4.85501 -6.49452
      vertex 3 5.19615 -6.49452
      vertex 3.30226 5.71969 -6.49452
    endloop
  endfacet
  facet normal -0 0 -1
    outer loop
      vertex 3.30226 5.71969 -6.49452
      vertex 3 5.19615 -6.49452
      vertex 3.2823 5.72858 -6.49452
    endloop
  endfacet
  facet normal 0 0 -1
    outer loop
      vertex 1.8541 5.70634 -6.49452
      vertex 3.2823 5.72858 -6.49452
      vertex 3 5.19615 -6.49452
    endloop
  endfacet
  facet normal -0 0 -1
    outer loop
      vertex 3.2823 5.72858 -6.49452
      vertex 1.8541 5.70634 -6.49452
      vertex 2.04091 6.28128 -6.49452
    endloop
  endfacet
  facet normal 0 0 -1
    outer loop
      vertex 1.8541 5.70634 -6.49452
      vertex 0.711736 6.5638 -6.49452
      vertex 2.04091 6.28128 -6.49452
    endloop
  endfacet
  facet normal 0 0 -1
    outer loop
      vertex 0.627171 5.96713 -6.49452
      vertex 0.711736 6.5638 -6.49452
      vertex 1.8541 5.70634 -6.49452
    endloop
  endfacet
  facet normal -0 0 -1
    outer loop
      vertex 0.711736 6.5638 -6.49452
      vertex 0.627171 5.96713 -6.49452
      vertex 0.69036 6.56835 -6.49452
    endloop
  endfacet
  facet normal 0 0 -1
    outer loop
      vertex -0.627171 5.96713 -6.49452
      vertex 0.69036 6.56835 -6.49452
      vertex 0.627171 5.96713 -6.49452
    endloop
  endfacet
  facet normal 0 0 -1
    outer loop
      vertex -0.627171 5.96713 -6.49452
      vertex -0.69036 6.56835 -6.49452
      vertex 0.69036 6.56835 -6.49452
    endloop
  endfacet
  facet normal 0 0 -1
    outer loop
      vertex -0.627171 5.96713 -6.49452
      vertex -0.711736 6.5638 -6.49452
      vertex -0.69036 6.56835 -6.49452
    endloop
  endfacet
  facet normal 0 0 -1
    outer loop
      vertex -1.8541 5.70634 -6.49452
      vertex -0.711736 6.5638 -6.49452
      vertex -0.627171 5.96713 -6.49452
    endloop
  endfacet
  facet normal 0 0 -1
    outer loop
      vertex -1.8541 5.70634 -6.49452
      vertex -2.04091 6.28128 -6.49452
      vertex -0.711736 6.5638 -6.49452
    endloop
  endfacet
  facet normal 0 0 -1
    outer loop
      vertex -3.2823 5.72858 -6.49452
      vertex -1.8541 5.70634 -6.49452
      vertex -3 5.19615 -6.49452
    endloop
  endfacet
  facet normal 0 0 -1
    outer loop
      vertex -1.8541 5.70634 -6.49452
      vertex -3.2823 5.72858 -6.49452
      vertex -2.04091 6.28128 -6.49452
    endloop
  endfacet
  facet normal 0 0 -1
    outer loop
      vertex -3 5.19615 -6.49452
      vertex -3.30226 5.71969 -6.49452
      vertex -3.2823 5.72858 -6.49452
    endloop
  endfacet
  facet normal 0 0 -1
    outer loop
      vertex -3.53072 4.82267 -6.49452
      vertex -3 5.19615 -6.49452
      vertex -3.52093 4.81768 -6.49452
    endloop
  endfacet
  facet normal -0 0 -1
    outer loop
      vertex -3 5.19615 -6.49452
      vertex -3.53072 4.82267 -6.49452
      vertex -3.30226 5.71969 -6.49452
    endloop
  endfacet
  facet normal 0 0 -1
    outer loop
      vertex -3.73265 4.87677 -6.49452
      vertex -3.30226 5.71969 -6.49452
      vertex -3.53072 4.82267 -6.49452
    endloop
  endfacet
  facet normal 0 0 -1
    outer loop
      vertex -3.94142 4.88772 -6.49452
      vertex -3.30226 5.71969 -6.49452
      vertex -3.73265 4.87677 -6.49452
    endloop
  endfacet
  facet normal 0 0 -1
    outer loop
      vertex -4.40161 4.92096 -6.49452
      vertex -3.94142 4.88772 -6.49452
      vertex -4.14791 4.85501 -6.49452
    endloop
  endfacet
  facet normal 0 0 -1
    outer loop
      vertex -4.40161 4.92096 -6.49452
      vertex -4.14791 4.85501 -6.49452
      vertex -4.34308 4.78009 -6.49452
    endloop
  endfacet
  facet normal 0 0 -1
    outer loop
      vertex -3.94142 4.88772 -6.49452
      vertex -4.40161 4.92096 -6.49452
      vertex -3.30226 5.71969 -6.49452
    endloop
  endfacet
  facet normal 0 0 -1
    outer loop
      vertex -4.34308 4.78009 -6.49452
      vertex -4.41929 4.90812 -6.49452
      vertex -4.40161 4.92096 -6.49452
    endloop
  endfacet
  facet normal 0 0 -1
    outer loop
      vertex -4.34308 4.78009 -6.49452
      vertex -4.43391 4.89188 -6.49452
      vertex -4.41929 4.90812 -6.49452
    endloop
  endfacet
  facet normal 0 0 -1
    outer loop
      vertex -4.51841 4.66623 -6.49452
      vertex -4.43391 4.89188 -6.49452
      vertex -4.34308 4.78009 -6.49452
    endloop
  endfacet
  facet normal 0 0 -1
    outer loop
      vertex -4.66623 4.51841 -6.49452
      vertex -4.43391 4.89188 -6.49452
      vertex -4.51841 4.66623 -6.49452
    endloop
  endfacet
  facet normal 0 0 -1
    outer loop
      vertex -5.34317 3.88204 -6.49452
      vertex -4.66623 4.51841 -6.49452
      vertex -4.78009 4.34308 -6.49452
    endloop
  endfacet
  facet normal -0 0 -1
    outer loop
      vertex -4.66623 4.51841 -6.49452
      vertex -5.34317 3.88204 -6.49452
      vertex -4.43391 4.89188 -6.49452
    endloop
  endfacet
  facet normal -0 0 -1
    outer loop
      vertex -4.85501 4.14791 -6.49452
      vertex -5.34317 3.88204 -6.49452
      vertex -4.78009 4.34308 -6.49452
    endloop
  endfacet
  facet normal 0 0 -1
    outer loop
      vertex -5.34317 3.88204 -6.49452
      vertex -4.85501 4.14791 -6.49452
      vertex -4.88772 3.94142 -6.49452
    endloop
  endfacet
  facet normal 0 0.208981 -0.97792
    outer loop
      vertex -0.69036 6.56835 -6.49452
      vertex 0.711736 6.77172 -6.45106
      vertex 0.69036 6.56835 -6.49452
    endloop
  endfacet
  facet normal 0 0.208981 -0.97792
    outer loop
      vertex 0.711736 6.77172 -6.45106
      vertex -0.69036 6.56835 -6.49452
      vertex -0.711736 6.77172 -6.45106
    endloop
  endfacet
  facet normal 0.743137 0.669139 0
    outer loop
      vertex 6.06763 4.40839 5.5
      vertex 5.92774 4.56375 -5.5
      vertex 5.92774 4.56375 5.5
    endloop
  endfacet
  facet normal 0.743137 0.669139 0
    outer loop
      vertex 5.92774 4.56375 -5.5
      vertex 6.06763 4.40839 5.5
      vertex 6.06763 4.40839 -5.5
    endloop
  endfacet
  facet normal 0.739109 0.665512 -0.103984
    outer loop
      vertex 6.04995 4.39554 -5.70791
      vertex 5.92774 4.56375 -5.5
      vertex 6.06763 4.40839 -5.5
    endloop
  endfacet
  facet normal -0.437891 -0.602695 -0.667091
    outer loop
      vertex -3.79134 -6.23038 -6.08778
      vertex -4.68391 -5.40992 -6.24314
      vertex -3.58457 -6.20865 -6.24314
    endloop
  endfacet
  facet normal -0.437867 -0.602676 -0.667124
    outer loop
      vertex -4.68391 -5.40992 -6.24314
      vertex -3.79134 -6.23038 -6.08778
      vertex -4.89069 -5.43166 -6.08778
    endloop
  endfacet
  facet normal -0.0850253 -0.1909 -0.97792
    outer loop
      vertex -3.2823 -5.72858 -6.49452
      vertex -3.40451 -5.89678 -6.45106
      vertex -3.30226 -5.71969 -6.49452
    endloop
  endfacet
  facet normal -0.904982 0.294054 -0.307473
    outer loop
      vertex -7.25154 1.54136 -5.90674
      vertex -7.31473 1.55479 -5.70791
      vertex -7.19252 1.723 -5.90674
    endloop
  endfacet
  facet normal -0.824764 0.267989 -0.497941
    outer loop
      vertex -7.1493 1.51963 -6.08778
      vertex -7.25154 1.54136 -5.90674
      vertex -7.19252 1.723 -5.90674
    endloop
  endfacet
  facet normal -0.122835 -0.169069 -0.97792
    outer loop
      vertex -4.50386 -5.09806 -6.45106
      vertex -3.30226 -5.71969 -6.49452
      vertex -3.40451 -5.89678 -6.45106
    endloop
  endfacet
  facet normal -0.122832 -0.169062 -0.977921
    outer loop
      vertex -3.30226 -5.71969 -6.49452
      vertex -4.50386 -5.09806 -6.45106
      vertex -4.40161 -4.92096 -6.49452
    endloop
  endfacet
  facet normal -0.559312 0.769831 0.307459
    outer loop
      vertex -4.83842 5.67754 5.70791
      vertex -3.86128 6.30806 5.90674
      vertex -3.73907 6.47626 5.70791
    endloop
  endfacet
  facet normal -0.559312 0.769831 0.307459
    outer loop
      vertex -3.86128 6.30806 5.90674
      vertex -4.83842 5.67754 5.70791
      vertex -4.96063 5.50934 5.90674
    endloop
  endfacet
  facet normal 0.644465 -0.580276 -0.497941
    outer loop
      vertex 5.08842 -5.36741 -5.90674
      vertex 5.79995 -4.42182 -6.08778
      vertex 5.99768 -4.35757 -5.90674
    endloop
  endfacet
  facet normal 0.644465 -0.580276 -0.497941
    outer loop
      vertex 5.79995 -4.42182 -6.08778
      vertex 5.08842 -5.36741 -5.90674
      vertex 4.89069 -5.43166 -6.08778
    endloop
  endfacet
  facet normal 0.510857 -0.29494 -0.807487
    outer loop
      vertex 5.71538 -4.02397 -6.36602
      vertex 6.47938 -3.03709 -6.24314
      vertex 5.79995 -4.21391 -6.24314
    endloop
  endfacet
  facet normal 0.510878 -0.294959 -0.807467
    outer loop
      vertex 6.47938 -3.03709 -6.24314
      vertex 5.71538 -4.02397 -6.36602
      vertex 6.39482 -2.84716 -6.36602
    endloop
  endfacet
  facet normal 0.751009 -0.433597 -0.497975
    outer loop
      vertex 6.67712 -3.18076 -5.90674
      vertex 5.99768 -4.14966 -6.08778
      vertex 6.67712 -2.97284 -6.08778
    endloop
  endfacet
  facet normal 0.751015 -0.433604 -0.49796
    outer loop
      vertex 5.99768 -4.14966 -6.08778
      vertex 6.67712 -3.18076 -5.90674
      vertex 5.99768 -4.35757 -5.90674
    endloop
  endfacet
  facet normal 0.553629 -0.498482 -0.667092
    outer loop
      vertex 5.91312 -4.29613 -6.08778
      vertex 5.79995 -4.42182 -6.08778
      vertex 5.79995 -4.21391 -6.24314
    endloop
  endfacet
  facet normal 0.645176 -0.372473 -0.667092
    outer loop
      vertex 5.91312 -4.29613 -6.08778
      vertex 5.79995 -4.21391 -6.24314
      vertex 5.99768 -4.14966 -6.08778
    endloop
  endfacet
  facet normal 0.346752 -0.477235 -0.807471
    outer loop
      vertex 4.68391 -5.40992 -6.24314
      vertex 4.59935 -5.26345 -6.36602
      vertex 4.68391 -5.20201 -6.36602
    endloop
  endfacet
  facet normal 0.55928 0.769842 0.307488
    outer loop
      vertex 5.00386 5.55735 5.70791
      vertex 4.83842 5.67754 5.70791
      vertex 4.96063 5.50934 5.90674
    endloop
  endfacet
  facet normal 0.352723 0.792219 -0.497972
    outer loop
      vertex 3.65451 6.32979 -6.08778
      vertex 3.5323 6.498 -5.90674
      vertex 3.70677 6.42032 -5.90674
    endloop
  endfacet
  facet normal 0.30368 0.273433 0.912695
    outer loop
      vertex 4.55612 5.06008 6.45106
      vertex 5.59317 4.19217 6.36602
      vertex 4.68391 5.20201 6.36602
    endloop
  endfacet
  facet normal 0.303687 0.273443 0.91269
    outer loop
      vertex 5.59317 4.19217 6.36602
      vertex 4.55612 5.06008 6.45106
      vertex 5.46538 4.05025 6.45106
    endloop
  endfacet
  facet normal 0.707151 0.6367 0.30749
    outer loop
      vertex 5.14069 5.40538 5.70791
      vertex 4.96063 5.50934 5.90674
      vertex 5.08842 5.36741 5.90674
    endloop
  endfacet
  facet normal 0.644469 0.580263 0.497951
    outer loop
      vertex 4.96063 5.50934 5.90674
      vertex 4.89069 5.43166 6.08778
      vertex 5.08842 5.36741 5.90674
    endloop
  endfacet
  facet normal 0.751036 0.433588 0.497941
    outer loop
      vertex 5.99768 4.35757 5.90674
      vertex 5.91312 4.29613 6.08778
      vertex 5.99768 4.14966 6.08778
    endloop
  endfacet
  facet normal 0.180985 0.104491 0.977919
    outer loop
      vertex 5.54091 3.94629 6.45106
      vertex 5.85203 3.00067 6.49452
      vertex 6.03884 3.08384 6.45106
    endloop
  endfacet
  facet normal 0.180985 0.104491 0.977919
    outer loop
      vertex 5.85203 3.00067 6.49452
      vertex 5.54091 3.94629 6.45106
      vertex 5.3541 3.86312 6.49452
    endloop
  endfacet
  facet normal 0.510857 0.29494 0.807487
    outer loop
      vertex 5.71538 4.02397 6.36602
      vertex 6.29788 3.35146 6.24314
      vertex 5.79995 4.21391 6.24314
    endloop
  endfacet
  facet normal 0.510869 0.294953 0.807475
    outer loop
      vertex 6.29788 3.35146 6.24314
      vertex 5.71538 4.02397 6.36602
      vertex 6.21332 3.16152 6.36602
    endloop
  endfacet
  facet normal 0.35388 0.204315 0.912702
    outer loop
      vertex 5.71538 4.02397 6.36602
      vertex 6.03884 3.08384 6.45106
      vertex 6.21332 3.16152 6.36602
    endloop
  endfacet
  facet normal 0.353895 0.204319 0.912695
    outer loop
      vertex 6.03884 3.08384 6.45106
      vertex 5.71538 4.02397 6.36602
      vertex 5.54091 3.94629 6.45106
    endloop
  endfacet
  facet normal 0.0850102 0.399687 -0.912701
    outer loop
      vertex 0.774926 6.75828 -6.45106
      vertex 0.711736 6.77172 -6.45106
      vertex 0.833942 6.93992 -6.36602
    endloop
  endfacet
  facet normal -0.240191 -0.330592 -0.912698
    outer loop
      vertex -4.59935 -5.26345 -6.36602
      vertex -3.40451 -5.89678 -6.45106
      vertex -3.5 -6.06218 -6.36602
    endloop
  endfacet
  facet normal -0.240197 -0.330605 -0.912691
    outer loop
      vertex -3.40451 -5.89678 -6.45106
      vertex -4.59935 -5.26345 -6.36602
      vertex -4.50386 -5.09806 -6.45106
    endloop
  endfacet
  facet normal -0.824757 0.267978 -0.497959
    outer loop
      vertex -6.67712 2.97284 -6.08778
      vertex -7.19252 1.723 -5.90674
      vertex -6.77261 3.01536 -5.90674
    endloop
  endfacet
  facet normal -0.824757 0.267978 -0.497959
    outer loop
      vertex -7.19252 1.723 -5.90674
      vertex -6.67712 2.97284 -6.08778
      vertex -7.09703 1.68048 -6.08778
    endloop
  endfacet
  facet normal -0.862359 0.0904972 -0.498143
    outer loop
      vertex -7.15136 1.5 -6.08778
      vertex -7.16356 1.5 -6.06666
      vertex -7.1493 1.51963 -6.08778
    endloop
  endfacet
  facet normal 0.707142 -0.636711 -0.30749
    outer loop
      vertex 6.04995 -4.39554 -5.70791
      vertex 5.08842 -5.36741 -5.90674
      vertex 5.99768 -4.35757 -5.90674
    endloop
  endfacet
  facet normal 0.707142 -0.636711 -0.30749
    outer loop
      vertex 5.08842 -5.36741 -5.90674
      vertex 6.04995 -4.39554 -5.70791
      vertex 5.14069 -5.40538 -5.70791
    endloop
  endfacet
  facet normal 0.180983 -0.104481 -0.977921
    outer loop
      vertex 5.50861 -4.00224 -6.45106
      vertex 5.34317 -3.88204 -6.49452
      vertex 5.54091 -3.94629 -6.45106
    endloop
  endfacet
  facet normal 0.510882 -0.294957 -0.807465
    outer loop
      vertex 6.47938 -3.03709 -6.24314
      vertex 6.39482 -2.84716 -6.36602
      vertex 6.54932 -2.91595 -6.24314
    endloop
  endfacet
  facet normal 0.645157 -0.372483 -0.667104
    outer loop
      vertex 5.99768 -4.14966 -6.08778
      vertex 6.47938 -3.03709 -6.24314
      vertex 6.67712 -2.97284 -6.08778
    endloop
  endfacet
  facet normal 0.645175 -0.372488 -0.667084
    outer loop
      vertex 6.47938 -3.03709 -6.24314
      vertex 5.99768 -4.14966 -6.08778
      vertex 5.79995 -4.21391 -6.24314
    endloop
  endfacet
  facet normal 0.303647 -0.273466 -0.912697
    outer loop
      vertex 5.59317 -4.19217 -6.36602
      vertex 5.50861 -4.00224 -6.45106
      vertex 5.66312 -4.1145 -6.36602
    endloop
  endfacet
  facet normal 0.122796 -0.169083 -0.977922
    outer loop
      vertex 4.50386 -5.09806 -6.45106
      vertex 4.40161 -4.92096 -6.49452
      vertex 4.41929 -4.90812 -6.49452
    endloop
  endfacet
  facet normal 0.12286 -0.169054 -0.977919
    outer loop
      vertex 4.50386 -5.09806 -6.45106
      vertex 4.41929 -4.90812 -6.49452
      vertex 4.55612 -5.06008 -6.45106
    endloop
  endfacet
  facet normal 0.559322 0.769827 0.30745
    outer loop
      vertex 3.73907 6.47626 5.70791
      vertex 3.70677 6.42032 5.90674
      vertex 3.86128 6.30806 5.90674
    endloop
  endfacet
  facet normal 0.739118 0.665508 0.103944
    outer loop
      vertex 5.14069 5.40538 5.70791
      vertex 5.92774 4.56375 5.5
      vertex 5.01848 5.57358 5.5
    endloop
  endfacet
  facet normal 0.739119 0.665503 0.10397
    outer loop
      vertex 5.92774 4.56375 5.5
      vertex 5.14069 5.40538 5.70791
      vertex 6.04995 4.39554 5.70791
    endloop
  endfacet
  facet normal 0.739131 0.665496 0.103925
    outer loop
      vertex 5.01848 5.57358 5.5
      vertex 5.00386 5.55735 5.70791
      vertex 5.14069 5.40538 5.70791
    endloop
  endfacet
  facet normal 0.509728 0.701584 0.497953
    outer loop
      vertex 3.86128 6.30806 5.90674
      vertex 4.89069 5.43166 6.08778
      vertex 4.96063 5.50934 5.90674
    endloop
  endfacet
  facet normal 0.509728 0.701584 0.497953
    outer loop
      vertex 4.89069 5.43166 6.08778
      vertex 3.86128 6.30806 5.90674
      vertex 3.79134 6.23038 6.08778
    endloop
  endfacet
  facet normal 0.644465 0.580276 0.497941
    outer loop
      vertex 5.79995 4.42182 6.08778
      vertex 5.08842 5.36741 5.90674
      vertex 4.89069 5.43166 6.08778
    endloop
  endfacet
  facet normal 0.644465 0.580276 0.497941
    outer loop
      vertex 5.08842 5.36741 5.90674
      vertex 5.79995 4.42182 6.08778
      vertex 5.99768 4.35757 5.90674
    endloop
  endfacet
  facet normal -0.346734 -0.477231 -0.807481
    outer loop
      vertex -4.68391 -5.40992 -6.24314
      vertex -3.5 -6.06218 -6.36602
      vertex -3.58457 -6.20865 -6.24314
    endloop
  endfacet
  facet normal -0.34674 -0.477243 -0.807472
    outer loop
      vertex -3.5 -6.06218 -6.36602
      vertex -4.68391 -5.40992 -6.24314
      vertex -4.59935 -5.26345 -6.36602
    endloop
  endfacet
  facet normal 0.155297 -0.139835 -0.977921
    outer loop
      vertex 5.46538 -4.05025 -6.45106
      vertex 5.34317 -3.88204 -6.49452
      vertex 5.50861 -4.00224 -6.45106
    endloop
  endfacet
  facet normal 0.353886 -0.204318 -0.912699
    outer loop
      vertex 5.71538 -4.02397 -6.36602
      vertex 6.22035 -2.76947 -6.45106
      vertex 6.39482 -2.84716 -6.36602
    endloop
  endfacet
  facet normal 0.353894 -0.204322 -0.912695
    outer loop
      vertex 6.22035 -2.76947 -6.45106
      vertex 5.71538 -4.02397 -6.36602
      vertex 5.54091 -3.94629 -6.45106
    endloop
  endfacet
  facet normal 0.353896 -0.204305 -0.912698
    outer loop
      vertex 5.66312 -4.1145 -6.36602
      vertex 5.50861 -4.00224 -6.45106
      vertex 5.54091 -3.94629 -6.45106
    endloop
  endfacet
  facet normal 0.438361 -0.394701 -0.807497
    outer loop
      vertex 4.89069 -5.22375 -6.24314
      vertex 5.59317 -4.19217 -6.36602
      vertex 5.79995 -4.21391 -6.24314
    endloop
  endfacet
  facet normal 0.438361 -0.394701 -0.807497
    outer loop
      vertex 5.59317 -4.19217 -6.36602
      vertex 4.89069 -5.22375 -6.24314
      vertex 4.68391 -5.20201 -6.36602
    endloop
  endfacet
  facet normal 0.155304 -0.139837 -0.977919
    outer loop
      vertex 4.43391 -4.89188 -6.49452
      vertex 5.46538 -4.05025 -6.45106
      vertex 4.55612 -5.06008 -6.45106
    endloop
  endfacet
  facet normal 0.1553 -0.139832 -0.977921
    outer loop
      vertex 5.46538 -4.05025 -6.45106
      vertex 4.43391 -4.89188 -6.49452
      vertex 5.34317 -3.88204 -6.49452
    endloop
  endfacet
  facet normal 0.404536 0.908591 0.103989
    outer loop
      vertex 3.55902 6.58022 5.5
      vertex 2.49768 7.02897 5.70791
      vertex 3.73907 6.47626 5.70791
    endloop
  endfacet
  facet normal 0.404532 0.908597 0.103952
    outer loop
      vertex 2.49768 7.02897 5.70791
      vertex 3.55902 6.58022 5.5
      vertex 2.31763 7.13292 5.5
    endloop
  endfacet
  facet normal 0.387041 0.869296 0.307448
    outer loop
      vertex 2.49768 7.02897 5.70791
      vertex 3.5323 6.498 5.90674
      vertex 3.73907 6.47626 5.70791
    endloop
  endfacet
  facet normal 0.38703 0.869288 0.307482
    outer loop
      vertex 3.5323 6.498 5.90674
      vertex 2.49768 7.02897 5.70791
      vertex 2.29091 7.0507 5.90674
    endloop
  endfacet
  facet normal 0.180983 0.104481 0.977921
    outer loop
      vertex 5.50861 4.00224 6.45106
      vertex 5.34317 3.88204 6.49452
      vertex 5.54091 3.94629 6.45106
    endloop
  endfacet
  facet normal 0.180963 0.104541 0.977918
    outer loop
      vertex 5.54091 3.94629 6.45106
      vertex 5.34317 3.88204 6.49452
      vertex 5.3541 3.86312 6.49452
    endloop
  endfacet
  facet normal 0.180963 -0.104541 -0.977918
    outer loop
      vertex 5.54091 -3.94629 -6.45106
      vertex 5.34317 -3.88204 -6.49452
      vertex 5.3541 -3.86312 -6.49452
    endloop
  endfacet
  facet normal 0.180985 -0.104492 -0.977919
    outer loop
      vertex 5.54091 -3.94629 -6.45106
      vertex 6.03354 -2.6863 -6.49452
      vertex 6.22035 -2.76947 -6.45106
    endloop
  endfacet
  facet normal 0.180985 -0.104492 -0.977919
    outer loop
      vertex 6.03354 -2.6863 -6.49452
      vertex 5.54091 -3.94629 -6.45106
      vertex 5.3541 -3.86312 -6.49452
    endloop
  endfacet
  facet normal 0.30368 -0.273433 -0.912695
    outer loop
      vertex 4.55612 -5.06008 -6.45106
      vertex 5.59317 -4.19217 -6.36602
      vertex 4.68391 -5.20201 -6.36602
    endloop
  endfacet
  facet normal 0.303687 -0.273443 -0.91269
    outer loop
      vertex 5.59317 -4.19217 -6.36602
      vertex 4.55612 -5.06008 -6.45106
      vertex 5.46538 -4.05025 -6.45106
    endloop
  endfacet
  facet normal 0.38704 0.869296 0.307448
    outer loop
      vertex 3.73907 6.47626 5.70791
      vertex 3.5323 6.498 5.90674
      vertex 3.70677 6.42032 5.90674
    endloop
  endfacet
  facet normal 0.352723 0.792219 0.497972
    outer loop
      vertex 3.70677 6.42032 5.90674
      vertex 3.5323 6.498 5.90674
      vertex 3.65451 6.32979 6.08778
    endloop
  endfacet
  facet normal 0.707151 -0.6367 0.30749
    outer loop
      vertex 5.08842 -5.36741 5.90674
      vertex 4.96063 -5.50934 5.90674
      vertex 5.14069 -5.40538 5.70791
    endloop
  endfacet
  facet normal 0.824085 -0.475767 0.307456
    outer loop
      vertex 6.77261 -3.01536 5.90674
      vertex 6.67712 -3.18076 5.90674
      vertex 6.72938 -3.21873 5.70791
    endloop
  endfacet
  facet normal 0.644469 -0.580263 0.497951
    outer loop
      vertex 5.08842 -5.36741 5.90674
      vertex 4.89069 -5.43166 6.08778
      vertex 4.96063 -5.50934 5.90674
    endloop
  endfacet
  facet normal 0.739109 -0.665512 0.103984
    outer loop
      vertex 6.04995 -4.39554 5.70791
      vertex 5.92774 -4.56375 5.5
      vertex 6.06763 -4.40839 5.5
    endloop
  endfacet
  facet normal 0.584601 -0.804634 0.103955
    outer loop
      vertex 3.92778 -6.36602 5.5
      vertex 4.83842 -5.67754 5.70791
      vertex 3.91685 -6.3471 5.70791
    endloop
  endfacet
  facet normal 0.584593 -0.804635 0.103994
    outer loop
      vertex 4.83842 -5.67754 5.70791
      vertex 3.92778 -6.36602 5.5
      vertex 4.84935 -5.69647 5.5
    endloop
  endfacet
  facet normal 0.824052 -0.475799 0.307496
    outer loop
      vertex 6.77261 -3.01536 5.90674
      vertex 6.72938 -3.21873 5.70791
      vertex 6.83163 -3.04164 5.70791
    endloop
  endfacet
  facet normal 0.751036 -0.433588 0.497941
    outer loop
      vertex 5.99768 -4.14966 6.08778
      vertex 5.91312 -4.29613 6.08778
      vertex 5.99768 -4.35757 5.90674
    endloop
  endfacet
  facet normal 0.707142 -0.636711 0.30749
    outer loop
      vertex 5.08842 -5.36741 5.90674
      vertex 6.04995 -4.39554 5.70791
      vertex 5.99768 -4.35757 5.90674
    endloop
  endfacet
  facet normal 0.707142 -0.636711 0.30749
    outer loop
      vertex 6.04995 -4.39554 5.70791
      vertex 5.08842 -5.36741 5.90674
      vertex 5.14069 -5.40538 5.70791
    endloop
  endfacet
  facet normal 0.824074 -0.475785 0.307457
    outer loop
      vertex 5.99768 -4.35757 5.90674
      vertex 6.72938 -3.21873 5.70791
      vertex 6.67712 -3.18076 5.90674
    endloop
  endfacet
  facet normal 0.824067 -0.475774 0.307494
    outer loop
      vertex 6.72938 -3.21873 5.70791
      vertex 5.99768 -4.35757 5.90674
      vertex 6.04995 -4.39554 5.70791
    endloop
  endfacet
  facet normal 0.751023 -0.433586 0.497963
    outer loop
      vertex 6.67712 -2.97284 6.08778
      vertex 6.67712 -3.18076 5.90674
      vertex 6.77261 -3.01536 5.90674
    endloop
  endfacet
  facet normal 0.645176 -0.372473 0.667092
    outer loop
      vertex 5.99768 -4.14966 6.08778
      vertex 5.79995 -4.21391 6.24314
      vertex 5.91312 -4.29613 6.08778
    endloop
  endfacet
  facet normal 0.388642 -0.126279 0.912694
    outer loop
      vertex 6.24031 -2.70804 6.45106
      vertex 6.22035 -2.76947 6.45106
      vertex 6.42712 -2.74774 6.36602
    endloop
  endfacet
  facet normal 0.739131 -0.665496 0.103925
    outer loop
      vertex 5.14069 -5.40538 5.70791
      vertex 5.00386 -5.55735 5.70791
      vertex 5.01848 -5.57358 5.5
    endloop
  endfacet
  facet normal -0.739109 -0.665512 0.103984
    outer loop
      vertex -6.04995 -4.39554 5.70791
      vertex -6.06763 -4.40839 5.5
      vertex -5.92774 -4.56375 5.5
    endloop
  endfacet
  facet normal 0.644465 -0.580276 0.497941
    outer loop
      vertex 5.79995 -4.42182 6.08778
      vertex 5.08842 -5.36741 5.90674
      vertex 5.99768 -4.35757 5.90674
    endloop
  endfacet
  facet normal 0.644465 -0.580276 0.497941
    outer loop
      vertex 5.08842 -5.36741 5.90674
      vertex 5.79995 -4.42182 6.08778
      vertex 4.89069 -5.43166 6.08778
    endloop
  endfacet
  facet normal 0.559314 -0.76983 0.307457
    outer loop
      vertex 4.83842 -5.67754 5.70791
      vertex 4.03906 -6.1789 5.90674
      vertex 3.91685 -6.3471 5.70791
    endloop
  endfacet
  facet normal 0.559314 -0.76983 0.307457
    outer loop
      vertex 4.03906 -6.1789 5.90674
      vertex 4.83842 -5.67754 5.70791
      vertex 4.96063 -5.50934 5.90674
    endloop
  endfacet
  facet normal -0.12286 -0.169054 0.977919
    outer loop
      vertex -4.41929 -4.90812 6.49452
      vertex -4.55612 -5.06008 6.45106
      vertex -4.50386 -5.09806 6.45106
    endloop
  endfacet
  facet normal 0.553629 -0.498482 0.667092
    outer loop
      vertex 5.79995 -4.21391 6.24314
      vertex 5.79995 -4.42182 6.08778
      vertex 5.91312 -4.29613 6.08778
    endloop
  endfacet
  facet normal -0.644469 -0.580263 0.497951
    outer loop
      vertex -4.89069 -5.43166 6.08778
      vertex -5.08842 -5.36741 5.90674
      vertex -4.96063 -5.50934 5.90674
    endloop
  endfacet
  facet normal -0.739131 -0.665496 0.103925
    outer loop
      vertex -5.00386 -5.55735 5.70791
      vertex -5.14069 -5.40538 5.70791
      vertex -5.01848 -5.57358 5.5
    endloop
  endfacet
  facet normal -0.707151 -0.6367 0.30749
    outer loop
      vertex -5.08842 -5.36741 5.90674
      vertex -5.14069 -5.40538 5.70791
      vertex -4.96063 -5.50934 5.90674
    endloop
  endfacet
  facet normal -0.553569 -0.498505 0.667123
    outer loop
      vertex -4.89069 -5.22375 6.24314
      vertex -4.89069 -5.43166 6.08778
      vertex -4.79708 -5.3277 6.24314
    endloop
  endfacet
  facet normal 0.945894 -0.307315 0.104124
    outer loop
      vertex 6.98451 -2.5711 5.70791
      vertex 6.89482 -2.84716 5.70791
      vertex 6.98762 -2.57176 5.67771
    endloop
  endfacet
  facet normal 0.945907 -0.307339 0.103936
    outer loop
      vertex 6.91619 -2.8517 5.5
      vertex 6.98762 -2.57176 5.67771
      vertex 6.89482 -2.84716 5.70791
    endloop
  endfacet
  facet normal 0.945902 -0.30735 0.103954
    outer loop
      vertex 6.98762 -2.57176 5.67771
      vertex 6.91619 -2.8517 5.5
      vertex 7.01296 -2.55388 5.5
    endloop
  endfacet
  facet normal 0.945906 -0.307341 0.103937
    outer loop
      vertex 6.91619 -2.8517 5.5
      vertex 6.83163 -3.04164 5.70791
      vertex 6.85159 -3.05052 5.5
    endloop
  endfacet
  facet normal 0.561051 -0.182277 0.807464
    outer loop
      vertex 6.42712 -2.74774 6.36602
      vertex 6.39482 -2.84716 6.36602
      vertex 6.54932 -2.91595 6.24314
    endloop
  endfacet
  facet normal 0.904978 -0.294043 0.307495
    outer loop
      vertex 6.89482 -2.84716 5.70791
      vertex 6.77261 -3.01536 5.90674
      vertex 6.83163 -3.04164 5.70791
    endloop
  endfacet
  facet normal 0.951054 -0.309024 0
    outer loop
      vertex 6.91619 -2.8517 5.5
      vertex 6.91619 -2.8517 4.79001
      vertex 7.01296 -2.55388 5.5
    endloop
  endfacet
  facet normal 0.155297 -0.139835 0.977921
    outer loop
      vertex 5.50861 -4.00224 6.45106
      vertex 5.34317 -3.88204 6.49452
      vertex 5.46538 -4.05025 6.45106
    endloop
  endfacet
  facet normal 0.15532 -0.139826 0.977918
    outer loop
      vertex 4.43391 -4.89188 6.49452
      vertex 4.41929 -4.90812 6.49452
      vertex 4.55612 -5.06008 6.45106
    endloop
  endfacet
  facet normal 0.55928 -0.769842 0.307488
    outer loop
      vertex 4.96063 -5.50934 5.90674
      vertex 4.83842 -5.67754 5.70791
      vertex 5.00386 -5.55735 5.70791
    endloop
  endfacet
  facet normal 0.707151 -0.636701 0.307489
    outer loop
      vertex 5.14069 -5.40538 5.70791
      vertex 4.96063 -5.50934 5.90674
      vertex 5.00386 -5.55735 5.70791
    endloop
  endfacet
  facet normal -0.438348 -0.394745 0.807482
    outer loop
      vertex -4.68391 -5.20201 6.36602
      vertex -4.89069 -5.22375 6.24314
      vertex -4.79708 -5.3277 6.24314
    endloop
  endfacet
  facet normal -0.510882 -0.294957 0.807465
    outer loop
      vertex -6.39482 -2.84716 6.36602
      vertex -6.54932 -2.91595 6.24314
      vertex -6.47938 -3.03709 6.24314
    endloop
  endfacet
  facet normal -0.353905 -0.204298 0.912696
    outer loop
      vertex -5.54091 -3.94629 6.45106
      vertex -5.71538 -4.02397 6.36602
      vertex -5.66312 -4.1145 6.36602
    endloop
  endfacet
  facet normal -0.303682 -0.273447 0.91269
    outer loop
      vertex -5.50861 -4.00224 6.45106
      vertex -5.59317 -4.19217 6.36602
      vertex -5.46538 -4.05025 6.45106
    endloop
  endfacet
  facet normal -0.584629 -0.804608 0.103993
    outer loop
      vertex -4.83842 -5.67754 5.70791
      vertex -5.01848 -5.57358 5.5
      vertex -4.84935 -5.69647 5.5
    endloop
  endfacet
  facet normal -0.303647 -0.273466 0.912697
    outer loop
      vertex -5.50861 -4.00224 6.45106
      vertex -5.66312 -4.1145 6.36602
      vertex -5.59317 -4.19217 6.36602
    endloop
  endfacet
  facet normal -0.951054 -0.309024 -0
    outer loop
      vertex -6.91619 -2.8517 5.5
      vertex -7.01296 -2.55388 5.5
      vertex -6.91619 -2.8517 4.79001
    endloop
  endfacet
  facet normal -0.945906 -0.307342 0.103936
    outer loop
      vertex -6.89482 -2.84716 5.70791
      vertex -6.91619 -2.8517 5.5
      vertex -6.83163 -3.04164 5.70791
    endloop
  endfacet
  facet normal -0.861332 -0.497292 0.103958
    outer loop
      vertex -6.17215 -4.22734 5.5
      vertex -6.72938 -3.21873 5.70791
      vertex -6.85159 -3.05052 5.5
    endloop
  endfacet
  facet normal -0.861335 -0.497291 0.103943
    outer loop
      vertex -6.72938 -3.21873 5.70791
      vertex -6.17215 -4.22734 5.5
      vertex -6.04995 -4.39554 5.70791
    endloop
  endfacet
  facet normal -0.86135 -0.497257 0.10398
    outer loop
      vertex -6.04995 -4.39554 5.70791
      vertex -6.17215 -4.22734 5.5
      vertex -6.06763 -4.40839 5.5
    endloop
  endfacet
  facet normal 0.86135 -0.497257 0.10398
    outer loop
      vertex 6.17215 -4.22734 5.5
      vertex 6.04995 -4.39554 5.70791
      vertex 6.06763 -4.40839 5.5
    endloop
  endfacet
  facet normal 0.303682 -0.273447 0.91269
    outer loop
      vertex 5.50861 -4.00224 6.45106
      vertex 5.46538 -4.05025 6.45106
      vertex 5.59317 -4.19217 6.36602
    endloop
  endfacet
  facet normal 0.645157 -0.372481 0.667106
    outer loop
      vertex 6.54932 -2.91595 6.24314
      vertex 6.47938 -3.03709 6.24314
      vertex 6.67712 -2.97284 6.08778
    endloop
  endfacet
  facet normal 0.751009 -0.433597 0.497975
    outer loop
      vertex 5.99768 -4.14966 6.08778
      vertex 6.67712 -3.18076 5.90674
      vertex 6.67712 -2.97284 6.08778
    endloop
  endfacet
  facet normal 0.751015 -0.433604 0.49796
    outer loop
      vertex 6.67712 -3.18076 5.90674
      vertex 5.99768 -4.14966 6.08778
      vertex 5.99768 -4.35757 5.90674
    endloop
  endfacet
  facet normal -0.388642 -0.126264 0.912697
    outer loop
      vertex -6.22035 -2.76947 6.45106
      vertex -6.42712 -2.74774 6.36602
      vertex -6.39482 -2.84716 6.36602
    endloop
  endfacet
  facet normal 0.824756 -0.267986 0.497957
    outer loop
      vertex 6.8093 -2.67194 6.03079
      vertex 6.77261 -3.01536 5.90674
      vertex 6.86938 -2.71754 5.90674
    endloop
  endfacet
  facet normal 0.437862 -0.602686 0.667118
    outer loop
      vertex 4.79708 -5.3277 6.24314
      vertex 4.68391 -5.40992 6.24314
      vertex 4.89069 -5.43166 6.08778
    endloop
  endfacet
  facet normal 0.346752 -0.477235 0.807471
    outer loop
      vertex 4.68391 -5.20201 6.36602
      vertex 4.59935 -5.26345 6.36602
      vertex 4.68391 -5.40992 6.24314
    endloop
  endfacet
  facet normal 0.388642 -0.126264 0.912697
    outer loop
      vertex 6.42712 -2.74774 6.36602
      vertex 6.22035 -2.76947 6.45106
      vertex 6.39482 -2.84716 6.36602
    endloop
  endfacet
  facet normal -0.180985 -0.104492 0.977919
    outer loop
      vertex -6.03354 -2.6863 6.49452
      vertex -5.54091 -3.94629 6.45106
      vertex -5.3541 -3.86312 6.49452
    endloop
  endfacet
  facet normal -0.180985 -0.104492 0.977919
    outer loop
      vertex -5.54091 -3.94629 6.45106
      vertex -6.03354 -2.6863 6.49452
      vertex -6.22035 -2.76947 6.45106
    endloop
  endfacet
  facet normal 0.584629 -0.804608 0.103993
    outer loop
      vertex 5.01848 -5.57358 5.5
      vertex 4.83842 -5.67754 5.70791
      vertex 4.84935 -5.69647 5.5
    endloop
  endfacet
  facet normal 0.584573 -0.804658 0.10392
    outer loop
      vertex 5.00386 -5.55735 5.70791
      vertex 4.83842 -5.67754 5.70791
      vertex 5.01848 -5.57358 5.5
    endloop
  endfacet
  facet normal -0.240234 -0.330559 0.912698
    outer loop
      vertex -4.55612 -5.06008 6.45106
      vertex -4.68391 -5.20201 6.36602
      vertex -4.50386 -5.09806 6.45106
    endloop
  endfacet
  facet normal 0.739119 -0.665503 0.10397
    outer loop
      vertex 5.14069 -5.40538 5.70791
      vertex 5.92774 -4.56375 5.5
      vertex 6.04995 -4.39554 5.70791
    endloop
  endfacet
  facet normal 0.739118 -0.665508 0.103944
    outer loop
      vertex 5.92774 -4.56375 5.5
      vertex 5.14069 -5.40538 5.70791
      vertex 5.01848 -5.57358 5.5
    endloop
  endfacet
  facet normal -0.180963 -0.104541 0.977918
    outer loop
      vertex -5.3541 -3.86312 6.49452
      vertex -5.54091 -3.94629 6.45106
      vertex -5.34317 -3.88204 6.49452
    endloop
  endfacet
  facet normal -0.155297 -0.139835 0.977921
    outer loop
      vertex -5.34317 -3.88204 6.49452
      vertex -5.50861 -4.00224 6.45106
      vertex -5.46538 -4.05025 6.45106
    endloop
  endfacet
  facet normal -0.303687 -0.273443 0.91269
    outer loop
      vertex -5.59317 -4.19217 6.36602
      vertex -4.55612 -5.06008 6.45106
      vertex -5.46538 -4.05025 6.45106
    endloop
  endfacet
  facet normal -0.30368 -0.273433 0.912695
    outer loop
      vertex -4.55612 -5.06008 6.45106
      vertex -5.59317 -4.19217 6.36602
      vertex -4.68391 -5.20201 6.36602
    endloop
  endfacet
  facet normal -0.553624 -0.498483 0.667094
    outer loop
      vertex -5.79995 -4.42182 6.08778
      vertex -4.89069 -5.22375 6.24314
      vertex -5.79995 -4.21391 6.24314
    endloop
  endfacet
  facet normal -0.553624 -0.498483 0.667094
    outer loop
      vertex -4.89069 -5.22375 6.24314
      vertex -5.79995 -4.42182 6.08778
      vertex -4.89069 -5.43166 6.08778
    endloop
  endfacet
  facet normal -0.353894 -0.204322 0.912695
    outer loop
      vertex -6.22035 -2.76947 6.45106
      vertex -5.71538 -4.02397 6.36602
      vertex -5.54091 -3.94629 6.45106
    endloop
  endfacet
  facet normal -0.353886 -0.204318 0.912699
    outer loop
      vertex -5.71538 -4.02397 6.36602
      vertex -6.22035 -2.76947 6.45106
      vertex -6.39482 -2.84716 6.36602
    endloop
  endfacet
  facet normal -0.198754 -0.0645798 0.977919
    outer loop
      vertex -6.03354 -2.6863 6.49452
      vertex -6.24031 -2.70804 6.45106
      vertex -6.22035 -2.76947 6.45106
    endloop
  endfacet
  facet normal -0.707142 -0.636711 0.30749
    outer loop
      vertex -6.04995 -4.39554 5.70791
      vertex -5.08842 -5.36741 5.90674
      vertex -5.99768 -4.35757 5.90674
    endloop
  endfacet
  facet normal -0.707142 -0.636711 0.30749
    outer loop
      vertex -5.08842 -5.36741 5.90674
      vertex -6.04995 -4.39554 5.70791
      vertex -5.14069 -5.40538 5.70791
    endloop
  endfacet
  facet normal -0.824743 -0.267978 0.497982
    outer loop
      vertex -6.8093 -2.67194 6.03079
      vertex -6.67712 -2.97284 6.08778
      vertex -6.77924 -2.65855 6.08778
    endloop
  endfacet
  facet normal -0.824754 -0.267987 0.497959
    outer loop
      vertex -6.67712 -2.97284 6.08778
      vertex -6.8093 -2.67194 6.03079
      vertex -6.77261 -3.01536 5.90674
    endloop
  endfacet
  facet normal -0.43834 -0.394771 0.807473
    outer loop
      vertex -5.66312 -4.1145 6.36602
      vertex -5.79995 -4.21391 6.24314
      vertex -5.59317 -4.19217 6.36602
    endloop
  endfacet
  facet normal -0.904984 -0.294023 0.307496
    outer loop
      vertex -6.89482 -2.84716 5.70791
      vertex -6.96676 -2.59553 5.73679
      vertex -6.98451 -2.5711 5.70791
    endloop
  endfacet
  facet normal -0.904993 -0.294023 0.30747
    outer loop
      vertex -6.89482 -2.84716 5.70791
      vertex -6.86938 -2.71754 5.90674
      vertex -6.96676 -2.59553 5.73679
    endloop
  endfacet
  facet normal -0.904978 -0.294052 0.307487
    outer loop
      vertex -6.86938 -2.71754 5.90674
      vertex -6.89482 -2.84716 5.70791
      vertex -6.77261 -3.01536 5.90674
    endloop
  endfacet
  facet normal 0.198754 -0.0645798 0.977919
    outer loop
      vertex 6.24031 -2.70804 6.45106
      vertex 6.03354 -2.6863 6.49452
      vertex 6.22035 -2.76947 6.45106
    endloop
  endfacet
  facet normal 0.645157 -0.372483 0.667104
    outer loop
      vertex 6.47938 -3.03709 6.24314
      vertex 5.99768 -4.14966 6.08778
      vertex 6.67712 -2.97284 6.08778
    endloop
  endfacet
  facet normal 0.645175 -0.372488 0.667084
    outer loop
      vertex 5.99768 -4.14966 6.08778
      vertex 6.47938 -3.03709 6.24314
      vertex 5.79995 -4.21391 6.24314
    endloop
  endfacet
  facet normal 0.644466 -0.580271 0.497945
    outer loop
      vertex 5.91312 -4.29613 6.08778
      vertex 5.79995 -4.42182 6.08778
      vertex 5.99768 -4.35757 5.90674
    endloop
  endfacet
  facet normal 0.708513 -0.230238 0.667083
    outer loop
      vertex 6.54932 -2.91595 6.24314
      vertex 6.77924 -2.65855 6.08778
      vertex 6.73901 -2.64064 6.13669
    endloop
  endfacet
  facet normal 0.708497 -0.230207 0.667111
    outer loop
      vertex 6.77924 -2.65855 6.08778
      vertex 6.54932 -2.91595 6.24314
      vertex 6.67712 -2.97284 6.08778
    endloop
  endfacet
  facet normal 0.945906 -0.307342 0.103936
    outer loop
      vertex 6.89482 -2.84716 5.70791
      vertex 6.83163 -3.04164 5.70791
      vertex 6.91619 -2.8517 5.5
    endloop
  endfacet
  facet normal 0.861332 -0.497292 0.103958
    outer loop
      vertex 6.72938 -3.21873 5.70791
      vertex 6.17215 -4.22734 5.5
      vertex 6.85159 -3.05052 5.5
    endloop
  endfacet
  facet normal 0.861335 -0.497291 0.103943
    outer loop
      vertex 6.17215 -4.22734 5.5
      vertex 6.72938 -3.21873 5.70791
      vertex 6.04995 -4.39554 5.70791
    endloop
  endfacet
  facet normal 0.346724 -0.477241 0.80748
    outer loop
      vertex 4.68391 -5.20201 6.36602
      vertex 4.68391 -5.40992 6.24314
      vertex 4.79708 -5.3277 6.24314
    endloop
  endfacet
  facet normal 0.346738 -0.477244 0.807472
    outer loop
      vertex 3.67778 -5.93301 6.36602
      vertex 4.68391 -5.40992 6.24314
      vertex 4.59935 -5.26345 6.36602
    endloop
  endfacet
  facet normal 0.346738 -0.477244 0.807472
    outer loop
      vertex 4.68391 -5.40992 6.24314
      vertex 3.67778 -5.93301 6.36602
      vertex 3.76234 -6.07948 6.24314
    endloop
  endfacet
  facet normal 0.824743 -0.267978 0.497982
    outer loop
      vertex 6.67712 -2.97284 6.08778
      vertex 6.8093 -2.67194 6.03079
      vertex 6.77924 -2.65855 6.08778
    endloop
  endfacet
  facet normal 0.824754 -0.267987 0.497959
    outer loop
      vertex 6.8093 -2.67194 6.03079
      vertex 6.67712 -2.97284 6.08778
      vertex 6.77261 -3.01536 5.90674
    endloop
  endfacet
  facet normal 0.50973 -0.701583 0.497953
    outer loop
      vertex 4.03906 -6.1789 5.90674
      vertex 4.89069 -5.43166 6.08778
      vertex 3.96912 -6.10122 6.08778
    endloop
  endfacet
  facet normal 0.50973 -0.701583 0.497953
    outer loop
      vertex 4.89069 -5.43166 6.08778
      vertex 4.03906 -6.1789 5.90674
      vertex 4.96063 -5.50934 5.90674
    endloop
  endfacet
  facet normal -0.346724 -0.477241 0.80748
    outer loop
      vertex -4.68391 -5.20201 6.36602
      vertex -4.79708 -5.3277 6.24314
      vertex -4.68391 -5.40992 6.24314
    endloop
  endfacet
  facet normal -0.437862 -0.602686 0.667118
    outer loop
      vertex -4.79708 -5.3277 6.24314
      vertex -4.89069 -5.43166 6.08778
      vertex -4.68391 -5.40992 6.24314
    endloop
  endfacet
  facet normal -0.55928 -0.769842 0.307488
    outer loop
      vertex -4.96063 -5.50934 5.90674
      vertex -5.00386 -5.55735 5.70791
      vertex -4.83842 -5.67754 5.70791
    endloop
  endfacet
  facet normal 0.58778 -0.809021 0
    outer loop
      vertex 3.92778 -6.36602 3.06921
      vertex 4.84935 -5.69647 5.5
      vertex 3.92778 -6.36602 5.5
    endloop
  endfacet
  facet normal 0.587773 -0.809026 4.03241e-06
    outer loop
      vertex 4.04508 -6.2808 2.93893
      vertex 4.84935 -5.69647 5.5
      vertex 3.92778 -6.36602 3.06921
    endloop
  endfacet
  facet normal 0.587799 -0.809007 -8.40008e-06
    outer loop
      vertex 4.14961 -6.20485 2.75788
      vertex 4.84935 -5.69647 5.5
      vertex 4.04508 -6.2808 2.93893
    endloop
  endfacet
  facet normal 0.587772 -0.809026 1.87213e-06
    outer loop
      vertex 4.56773 -5.90108 2.03368
      vertex 4.84935 -5.69647 5.5
      vertex 4.14961 -6.20485 2.75788
    endloop
  endfacet
  facet normal 0.587821 -0.808991 -4.15253e-06
    outer loop
      vertex 4.63233 -5.85414 1.83486
      vertex 4.84935 -5.69647 5.5
      vertex 4.56773 -5.90108 2.03368
    endloop
  endfacet
  facet normal 0.587775 -0.809025 0
    outer loop
      vertex 4.84935 -5.69647 5.5
      vertex 4.63233 -5.85414 1.83486
      vertex 4.84935 -5.69647 1.16694
    endloop
  endfacet
  facet normal 0.1553 -0.139832 0.977921
    outer loop
      vertex 4.43391 -4.89188 6.49452
      vertex 5.46538 -4.05025 6.45106
      vertex 5.34317 -3.88204 6.49452
    endloop
  endfacet
  facet normal 0.155304 -0.139837 0.977919
    outer loop
      vertex 5.46538 -4.05025 6.45106
      vertex 4.43391 -4.89188 6.49452
      vertex 4.55612 -5.06008 6.45106
    endloop
  endfacet
  facet normal 0.240208 -0.330599 0.912691
    outer loop
      vertex 4.68391 -5.20201 6.36602
      vertex 4.50386 -5.09806 6.45106
      vertex 4.59935 -5.26345 6.36602
    endloop
  endfacet
  facet normal -0.438361 -0.394701 0.807497
    outer loop
      vertex -5.59317 -4.19217 6.36602
      vertex -4.89069 -5.22375 6.24314
      vertex -4.68391 -5.20201 6.36602
    endloop
  endfacet
  facet normal -0.438361 -0.394701 0.807497
    outer loop
      vertex -4.89069 -5.22375 6.24314
      vertex -5.59317 -4.19217 6.36602
      vertex -5.79995 -4.21391 6.24314
    endloop
  endfacet
  facet normal -0.15532 -0.139826 0.977918
    outer loop
      vertex -4.43391 -4.89188 6.49452
      vertex -4.55612 -5.06008 6.45106
      vertex -4.41929 -4.90812 6.49452
    endloop
  endfacet
  facet normal -0.645157 -0.372481 0.667106
    outer loop
      vertex -6.54932 -2.91595 6.24314
      vertex -6.67712 -2.97284 6.08778
      vertex -6.47938 -3.03709 6.24314
    endloop
  endfacet
  facet normal -0.861321 -0.497318 0.10393
    outer loop
      vertex -6.83163 -3.04164 5.70791
      vertex -6.85159 -3.05052 5.5
      vertex -6.72938 -3.21873 5.70791
    endloop
  endfacet
  facet normal -0.751009 -0.433597 0.497975
    outer loop
      vertex -6.67712 -3.18076 5.90674
      vertex -5.99768 -4.14966 6.08778
      vertex -6.67712 -2.97284 6.08778
    endloop
  endfacet
  facet normal -0.751015 -0.433604 0.49796
    outer loop
      vertex -5.99768 -4.14966 6.08778
      vertex -6.67712 -3.18076 5.90674
      vertex -5.99768 -4.35757 5.90674
    endloop
  endfacet
  facet normal -0.510888 -0.294919 0.807476
    outer loop
      vertex -5.71538 -4.02397 6.36602
      vertex -5.79995 -4.21391 6.24314
      vertex -5.66312 -4.1145 6.36602
    endloop
  endfacet
  facet normal -0.824756 -0.267986 0.497957
    outer loop
      vertex -6.8093 -2.67194 6.03079
      vertex -6.86938 -2.71754 5.90674
      vertex -6.77261 -3.01536 5.90674
    endloop
  endfacet
  facet normal -0.645175 -0.372488 0.667084
    outer loop
      vertex -6.47938 -3.03709 6.24314
      vertex -5.99768 -4.14966 6.08778
      vertex -5.79995 -4.21391 6.24314
    endloop
  endfacet
  facet normal -0.645157 -0.372483 0.667104
    outer loop
      vertex -5.99768 -4.14966 6.08778
      vertex -6.47938 -3.03709 6.24314
      vertex -6.67712 -2.97284 6.08778
    endloop
  endfacet
  facet normal -0.644465 -0.580276 0.497941
    outer loop
      vertex -5.08842 -5.36741 5.90674
      vertex -5.79995 -4.42182 6.08778
      vertex -5.99768 -4.35757 5.90674
    endloop
  endfacet
  facet normal -0.644465 -0.580276 0.497941
    outer loop
      vertex -5.79995 -4.42182 6.08778
      vertex -5.08842 -5.36741 5.90674
      vertex -4.89069 -5.43166 6.08778
    endloop
  endfacet
  facet normal 0.122831 -0.169063 0.977921
    outer loop
      vertex 3.48004 -5.59052 6.49452
      vertex 4.50386 -5.09806 6.45106
      vertex 4.40161 -4.92096 6.49452
    endloop
  endfacet
  facet normal 0.122831 -0.169063 0.977921
    outer loop
      vertex 4.50386 -5.09806 6.45106
      vertex 3.48004 -5.59052 6.49452
      vertex 3.58229 -5.76762 6.45106
    endloop
  endfacet
  facet normal -0.388642 -0.126279 0.912694
    outer loop
      vertex -6.24031 -2.70804 6.45106
      vertex -6.42712 -2.74774 6.36602
      vertex -6.22035 -2.76947 6.45106
    endloop
  endfacet
  facet normal 0.510882 -0.294957 0.807465
    outer loop
      vertex 6.54932 -2.91595 6.24314
      vertex 6.39482 -2.84716 6.36602
      vertex 6.47938 -3.03709 6.24314
    endloop
  endfacet
  facet normal 0.303687 -0.273443 0.91269
    outer loop
      vertex 4.55612 -5.06008 6.45106
      vertex 5.59317 -4.19217 6.36602
      vertex 5.46538 -4.05025 6.45106
    endloop
  endfacet
  facet normal 0.30368 -0.273433 0.912695
    outer loop
      vertex 5.59317 -4.19217 6.36602
      vertex 4.55612 -5.06008 6.45106
      vertex 4.68391 -5.20201 6.36602
    endloop
  endfacet
  facet normal 0.904984 -0.294023 0.307496
    outer loop
      vertex 6.96676 -2.59553 5.73679
      vertex 6.89482 -2.84716 5.70791
      vertex 6.98451 -2.5711 5.70791
    endloop
  endfacet
  facet normal 0.904993 -0.294023 0.30747
    outer loop
      vertex 6.86938 -2.71754 5.90674
      vertex 6.89482 -2.84716 5.70791
      vertex 6.96676 -2.59553 5.73679
    endloop
  endfacet
  facet normal 0.904978 -0.294052 0.307487
    outer loop
      vertex 6.89482 -2.84716 5.70791
      vertex 6.86938 -2.71754 5.90674
      vertex 6.77261 -3.01536 5.90674
    endloop
  endfacet
  facet normal 0.861321 -0.497318 0.10393
    outer loop
      vertex 6.83163 -3.04164 5.70791
      vertex 6.72938 -3.21873 5.70791
      vertex 6.85159 -3.05052 5.5
    endloop
  endfacet
  facet normal 0.708489 -0.230208 0.667119
    outer loop
      vertex 6.64609 -2.61813 6.24314
      vertex 6.54932 -2.91595 6.24314
      vertex 6.73901 -2.64064 6.13669
    endloop
  endfacet
  facet normal 0.12286 -0.169054 0.977919
    outer loop
      vertex 4.55612 -5.06008 6.45106
      vertex 4.41929 -4.90812 6.49452
      vertex 4.50386 -5.09806 6.45106
    endloop
  endfacet
  facet normal 0.240234 -0.330559 0.912698
    outer loop
      vertex 4.55612 -5.06008 6.45106
      vertex 4.50386 -5.09806 6.45106
      vertex 4.68391 -5.20201 6.36602
    endloop
  endfacet
  facet normal 0.438348 -0.394745 0.807482
    outer loop
      vertex 4.89069 -5.22375 6.24314
      vertex 4.68391 -5.20201 6.36602
      vertex 4.79708 -5.3277 6.24314
    endloop
  endfacet
  facet normal 0.553569 -0.498505 0.667123
    outer loop
      vertex 4.89069 -5.22375 6.24314
      vertex 4.79708 -5.3277 6.24314
      vertex 4.89069 -5.43166 6.08778
    endloop
  endfacet
  facet normal 0.438361 -0.394701 0.807497
    outer loop
      vertex 5.59317 -4.19217 6.36602
      vertex 4.89069 -5.22375 6.24314
      vertex 5.79995 -4.21391 6.24314
    endloop
  endfacet
  facet normal 0.438361 -0.394701 0.807497
    outer loop
      vertex 4.89069 -5.22375 6.24314
      vertex 5.59317 -4.19217 6.36602
      vertex 4.68391 -5.20201 6.36602
    endloop
  endfacet
  facet normal 0.510878 -0.294959 0.807467
    outer loop
      vertex 5.71538 -4.02397 6.36602
      vertex 6.47938 -3.03709 6.24314
      vertex 6.39482 -2.84716 6.36602
    endloop
  endfacet
  facet normal 0.510857 -0.29494 0.807487
    outer loop
      vertex 6.47938 -3.03709 6.24314
      vertex 5.71538 -4.02397 6.36602
      vertex 5.79995 -4.21391 6.24314
    endloop
  endfacet
  facet normal 0.388661 -0.126274 0.912687
    outer loop
      vertex 6.33708 -2.41022 6.45106
      vertex 6.42712 -2.74774 6.36602
      vertex 6.52388 -2.44992 6.36602
    endloop
  endfacet
  facet normal 0.388642 -0.126281 0.912694
    outer loop
      vertex 6.42712 -2.74774 6.36602
      vertex 6.33708 -2.41022 6.45106
      vertex 6.24031 -2.70804 6.45106
    endloop
  endfacet
  facet normal 0.353886 -0.204318 0.912699
    outer loop
      vertex 6.22035 -2.76947 6.45106
      vertex 5.71538 -4.02397 6.36602
      vertex 6.39482 -2.84716 6.36602
    endloop
  endfacet
  facet normal 0.353894 -0.204322 0.912695
    outer loop
      vertex 5.71538 -4.02397 6.36602
      vertex 6.22035 -2.76947 6.45106
      vertex 5.54091 -3.94629 6.45106
    endloop
  endfacet
  facet normal 0.561026 -0.182274 0.807481
    outer loop
      vertex 6.42712 -2.74774 6.36602
      vertex 6.64609 -2.61813 6.24314
      vertex 6.52388 -2.44992 6.36602
    endloop
  endfacet
  facet normal 0.561033 -0.182295 0.807472
    outer loop
      vertex 6.64609 -2.61813 6.24314
      vertex 6.42712 -2.74774 6.36602
      vertex 6.54932 -2.91595 6.24314
    endloop
  endfacet
  facet normal -0.346752 -0.477235 0.807471
    outer loop
      vertex -4.68391 -5.20201 6.36602
      vertex -4.68391 -5.40992 6.24314
      vertex -4.59935 -5.26345 6.36602
    endloop
  endfacet
  facet normal -0.346738 -0.477244 0.807472
    outer loop
      vertex -4.68391 -5.40992 6.24314
      vertex -3.67778 -5.93301 6.36602
      vertex -4.59935 -5.26345 6.36602
    endloop
  endfacet
  facet normal -0.346738 -0.477244 0.807472
    outer loop
      vertex -3.67778 -5.93301 6.36602
      vertex -4.68391 -5.40992 6.24314
      vertex -3.76234 -6.07948 6.24314
    endloop
  endfacet
  facet normal -0.437868 -0.602674 0.667125
    outer loop
      vertex -4.68391 -5.40992 6.24314
      vertex -3.96912 -6.10122 6.08778
      vertex -3.76234 -6.07948 6.24314
    endloop
  endfacet
  facet normal -0.437868 -0.602674 0.667125
    outer loop
      vertex -3.96912 -6.10122 6.08778
      vertex -4.68391 -5.40992 6.24314
      vertex -4.89069 -5.43166 6.08778
    endloop
  endfacet
  facet normal -0.58778 -0.809021 0
    outer loop
      vertex -4.84935 -5.69647 5.5
      vertex -3.92778 -6.36602 3.06921
      vertex -3.92778 -6.36602 5.5
    endloop
  endfacet
  facet normal -0.587773 -0.809026 4.03241e-06
    outer loop
      vertex -4.84935 -5.69647 5.5
      vertex -4.04508 -6.2808 2.93893
      vertex -3.92778 -6.36602 3.06921
    endloop
  endfacet
  facet normal -0.587799 -0.809007 -8.40008e-06
    outer loop
      vertex -4.84935 -5.69647 5.5
      vertex -4.14961 -6.20485 2.75788
      vertex -4.04508 -6.2808 2.93893
    endloop
  endfacet
  facet normal -0.587772 -0.809026 1.87213e-06
    outer loop
      vertex -4.84935 -5.69647 5.5
      vertex -4.56773 -5.90108 2.03368
      vertex -4.14961 -6.20485 2.75788
    endloop
  endfacet
  facet normal -0.587821 -0.808991 -4.15253e-06
    outer loop
      vertex -4.84935 -5.69647 5.5
      vertex -4.63233 -5.85414 1.83486
      vertex -4.56773 -5.90108 2.03368
    endloop
  endfacet
  facet normal -0.587775 -0.809025 0
    outer loop
      vertex -4.63233 -5.85414 1.83486
      vertex -4.84935 -5.69647 5.5
      vertex -4.84935 -5.69647 1.16694
    endloop
  endfacet
  facet normal -0.353896 -0.204305 0.912698
    outer loop
      vertex -5.54091 -3.94629 6.45106
      vertex -5.66312 -4.1145 6.36602
      vertex -5.50861 -4.00224 6.45106
    endloop
  endfacet
  facet normal -0.180983 -0.104481 0.977921
    outer loop
      vertex -5.34317 -3.88204 6.49452
      vertex -5.54091 -3.94629 6.45106
      vertex -5.50861 -4.00224 6.45106
    endloop
  endfacet
  facet normal -0.1553 -0.139832 0.977921
    outer loop
      vertex -5.46538 -4.05025 6.45106
      vertex -4.43391 -4.89188 6.49452
      vertex -5.34317 -3.88204 6.49452
    endloop
  endfacet
  facet normal -0.155304 -0.139837 0.977919
    outer loop
      vertex -4.43391 -4.89188 6.49452
      vertex -5.46538 -4.05025 6.45106
      vertex -4.55612 -5.06008 6.45106
    endloop
  endfacet
  facet normal -0.388642 -0.126281 0.912694
    outer loop
      vertex -6.33708 -2.41022 6.45106
      vertex -6.42712 -2.74774 6.36602
      vertex -6.24031 -2.70804 6.45106
    endloop
  endfacet
  facet normal -0.388661 -0.126274 0.912687
    outer loop
      vertex -6.42712 -2.74774 6.36602
      vertex -6.33708 -2.41022 6.45106
      vertex -6.52388 -2.44992 6.36602
    endloop
  endfacet
  facet normal -0.739119 -0.665503 0.10397
    outer loop
      vertex -5.92774 -4.56375 5.5
      vertex -5.14069 -5.40538 5.70791
      vertex -6.04995 -4.39554 5.70791
    endloop
  endfacet
  facet normal -0.739118 -0.665508 0.103944
    outer loop
      vertex -5.14069 -5.40538 5.70791
      vertex -5.92774 -4.56375 5.5
      vertex -5.01848 -5.57358 5.5
    endloop
  endfacet
  facet normal -0.708513 -0.230238 0.667083
    outer loop
      vertex -6.77924 -2.65855 6.08778
      vertex -6.54932 -2.91595 6.24314
      vertex -6.73901 -2.64064 6.13669
    endloop
  endfacet
  facet normal -0.708497 -0.230207 0.667111
    outer loop
      vertex -6.54932 -2.91595 6.24314
      vertex -6.77924 -2.65855 6.08778
      vertex -6.67712 -2.97284 6.08778
    endloop
  endfacet
  facet normal -0.122796 -0.169083 0.977922
    outer loop
      vertex -4.41929 -4.90812 6.49452
      vertex -4.50386 -5.09806 6.45106
      vertex -4.40161 -4.92096 6.49452
    endloop
  endfacet
  facet normal 0.353896 -0.204305 0.912698
    outer loop
      vertex 5.54091 -3.94629 6.45106
      vertex 5.50861 -4.00224 6.45106
      vertex 5.66312 -4.1145 6.36602
    endloop
  endfacet
  facet normal -0.198755 -0.0645743 0.97792
    outer loop
      vertex -6.1303 -2.38848 6.49452
      vertex -6.24031 -2.70804 6.45106
      vertex -6.03354 -2.6863 6.49452
    endloop
  endfacet
  facet normal -0.198745 -0.0645778 0.977921
    outer loop
      vertex -6.24031 -2.70804 6.45106
      vertex -6.1303 -2.38848 6.49452
      vertex -6.33708 -2.41022 6.45106
    endloop
  endfacet
  facet normal 0.437868 -0.602674 0.667125
    outer loop
      vertex 4.68391 -5.40992 6.24314
      vertex 3.96912 -6.10122 6.08778
      vertex 4.89069 -5.43166 6.08778
    endloop
  endfacet
  facet normal 0.437868 -0.602674 0.667125
    outer loop
      vertex 3.96912 -6.10122 6.08778
      vertex 4.68391 -5.40992 6.24314
      vertex 3.76234 -6.07948 6.24314
    endloop
  endfacet
  facet normal 0.553624 -0.498483 0.667094
    outer loop
      vertex 4.89069 -5.22375 6.24314
      vertex 5.79995 -4.42182 6.08778
      vertex 5.79995 -4.21391 6.24314
    endloop
  endfacet
  facet normal 0.553624 -0.498483 0.667094
    outer loop
      vertex 5.79995 -4.42182 6.08778
      vertex 4.89069 -5.22375 6.24314
      vertex 4.89069 -5.43166 6.08778
    endloop
  endfacet
  facet normal 0.240198 -0.330605 0.912691
    outer loop
      vertex 3.58229 -5.76762 6.45106
      vertex 4.59935 -5.26345 6.36602
      vertex 4.50386 -5.09806 6.45106
    endloop
  endfacet
  facet normal 0.240198 -0.330605 0.912691
    outer loop
      vertex 4.59935 -5.26345 6.36602
      vertex 3.58229 -5.76762 6.45106
      vertex 3.67778 -5.93301 6.36602
    endloop
  endfacet
  facet normal 0.180985 -0.104492 0.977919
    outer loop
      vertex 6.03354 -2.6863 6.49452
      vertex 5.54091 -3.94629 6.45106
      vertex 6.22035 -2.76947 6.45106
    endloop
  endfacet
  facet normal 0.180985 -0.104492 0.977919
    outer loop
      vertex 5.54091 -3.94629 6.45106
      vertex 6.03354 -2.6863 6.49452
      vertex 5.3541 -3.86312 6.49452
    endloop
  endfacet
  facet normal -0.122831 -0.169063 0.977921
    outer loop
      vertex -4.50386 -5.09806 6.45106
      vertex -3.48004 -5.59052 6.49452
      vertex -4.40161 -4.92096 6.49452
    endloop
  endfacet
  facet normal -0.122831 -0.169063 0.977921
    outer loop
      vertex -3.48004 -5.59052 6.49452
      vertex -4.50386 -5.09806 6.45106
      vertex -3.58229 -5.76762 6.45106
    endloop
  endfacet
  facet normal -0.240198 -0.330605 0.912691
    outer loop
      vertex -4.59935 -5.26345 6.36602
      vertex -3.58229 -5.76762 6.45106
      vertex -4.50386 -5.09806 6.45106
    endloop
  endfacet
  facet normal -0.240198 -0.330605 0.912691
    outer loop
      vertex -3.58229 -5.76762 6.45106
      vertex -4.59935 -5.26345 6.36602
      vertex -3.67778 -5.93301 6.36602
    endloop
  endfacet
  facet normal -0.240208 -0.330599 0.912691
    outer loop
      vertex -4.50386 -5.09806 6.45106
      vertex -4.68391 -5.20201 6.36602
      vertex -4.59935 -5.26345 6.36602
    endloop
  endfacet
  facet normal 0.180963 -0.104541 0.977918
    outer loop
      vertex 5.3541 -3.86312 6.49452
      vertex 5.34317 -3.88204 6.49452
      vertex 5.54091 -3.94629 6.45106
    endloop
  endfacet
  facet normal -0.584593 -0.804635 0.103994
    outer loop
      vertex -3.92778 -6.36602 5.5
      vertex -4.83842 -5.67754 5.70791
      vertex -4.84935 -5.69647 5.5
    endloop
  endfacet
  facet normal -0.584601 -0.804634 0.103955
    outer loop
      vertex -4.83842 -5.67754 5.70791
      vertex -3.92778 -6.36602 5.5
      vertex -3.91685 -6.3471 5.70791
    endloop
  endfacet
  facet normal -0.707151 -0.636701 0.307489
    outer loop
      vertex -4.96063 -5.50934 5.90674
      vertex -5.14069 -5.40538 5.70791
      vertex -5.00386 -5.55735 5.70791
    endloop
  endfacet
  facet normal -0.50973 -0.701583 0.497953
    outer loop
      vertex -4.03906 -6.1789 5.90674
      vertex -4.89069 -5.43166 6.08778
      vertex -4.96063 -5.50934 5.90674
    endloop
  endfacet
  facet normal -0.50973 -0.701583 0.497953
    outer loop
      vertex -4.89069 -5.43166 6.08778
      vertex -4.03906 -6.1789 5.90674
      vertex -3.96912 -6.10122 6.08778
    endloop
  endfacet
  facet normal -0.584573 -0.804658 0.10392
    outer loop
      vertex -5.00386 -5.55735 5.70791
      vertex -5.01848 -5.57358 5.5
      vertex -4.83842 -5.67754 5.70791
    endloop
  endfacet
  facet normal -0.824074 -0.475785 0.307457
    outer loop
      vertex -6.72938 -3.21873 5.70791
      vertex -5.99768 -4.35757 5.90674
      vertex -6.67712 -3.18076 5.90674
    endloop
  endfacet
  facet normal -0.824067 -0.475774 0.307494
    outer loop
      vertex -5.99768 -4.35757 5.90674
      vertex -6.72938 -3.21873 5.70791
      vertex -6.04995 -4.39554 5.70791
    endloop
  endfacet
  facet normal -0.945906 -0.307341 0.103937
    outer loop
      vertex -6.83163 -3.04164 5.70791
      vertex -6.91619 -2.8517 5.5
      vertex -6.85159 -3.05052 5.5
    endloop
  endfacet
  facet normal -0.561051 -0.182277 0.807464
    outer loop
      vertex -6.42712 -2.74774 6.36602
      vertex -6.54932 -2.91595 6.24314
      vertex -6.39482 -2.84716 6.36602
    endloop
  endfacet
  facet normal -0.708489 -0.230208 0.667119
    outer loop
      vertex -6.64609 -2.61813 6.24314
      vertex -6.73901 -2.64064 6.13669
      vertex -6.54932 -2.91595 6.24314
    endloop
  endfacet
  facet normal -0.644466 -0.580271 0.497945
    outer loop
      vertex -5.91312 -4.29613 6.08778
      vertex -5.99768 -4.35757 5.90674
      vertex -5.79995 -4.42182 6.08778
    endloop
  endfacet
  facet normal -0.553629 -0.498482 0.667092
    outer loop
      vertex -5.79995 -4.21391 6.24314
      vertex -5.91312 -4.29613 6.08778
      vertex -5.79995 -4.42182 6.08778
    endloop
  endfacet
  facet normal 0.198745 -0.0645778 0.977921
    outer loop
      vertex 6.1303 -2.38848 6.49452
      vertex 6.24031 -2.70804 6.45106
      vertex 6.33708 -2.41022 6.45106
    endloop
  endfacet
  facet normal 0.198755 -0.0645743 0.97792
    outer loop
      vertex 6.24031 -2.70804 6.45106
      vertex 6.1303 -2.38848 6.49452
      vertex 6.03354 -2.6863 6.49452
    endloop
  endfacet
  facet normal 0.122796 -0.169083 0.977922
    outer loop
      vertex 4.41929 -4.90812 6.49452
      vertex 4.40161 -4.92096 6.49452
      vertex 4.50386 -5.09806 6.45106
    endloop
  endfacet
  facet normal 0.43834 -0.394771 0.807473
    outer loop
      vertex 5.66312 -4.1145 6.36602
      vertex 5.59317 -4.19217 6.36602
      vertex 5.79995 -4.21391 6.24314
    endloop
  endfacet
  facet normal 0.303647 -0.273466 0.912697
    outer loop
      vertex 5.66312 -4.1145 6.36602
      vertex 5.50861 -4.00224 6.45106
      vertex 5.59317 -4.19217 6.36602
    endloop
  endfacet
  facet normal 0.180983 -0.104481 0.977921
    outer loop
      vertex 5.54091 -3.94629 6.45106
      vertex 5.34317 -3.88204 6.49452
      vertex 5.50861 -4.00224 6.45106
    endloop
  endfacet
  facet normal 0.353905 -0.204298 0.912696
    outer loop
      vertex 5.71538 -4.02397 6.36602
      vertex 5.54091 -3.94629 6.45106
      vertex 5.66312 -4.1145 6.36602
    endloop
  endfacet
  facet normal 0.510888 -0.294919 0.807476
    outer loop
      vertex 5.71538 -4.02397 6.36602
      vertex 5.66312 -4.1145 6.36602
      vertex 5.79995 -4.21391 6.24314
    endloop
  endfacet
  facet normal -0.559314 -0.76983 0.307457
    outer loop
      vertex -4.83842 -5.67754 5.70791
      vertex -4.03906 -6.1789 5.90674
      vertex -4.96063 -5.50934 5.90674
    endloop
  endfacet
  facet normal -0.559314 -0.76983 0.307457
    outer loop
      vertex -4.03906 -6.1789 5.90674
      vertex -4.83842 -5.67754 5.70791
      vertex -3.91685 -6.3471 5.70791
    endloop
  endfacet
  facet normal -0.824052 -0.475799 0.307496
    outer loop
      vertex -6.77261 -3.01536 5.90674
      vertex -6.83163 -3.04164 5.70791
      vertex -6.72938 -3.21873 5.70791
    endloop
  endfacet
  facet normal -0.904978 -0.294043 0.307495
    outer loop
      vertex -6.77261 -3.01536 5.90674
      vertex -6.89482 -2.84716 5.70791
      vertex -6.83163 -3.04164 5.70791
    endloop
  endfacet
  facet normal -0.751023 -0.433586 0.497963
    outer loop
      vertex -6.67712 -2.97284 6.08778
      vertex -6.77261 -3.01536 5.90674
      vertex -6.67712 -3.18076 5.90674
    endloop
  endfacet
  facet normal -0.824085 -0.475767 0.307456
    outer loop
      vertex -6.67712 -3.18076 5.90674
      vertex -6.77261 -3.01536 5.90674
      vertex -6.72938 -3.21873 5.70791
    endloop
  endfacet
  facet normal -0.561026 -0.182274 0.807481
    outer loop
      vertex -6.64609 -2.61813 6.24314
      vertex -6.42712 -2.74774 6.36602
      vertex -6.52388 -2.44992 6.36602
    endloop
  endfacet
  facet normal -0.561033 -0.182295 0.807472
    outer loop
      vertex -6.42712 -2.74774 6.36602
      vertex -6.64609 -2.61813 6.24314
      vertex -6.54932 -2.91595 6.24314
    endloop
  endfacet
  facet normal -0.510878 -0.294959 0.807467
    outer loop
      vertex -6.47938 -3.03709 6.24314
      vertex -5.71538 -4.02397 6.36602
      vertex -6.39482 -2.84716 6.36602
    endloop
  endfacet
  facet normal -0.510857 -0.29494 0.807487
    outer loop
      vertex -5.71538 -4.02397 6.36602
      vertex -6.47938 -3.03709 6.24314
      vertex -5.79995 -4.21391 6.24314
    endloop
  endfacet
  facet normal -0.751036 -0.433588 0.497941
    outer loop
      vertex -5.99768 -4.14966 6.08778
      vertex -5.99768 -4.35757 5.90674
      vertex -5.91312 -4.29613 6.08778
    endloop
  endfacet
  facet normal -0.645176 -0.372473 0.667092
    outer loop
      vertex -5.79995 -4.21391 6.24314
      vertex -5.99768 -4.14966 6.08778
      vertex -5.91312 -4.29613 6.08778
    endloop
  endfacet
  facet normal -0.945902 -0.30735 0.103954
    outer loop
      vertex -6.91619 -2.8517 5.5
      vertex -6.98762 -2.57176 5.67771
      vertex -7.01296 -2.55388 5.5
    endloop
  endfacet
  facet normal -0.945907 -0.307339 0.103936
    outer loop
      vertex -6.98762 -2.57176 5.67771
      vertex -6.91619 -2.8517 5.5
      vertex -6.89482 -2.84716 5.70791
    endloop
  endfacet
  facet normal -0.945894 -0.307315 0.104124
    outer loop
      vertex -6.98451 -2.5711 5.70791
      vertex -6.98762 -2.57176 5.67771
      vertex -6.89482 -2.84716 5.70791
    endloop
  endfacet
  facet normal 0.989134 0.103961 0.103952
    outer loop
      vertex 7.47815 0 5.70791
      vertex 7.35796 1.35143 5.5
      vertex 7.33611 1.35143 5.70791
    endloop
  endfacet
  facet normal 0.989134 0.103961 0.103952
    outer loop
      vertex 7.35796 1.35143 5.5
      vertex 7.47815 0 5.70791
      vertex 7.5 0 5.5
    endloop
  endfacet
  facet normal 0.708502 0.230236 0.667095
    outer loop
      vertex 7.09703 1.68048 6.08778
      vertex 6.96924 1.62358 6.24314
      vertex 7.1493 1.51963 6.08778
    endloop
  endfacet
  facet normal -0.406396 0.0427312 0.912697
    outer loop
      vertex -6.84703 1.45538 6.36602
      vertex -6.85796 1.35143 6.36602
      vertex -6.66022 1.41567 6.45106
    endloop
  endfacet
  facet normal -0.866007 0.500031 0
    outer loop
      vertex -6.7796 3.1752 5.28351
      vertex -6.85159 3.05052 5.18563
      vertex -6.85159 3.05052 5.5
    endloop
  endfacet
  facet normal 0.989127 0.103991 0.103991
    outer loop
      vertex 7.33611 1.55934 5.5
      vertex 7.31473 1.55479 5.70791
      vertex 7.33611 1.35143 5.70791
    endloop
  endfacet
  facet normal 0.751023 0.433586 0.497963
    outer loop
      vertex 6.67712 3.18076 5.90674
      vertex 6.67712 2.97284 6.08778
      vertex 6.77261 3.01536 5.90674
    endloop
  endfacet
  facet normal -0.989127 0.103991 0.103991
    outer loop
      vertex -7.33611 1.55934 5.5
      vertex -7.33611 1.35143 5.70791
      vertex -7.31473 1.55479 5.70791
    endloop
  endfacet
  facet normal 0.824085 0.475767 0.307456
    outer loop
      vertex 6.72938 3.21873 5.70791
      vertex 6.67712 3.18076 5.90674
      vertex 6.77261 3.01536 5.90674
    endloop
  endfacet
  facet normal 0.861327 0.497299 0.10397
    outer loop
      vertex 6.72938 3.21873 5.70791
      vertex 6.65461 3.3917 5.5
      vertex 6.61656 3.44407 5.56473
    endloop
  endfacet
  facet normal 0.861333 0.49729 0.10396
    outer loop
      vertex 6.65461 3.3917 5.5
      vertex 6.72938 3.21873 5.70791
      vertex 6.85159 3.05052 5.5
    endloop
  endfacet
  facet normal 0.510873 0.29495 0.807473
    outer loop
      vertex 6.21332 3.16152 6.36602
      vertex 6.47938 3.03709 6.24314
      vertex 6.29788 3.35146 6.24314
    endloop
  endfacet
  facet normal 0.510876 0.294961 0.807468
    outer loop
      vertex 6.47938 3.03709 6.24314
      vertex 6.21332 3.16152 6.36602
      vertex 6.39482 2.84716 6.36602
    endloop
  endfacet
  facet normal -0.861327 0.497299 0.10397
    outer loop
      vertex -6.65461 3.3917 5.5
      vertex -6.72938 3.21873 5.70791
      vertex -6.61656 3.44407 5.56473
    endloop
  endfacet
  facet normal -0.861333 0.49729 0.10396
    outer loop
      vertex -6.72938 3.21873 5.70791
      vertex -6.65461 3.3917 5.5
      vertex -6.85159 3.05052 5.5
    endloop
  endfacet
  facet normal -0.740887 0.0778648 0.6671
    outer loop
      vertex -7.01247 1.49054 6.24314
      vertex -7.1493 1.51963 6.08778
      vertex -7.02709 1.35143 6.24314
    endloop
  endfacet
  facet normal -0.866026 0.499999 -2.44089e-05
    outer loop
      vertex -6.7796 3.1752 5.28351
      vertex -6.85159 3.05052 5.5
      vertex -6.65461 3.3917 5.5
    endloop
  endfacet
  facet normal -0.561035 0.182293 0.807471
    outer loop
      vertex -6.96924 1.62358 6.24314
      vertex -6.42712 2.74774 6.36602
      vertex -6.54932 2.91595 6.24314
    endloop
  endfacet
  facet normal -0.561023 0.182286 0.80748
    outer loop
      vertex -6.42712 2.74774 6.36602
      vertex -6.96924 1.62358 6.24314
      vertex -6.84703 1.45538 6.36602
    endloop
  endfacet
  facet normal -0.945906 0.307341 0.103937
    outer loop
      vertex -6.85159 3.05052 5.5
      vertex -6.91619 2.8517 5.5
      vertex -6.83163 3.04164 5.70791
    endloop
  endfacet
  facet normal 0.946339 -0.0994639 0.307488
    outer loop
      vertex 7.47815 0 5.70791
      vertex 7.34155 -0.766051 5.88052
      vertex 7.40537 -0.692458 5.70791
    endloop
  endfacet
  facet normal 0.989135 0.103952 0.103952
    outer loop
      vertex 7.33611 1.55934 5.5
      vertex 7.33611 1.35143 5.70791
      vertex 7.35796 1.35143 5.5
    endloop
  endfacet
  facet normal 0.824052 0.475799 0.307496
    outer loop
      vertex 6.83163 3.04164 5.70791
      vertex 6.72938 3.21873 5.70791
      vertex 6.77261 3.01536 5.90674
    endloop
  endfacet
  facet normal 0.561014 0.182296 0.807485
    outer loop
      vertex 6.96924 1.62358 6.24314
      vertex 6.84703 1.45538 6.36602
      vertex 7.01247 1.49054 6.24314
    endloop
  endfacet
  facet normal 0.994521 -0.104534 7.4448e-06
    outer loop
      vertex 7.41827 -0.777569 5.5
      vertex 7.35846 -1.34666 4.57133
      vertex 7.5 0 5.5
    endloop
  endfacet
  facet normal 0.989133 -0.103967 0.103952
    outer loop
      vertex 7.41529 -0.777569 5.52836
      vertex 7.5 0 5.5
      vertex 7.47815 0 5.70791
    endloop
  endfacet
  facet normal 0.989135 -0.103968 0.103936
    outer loop
      vertex 7.5 0 5.5
      vertex 7.41529 -0.777569 5.52836
      vertex 7.41827 -0.777569 5.5
    endloop
  endfacet
  facet normal -0.946333 0.0994514 0.307512
    outer loop
      vertex -7.25154 1.54136 5.90674
      vertex -7.33611 1.35143 5.70791
      vertex -7.2715 1.35143 5.90674
    endloop
  endfacet
  facet normal 0.388642 0.126264 0.912697
    outer loop
      vertex 6.39482 2.84716 6.36602
      vertex 6.22035 2.76947 6.45106
      vertex 6.42712 2.74774 6.36602
    endloop
  endfacet
  facet normal 0.862461 0.0906371 0.497943
    outer loop
      vertex 7.25154 1.54136 5.90674
      vertex 7.1493 1.51963 6.08778
      vertex 7.2715 1.35143 5.90674
    endloop
  endfacet
  facet normal 0.945904 0.307348 0.103936
    outer loop
      vertex 6.89482 2.84716 5.70791
      vertex 7.33611 1.55934 5.5
      vertex 6.91619 2.8517 5.5
    endloop
  endfacet
  facet normal 0.945901 0.307337 0.103996
    outer loop
      vertex 7.33611 1.55934 5.5
      vertex 6.89482 2.84716 5.70791
      vertex 7.31473 1.55479 5.70791
    endloop
  endfacet
  facet normal 0.740887 0.0778648 0.6671
    outer loop
      vertex 7.1493 1.51963 6.08778
      vertex 7.01247 1.49054 6.24314
      vertex 7.02709 1.35143 6.24314
    endloop
  endfacet
  facet normal -0.7085 0.23022 0.667103
    outer loop
      vertex -6.96924 1.62358 6.24314
      vertex -7.1493 1.51963 6.08778
      vertex -7.01247 1.49054 6.24314
    endloop
  endfacet
  facet normal 0.586683 -0.0616626 0.807466
    outer loop
      vertex 7.16913 0 6.24314
      vertex 6.94042 -0.72041 6.3543
      vertex 7.09635 -0.692458 6.24314
    endloop
  endfacet
  facet normal -0.388642 0.126279 0.912694
    outer loop
      vertex -6.22035 2.76947 6.45106
      vertex -6.42712 2.74774 6.36602
      vertex -6.24031 2.70804 6.45106
    endloop
  endfacet
  facet normal 0.645157 0.372481 0.667106
    outer loop
      vertex 6.67712 2.97284 6.08778
      vertex 6.47938 3.03709 6.24314
      vertex 6.54932 2.91595 6.24314
    endloop
  endfacet
  facet normal 0.904978 0.294043 0.307495
    outer loop
      vertex 6.83163 3.04164 5.70791
      vertex 6.77261 3.01536 5.90674
      vertex 6.89482 2.84716 5.70791
    endloop
  endfacet
  facet normal 0.824764 0.267989 0.497941
    outer loop
      vertex 7.19252 1.723 5.90674
      vertex 7.1493 1.51963 6.08778
      vertex 7.25154 1.54136 5.90674
    endloop
  endfacet
  facet normal -0.946332 0.0994628 0.307511
    outer loop
      vertex -7.47815 0 5.70791
      vertex -7.2715 1.35143 5.90674
      vertex -7.33611 1.35143 5.70791
    endloop
  endfacet
  facet normal -0.946332 0.0994628 0.307511
    outer loop
      vertex -7.2715 1.35143 5.90674
      vertex -7.47815 0 5.70791
      vertex -7.41354 0 5.90674
    endloop
  endfacet
  facet normal -0.406578 -0.0426701 0.912619
    outer loop
      vertex -6.80226 -0.0642481 6.45106
      vertex -6.92428 -0.72041 6.36602
      vertex -6.90541 -0.726542 6.37414
    endloop
  endfacet
  facet normal -0.406394 -0.0427147 0.912699
    outer loop
      vertex -6.92428 -0.72041 6.36602
      vertex -6.80226 -0.0642481 6.45106
      vertex -7 0 6.36602
    endloop
  endfacet
  facet normal 0.989136 -0.103962 0.10393
    outer loop
      vertex 7.47815 0 5.70791
      vertex 7.40537 -0.692458 5.70791
      vertex 7.41529 -0.777569 5.52836
    endloop
  endfacet
  facet normal 0.994521 -0.104535 9.35328e-06
    outer loop
      vertex 7.35846 -1.34666 4.57133
      vertex 7.35796 -1.35143 4.42467
      vertex 7.5 0 5.5
    endloop
  endfacet
  facet normal -0.94634 0.0994923 0.307476
    outer loop
      vertex -7.31473 1.55479 5.70791
      vertex -7.33611 1.35143 5.70791
      vertex -7.25154 1.54136 5.90674
    endloop
  endfacet
  facet normal -0.388642 0.126264 0.912697
    outer loop
      vertex -6.39482 2.84716 6.36602
      vertex -6.42712 2.74774 6.36602
      vertex -6.22035 2.76947 6.45106
    endloop
  endfacet
  facet normal -0.989134 0.103961 0.103952
    outer loop
      vertex -7.5 0 5.5
      vertex -7.33611 1.35143 5.70791
      vertex -7.35796 1.35143 5.5
    endloop
  endfacet
  facet normal -0.989134 0.103961 0.103952
    outer loop
      vertex -7.33611 1.35143 5.70791
      vertex -7.5 0 5.5
      vertex -7.47815 0 5.70791
    endloop
  endfacet
  facet normal -0.989135 0.103952 0.103952
    outer loop
      vertex -7.33611 1.55934 5.5
      vertex -7.35796 1.35143 5.5
      vertex -7.33611 1.35143 5.70791
    endloop
  endfacet
  facet normal -0.207826 0.0219016 0.977921
    outer loop
      vertex -6.4602 1.37316 6.49452
      vertex -6.66022 1.41567 6.45106
      vertex -6.46249 1.35143 6.49452
    endloop
  endfacet
  facet normal 0.861321 0.497318 0.10393
    outer loop
      vertex 6.85159 3.05052 5.5
      vertex 6.72938 3.21873 5.70791
      vertex 6.83163 3.04164 5.70791
    endloop
  endfacet
  facet normal 0.824746 0.26801 0.497961
    outer loop
      vertex 7.19252 1.723 5.90674
      vertex 7.09703 1.68048 6.08778
      vertex 7.1493 1.51963 6.08778
    endloop
  endfacet
  facet normal 0.586655 0.0616555 0.807487
    outer loop
      vertex 7.01247 1.49054 6.24314
      vertex 6.84703 1.45538 6.36602
      vertex 7.02709 1.35143 6.24314
    endloop
  endfacet
  facet normal 0.904982 0.294054 0.307473
    outer loop
      vertex 7.31473 1.55479 5.70791
      vertex 7.19252 1.723 5.90674
      vertex 7.25154 1.54136 5.90674
    endloop
  endfacet
  facet normal -0.824764 0.267989 0.497941
    outer loop
      vertex -7.19252 1.723 5.90674
      vertex -7.25154 1.54136 5.90674
      vertex -7.1493 1.51963 6.08778
    endloop
  endfacet
  facet normal -0.353877 0.204321 0.912701
    outer loop
      vertex -6.21332 3.16152 6.36602
      vertex -6.22035 2.76947 6.45106
      vertex -6.03884 3.08384 6.45106
    endloop
  endfacet
  facet normal -0.353885 0.20432 0.912699
    outer loop
      vertex -6.22035 2.76947 6.45106
      vertex -6.21332 3.16152 6.36602
      vertex -6.39482 2.84716 6.36602
    endloop
  endfacet
  facet normal -0.198754 0.0645798 0.977919
    outer loop
      vertex -6.22035 2.76947 6.45106
      vertex -6.24031 2.70804 6.45106
      vertex -6.03354 2.6863 6.49452
    endloop
  endfacet
  facet normal -0.586458 -0.0616407 0.807631
    outer loop
      vertex -7 0 6.36602
      vertex -6.94042 -0.72041 6.3543
      vertex -6.92428 -0.72041 6.36602
    endloop
  endfacet
  facet normal -0.586667 -0.0616555 0.807478
    outer loop
      vertex -6.94042 -0.72041 6.3543
      vertex -7 0 6.36602
      vertex -7.16913 0 6.24314
    endloop
  endfacet
  facet normal 0.406405 0.0427608 0.912692
    outer loop
      vertex 7 0 6.36602
      vertex 6.80226 0.0642481 6.45106
      vertex 6.80902 0 6.45106
    endloop
  endfacet
  facet normal 0.862448 -0.0906465 0.497962
    outer loop
      vertex 7.29134 -0.168203 6.08778
      vertex 7.21856 -0.860662 6.08778
      vertex 7.31692 -0.788229 5.93061
    endloop
  endfacet
  facet normal 0.946335 -0.0994573 0.307505
    outer loop
      vertex 7.34155 -0.766051 5.88052
      vertex 7.41354 0 5.90674
      vertex 7.33303 -0.766051 5.90674
    endloop
  endfacet
  facet normal 0.946332 -0.0994574 0.307512
    outer loop
      vertex 7.41354 0 5.90674
      vertex 7.34155 -0.766051 5.88052
      vertex 7.47815 0 5.70791
    endloop
  endfacet
  facet normal 0.866007 0.500031 -0
    outer loop
      vertex 6.85159 3.05052 5.18563
      vertex 6.7796 3.1752 5.28351
      vertex 6.85159 3.05052 5.5
    endloop
  endfacet
  facet normal -0.824052 0.475799 0.307496
    outer loop
      vertex -6.72938 3.21873 5.70791
      vertex -6.83163 3.04164 5.70791
      vertex -6.77261 3.01536 5.90674
    endloop
  endfacet
  facet normal -0.824746 0.26801 0.497961
    outer loop
      vertex -7.09703 1.68048 6.08778
      vertex -7.19252 1.723 5.90674
      vertex -7.1493 1.51963 6.08778
    endloop
  endfacet
  facet normal -0.824757 0.267978 0.497959
    outer loop
      vertex -7.19252 1.723 5.90674
      vertex -6.67712 2.97284 6.08778
      vertex -6.77261 3.01536 5.90674
    endloop
  endfacet
  facet normal -0.824757 0.267978 0.497959
    outer loop
      vertex -6.67712 2.97284 6.08778
      vertex -7.19252 1.723 5.90674
      vertex -7.09703 1.68048 6.08778
    endloop
  endfacet
  facet normal -0.406405 0.0427608 0.912692
    outer loop
      vertex -6.80226 0.0642481 6.45106
      vertex -7 0 6.36602
      vertex -6.80902 0 6.45106
    endloop
  endfacet
  facet normal -0.198759 0.0645632 0.977919
    outer loop
      vertex -6.45345 1.39394 6.49452
      vertex -6.66022 1.41567 6.45106
      vertex -6.4602 1.37316 6.49452
    endloop
  endfacet
  facet normal 0.945906 0.307342 0.103936
    outer loop
      vertex 6.91619 2.8517 5.5
      vertex 6.83163 3.04164 5.70791
      vertex 6.89482 2.84716 5.70791
    endloop
  endfacet
  facet normal 0.945906 0.307341 0.103937
    outer loop
      vertex 6.85159 3.05052 5.5
      vertex 6.83163 3.04164 5.70791
      vertex 6.91619 2.8517 5.5
    endloop
  endfacet
  facet normal 0.946332 0.0994628 0.307511
    outer loop
      vertex 7.41354 0 5.90674
      vertex 7.33611 1.35143 5.70791
      vertex 7.2715 1.35143 5.90674
    endloop
  endfacet
  facet normal 0.946332 0.0994628 0.307511
    outer loop
      vertex 7.33611 1.35143 5.70791
      vertex 7.41354 0 5.90674
      vertex 7.47815 0 5.70791
    endloop
  endfacet
  facet normal 0.510882 0.294957 0.807465
    outer loop
      vertex 6.47938 3.03709 6.24314
      vertex 6.39482 2.84716 6.36602
      vertex 6.54932 2.91595 6.24314
    endloop
  endfacet
  facet normal 0.7085 0.23022 0.667103
    outer loop
      vertex 7.1493 1.51963 6.08778
      vertex 6.96924 1.62358 6.24314
      vertex 7.01247 1.49054 6.24314
    endloop
  endfacet
  facet normal -0.388643 0.126276 0.912694
    outer loop
      vertex -6.42712 2.74774 6.36602
      vertex -6.66022 1.41567 6.45106
      vertex -6.24031 2.70804 6.45106
    endloop
  endfacet
  facet normal -0.388637 0.126275 0.912697
    outer loop
      vertex -6.66022 1.41567 6.45106
      vertex -6.42712 2.74774 6.36602
      vertex -6.84703 1.45538 6.36602
    endloop
  endfacet
  facet normal 0.946333 0.0994514 0.307512
    outer loop
      vertex 7.33611 1.35143 5.70791
      vertex 7.25154 1.54136 5.90674
      vertex 7.2715 1.35143 5.90674
    endloop
  endfacet
  facet normal 0.94634 0.0994923 0.307476
    outer loop
      vertex 7.31473 1.55479 5.70791
      vertex 7.25154 1.54136 5.90674
      vertex 7.33611 1.35143 5.70791
    endloop
  endfacet
  facet normal 0.74088 -0.0778747 0.667107
    outer loop
      vertex 7.30902 0 6.08778
      vertex 7.16913 0 6.24314
      vertex 7.29134 -0.168203 6.08778
    endloop
  endfacet
  facet normal 0.862467 0.0906548 0.497929
    outer loop
      vertex 7.41354 0 5.90674
      vertex 7.29134 0.168203 6.08778
      vertex 7.30902 0 6.08778
    endloop
  endfacet
  facet normal -0.862448 -0.0906465 0.497962
    outer loop
      vertex -7.29134 -0.168203 6.08778
      vertex -7.31692 -0.788229 5.93061
      vertex -7.21856 -0.860662 6.08778
    endloop
  endfacet
  facet normal 0.866026 0.499999 -2.44089e-05
    outer loop
      vertex 6.7796 3.1752 5.28351
      vertex 6.65461 3.3917 5.5
      vertex 6.85159 3.05052 5.5
    endloop
  endfacet
  facet normal -0.751023 0.433586 0.497963
    outer loop
      vertex -6.67712 3.18076 5.90674
      vertex -6.77261 3.01536 5.90674
      vertex -6.67712 2.97284 6.08778
    endloop
  endfacet
  facet normal -0.861321 0.497318 0.10393
    outer loop
      vertex -6.72938 3.21873 5.70791
      vertex -6.85159 3.05052 5.5
      vertex -6.83163 3.04164 5.70791
    endloop
  endfacet
  facet normal -0.586655 0.0616555 0.807487
    outer loop
      vertex -7.01247 1.49054 6.24314
      vertex -7.02709 1.35143 6.24314
      vertex -6.84703 1.45538 6.36602
    endloop
  endfacet
  facet normal -0.862461 0.0906371 0.497943
    outer loop
      vertex -7.25154 1.54136 5.90674
      vertex -7.2715 1.35143 5.90674
      vertex -7.1493 1.51963 6.08778
    endloop
  endfacet
  facet normal -0.561014 0.182296 0.807485
    outer loop
      vertex -6.96924 1.62358 6.24314
      vertex -7.01247 1.49054 6.24314
      vertex -6.84703 1.45538 6.36602
    endloop
  endfacet
  facet normal -0.994521 -0.104536 8.21305e-06
    outer loop
      vertex -7.40093 -0.942566 4.85
      vertex -7.5 0 5.5
      vertex -7.41414 -0.816891 4.85
    endloop
  endfacet
  facet normal -0.946339 -0.0994639 0.307488
    outer loop
      vertex -7.34155 -0.766051 5.88052
      vertex -7.47815 0 5.70791
      vertex -7.40537 -0.692458 5.70791
    endloop
  endfacet
  facet normal -0.207836 0.0218679 0.977919
    outer loop
      vertex -6.80226 0.0642481 6.45106
      vertex -6.80902 0 6.45106
      vertex -6.60453 0 6.49452
    endloop
  endfacet
  facet normal 0.198757 0.0645792 0.977919
    outer loop
      vertex 6.24031 2.70804 6.45106
      vertex 6.45345 1.39394 6.49452
      vertex 6.66022 1.41567 6.45106
    endloop
  endfacet
  facet normal 0.198754 0.0645787 0.977919
    outer loop
      vertex 6.45345 1.39394 6.49452
      vertex 6.24031 2.70804 6.45106
      vertex 6.03354 2.6863 6.49452
    endloop
  endfacet
  facet normal 0.861336 0.497288 0.103946
    outer loop
      vertex 6.61656 3.44407 5.56473
      vertex 6.54788 3.5331 5.70791
      vertex 6.72938 3.21873 5.70791
    endloop
  endfacet
  facet normal 0.561035 0.182293 0.807471
    outer loop
      vertex 6.42712 2.74774 6.36602
      vertex 6.96924 1.62358 6.24314
      vertex 6.54932 2.91595 6.24314
    endloop
  endfacet
  facet normal 0.561023 0.182286 0.80748
    outer loop
      vertex 6.96924 1.62358 6.24314
      vertex 6.42712 2.74774 6.36602
      vertex 6.84703 1.45538 6.36602
    endloop
  endfacet
  facet normal 0.645158 0.372479 0.667107
    outer loop
      vertex 6.49562 3.28721 6.08778
      vertex 6.47938 3.03709 6.24314
      vertex 6.67712 2.97284 6.08778
    endloop
  endfacet
  facet normal 0.645158 0.372479 0.667107
    outer loop
      vertex 6.47938 3.03709 6.24314
      vertex 6.49562 3.28721 6.08778
      vertex 6.29788 3.35146 6.24314
    endloop
  endfacet
  facet normal 0.824757 0.267978 0.497959
    outer loop
      vertex 6.67712 2.97284 6.08778
      vertex 7.19252 1.723 5.90674
      vertex 6.77261 3.01536 5.90674
    endloop
  endfacet
  facet normal 0.824757 0.267978 0.497959
    outer loop
      vertex 7.19252 1.723 5.90674
      vertex 6.67712 2.97284 6.08778
      vertex 7.09703 1.68048 6.08778
    endloop
  endfacet
  facet normal 0.708498 0.230203 0.667111
    outer loop
      vertex 6.54932 2.91595 6.24314
      vertex 7.09703 1.68048 6.08778
      vertex 6.67712 2.97284 6.08778
    endloop
  endfacet
  facet normal 0.708511 0.230211 0.667094
    outer loop
      vertex 7.09703 1.68048 6.08778
      vertex 6.54932 2.91595 6.24314
      vertex 6.96924 1.62358 6.24314
    endloop
  endfacet
  facet normal -0.207844 0.0218453 0.977918
    outer loop
      vertex -6.80226 0.0642481 6.45106
      vertex -6.46249 1.35143 6.49452
      vertex -6.66022 1.41567 6.45106
    endloop
  endfacet
  facet normal -0.207843 0.021845 0.977918
    outer loop
      vertex -6.46249 1.35143 6.49452
      vertex -6.80226 0.0642481 6.45106
      vertex -6.60453 0 6.49452
    endloop
  endfacet
  facet normal -0.510873 0.29495 0.807473
    outer loop
      vertex -6.47938 3.03709 6.24314
      vertex -6.21332 3.16152 6.36602
      vertex -6.29788 3.35146 6.24314
    endloop
  endfacet
  facet normal -0.510876 0.294961 0.807468
    outer loop
      vertex -6.21332 3.16152 6.36602
      vertex -6.47938 3.03709 6.24314
      vertex -6.39482 2.84716 6.36602
    endloop
  endfacet
  facet normal -0.824073 0.475774 0.307478
    outer loop
      vertex -6.72938 3.21873 5.70791
      vertex -6.49562 3.49512 5.90674
      vertex -6.54788 3.5331 5.70791
    endloop
  endfacet
  facet normal -0.824072 0.475789 0.307457
    outer loop
      vertex -6.49562 3.49512 5.90674
      vertex -6.72938 3.21873 5.70791
      vertex -6.67712 3.18076 5.90674
    endloop
  endfacet
  facet normal 0.586667 -0.0616555 0.807478
    outer loop
      vertex 7 0 6.36602
      vertex 6.94042 -0.72041 6.3543
      vertex 7.16913 0 6.24314
    endloop
  endfacet
  facet normal 0.586458 -0.0616407 0.807631
    outer loop
      vertex 6.94042 -0.72041 6.3543
      vertex 7 0 6.36602
      vertex 6.92428 -0.72041 6.36602
    endloop
  endfacet
  facet normal 0.862464 0.0906482 0.497935
    outer loop
      vertex 7.29134 0.168203 6.08778
      vertex 7.2715 1.35143 5.90674
      vertex 7.1493 1.51963 6.08778
    endloop
  endfacet
  facet normal 0.862465 0.090648 0.497934
    outer loop
      vertex 7.2715 1.35143 5.90674
      vertex 7.29134 0.168203 6.08778
      vertex 7.41354 0 5.90674
    endloop
  endfacet
  facet normal 0.74088 0.0778747 0.667107
    outer loop
      vertex 7.29134 0.168203 6.08778
      vertex 7.16913 0 6.24314
      vertex 7.30902 0 6.08778
    endloop
  endfacet
  facet normal -0.861336 0.497288 0.103946
    outer loop
      vertex -6.61656 3.44407 5.56473
      vertex -6.72938 3.21873 5.70791
      vertex -6.54788 3.5331 5.70791
    endloop
  endfacet
  facet normal -0.645157 0.372481 0.667106
    outer loop
      vertex -6.47938 3.03709 6.24314
      vertex -6.67712 2.97284 6.08778
      vertex -6.54932 2.91595 6.24314
    endloop
  endfacet
  facet normal -0.904978 0.294043 0.307495
    outer loop
      vertex -6.83163 3.04164 5.70791
      vertex -6.89482 2.84716 5.70791
      vertex -6.77261 3.01536 5.90674
    endloop
  endfacet
  facet normal -0.645158 0.372479 0.667107
    outer loop
      vertex -6.49562 3.28721 6.08778
      vertex -6.47938 3.03709 6.24314
      vertex -6.29788 3.35146 6.24314
    endloop
  endfacet
  facet normal -0.645158 0.372479 0.667107
    outer loop
      vertex -6.47938 3.03709 6.24314
      vertex -6.49562 3.28721 6.08778
      vertex -6.67712 2.97284 6.08778
    endloop
  endfacet
  facet normal -0.824085 0.475767 0.307456
    outer loop
      vertex -6.72938 3.21873 5.70791
      vertex -6.77261 3.01536 5.90674
      vertex -6.67712 3.18076 5.90674
    endloop
  endfacet
  facet normal -0.708502 0.230236 0.667095
    outer loop
      vertex -7.09703 1.68048 6.08778
      vertex -7.1493 1.51963 6.08778
      vertex -6.96924 1.62358 6.24314
    endloop
  endfacet
  facet normal -0.989136 -0.103962 0.10393
    outer loop
      vertex -7.40537 -0.692458 5.70791
      vertex -7.47815 0 5.70791
      vertex -7.41529 -0.777569 5.52836
    endloop
  endfacet
  facet normal -0.586665 0.0616859 0.807477
    outer loop
      vertex -6.84703 1.45538 6.36602
      vertex -7.02709 1.35143 6.24314
      vertex -6.85796 1.35143 6.36602
    endloop
  endfacet
  facet normal -0.989135 -0.103968 0.103936
    outer loop
      vertex -7.41529 -0.777569 5.52836
      vertex -7.5 0 5.5
      vertex -7.41827 -0.777569 5.5
    endloop
  endfacet
  facet normal -0.989133 -0.103967 0.103952
    outer loop
      vertex -7.5 0 5.5
      vertex -7.41529 -0.777569 5.52836
      vertex -7.47815 0 5.70791
    endloop
  endfacet
  facet normal -0.994521 -0.104534 4.24701e-06
    outer loop
      vertex -7.40093 -0.942566 4.85
      vertex -7.41827 -0.777569 5.5
      vertex -7.5 0 5.5
    endloop
  endfacet
  facet normal -0.994523 -0.104514 -7.32611e-07
    outer loop
      vertex -7.41827 -0.777569 5.5
      vertex -7.40093 -0.942566 4.85
      vertex -7.37641 -1.17589 4.85
    endloop
  endfacet
  facet normal 0.207826 0.0219016 0.977921
    outer loop
      vertex 6.66022 1.41567 6.45106
      vertex 6.4602 1.37316 6.49452
      vertex 6.46249 1.35143 6.49452
    endloop
  endfacet
  facet normal 0.180983 0.104496 0.977919
    outer loop
      vertex 6.03884 3.08384 6.45106
      vertex 6.03354 2.6863 6.49452
      vertex 6.22035 2.76947 6.45106
    endloop
  endfacet
  facet normal 0.180983 0.104496 0.977919
    outer loop
      vertex 6.03354 2.6863 6.49452
      vertex 6.03884 3.08384 6.45106
      vertex 5.85203 3.00067 6.49452
    endloop
  endfacet
  facet normal 0.198759 0.0645632 0.977919
    outer loop
      vertex 6.66022 1.41567 6.45106
      vertex 6.45345 1.39394 6.49452
      vertex 6.4602 1.37316 6.49452
    endloop
  endfacet
  facet normal -0.198754 0.0645787 0.977919
    outer loop
      vertex -6.24031 2.70804 6.45106
      vertex -6.45345 1.39394 6.49452
      vertex -6.03354 2.6863 6.49452
    endloop
  endfacet
  facet normal -0.198757 0.0645792 0.977919
    outer loop
      vertex -6.45345 1.39394 6.49452
      vertex -6.24031 2.70804 6.45106
      vertex -6.66022 1.41567 6.45106
    endloop
  endfacet
  facet normal 0.904978 0.294043 0.307496
    outer loop
      vertex 7.19252 1.723 5.90674
      vertex 6.89482 2.84716 5.70791
      vertex 6.77261 3.01536 5.90674
    endloop
  endfacet
  facet normal 0.904982 0.294042 0.307484
    outer loop
      vertex 6.89482 2.84716 5.70791
      vertex 7.19252 1.723 5.90674
      vertex 7.31473 1.55479 5.70791
    endloop
  endfacet
  facet normal 0.388637 0.126275 0.912697
    outer loop
      vertex 6.42712 2.74774 6.36602
      vertex 6.66022 1.41567 6.45106
      vertex 6.84703 1.45538 6.36602
    endloop
  endfacet
  facet normal 0.388643 0.126276 0.912694
    outer loop
      vertex 6.66022 1.41567 6.45106
      vertex 6.42712 2.74774 6.36602
      vertex 6.24031 2.70804 6.45106
    endloop
  endfacet
  facet normal 0.561051 0.182277 0.807464
    outer loop
      vertex 6.54932 2.91595 6.24314
      vertex 6.39482 2.84716 6.36602
      vertex 6.42712 2.74774 6.36602
    endloop
  endfacet
  facet normal -0.510882 0.294957 0.807465
    outer loop
      vertex -6.47938 3.03709 6.24314
      vertex -6.54932 2.91595 6.24314
      vertex -6.39482 2.84716 6.36602
    endloop
  endfacet
  facet normal -0.561051 0.182277 0.807464
    outer loop
      vertex -6.39482 2.84716 6.36602
      vertex -6.54932 2.91595 6.24314
      vertex -6.42712 2.74774 6.36602
    endloop
  endfacet
  facet normal 0.207836 -0.0218679 0.977919
    outer loop
      vertex 6.80902 0 6.45106
      vertex 6.60453 0 6.49452
      vertex 6.80226 -0.0642481 6.45106
    endloop
  endfacet
  facet normal 0.586665 0.0616859 0.807477
    outer loop
      vertex 7.02709 1.35143 6.24314
      vertex 6.84703 1.45538 6.36602
      vertex 6.85796 1.35143 6.36602
    endloop
  endfacet
  facet normal 0.406396 0.0427312 0.912697
    outer loop
      vertex 6.84703 1.45538 6.36602
      vertex 6.66022 1.41567 6.45106
      vertex 6.85796 1.35143 6.36602
    endloop
  endfacet
  facet normal 0.740884 0.0778697 0.667103
    outer loop
      vertex 7.02709 1.35143 6.24314
      vertex 7.29134 0.168203 6.08778
      vertex 7.1493 1.51963 6.08778
    endloop
  endfacet
  facet normal 0.740884 0.0778695 0.667104
    outer loop
      vertex 7.29134 0.168203 6.08778
      vertex 7.02709 1.35143 6.24314
      vertex 7.16913 0 6.24314
    endloop
  endfacet
  facet normal -0.945906 0.307342 0.103936
    outer loop
      vertex -6.83163 3.04164 5.70791
      vertex -6.91619 2.8517 5.5
      vertex -6.89482 2.84716 5.70791
    endloop
  endfacet
  facet normal -0.945904 0.307348 0.103936
    outer loop
      vertex -7.33611 1.55934 5.5
      vertex -6.89482 2.84716 5.70791
      vertex -6.91619 2.8517 5.5
    endloop
  endfacet
  facet normal -0.945901 0.307337 0.103996
    outer loop
      vertex -6.89482 2.84716 5.70791
      vertex -7.33611 1.55934 5.5
      vertex -7.31473 1.55479 5.70791
    endloop
  endfacet
  facet normal -0.904978 0.294043 0.307496
    outer loop
      vertex -6.89482 2.84716 5.70791
      vertex -7.19252 1.723 5.90674
      vertex -6.77261 3.01536 5.90674
    endloop
  endfacet
  facet normal -0.904982 0.294042 0.307484
    outer loop
      vertex -7.19252 1.723 5.90674
      vertex -6.89482 2.84716 5.70791
      vertex -7.31473 1.55479 5.70791
    endloop
  endfacet
  facet normal -0.904982 0.294054 0.307473
    outer loop
      vertex -7.19252 1.723 5.90674
      vertex -7.31473 1.55479 5.70791
      vertex -7.25154 1.54136 5.90674
    endloop
  endfacet
  facet normal -0.708498 0.230203 0.667111
    outer loop
      vertex -7.09703 1.68048 6.08778
      vertex -6.54932 2.91595 6.24314
      vertex -6.67712 2.97284 6.08778
    endloop
  endfacet
  facet normal -0.708511 0.230211 0.667094
    outer loop
      vertex -6.54932 2.91595 6.24314
      vertex -7.09703 1.68048 6.08778
      vertex -6.96924 1.62358 6.24314
    endloop
  endfacet
  facet normal -0.862464 0.0906482 0.497935
    outer loop
      vertex -7.2715 1.35143 5.90674
      vertex -7.29134 0.168203 6.08778
      vertex -7.1493 1.51963 6.08778
    endloop
  endfacet
  facet normal -0.862465 0.090648 0.497934
    outer loop
      vertex -7.29134 0.168203 6.08778
      vertex -7.2715 1.35143 5.90674
      vertex -7.41354 0 5.90674
    endloop
  endfacet
  facet normal -0.946332 -0.0994574 0.307512
    outer loop
      vertex -7.34155 -0.766051 5.88052
      vertex -7.41354 0 5.90674
      vertex -7.47815 0 5.70791
    endloop
  endfacet
  facet normal -0.946335 -0.0994573 0.307505
    outer loop
      vertex -7.41354 0 5.90674
      vertex -7.34155 -0.766051 5.88052
      vertex -7.33303 -0.766051 5.90674
    endloop
  endfacet
  facet normal -0.74088 0.0778747 0.667107
    outer loop
      vertex -7.29134 0.168203 6.08778
      vertex -7.30902 0 6.08778
      vertex -7.16913 0 6.24314
    endloop
  endfacet
  facet normal -0.586666 0.0616607 0.807478
    outer loop
      vertex -7.02709 1.35143 6.24314
      vertex -7 0 6.36602
      vertex -6.85796 1.35143 6.36602
    endloop
  endfacet
  facet normal -0.586666 0.0616607 0.807478
    outer loop
      vertex -7 0 6.36602
      vertex -7.02709 1.35143 6.24314
      vertex -7.16913 0 6.24314
    endloop
  endfacet
  facet normal -0.180983 0.104496 0.977919
    outer loop
      vertex -6.03884 3.08384 6.45106
      vertex -6.03354 2.6863 6.49452
      vertex -5.85203 3.00067 6.49452
    endloop
  endfacet
  facet normal -0.180983 0.104496 0.977919
    outer loop
      vertex -6.03354 2.6863 6.49452
      vertex -6.03884 3.08384 6.45106
      vertex -6.22035 2.76947 6.45106
    endloop
  endfacet
  facet normal -0.207836 -0.0218679 0.977919
    outer loop
      vertex -6.60453 0 6.49452
      vertex -6.80902 0 6.45106
      vertex -6.80226 -0.0642481 6.45106
    endloop
  endfacet
  facet normal 0.824073 0.475774 0.307478
    outer loop
      vertex 6.49562 3.49512 5.90674
      vertex 6.72938 3.21873 5.70791
      vertex 6.54788 3.5331 5.70791
    endloop
  endfacet
  facet normal 0.824072 0.475789 0.307457
    outer loop
      vertex 6.72938 3.21873 5.70791
      vertex 6.49562 3.49512 5.90674
      vertex 6.67712 3.18076 5.90674
    endloop
  endfacet
  facet normal 0.388642 0.126279 0.912694
    outer loop
      vertex 6.42712 2.74774 6.36602
      vertex 6.22035 2.76947 6.45106
      vertex 6.24031 2.70804 6.45106
    endloop
  endfacet
  facet normal 0.198754 0.0645798 0.977919
    outer loop
      vertex 6.22035 2.76947 6.45106
      vertex 6.03354 2.6863 6.49452
      vertex 6.24031 2.70804 6.45106
    endloop
  endfacet
  facet normal 0.751012 0.433607 0.497963
    outer loop
      vertex 6.49562 3.28721 6.08778
      vertex 6.67712 3.18076 5.90674
      vertex 6.49562 3.49512 5.90674
    endloop
  endfacet
  facet normal 0.751013 0.433594 0.497972
    outer loop
      vertex 6.67712 3.18076 5.90674
      vertex 6.49562 3.28721 6.08778
      vertex 6.67712 2.97284 6.08778
    endloop
  endfacet
  facet normal 0.353885 0.20432 0.912699
    outer loop
      vertex 6.21332 3.16152 6.36602
      vertex 6.22035 2.76947 6.45106
      vertex 6.39482 2.84716 6.36602
    endloop
  endfacet
  facet normal 0.353877 0.204321 0.912701
    outer loop
      vertex 6.22035 2.76947 6.45106
      vertex 6.21332 3.16152 6.36602
      vertex 6.03884 3.08384 6.45106
    endloop
  endfacet
  facet normal -0.406405 -0.0427608 0.912692
    outer loop
      vertex -6.80902 0 6.45106
      vertex -7 0 6.36602
      vertex -6.80226 -0.0642481 6.45106
    endloop
  endfacet
  facet normal 0.586666 0.0616607 0.807478
    outer loop
      vertex 7.02709 1.35143 6.24314
      vertex 7 0 6.36602
      vertex 7.16913 0 6.24314
    endloop
  endfacet
  facet normal 0.586666 0.0616607 0.807478
    outer loop
      vertex 7 0 6.36602
      vertex 7.02709 1.35143 6.24314
      vertex 6.85796 1.35143 6.36602
    endloop
  endfacet
  facet normal 0.406376 -0.0427117 0.912707
    outer loop
      vertex 6.80226 -0.0642481 6.45106
      vertex 6.72948 -0.756706 6.45106
      vertex 6.90541 -0.726542 6.37414
    endloop
  endfacet
  facet normal 0.406394 -0.0427147 0.912699
    outer loop
      vertex 6.80226 -0.0642481 6.45106
      vertex 6.92428 -0.72041 6.36602
      vertex 7 0 6.36602
    endloop
  endfacet
  facet normal 0.406578 -0.0426701 0.912619
    outer loop
      vertex 6.92428 -0.72041 6.36602
      vertex 6.80226 -0.0642481 6.45106
      vertex 6.90541 -0.726542 6.37414
    endloop
  endfacet
  facet normal 0.406393 0.0427133 0.912699
    outer loop
      vertex 6.85796 1.35143 6.36602
      vertex 6.80226 0.0642481 6.45106
      vertex 7 0 6.36602
    endloop
  endfacet
  facet normal 0.406392 0.0427135 0.9127
    outer loop
      vertex 6.80226 0.0642481 6.45106
      vertex 6.85796 1.35143 6.36602
      vertex 6.66022 1.41567 6.45106
    endloop
  endfacet
  facet normal 0.862463 -0.0906426 0.497937
    outer loop
      vertex 7.29134 -0.168203 6.08778
      vertex 7.33303 -0.766051 5.90674
      vertex 7.41354 0 5.90674
    endloop
  endfacet
  facet normal 0.862489 -0.0906279 0.497895
    outer loop
      vertex 7.33303 -0.766051 5.90674
      vertex 7.29134 -0.168203 6.08778
      vertex 7.31692 -0.788229 5.93061
    endloop
  endfacet
  facet normal 0.862467 -0.0906548 0.497929
    outer loop
      vertex 7.30902 0 6.08778
      vertex 7.29134 -0.168203 6.08778
      vertex 7.41354 0 5.90674
    endloop
  endfacet
  facet normal -0.751012 0.433607 0.497963
    outer loop
      vertex -6.67712 3.18076 5.90674
      vertex -6.49562 3.28721 6.08778
      vertex -6.49562 3.49512 5.90674
    endloop
  endfacet
  facet normal -0.751013 0.433594 0.497972
    outer loop
      vertex -6.49562 3.28721 6.08778
      vertex -6.67712 3.18076 5.90674
      vertex -6.67712 2.97284 6.08778
    endloop
  endfacet
  facet normal -0.862467 0.0906548 0.497929
    outer loop
      vertex -7.29134 0.168203 6.08778
      vertex -7.41354 0 5.90674
      vertex -7.30902 0 6.08778
    endloop
  endfacet
  facet normal -0.74088 -0.0778747 0.667107
    outer loop
      vertex -7.16913 0 6.24314
      vertex -7.30902 0 6.08778
      vertex -7.29134 -0.168203 6.08778
    endloop
  endfacet
  facet normal -0.740884 0.0778697 0.667103
    outer loop
      vertex -7.29134 0.168203 6.08778
      vertex -7.02709 1.35143 6.24314
      vertex -7.1493 1.51963 6.08778
    endloop
  endfacet
  facet normal -0.740884 0.0778695 0.667104
    outer loop
      vertex -7.02709 1.35143 6.24314
      vertex -7.29134 0.168203 6.08778
      vertex -7.16913 0 6.24314
    endloop
  endfacet
  facet normal 0.207836 0.0218679 0.977919
    outer loop
      vertex 6.80226 0.0642481 6.45106
      vertex 6.60453 0 6.49452
      vertex 6.80902 0 6.45106
    endloop
  endfacet
  facet normal 0.740884 -0.0778697 0.667104
    outer loop
      vertex 7.09635 -0.692458 6.24314
      vertex 7.29134 -0.168203 6.08778
      vertex 7.16913 0 6.24314
    endloop
  endfacet
  facet normal 0.740883 -0.0778696 0.667104
    outer loop
      vertex 7.29134 -0.168203 6.08778
      vertex 7.09635 -0.692458 6.24314
      vertex 7.21856 -0.860662 6.08778
    endloop
  endfacet
  facet normal 0.207844 0.0218453 0.977918
    outer loop
      vertex 6.46249 1.35143 6.49452
      vertex 6.80226 0.0642481 6.45106
      vertex 6.66022 1.41567 6.45106
    endloop
  endfacet
  facet normal 0.207843 0.021845 0.977918
    outer loop
      vertex 6.80226 0.0642481 6.45106
      vertex 6.46249 1.35143 6.49452
      vertex 6.60453 0 6.49452
    endloop
  endfacet
  facet normal -0.406392 0.0427135 0.9127
    outer loop
      vertex -6.85796 1.35143 6.36602
      vertex -6.80226 0.0642481 6.45106
      vertex -6.66022 1.41567 6.45106
    endloop
  endfacet
  facet normal -0.406393 0.0427133 0.912699
    outer loop
      vertex -6.80226 0.0642481 6.45106
      vertex -6.85796 1.35143 6.36602
      vertex -7 0 6.36602
    endloop
  endfacet
  facet normal 0.406405 -0.0427608 0.912692
    outer loop
      vertex 6.80902 0 6.45106
      vertex 6.80226 -0.0642481 6.45106
      vertex 7 0 6.36602
    endloop
  endfacet
  facet normal -0.586683 -0.0616626 0.807466
    outer loop
      vertex -6.94042 -0.72041 6.3543
      vertex -7.16913 0 6.24314
      vertex -7.09635 -0.692458 6.24314
    endloop
  endfacet
  facet normal -0.740884 -0.0778697 0.667104
    outer loop
      vertex -7.29134 -0.168203 6.08778
      vertex -7.09635 -0.692458 6.24314
      vertex -7.16913 0 6.24314
    endloop
  endfacet
  facet normal -0.740883 -0.0778696 0.667104
    outer loop
      vertex -7.09635 -0.692458 6.24314
      vertex -7.29134 -0.168203 6.08778
      vertex -7.21856 -0.860662 6.08778
    endloop
  endfacet
  facet normal -0.862467 -0.0906548 0.497929
    outer loop
      vertex -7.30902 0 6.08778
      vertex -7.41354 0 5.90674
      vertex -7.29134 -0.168203 6.08778
    endloop
  endfacet
  facet normal -0.862463 -0.0906426 0.497937
    outer loop
      vertex -7.33303 -0.766051 5.90674
      vertex -7.29134 -0.168203 6.08778
      vertex -7.41354 0 5.90674
    endloop
  endfacet
  facet normal -0.862489 -0.0906279 0.497895
    outer loop
      vertex -7.29134 -0.168203 6.08778
      vertex -7.33303 -0.766051 5.90674
      vertex -7.31692 -0.788229 5.93061
    endloop
  endfacet
  facet normal 0.207843 -0.0218451 0.977918
    outer loop
      vertex 6.53175 -0.692458 6.49452
      vertex 6.80226 -0.0642481 6.45106
      vertex 6.60453 0 6.49452
    endloop
  endfacet
  facet normal 0.207843 -0.0218451 0.977918
    outer loop
      vertex 6.80226 -0.0642481 6.45106
      vertex 6.53175 -0.692458 6.49452
      vertex 6.72948 -0.756706 6.45106
    endloop
  endfacet
  facet normal -0.406376 -0.0427117 0.912707
    outer loop
      vertex -6.80226 -0.0642481 6.45106
      vertex -6.90541 -0.726542 6.37414
      vertex -6.72948 -0.756706 6.45106
    endloop
  endfacet
  facet normal -0.207843 -0.0218451 0.977918
    outer loop
      vertex -6.80226 -0.0642481 6.45106
      vertex -6.53175 -0.692458 6.49452
      vertex -6.60453 0 6.49452
    endloop
  endfacet
  facet normal -0.207843 -0.0218451 0.977918
    outer loop
      vertex -6.53175 -0.692458 6.49452
      vertex -6.80226 -0.0642481 6.45106
      vertex -6.72948 -0.756706 6.45106
    endloop
  endfacet
  facet normal 0.994523 -0.10452 -1.39625e-06
    outer loop
      vertex 7.35796 -1.35143 5.5
      vertex 7.35846 -1.34666 4.57133
      vertex 7.41827 -0.777569 5.5
    endloop
  endfacet
  facet normal 0.994551 -0.104251 0
    outer loop
      vertex 7.35846 -1.34666 4.57133
      vertex 7.35796 -1.35143 5.5
      vertex 7.35796 -1.35143 4.42467
    endloop
  endfacet
  facet normal -0.945901 -0.307339 0.103996
    outer loop
      vertex -6.98762 -2.57176 5.67771
      vertex -7.31473 -1.55479 5.70791
      vertex -7.33611 -1.55934 5.5
    endloop
  endfacet
  facet normal -0.945887 -0.307338 0.104124
    outer loop
      vertex -7.31473 -1.55479 5.70791
      vertex -6.98762 -2.57176 5.67771
      vertex -6.98451 -2.5711 5.70791
    endloop
  endfacet
  facet normal 0.207826 -0.0219016 0.977921
    outer loop
      vertex 6.46249 -1.35143 6.49452
      vertex 6.4602 -1.37316 6.49452
      vertex 6.66022 -1.41567 6.45106
    endloop
  endfacet
  facet normal -0.198759 -0.0645632 0.977919
    outer loop
      vertex -6.4602 -1.37316 6.49452
      vertex -6.66022 -1.41567 6.45106
      vertex -6.45345 -1.39394 6.49452
    endloop
  endfacet
  facet normal 0.586655 -0.0616555 0.807487
    outer loop
      vertex 7.02709 -1.35143 6.24314
      vertex 6.84703 -1.45538 6.36602
      vertex 7.01247 -1.49054 6.24314
    endloop
  endfacet
  facet normal -0.561014 -0.182296 0.807485
    outer loop
      vertex -6.84703 -1.45538 6.36602
      vertex -7.01247 -1.49054 6.24314
      vertex -6.96924 -1.62358 6.24314
    endloop
  endfacet
  facet normal -0.951055 -0.309021 -1.48535e-06
    outer loop
      vertex -7.01296 -2.55388 5.5
      vertex -7.33611 -1.55934 5.5
      vertex -6.91619 -2.8517 4.79001
    endloop
  endfacet
  facet normal -0.946333 -0.0994514 0.307512
    outer loop
      vertex -7.2715 -1.35143 5.90674
      vertex -7.33611 -1.35143 5.70791
      vertex -7.25154 -1.54136 5.90674
    endloop
  endfacet
  facet normal 0.406594 -0.0427329 0.912609
    outer loop
      vertex 6.90541 -0.726542 6.37414
      vertex 6.85796 -1.35143 6.36602
      vertex 6.92428 -0.72041 6.36602
    endloop
  endfacet
  facet normal 0.406377 -0.0427177 0.912706
    outer loop
      vertex 6.72948 -0.756706 6.45106
      vertex 6.85796 -1.35143 6.36602
      vertex 6.90541 -0.726542 6.37414
    endloop
  endfacet
  facet normal 0.406392 -0.0427136 0.9127
    outer loop
      vertex 6.85796 -1.35143 6.36602
      vertex 6.72948 -0.756706 6.45106
      vertex 6.66022 -1.41567 6.45106
    endloop
  endfacet
  facet normal 0.198757 -0.0645784 0.977919
    outer loop
      vertex 6.45345 -1.39394 6.49452
      vertex 6.33708 -2.41022 6.45106
      vertex 6.66022 -1.41567 6.45106
    endloop
  endfacet
  facet normal 0.198745 -0.0645771 0.977921
    outer loop
      vertex 6.33708 -2.41022 6.45106
      vertex 6.45345 -1.39394 6.49452
      vertex 6.1303 -2.38848 6.49452
    endloop
  endfacet
  facet normal -0.994522 -0.104528 -0
    outer loop
      vertex -7.35796 -1.35143 5.5
      vertex -7.37641 -1.17589 4.85
      vertex -7.35796 -1.35143 4.85
    endloop
  endfacet
  facet normal -0.994523 -0.10452 2.44772e-06
    outer loop
      vertex -7.37641 -1.17589 4.85
      vertex -7.35796 -1.35143 5.5
      vertex -7.41827 -0.777569 5.5
    endloop
  endfacet
  facet normal -0.406396 -0.0427312 0.912697
    outer loop
      vertex -6.66022 -1.41567 6.45106
      vertex -6.85796 -1.35143 6.36602
      vertex -6.84703 -1.45538 6.36602
    endloop
  endfacet
  facet normal 0.862498 -0.0906584 0.497873
    outer loop
      vertex 7.31692 -0.788229 5.93061
      vertex 7.2715 -1.35143 5.90674
      vertex 7.33303 -0.766051 5.90674
    endloop
  endfacet
  facet normal 0.86245 -0.0906581 0.497957
    outer loop
      vertex 7.21856 -0.860662 6.08778
      vertex 7.2715 -1.35143 5.90674
      vertex 7.31692 -0.788229 5.93061
    endloop
  endfacet
  facet normal 0.862464 -0.0906482 0.497935
    outer loop
      vertex 7.2715 -1.35143 5.90674
      vertex 7.21856 -0.860662 6.08778
      vertex 7.1493 -1.51963 6.08778
    endloop
  endfacet
  facet normal -0.945902 -0.307347 0.103955
    outer loop
      vertex -6.98762 -2.57176 5.67771
      vertex -7.33611 -1.55934 5.5
      vertex -7.01296 -2.55388 5.5
    endloop
  endfacet
  facet normal -0.904982 -0.294047 0.30748
    outer loop
      vertex -6.98451 -2.5711 5.70791
      vertex -7.19252 -1.723 5.90674
      vertex -7.31473 -1.55479 5.70791
    endloop
  endfacet
  facet normal -0.904984 -0.294047 0.307476
    outer loop
      vertex -7.19252 -1.723 5.90674
      vertex -6.98451 -2.5711 5.70791
      vertex -6.96676 -2.59553 5.73679
    endloop
  endfacet
  facet normal -0.94634 -0.0994923 0.307476
    outer loop
      vertex -7.25154 -1.54136 5.90674
      vertex -7.33611 -1.35143 5.70791
      vertex -7.31473 -1.55479 5.70791
    endloop
  endfacet
  facet normal -0.824764 -0.267989 0.497941
    outer loop
      vertex -7.1493 -1.51963 6.08778
      vertex -7.25154 -1.54136 5.90674
      vertex -7.19252 -1.723 5.90674
    endloop
  endfacet
  facet normal 0.862461 -0.0906371 0.497943
    outer loop
      vertex 7.2715 -1.35143 5.90674
      vertex 7.1493 -1.51963 6.08778
      vertex 7.25154 -1.54136 5.90674
    endloop
  endfacet
  facet normal 0.824764 -0.267989 0.497941
    outer loop
      vertex 7.25154 -1.54136 5.90674
      vertex 7.1493 -1.51963 6.08778
      vertex 7.19252 -1.723 5.90674
    endloop
  endfacet
  facet normal 0.561021 -0.182289 0.807482
    outer loop
      vertex 6.52388 -2.44992 6.36602
      vertex 6.96924 -1.62358 6.24314
      vertex 6.84703 -1.45538 6.36602
    endloop
  endfacet
  facet normal 0.561015 -0.182286 0.807486
    outer loop
      vertex 6.96924 -1.62358 6.24314
      vertex 6.52388 -2.44992 6.36602
      vertex 6.64609 -2.61813 6.24314
    endloop
  endfacet
  facet normal 0.207843 -0.021845 0.977918
    outer loop
      vertex 6.46249 -1.35143 6.49452
      vertex 6.72948 -0.756706 6.45106
      vertex 6.53175 -0.692458 6.49452
    endloop
  endfacet
  facet normal 0.207844 -0.0218453 0.977918
    outer loop
      vertex 6.72948 -0.756706 6.45106
      vertex 6.46249 -1.35143 6.49452
      vertex 6.66022 -1.41567 6.45106
    endloop
  endfacet
  facet normal 0.406396 -0.0427312 0.912697
    outer loop
      vertex 6.85796 -1.35143 6.36602
      vertex 6.66022 -1.41567 6.45106
      vertex 6.84703 -1.45538 6.36602
    endloop
  endfacet
  facet normal -0.198745 -0.0645771 0.977921
    outer loop
      vertex -6.45345 -1.39394 6.49452
      vertex -6.33708 -2.41022 6.45106
      vertex -6.1303 -2.38848 6.49452
    endloop
  endfacet
  facet normal -0.198757 -0.0645784 0.977919
    outer loop
      vertex -6.33708 -2.41022 6.45106
      vertex -6.45345 -1.39394 6.49452
      vertex -6.66022 -1.41567 6.45106
    endloop
  endfacet
  facet normal -0.989135 -0.103954 0.103952
    outer loop
      vertex -7.33611 -1.35143 5.70791
      vertex -7.41529 -0.777569 5.52836
      vertex -7.35796 -1.35143 5.5
    endloop
  endfacet
  facet normal -0.989136 -0.103961 0.103929
    outer loop
      vertex -7.41529 -0.777569 5.52836
      vertex -7.33611 -1.35143 5.70791
      vertex -7.40537 -0.692458 5.70791
    endloop
  endfacet
  facet normal -0.989136 -0.103953 0.103936
    outer loop
      vertex -7.41827 -0.777569 5.5
      vertex -7.35796 -1.35143 5.5
      vertex -7.41529 -0.777569 5.52836
    endloop
  endfacet
  facet normal -0.388659 -0.12628 0.912687
    outer loop
      vertex -6.66022 -1.41567 6.45106
      vertex -6.52388 -2.44992 6.36602
      vertex -6.33708 -2.41022 6.45106
    endloop
  endfacet
  facet normal -0.388637 -0.126277 0.912697
    outer loop
      vertex -6.52388 -2.44992 6.36602
      vertex -6.66022 -1.41567 6.45106
      vertex -6.84703 -1.45538 6.36602
    endloop
  endfacet
  facet normal -0.862461 -0.0906371 0.497943
    outer loop
      vertex -7.1493 -1.51963 6.08778
      vertex -7.2715 -1.35143 5.90674
      vertex -7.25154 -1.54136 5.90674
    endloop
  endfacet
  facet normal 0.904992 -0.294045 0.307454
    outer loop
      vertex 7.19252 -1.723 5.90674
      vertex 6.86938 -2.71754 5.90674
      vertex 6.96676 -2.59553 5.73679
    endloop
  endfacet
  facet normal 0.198759 -0.0645632 0.977919
    outer loop
      vertex 6.4602 -1.37316 6.49452
      vertex 6.45345 -1.39394 6.49452
      vertex 6.66022 -1.41567 6.45106
    endloop
  endfacet
  facet normal 0.7085 -0.23022 0.667103
    outer loop
      vertex 7.01247 -1.49054 6.24314
      vertex 6.96924 -1.62358 6.24314
      vertex 7.1493 -1.51963 6.08778
    endloop
  endfacet
  facet normal 0.561014 -0.182296 0.807485
    outer loop
      vertex 7.01247 -1.49054 6.24314
      vertex 6.84703 -1.45538 6.36602
      vertex 6.96924 -1.62358 6.24314
    endloop
  endfacet
  facet normal -0.561021 -0.182289 0.807482
    outer loop
      vertex -6.96924 -1.62358 6.24314
      vertex -6.52388 -2.44992 6.36602
      vertex -6.84703 -1.45538 6.36602
    endloop
  endfacet
  facet normal -0.561015 -0.182286 0.807486
    outer loop
      vertex -6.52388 -2.44992 6.36602
      vertex -6.96924 -1.62358 6.24314
      vertex -6.64609 -2.61813 6.24314
    endloop
  endfacet
  facet normal -0.904982 -0.294054 0.307473
    outer loop
      vertex -7.25154 -1.54136 5.90674
      vertex -7.31473 -1.55479 5.70791
      vertex -7.19252 -1.723 5.90674
    endloop
  endfacet
  facet normal -0.406392 -0.0427136 0.9127
    outer loop
      vertex -6.72948 -0.756706 6.45106
      vertex -6.85796 -1.35143 6.36602
      vertex -6.66022 -1.41567 6.45106
    endloop
  endfacet
  facet normal -0.406377 -0.0427177 0.912706
    outer loop
      vertex -6.90541 -0.726542 6.37414
      vertex -6.85796 -1.35143 6.36602
      vertex -6.72948 -0.756706 6.45106
    endloop
  endfacet
  facet normal -0.406594 -0.0427329 0.912609
    outer loop
      vertex -6.85796 -1.35143 6.36602
      vertex -6.90541 -0.726542 6.37414
      vertex -6.92428 -0.72041 6.36602
    endloop
  endfacet
  facet normal -0.586665 -0.0616859 0.807477
    outer loop
      vertex -6.85796 -1.35143 6.36602
      vertex -7.02709 -1.35143 6.24314
      vertex -6.84703 -1.45538 6.36602
    endloop
  endfacet
  facet normal 0.740887 -0.0778648 0.6671
    outer loop
      vertex 7.02709 -1.35143 6.24314
      vertex 7.01247 -1.49054 6.24314
      vertex 7.1493 -1.51963 6.08778
    endloop
  endfacet
  facet normal -0.862498 -0.0906584 0.497873
    outer loop
      vertex -7.2715 -1.35143 5.90674
      vertex -7.31692 -0.788229 5.93061
      vertex -7.33303 -0.766051 5.90674
    endloop
  endfacet
  facet normal -0.86245 -0.0906581 0.497957
    outer loop
      vertex -7.2715 -1.35143 5.90674
      vertex -7.21856 -0.860662 6.08778
      vertex -7.31692 -0.788229 5.93061
    endloop
  endfacet
  facet normal -0.862464 -0.0906482 0.497935
    outer loop
      vertex -7.21856 -0.860662 6.08778
      vertex -7.2715 -1.35143 5.90674
      vertex -7.1493 -1.51963 6.08778
    endloop
  endfacet
  facet normal 0.586683 -0.0616622 0.807466
    outer loop
      vertex 6.94042 -0.72041 6.3543
      vertex 7.02709 -1.35143 6.24314
      vertex 7.09635 -0.692458 6.24314
    endloop
  endfacet
  facet normal 0.586458 -0.0616366 0.807631
    outer loop
      vertex 6.85796 -1.35143 6.36602
      vertex 6.94042 -0.72041 6.3543
      vertex 6.92428 -0.72041 6.36602
    endloop
  endfacet
  facet normal 0.586666 -0.0616666 0.807478
    outer loop
      vertex 6.94042 -0.72041 6.3543
      vertex 6.85796 -1.35143 6.36602
      vertex 7.02709 -1.35143 6.24314
    endloop
  endfacet
  facet normal 0.586665 -0.0616859 0.807477
    outer loop
      vertex 6.85796 -1.35143 6.36602
      vertex 6.84703 -1.45538 6.36602
      vertex 7.02709 -1.35143 6.24314
    endloop
  endfacet
  facet normal 0.945887 -0.307338 0.104124
    outer loop
      vertex 6.98762 -2.57176 5.67771
      vertex 7.31473 -1.55479 5.70791
      vertex 6.98451 -2.5711 5.70791
    endloop
  endfacet
  facet normal 0.945901 -0.307339 0.103996
    outer loop
      vertex 7.31473 -1.55479 5.70791
      vertex 6.98762 -2.57176 5.67771
      vertex 7.33611 -1.55934 5.5
    endloop
  endfacet
  facet normal 0.989127 -0.103991 0.103991
    outer loop
      vertex 7.33611 -1.35143 5.70791
      vertex 7.31473 -1.55479 5.70791
      vertex 7.33611 -1.55934 5.5
    endloop
  endfacet
  facet normal 0.989136 -0.103961 0.103929
    outer loop
      vertex 7.33611 -1.35143 5.70791
      vertex 7.41529 -0.777569 5.52836
      vertex 7.40537 -0.692458 5.70791
    endloop
  endfacet
  facet normal 0.989135 -0.103954 0.103952
    outer loop
      vertex 7.35796 -1.35143 5.5
      vertex 7.41529 -0.777569 5.52836
      vertex 7.33611 -1.35143 5.70791
    endloop
  endfacet
  facet normal 0.989136 -0.103953 0.103936
    outer loop
      vertex 7.41529 -0.777569 5.52836
      vertex 7.35796 -1.35143 5.5
      vertex 7.41827 -0.777569 5.5
    endloop
  endfacet
  facet normal 0.824746 -0.26801 0.497961
    outer loop
      vertex 7.1493 -1.51963 6.08778
      vertex 7.09703 -1.68048 6.08778
      vertex 7.19252 -1.723 5.90674
    endloop
  endfacet
  facet normal -0.989127 -0.103991 0.103991
    outer loop
      vertex -7.33611 -1.35143 5.70791
      vertex -7.33611 -1.55934 5.5
      vertex -7.31473 -1.55479 5.70791
    endloop
  endfacet
  facet normal -0.989135 -0.103952 0.103952
    outer loop
      vertex -7.33611 -1.35143 5.70791
      vertex -7.35796 -1.35143 5.5
      vertex -7.33611 -1.55934 5.5
    endloop
  endfacet
  facet normal -0.824746 -0.26801 0.497961
    outer loop
      vertex -7.1493 -1.51963 6.08778
      vertex -7.19252 -1.723 5.90674
      vertex -7.09703 -1.68048 6.08778
    endloop
  endfacet
  facet normal -0.708502 -0.230236 0.667095
    outer loop
      vertex -6.96924 -1.62358 6.24314
      vertex -7.1493 -1.51963 6.08778
      vertex -7.09703 -1.68048 6.08778
    endloop
  endfacet
  facet normal -0.586655 -0.0616555 0.807487
    outer loop
      vertex -6.84703 -1.45538 6.36602
      vertex -7.02709 -1.35143 6.24314
      vertex -7.01247 -1.49054 6.24314
    endloop
  endfacet
  facet normal -0.740887 -0.0778648 0.6671
    outer loop
      vertex -7.02709 -1.35143 6.24314
      vertex -7.1493 -1.51963 6.08778
      vertex -7.01247 -1.49054 6.24314
    endloop
  endfacet
  facet normal -0.708512 -0.23021 0.667094
    outer loop
      vertex -7.09703 -1.68048 6.08778
      vertex -6.64609 -2.61813 6.24314
      vertex -6.96924 -1.62358 6.24314
    endloop
  endfacet
  facet normal -0.708492 -0.230197 0.667119
    outer loop
      vertex -7.09703 -1.68048 6.08778
      vertex -6.73901 -2.64064 6.13669
      vertex -6.64609 -2.61813 6.24314
    endloop
  endfacet
  facet normal -0.708523 -0.23021 0.667082
    outer loop
      vertex -6.73901 -2.64064 6.13669
      vertex -7.09703 -1.68048 6.08778
      vertex -6.77924 -2.65855 6.08778
    endloop
  endfacet
  facet normal -0.207843 -0.021845 0.977918
    outer loop
      vertex -6.72948 -0.756706 6.45106
      vertex -6.46249 -1.35143 6.49452
      vertex -6.53175 -0.692458 6.49452
    endloop
  endfacet
  facet normal -0.207844 -0.0218453 0.977918
    outer loop
      vertex -6.46249 -1.35143 6.49452
      vertex -6.72948 -0.756706 6.45106
      vertex -6.66022 -1.41567 6.45106
    endloop
  endfacet
  facet normal -0.207826 -0.0219016 0.977921
    outer loop
      vertex -6.46249 -1.35143 6.49452
      vertex -6.66022 -1.41567 6.45106
      vertex -6.4602 -1.37316 6.49452
    endloop
  endfacet
  facet normal 0.708512 -0.23021 0.667094
    outer loop
      vertex 6.64609 -2.61813 6.24314
      vertex 7.09703 -1.68048 6.08778
      vertex 6.96924 -1.62358 6.24314
    endloop
  endfacet
  facet normal 0.708492 -0.230197 0.667119
    outer loop
      vertex 6.73901 -2.64064 6.13669
      vertex 7.09703 -1.68048 6.08778
      vertex 6.64609 -2.61813 6.24314
    endloop
  endfacet
  facet normal 0.708523 -0.23021 0.667082
    outer loop
      vertex 7.09703 -1.68048 6.08778
      vertex 6.73901 -2.64064 6.13669
      vertex 6.77924 -2.65855 6.08778
    endloop
  endfacet
  facet normal 0.94634 -0.0994923 0.307476
    outer loop
      vertex 7.33611 -1.35143 5.70791
      vertex 7.25154 -1.54136 5.90674
      vertex 7.31473 -1.55479 5.70791
    endloop
  endfacet
  facet normal 0.708502 -0.230236 0.667095
    outer loop
      vertex 7.1493 -1.51963 6.08778
      vertex 6.96924 -1.62358 6.24314
      vertex 7.09703 -1.68048 6.08778
    endloop
  endfacet
  facet normal 0.824758 -0.267977 0.497959
    outer loop
      vertex 6.77924 -2.65855 6.08778
      vertex 7.19252 -1.723 5.90674
      vertex 7.09703 -1.68048 6.08778
    endloop
  endfacet
  facet normal 0.824747 -0.267967 0.497982
    outer loop
      vertex 6.8093 -2.67194 6.03079
      vertex 7.19252 -1.723 5.90674
      vertex 6.77924 -2.65855 6.08778
    endloop
  endfacet
  facet normal 0.82476 -0.267976 0.497955
    outer loop
      vertex 7.19252 -1.723 5.90674
      vertex 6.8093 -2.67194 6.03079
      vertex 6.86938 -2.71754 5.90674
    endloop
  endfacet
  facet normal 0.989135 -0.103952 0.103952
    outer loop
      vertex 7.33611 -1.35143 5.70791
      vertex 7.33611 -1.55934 5.5
      vertex 7.35796 -1.35143 5.5
    endloop
  endfacet
  facet normal 0.904982 -0.294047 0.30748
    outer loop
      vertex 7.19252 -1.723 5.90674
      vertex 6.98451 -2.5711 5.70791
      vertex 7.31473 -1.55479 5.70791
    endloop
  endfacet
  facet normal 0.904984 -0.294047 0.307476
    outer loop
      vertex 6.98451 -2.5711 5.70791
      vertex 7.19252 -1.723 5.90674
      vertex 6.96676 -2.59553 5.73679
    endloop
  endfacet
  facet normal 0.904982 -0.294054 0.307473
    outer loop
      vertex 7.25154 -1.54136 5.90674
      vertex 7.19252 -1.723 5.90674
      vertex 7.31473 -1.55479 5.70791
    endloop
  endfacet
  facet normal 0.951055 -0.309021 -1.48535e-06
    outer loop
      vertex 7.01296 -2.55388 5.5
      vertex 6.91619 -2.8517 4.79001
      vertex 7.33611 -1.55934 5.5
    endloop
  endfacet
  facet normal 0.945902 -0.307347 0.103955
    outer loop
      vertex 7.33611 -1.55934 5.5
      vertex 6.98762 -2.57176 5.67771
      vertex 7.01296 -2.55388 5.5
    endloop
  endfacet
  facet normal 0.388637 -0.126277 0.912697
    outer loop
      vertex 6.66022 -1.41567 6.45106
      vertex 6.52388 -2.44992 6.36602
      vertex 6.84703 -1.45538 6.36602
    endloop
  endfacet
  facet normal 0.388659 -0.12628 0.912687
    outer loop
      vertex 6.52388 -2.44992 6.36602
      vertex 6.66022 -1.41567 6.45106
      vertex 6.33708 -2.41022 6.45106
    endloop
  endfacet
  facet normal -0.7085 -0.23022 0.667103
    outer loop
      vertex -7.01247 -1.49054 6.24314
      vertex -7.1493 -1.51963 6.08778
      vertex -6.96924 -1.62358 6.24314
    endloop
  endfacet
  facet normal -0.904992 -0.294045 0.307454
    outer loop
      vertex -6.86938 -2.71754 5.90674
      vertex -7.19252 -1.723 5.90674
      vertex -6.96676 -2.59553 5.73679
    endloop
  endfacet
  facet normal -0.824758 -0.267977 0.497959
    outer loop
      vertex -7.19252 -1.723 5.90674
      vertex -6.77924 -2.65855 6.08778
      vertex -7.09703 -1.68048 6.08778
    endloop
  endfacet
  facet normal -0.824747 -0.267967 0.497982
    outer loop
      vertex -7.19252 -1.723 5.90674
      vertex -6.8093 -2.67194 6.03079
      vertex -6.77924 -2.65855 6.08778
    endloop
  endfacet
  facet normal -0.82476 -0.267976 0.497955
    outer loop
      vertex -6.8093 -2.67194 6.03079
      vertex -7.19252 -1.723 5.90674
      vertex -6.86938 -2.71754 5.90674
    endloop
  endfacet
  facet normal 0.946333 -0.0994514 0.307512
    outer loop
      vertex 7.2715 -1.35143 5.90674
      vertex 7.25154 -1.54136 5.90674
      vertex 7.33611 -1.35143 5.70791
    endloop
  endfacet
  facet normal 0.946333 -0.0994704 0.307504
    outer loop
      vertex 7.33303 -0.766051 5.90674
      vertex 7.2715 -1.35143 5.90674
      vertex 7.34155 -0.766051 5.88052
    endloop
  endfacet
  facet normal 0.946331 -0.0994698 0.307511
    outer loop
      vertex 7.33611 -1.35143 5.70791
      vertex 7.34155 -0.766051 5.88052
      vertex 7.2715 -1.35143 5.90674
    endloop
  endfacet
  facet normal 0.946339 -0.0994632 0.307488
    outer loop
      vertex 7.34155 -0.766051 5.88052
      vertex 7.33611 -1.35143 5.70791
      vertex 7.40537 -0.692458 5.70791
    endloop
  endfacet
  facet normal 0.740884 -0.0778692 0.667104
    outer loop
      vertex 7.02709 -1.35143 6.24314
      vertex 7.21856 -0.860662 6.08778
      vertex 7.09635 -0.692458 6.24314
    endloop
  endfacet
  facet normal 0.740884 -0.0778697 0.667103
    outer loop
      vertex 7.21856 -0.860662 6.08778
      vertex 7.02709 -1.35143 6.24314
      vertex 7.1493 -1.51963 6.08778
    endloop
  endfacet
  facet normal -0.946339 -0.0994632 0.307488
    outer loop
      vertex -7.33611 -1.35143 5.70791
      vertex -7.34155 -0.766051 5.88052
      vertex -7.40537 -0.692458 5.70791
    endloop
  endfacet
  facet normal -0.946331 -0.0994698 0.307511
    outer loop
      vertex -7.2715 -1.35143 5.90674
      vertex -7.34155 -0.766051 5.88052
      vertex -7.33611 -1.35143 5.70791
    endloop
  endfacet
  facet normal -0.946333 -0.0994704 0.307504
    outer loop
      vertex -7.34155 -0.766051 5.88052
      vertex -7.2715 -1.35143 5.90674
      vertex -7.33303 -0.766051 5.90674
    endloop
  endfacet
  facet normal -0.586458 -0.0616366 0.807631
    outer loop
      vertex -6.94042 -0.72041 6.3543
      vertex -6.85796 -1.35143 6.36602
      vertex -6.92428 -0.72041 6.36602
    endloop
  endfacet
  facet normal -0.586666 -0.0616666 0.807478
    outer loop
      vertex -6.94042 -0.72041 6.3543
      vertex -7.02709 -1.35143 6.24314
      vertex -6.85796 -1.35143 6.36602
    endloop
  endfacet
  facet normal -0.586683 -0.0616622 0.807466
    outer loop
      vertex -7.02709 -1.35143 6.24314
      vertex -6.94042 -0.72041 6.3543
      vertex -7.09635 -0.692458 6.24314
    endloop
  endfacet
  facet normal -0.740884 -0.0778692 0.667104
    outer loop
      vertex -7.21856 -0.860662 6.08778
      vertex -7.02709 -1.35143 6.24314
      vertex -7.09635 -0.692458 6.24314
    endloop
  endfacet
  facet normal -0.740884 -0.0778697 0.667103
    outer loop
      vertex -7.02709 -1.35143 6.24314
      vertex -7.21856 -0.860662 6.08778
      vertex -7.1493 -1.51963 6.08778
    endloop
  endfacet
  facet normal -0.19781 -0.93078 0.30744
    outer loop
      vertex -0.981699 -7.39466 5.70791
      vertex -0.943471 -7.33711 5.90674
      vertex -1.02261 -7.34878 5.82049
    endloop
  endfacet
  facet normal -0.197814 -0.930779 0.30744
    outer loop
      vertex -0.943471 -7.33711 5.90674
      vertex -0.981699 -7.39466 5.70791
      vertex -0.774926 -7.37293 5.90674
    endloop
  endfacet
  facet normal -0.0435092 -0.204407 0.977919
    outer loop
      vertex -0.711736 -6.5638 6.49452
      vertex -0.711736 -6.77172 6.45106
      vertex -0.69036 -6.56835 6.49452
    endloop
  endfacet
  facet normal 0.406768 -0.913532 0
    outer loop
      vertex 2.31763 -7.13292 4.47716
      vertex 2.31763 -7.13292 4.41132
      vertex 2.36879 -7.11014 4.38855
    endloop
  endfacet
  facet normal -0.122656 -0.577001 0.807481
    outer loop
      vertex -0.833942 -6.93992 6.36602
      vertex -0.924751 -7.09258 6.24314
      vertex -0.749377 -7.12986 6.24314
    endloop
  endfacet
  facet normal -0.122572 -0.577039 0.807466
    outer loop
      vertex -0.924751 -7.09258 6.24314
      vertex -0.833942 -6.93992 6.36602
      vertex -0.944568 -7.04807 6.27194
    endloop
  endfacet
  facet normal -0.406768 -0.913532 -0
    outer loop
      vertex -2.31763 -7.13292 4.47716
      vertex -2.36879 -7.11014 4.38855
      vertex -2.31763 -7.13292 4.41132
    endloop
  endfacet
  facet normal -0.0849304 -0.399705 0.912701
    outer loop
      vertex -0.8663 -6.74777 6.44716
      vertex -0.774926 -6.75828 6.45106
      vertex -0.863592 -6.73944 6.45106
    endloop
  endfacet
  facet normal -0.084931 -0.399711 0.912698
    outer loop
      vertex -0.774926 -6.75828 6.45106
      vertex -0.8663 -6.74777 6.44716
      vertex -0.833942 -6.93992 6.36602
    endloop
  endfacet
  facet normal -0.0849532 -0.399714 0.912695
    outer loop
      vertex -0.833942 -6.93992 6.36602
      vertex -0.8663 -6.74777 6.44716
      vertex -0.926162 -6.92032 6.36602
    endloop
  endfacet
  facet normal -0.154884 -0.728714 0.667073
    outer loop
      vertex -0.966945 -7.11694 6.20674
      vertex -1.02165 -7.21421 6.08778
      vertex -0.929434 -7.23381 6.08778
    endloop
  endfacet
  facet normal 0.197814 -0.930779 0.30744
    outer loop
      vertex 0.981699 -7.39466 5.70791
      vertex 0.943471 -7.33711 5.90674
      vertex 0.774926 -7.37293 5.90674
    endloop
  endfacet
  facet normal 0.19781 -0.93078 0.30744
    outer loop
      vertex 0.943471 -7.33711 5.90674
      vertex 0.981699 -7.39466 5.70791
      vertex 1.02261 -7.34878 5.82049
    endloop
  endfacet
  facet normal -0.206761 -0.972853 0.103951
    outer loop
      vertex -0.781678 -7.43718 5.70791
      vertex -0.988451 -7.41545 5.5
      vertex -0.783963 -7.45891 5.5
    endloop
  endfacet
  facet normal 0.206804 -0.97284 0.103995
    outer loop
      vertex 0.981699 -7.39466 5.70791
      vertex 0.781678 -7.43718 5.70791
      vertex 0.988451 -7.41545 5.5
    endloop
  endfacet
  facet normal 0.207888 -0.978153 0
    outer loop
      vertex 0.783963 -7.45891 4.91706
      vertex 0.988451 -7.41545 5.5
      vertex 0.783963 -7.45891 5.5
    endloop
  endfacet
  facet normal 0.207888 -0.978153 0
    outer loop
      vertex 0.988451 -7.41545 5.5
      vertex 0.783963 -7.45891 4.91706
      vertex 0.988451 -7.41545 4.8736
    endloop
  endfacet
  facet normal 0.122572 -0.577039 0.807466
    outer loop
      vertex 0.833942 -6.93992 6.36602
      vertex 0.924751 -7.09258 6.24314
      vertex 0.944568 -7.04807 6.27194
    endloop
  endfacet
  facet normal 0.122656 -0.577001 0.807481
    outer loop
      vertex 0.924751 -7.09258 6.24314
      vertex 0.833942 -6.93992 6.36602
      vertex 0.749377 -7.12986 6.24314
    endloop
  endfacet
  facet normal 0 -0.208981 0.97792
    outer loop
      vertex -0.69036 -6.56835 6.49452
      vertex 0.711736 -6.77172 6.45106
      vertex 0.69036 -6.56835 6.49452
    endloop
  endfacet
  facet normal 0 -0.208981 0.97792
    outer loop
      vertex 0.711736 -6.77172 6.45106
      vertex -0.69036 -6.56835 6.49452
      vertex -0.711736 -6.77172 6.45106
    endloop
  endfacet
  facet normal 0.197801 -0.930781 0.307443
    outer loop
      vertex 0.981699 -7.39466 5.70791
      vertex 1.05095 -7.37049 5.73653
      vertex 1.02261 -7.34878 5.82049
    endloop
  endfacet
  facet normal 0.197811 -0.930785 0.307424
    outer loop
      vertex 1.05095 -7.37049 5.73653
      vertex 0.981699 -7.39466 5.70791
      vertex 1.06235 -7.37752 5.70791
    endloop
  endfacet
  facet normal -0.206804 -0.97284 0.103995
    outer loop
      vertex -0.981699 -7.39466 5.70791
      vertex -0.988451 -7.41545 5.5
      vertex -0.781678 -7.43718 5.70791
    endloop
  endfacet
  facet normal -0.180333 -0.848256 0.497937
    outer loop
      vertex -0.764 -7.26898 6.08778
      vertex -0.929434 -7.23381 6.08778
      vertex -0.774926 -7.37293 5.90674
    endloop
  endfacet
  facet normal 0.0435092 -0.204407 0.977919
    outer loop
      vertex 0.711736 -6.5638 6.49452
      vertex 0.69036 -6.56835 6.49452
      vertex 0.711736 -6.77172 6.45106
    endloop
  endfacet
  facet normal 0.180293 -0.848259 0.497947
    outer loop
      vertex 1.02165 -7.21421 6.08778
      vertex 0.929434 -7.23381 6.08778
      vertex 1.00465 -7.28202 5.97842
    endloop
  endfacet
  facet normal 0.206761 -0.972853 0.103951
    outer loop
      vertex 0.988451 -7.41545 5.5
      vertex 0.781678 -7.43718 5.70791
      vertex 0.783963 -7.45891 5.5
    endloop
  endfacet
  facet normal 0 -0.74497 0.667098
    outer loop
      vertex -0.764 -7.26898 6.08778
      vertex 0.749377 -7.12986 6.24314
      vertex -0.749377 -7.12986 6.24314
    endloop
  endfacet
  facet normal 0 -0.74497 0.667098
    outer loop
      vertex 0.749377 -7.12986 6.24314
      vertex -0.764 -7.26898 6.08778
      vertex 0.764 -7.26898 6.08778
    endloop
  endfacet
  facet normal 0.206748 -0.972836 0.104138
    outer loop
      vertex 0.981699 -7.39466 5.70791
      vertex 1.06324 -7.38025 5.68064
      vertex 1.06235 -7.37752 5.70791
    endloop
  endfacet
  facet normal 0.206704 -0.972861 0.103994
    outer loop
      vertex 0.988451 -7.41545 5.5
      vertex 1.06324 -7.38025 5.68064
      vertex 0.981699 -7.39466 5.70791
    endloop
  endfacet
  facet normal 0.206767 -0.972851 0.103966
    outer loop
      vertex 1.06324 -7.38025 5.68064
      vertex 0.988451 -7.41545 5.5
      vertex 1.08067 -7.39585 5.5
    endloop
  endfacet
  facet normal 0.207894 -0.978151 -2.82651e-05
    outer loop
      vertex 1.08067 -7.39585 5.5
      vertex 0.988451 -7.41545 5.5
      vertex 2.31763 -7.13292 4.47716
    endloop
  endfacet
  facet normal 0 -0.994583 0.10395
    outer loop
      vertex -0.783963 -7.45891 5.5
      vertex 0.781678 -7.43718 5.70791
      vertex -0.781678 -7.43718 5.70791
    endloop
  endfacet
  facet normal 0 -0.994583 0.10395
    outer loop
      vertex 0.781678 -7.43718 5.70791
      vertex -0.783963 -7.45891 5.5
      vertex 0.783963 -7.45891 5.5
    endloop
  endfacet
  facet normal -0.206748 -0.972836 0.104138
    outer loop
      vertex -1.06324 -7.38025 5.68064
      vertex -0.981699 -7.39466 5.70791
      vertex -1.06235 -7.37752 5.70791
    endloop
  endfacet
  facet normal -0.206767 -0.972851 0.103966
    outer loop
      vertex -0.988451 -7.41545 5.5
      vertex -1.06324 -7.38025 5.68064
      vertex -1.08067 -7.39585 5.5
    endloop
  endfacet
  facet normal -0.206704 -0.972861 0.103994
    outer loop
      vertex -1.06324 -7.38025 5.68064
      vertex -0.988451 -7.41545 5.5
      vertex -0.981699 -7.39466 5.70791
    endloop
  endfacet
  facet normal -0.122632 -0.576996 0.807488
    outer loop
      vertex -0.926162 -6.92032 6.36602
      vertex -0.944568 -7.04807 6.27194
      vertex -0.833942 -6.93992 6.36602
    endloop
  endfacet
  facet normal 0.154913 -0.728686 0.667097
    outer loop
      vertex 0.929434 -7.23381 6.08778
      vertex 0.749377 -7.12986 6.24314
      vertex 0.764 -7.26898 6.08778
    endloop
  endfacet
  facet normal -0.154786 -0.72871 0.6671
    outer loop
      vertex -0.929434 -7.23381 6.08778
      vertex -0.924751 -7.09258 6.24314
      vertex -0.966945 -7.11694 6.20674
    endloop
  endfacet
  facet normal -0.154902 -0.728695 0.66709
    outer loop
      vertex -0.924751 -7.09258 6.24314
      vertex -0.929434 -7.23381 6.08778
      vertex -0.749377 -7.12986 6.24314
    endloop
  endfacet
  facet normal 0.20792 -0.978146 0
    outer loop
      vertex 1.54508 -7.29713 4.75528
      vertex 0.988451 -7.41545 5.5
      vertex 0.988451 -7.41545 4.8736
    endloop
  endfacet
  facet normal 0.207862 -0.978158 -4.49964e-05
    outer loop
      vertex 1.73607 -7.25654 4.67025
      vertex 0.988451 -7.41545 5.5
      vertex 1.54508 -7.29713 4.75528
    endloop
  endfacet
  facet normal 0.207925 -0.978145 1.43491e-05
    outer loop
      vertex 1.73607 -7.25654 4.67025
      vertex 2.31763 -7.13292 4.47716
      vertex 0.988451 -7.41545 5.5
    endloop
  endfacet
  facet normal 0.207921 -0.978146 0
    outer loop
      vertex 2.31763 -7.13292 4.47716
      vertex 1.73607 -7.25654 4.67025
      vertex 2.31763 -7.13292 4.41132
    endloop
  endfacet
  facet normal 0 -0.867212 0.497938
    outer loop
      vertex -0.774926 -7.37293 5.90674
      vertex 0.764 -7.26898 6.08778
      vertex -0.764 -7.26898 6.08778
    endloop
  endfacet
  facet normal 0 -0.867212 0.497938
    outer loop
      vertex 0.764 -7.26898 6.08778
      vertex -0.774926 -7.37293 5.90674
      vertex 0.774926 -7.37293 5.90674
    endloop
  endfacet
  facet normal 0 -0.951553 0.307485
    outer loop
      vertex -0.781678 -7.43718 5.70791
      vertex 0.774926 -7.37293 5.90674
      vertex -0.774926 -7.37293 5.90674
    endloop
  endfacet
  facet normal 0 -0.951553 0.307485
    outer loop
      vertex 0.774926 -7.37293 5.90674
      vertex -0.781678 -7.43718 5.70791
      vertex 0.781678 -7.43718 5.70791
    endloop
  endfacet
  facet normal 0.0849532 -0.399714 0.912695
    outer loop
      vertex 0.8663 -6.74777 6.44716
      vertex 0.833942 -6.93992 6.36602
      vertex 0.926162 -6.92032 6.36602
    endloop
  endfacet
  facet normal 0.0849304 -0.399705 0.912701
    outer loop
      vertex 0.774926 -6.75828 6.45106
      vertex 0.8663 -6.74777 6.44716
      vertex 0.863592 -6.73944 6.45106
    endloop
  endfacet
  facet normal 0.084931 -0.399711 0.912698
    outer loop
      vertex 0.8663 -6.74777 6.44716
      vertex 0.774926 -6.75828 6.45106
      vertex 0.833942 -6.93992 6.36602
    endloop
  endfacet
  facet normal -0.207894 -0.978151 -2.82651e-05
    outer loop
      vertex -1.08067 -7.39585 5.5
      vertex -2.31763 -7.13292 4.47716
      vertex -0.988451 -7.41545 5.5
    endloop
  endfacet
  facet normal -0.20792 -0.978146 -0
    outer loop
      vertex -0.988451 -7.41545 5.5
      vertex -1.54508 -7.29713 4.75528
      vertex -0.988451 -7.41545 4.8736
    endloop
  endfacet
  facet normal -0.207862 -0.978158 -4.49964e-05
    outer loop
      vertex -0.988451 -7.41545 5.5
      vertex -1.73607 -7.25654 4.67025
      vertex -1.54508 -7.29713 4.75528
    endloop
  endfacet
  facet normal -0.207925 -0.978145 1.43491e-05
    outer loop
      vertex -2.31763 -7.13292 4.47716
      vertex -1.73607 -7.25654 4.67025
      vertex -0.988451 -7.41545 5.5
    endloop
  endfacet
  facet normal -0.207921 -0.978146 0
    outer loop
      vertex -1.73607 -7.25654 4.67025
      vertex -2.31763 -7.13292 4.47716
      vertex -2.31763 -7.13292 4.41132
    endloop
  endfacet
  facet normal -0.207888 -0.978153 0
    outer loop
      vertex -0.988451 -7.41545 5.5
      vertex -0.783963 -7.45891 4.91706
      vertex -0.783963 -7.45891 5.5
    endloop
  endfacet
  facet normal -0.207888 -0.978153 0
    outer loop
      vertex -0.783963 -7.45891 4.91706
      vertex -0.988451 -7.41545 5.5
      vertex -0.988451 -7.41545 4.8736
    endloop
  endfacet
  facet normal 0 -1 0
    outer loop
      vertex -0.783963 -7.45891 5.5
      vertex -0.522642 -7.45891 4.97261
      vertex 0.783963 -7.45891 5.5
    endloop
  endfacet
  facet normal 0 -1 0
    outer loop
      vertex -0.783963 -7.45891 5.5
      vertex -0.72713 -7.45891 4.92914
      vertex -0.522642 -7.45891 4.97261
    endloop
  endfacet
  facet normal -0 -1 0
    outer loop
      vertex -0.72713 -7.45891 4.92914
      vertex -0.783963 -7.45891 5.5
      vertex -0.783963 -7.45891 4.91706
    endloop
  endfacet
  facet normal 0 -1 0
    outer loop
      vertex 0.522642 -7.45891 4.97261
      vertex 0.783963 -7.45891 5.5
      vertex -0.522642 -7.45891 4.97261
    endloop
  endfacet
  facet normal 0 -1 0
    outer loop
      vertex 0.72713 -7.45891 4.92914
      vertex 0.783963 -7.45891 5.5
      vertex 0.522642 -7.45891 4.97261
    endloop
  endfacet
  facet normal 0 -1 -0
    outer loop
      vertex 0.783963 -7.45891 5.5
      vertex 0.72713 -7.45891 4.92914
      vertex 0.783963 -7.45891 4.91706
    endloop
  endfacet
  facet normal -0.197801 -0.930781 0.307443
    outer loop
      vertex -1.05095 -7.37049 5.73653
      vertex -0.981699 -7.39466 5.70791
      vertex -1.02261 -7.34878 5.82049
    endloop
  endfacet
  facet normal -0.197811 -0.930785 0.307424
    outer loop
      vertex -0.981699 -7.39466 5.70791
      vertex -1.05095 -7.37049 5.73653
      vertex -1.06235 -7.37752 5.70791
    endloop
  endfacet
  facet normal -0.180293 -0.848259 0.497947
    outer loop
      vertex -0.929434 -7.23381 6.08778
      vertex -1.02165 -7.21421 6.08778
      vertex -1.00465 -7.28202 5.97842
    endloop
  endfacet
  facet normal 0 -0.408652 0.91269
    outer loop
      vertex -0.711736 -6.77172 6.45106
      vertex 0.731699 -6.96165 6.36602
      vertex 0.711736 -6.77172 6.45106
    endloop
  endfacet
  facet normal 0 -0.408652 0.91269
    outer loop
      vertex 0.731699 -6.96165 6.36602
      vertex -0.711736 -6.77172 6.45106
      vertex -0.731699 -6.96165 6.36602
    endloop
  endfacet
  facet normal 0 -0.589883 0.807489
    outer loop
      vertex -0.731699 -6.96165 6.36602
      vertex 0.749377 -7.12986 6.24314
      vertex 0.731699 -6.96165 6.36602
    endloop
  endfacet
  facet normal 0 -0.589883 0.807489
    outer loop
      vertex 0.749377 -7.12986 6.24314
      vertex -0.731699 -6.96165 6.36602
      vertex -0.749377 -7.12986 6.24314
    endloop
  endfacet
  facet normal 0.0433666 -0.204095 0.97799
    outer loop
      vertex 0.860694 -6.73052 6.45305
      vertex 0.774926 -6.75828 6.45106
      vertex 0.863592 -6.73944 6.45106
    endloop
  endfacet
  facet normal 0.0434737 -0.20442 0.977917
    outer loop
      vertex 0.803955 -6.5442 6.49452
      vertex 0.774926 -6.75828 6.45106
      vertex 0.860694 -6.73052 6.45305
    endloop
  endfacet
  facet normal 0.0434463 -0.204417 0.977919
    outer loop
      vertex 0.774926 -6.75828 6.45106
      vertex 0.803955 -6.5442 6.49452
      vertex 0.711736 -6.5638 6.49452
    endloop
  endfacet
  facet normal 0.122632 -0.576996 0.807488
    outer loop
      vertex 0.926162 -6.92032 6.36602
      vertex 0.833942 -6.93992 6.36602
      vertex 0.944568 -7.04807 6.27194
    endloop
  endfacet
  facet normal 0.0434758 -0.204407 0.97792
    outer loop
      vertex 0.711736 -6.5638 6.49452
      vertex 0.711736 -6.77172 6.45106
      vertex 0.774926 -6.75828 6.45106
    endloop
  endfacet
  facet normal 0.180333 -0.848256 0.497937
    outer loop
      vertex 0.929434 -7.23381 6.08778
      vertex 0.764 -7.26898 6.08778
      vertex 0.774926 -7.37293 5.90674
    endloop
  endfacet
  facet normal 0.180273 -0.848244 0.497979
    outer loop
      vertex 0.943471 -7.33711 5.90674
      vertex 0.929434 -7.23381 6.08778
      vertex 0.774926 -7.37293 5.90674
    endloop
  endfacet
  facet normal 0.180355 -0.848228 0.497976
    outer loop
      vertex 0.929434 -7.23381 6.08778
      vertex 0.943471 -7.33711 5.90674
      vertex 1.00465 -7.28202 5.97842
    endloop
  endfacet
  facet normal 0.197858 -0.930756 0.307484
    outer loop
      vertex 0.981699 -7.39466 5.70791
      vertex 0.774926 -7.37293 5.90674
      vertex 0.781678 -7.43718 5.70791
    endloop
  endfacet
  facet normal -0.197858 -0.930756 0.307484
    outer loop
      vertex -0.774926 -7.37293 5.90674
      vertex -0.981699 -7.39466 5.70791
      vertex -0.781678 -7.43718 5.70791
    endloop
  endfacet
  facet normal 0.154884 -0.728714 0.667073
    outer loop
      vertex 0.966945 -7.11694 6.20674
      vertex 0.929434 -7.23381 6.08778
      vertex 1.02165 -7.21421 6.08778
    endloop
  endfacet
  facet normal 0.154902 -0.728695 0.66709
    outer loop
      vertex 0.929434 -7.23381 6.08778
      vertex 0.924751 -7.09258 6.24314
      vertex 0.749377 -7.12986 6.24314
    endloop
  endfacet
  facet normal 0.154786 -0.72871 0.6671
    outer loop
      vertex 0.924751 -7.09258 6.24314
      vertex 0.929434 -7.23381 6.08778
      vertex 0.966945 -7.11694 6.20674
    endloop
  endfacet
  facet normal -0.0850102 -0.399687 0.912701
    outer loop
      vertex -0.774926 -6.75828 6.45106
      vertex -0.833942 -6.93992 6.36602
      vertex -0.711736 -6.77172 6.45106
    endloop
  endfacet
  facet normal 0.0850102 -0.399687 0.912701
    outer loop
      vertex 0.774926 -6.75828 6.45106
      vertex 0.711736 -6.77172 6.45106
      vertex 0.833942 -6.93992 6.36602
    endloop
  endfacet
  facet normal -0.180355 -0.848228 0.497976
    outer loop
      vertex -0.943471 -7.33711 5.90674
      vertex -0.929434 -7.23381 6.08778
      vertex -1.00465 -7.28202 5.97842
    endloop
  endfacet
  facet normal -0.180273 -0.848244 0.497979
    outer loop
      vertex -0.929434 -7.23381 6.08778
      vertex -0.943471 -7.33711 5.90674
      vertex -0.774926 -7.37293 5.90674
    endloop
  endfacet
  facet normal -0.0434758 -0.204407 0.97792
    outer loop
      vertex -0.711736 -6.5638 6.49452
      vertex -0.774926 -6.75828 6.45106
      vertex -0.711736 -6.77172 6.45106
    endloop
  endfacet
  facet normal -0.12263 -0.576995 0.807489
    outer loop
      vertex -0.731699 -6.96165 6.36602
      vertex -0.833942 -6.93992 6.36602
      vertex -0.749377 -7.12986 6.24314
    endloop
  endfacet
  facet normal -0.0849542 -0.399723 0.912691
    outer loop
      vertex -0.711736 -6.77172 6.45106
      vertex -0.833942 -6.93992 6.36602
      vertex -0.731699 -6.96165 6.36602
    endloop
  endfacet
  facet normal 0.0849542 -0.399723 0.912691
    outer loop
      vertex 0.833942 -6.93992 6.36602
      vertex 0.711736 -6.77172 6.45106
      vertex 0.731699 -6.96165 6.36602
    endloop
  endfacet
  facet normal 0.12263 -0.576995 0.807489
    outer loop
      vertex 0.833942 -6.93992 6.36602
      vertex 0.731699 -6.96165 6.36602
      vertex 0.749377 -7.12986 6.24314
    endloop
  endfacet
  facet normal -0.0434463 -0.204417 0.977919
    outer loop
      vertex -0.803955 -6.5442 6.49452
      vertex -0.774926 -6.75828 6.45106
      vertex -0.711736 -6.5638 6.49452
    endloop
  endfacet
  facet normal -0.0434737 -0.20442 0.977917
    outer loop
      vertex -0.860694 -6.73052 6.45305
      vertex -0.774926 -6.75828 6.45106
      vertex -0.803955 -6.5442 6.49452
    endloop
  endfacet
  facet normal -0.0433666 -0.204095 0.97799
    outer loop
      vertex -0.774926 -6.75828 6.45106
      vertex -0.860694 -6.73052 6.45305
      vertex -0.863592 -6.73944 6.45106
    endloop
  endfacet
  facet normal -0.154913 -0.728686 0.667097
    outer loop
      vertex -0.749377 -7.12986 6.24314
      vertex -0.929434 -7.23381 6.08778
      vertex -0.764 -7.26898 6.08778
    endloop
  endfacet
  facet normal -0.404518 -0.908597 -0.104006
    outer loop
      vertex -4.22161 -9.45106 -0.831646
      vertex -4.40166 -9.3471 -1.03956
      vertex -4.21485 -9.43027 -1.03956
    endloop
  endfacet
  facet normal 0.359833 -0.466218 -0.808184
    outer loop
      vertex 1.6838 -8.99726 -4.54737
      vertex 2.33457 -8.87157 -4.33013
      vertex 2.44773 -8.99726 -4.20724
    endloop
  endfacet
  facet normal 0.359833 -0.466159 -0.808218
    outer loop
      vertex 2.33457 -8.87157 -4.33013
      vertex 1.6838 -8.99726 -4.54737
      vertex 1.57063 -8.87157 -4.67025
    endloop
  endfacet
  facet normal -0.404574 -0.908578 -0.103948
    outer loop
      vertex -4.22161 -9.45106 -0.831646
      vertex -4.41259 -9.36602 -0.831646
      vertex -4.40166 -9.3471 -1.03956
    endloop
  endfacet
  facet normal -0.989134 -0.103952 0.103963
    outer loop
      vertex -4.89074 -8.70791 0.831646
      vertex -5 -8.5 0
      vertex -4.97815 -8.70791 0
    endloop
  endfacet
  facet normal -0.989133 -0.103962 0.10396
    outer loop
      vertex -5 -8.5 0
      vertex -4.89074 -8.70791 0.831646
      vertex -4.89074 -8.5 1.03956
    endloop
  endfacet
  facet normal -0.5846 -0.804634 -0.103953
    outer loop
      vertex -4.41259 -9.36602 -0.831646
      vertex -4.58172 -9.24314 -0.831646
      vertex -4.40166 -9.3471 -1.03956
    endloop
  endfacet
  facet normal -0.586668 -0.0616238 -0.80748
    outer loop
      vertex -3.1656 -8.60396 -3.8386
      vertex -3.34565 -8.5 -3.71572
      vertex -3.17652 -8.5 -3.8386
    endloop
  endfacet
  facet normal -0.197859 -0.930756 0.307482
    outer loop
      vertex -2.09549 -9.40854 3.87084
      vertex -2.30226 -9.43027 3.67201
      vertex -2.10224 -9.47279 3.67201
    endloop
  endfacet
  facet normal 0.180275 -0.848257 -0.497957
    outer loop
      vertex 1.33156 -9.40854 -4.21096
      vertex 1.32063 -9.30458 -4.39201
      vertex 1.48607 -9.26942 -4.39201
    endloop
  endfacet
  facet normal -0.740881 -0.667107 0.0778701
    outer loop
      vertex -4.66913 -9.24314 0
      vertex -4.72161 -9.08778 0.831646
      vertex -4.80902 -9.08778 0
    endloop
  endfacet
  facet normal -0.740881 -0.667107 0.0778701
    outer loop
      vertex -4.72161 -9.08778 0.831646
      vertex -4.66913 -9.24314 0
      vertex -4.58172 -9.24314 0.831646
    endloop
  endfacet
  facet normal -0.739107 -0.665518 0.103955
    outer loop
      vertex -4.5671 -9.2269 1.03956
      vertex -4.70393 -9.07494 1.03956
      vertex -4.58172 -9.24314 0.831646
    endloop
  endfacet
  facet normal 0.137484 -0.941142 -0.308788
    outer loop
      vertex 1.33831 -9.47279 -4.01214
      vertex 2.09549 -9.40854 -3.87084
      vertex 2.10224 -9.47279 -3.67201
    endloop
  endfacet
  facet normal 0.137486 -0.941137 -0.308802
    outer loop
      vertex 2.09549 -9.40854 -3.87084
      vertex 1.33831 -9.47279 -4.01214
      vertex 1.33156 -9.40854 -4.21096
    endloop
  endfacet
  facet normal 0.946338 -0.0994965 0.307481
    outer loop
      vertex 4.56773 -8.5 2.03368
      vertex 4.54776 -8.68994 2.03368
      vertex 4.63233 -8.5 1.83486
    endloop
  endfacet
  facet normal -0.824769 -0.268001 -0.497928
    outer loop
      vertex -3.97514 -8.82906 -2.93893
      vertex -4.07063 -8.87157 -2.75788
      vertex -4.02741 -8.6682 -2.93893
    endloop
  endfacet
  facet normal -0.437874 -0.602649 0.667144
    outer loop
      vertex -2.44773 -8.99726 4.20724
      vertex -2.54134 -9.10122 4.05189
      vertex -2.33457 -9.07948 4.20724
    endloop
  endfacet
  facet normal -0.824078 -0.475768 -0.307474
    outer loop
      vertex -4.44552 -9.07494 -1.83486
      vertex -4.54776 -8.89785 -1.83486
      vertex -4.48875 -8.87157 -2.03368
    endloop
  endfacet
  facet normal 0.862466 -0.0906179 0.497937
    outer loop
      vertex 4.44552 -8.6682 2.21473
      vertex 4.14961 -8.5 2.75788
      vertex 4.02741 -8.6682 2.93893
    endloop
  endfacet
  facet normal 0.862458 -0.0906555 0.497944
    outer loop
      vertex 4.14961 -8.5 2.75788
      vertex 4.44552 -8.6682 2.21473
      vertex 4.56773 -8.5 2.03368
    endloop
  endfacet
  facet normal 0.519494 -0.715073 -0.467757
    outer loop
      vertex 3.2878 -9.1789 -3.37932
      vertex 3.69284 -9.29115 -2.75788
      vertex 3.13329 -9.29115 -3.37932
    endloop
  endfacet
  facet normal 0.519494 -0.715073 -0.467757
    outer loop
      vertex 3.69284 -9.29115 -2.75788
      vertex 3.2878 -9.1789 -3.37932
      vertex 3.84735 -9.1789 -2.75788
    endloop
  endfacet
  facet normal -0.644478 -0.580271 -0.49793
    outer loop
      vertex -3.84735 -9.1789 -2.75788
      vertex -3.97514 -9.03697 -2.75788
      vertex -3.77741 -9.10122 -2.93893
    endloop
  endfacet
  facet normal -0.116068 -0.987728 0.104507
    outer loop
      vertex -3.33831 -9.47279 2.55905
      vertex -2.78105 -9.49452 2.97258
      vertex -2.77877 -9.47279 3.18049
    endloop
  endfacet
  facet normal -0.116072 -0.987727 0.104512
    outer loop
      vertex -2.78105 -9.49452 2.97258
      vertex -3.33831 -9.47279 2.55905
      vertex -3.3406 -9.49452 2.35114
    endloop
  endfacet
  facet normal -0.824765 -0.268005 -0.497931
    outer loop
      vertex -4.07063 -8.87157 -2.75788
      vertex -4.12965 -8.68994 -2.75788
      vertex -4.02741 -8.6682 -2.93893
    endloop
  endfacet
  facet normal -0.188392 -0.886263 -0.42314
    outer loop
      vertex -1.51837 -9.36883 -4.21096
      vertex -2.09549 -9.40854 -3.87084
      vertex -2.2823 -9.36883 -3.87084
    endloop
  endfacet
  facet normal -0.188392 -0.886263 -0.42314
    outer loop
      vertex -2.09549 -9.40854 -3.87084
      vertex -1.51837 -9.36883 -4.21096
      vertex -1.33156 -9.40854 -4.21096
    endloop
  endfacet
  facet normal -0.197859 -0.930756 -0.307482
    outer loop
      vertex -2.10224 -9.47279 -3.67201
      vertex -2.30226 -9.43027 -3.67201
      vertex -2.09549 -9.40854 -3.87084
    endloop
  endfacet
  facet normal -0.204381 -0.961438 -0.184023
    outer loop
      vertex -2.97879 -9.43027 -3.18049
      vertex -3.33831 -9.47279 -2.55905
      vertex -3.53833 -9.43027 -2.55905
    endloop
  endfacet
  facet normal -0.204381 -0.961438 -0.184023
    outer loop
      vertex -3.33831 -9.47279 -2.55905
      vertex -2.97879 -9.43027 -3.18049
      vertex -2.77877 -9.47279 -3.18049
    endloop
  endfacet
  facet normal 0.141928 -0.730753 0.667725
    outer loop
      vertex 0.502679 -9.30458 4.56587
      vertex 1.30601 -9.16546 4.54737
      vertex 0.488056 -9.16546 4.72123
    endloop
  endfacet
  facet normal 0.141928 -0.730754 0.667723
    outer loop
      vertex 1.30601 -9.16546 4.54737
      vertex 0.502679 -9.30458 4.56587
      vertex 1.32063 -9.30458 4.39201
    endloop
  endfacet
  facet normal 0.438404 -0.394758 -0.807445
    outer loop
      vertex 2.44773 -8.99726 -4.20724
      vertex 2.33457 -8.87157 -4.33013
      vertex 2.54134 -8.8933 -4.20724
    endloop
  endfacet
  facet normal -0.137484 -0.941142 -0.308788
    outer loop
      vertex -2.09549 -9.40854 -3.87084
      vertex -1.33831 -9.47279 -4.01214
      vertex -2.10224 -9.47279 -3.67201
    endloop
  endfacet
  facet normal -0.137486 -0.941137 -0.308802
    outer loop
      vertex -1.33831 -9.47279 -4.01214
      vertex -2.09549 -9.40854 -3.87084
      vertex -1.33156 -9.40854 -4.21096
    endloop
  endfacet
  facet normal 0.561053 -0.182296 -0.807457
    outer loop
      vertex 2.61128 -8.77216 -4.20724
      vertex 2.45677 -8.70337 -4.33013
      vertex 2.48907 -8.60396 -4.33013
    endloop
  endfacet
  facet normal -0.406361 -0.0427391 0.912712
    outer loop
      vertex -1.73607 -8.5 4.67025
      vertex -2.30226 -8.56425 4.41516
      vertex -1.53833 -8.56425 4.75528
    endloop
  endfacet
  facet normal -0.406361 -0.0427391 0.912712
    outer loop
      vertex -2.30226 -8.56425 4.41516
      vertex -1.73607 -8.5 4.67025
      vertex -2.5 -8.5 4.33013
    endloop
  endfacet
  facet normal 0.833659 -0.270848 -0.481305
    outer loop
      vertex 4.48875 -8.87157 -2.03368
      vertex 4.12965 -8.68994 -2.75788
      vertex 4.54776 -8.68994 -2.03368
    endloop
  endfacet
  facet normal 0.833644 -0.270889 -0.481308
    outer loop
      vertex 4.12965 -8.68994 -2.75788
      vertex 4.48875 -8.87157 -2.03368
      vertex 4.07063 -8.87157 -2.75788
    endloop
  endfacet
  facet normal 0.994522 0 -0.104526
    outer loop
      vertex 5 -8.5 0
      vertex 4.89074 -5.66639 -1.03956
      vertex 5 -5.58701 0
    endloop
  endfacet
  facet normal 0.994522 0 -0.104526
    outer loop
      vertex 4.89074 -5.66639 -1.03956
      vertex 5 -8.5 0
      vertex 4.89074 -8.5 -1.03956
    endloop
  endfacet
  facet normal -0.406406 -0.912693 0.0427152
    outer loop
      vertex -4.30902 -9.45106 0
      vertex -4.41259 -9.36602 0.831646
      vertex -4.5 -9.36602 0
    endloop
  endfacet
  facet normal -0.406406 -0.912693 0.0427152
    outer loop
      vertex -4.41259 -9.36602 0.831646
      vertex -4.30902 -9.45106 0
      vertex -4.22161 -9.45106 0.831646
    endloop
  endfacet
  facet normal -0.584603 -0.804632 0.103957
    outer loop
      vertex -4.5671 -9.2269 1.03956
      vertex -4.58172 -9.24314 0.831646
      vertex -4.40166 -9.3471 1.03956
    endloop
  endfacet
  facet normal -0.586666 -0.807478 -0.0616615
    outer loop
      vertex -4.58172 -9.24314 -0.831646
      vertex -4.5 -9.36602 0
      vertex -4.66913 -9.24314 0
    endloop
  endfacet
  facet normal -0.586666 -0.807478 -0.0616615
    outer loop
      vertex -4.5 -9.36602 0
      vertex -4.58172 -9.24314 -0.831646
      vertex -4.41259 -9.36602 -0.831646
    endloop
  endfacet
  facet normal -0.833655 -0.481297 0.270872
    outer loop
      vertex -4.70393 -9.07494 1.03956
      vertex -4.54776 -8.89785 1.83486
      vertex -4.80617 -8.89785 1.03956
    endloop
  endfacet
  facet normal -0.833655 -0.481297 0.270872
    outer loop
      vertex -4.54776 -8.89785 1.83486
      vertex -4.70393 -9.07494 1.03956
      vertex -4.44552 -9.07494 1.83486
    endloop
  endfacet
  facet normal -0.406357 -0.042723 0.912715
    outer loop
      vertex -2.30226 -8.56425 4.41516
      vertex -2.5 -8.5 4.33013
      vertex -2.48907 -8.60396 4.33013
    endloop
  endfacet
  facet normal -0.994522 0 -0.104526
    outer loop
      vertex -5 -8.5 0
      vertex -4.89074 -5.66639 -1.03956
      vertex -4.89074 -8.5 -1.03956
    endloop
  endfacet
  facet normal -0.994522 0 -0.104526
    outer loop
      vertex -4.89074 -5.66639 -1.03956
      vertex -5 -8.5 0
      vertex -5 -5.58701 0
    endloop
  endfacet
  facet normal -0.207933 0 0.978143
    outer loop
      vertex -0.72713 -7.45891 4.92914
      vertex -0.522642 -8.5 4.97261
      vertex -0.522642 -7.45891 4.97261
    endloop
  endfacet
  facet normal -0.207933 0 0.978143
    outer loop
      vertex -0.522642 -8.5 4.97261
      vertex -0.72713 -7.45891 4.92914
      vertex -0.72713 -8.5 4.92914
    endloop
  endfacet
  facet normal 0.740906 -0.0778348 0.667083
    outer loop
      vertex 4.04508 -8.5 2.93893
      vertex 3.9052 -8.5 3.09429
      vertex 4.02741 -8.6682 2.93893
    endloop
  endfacet
  facet normal -0.406739 4.70156e-06 0.913544
    outer loop
      vertex -2.5 -8.5 4.33013
      vertex -1.73607 -7.25654 4.67025
      vertex -2.31763 -7.13292 4.41132
    endloop
  endfacet
  facet normal -0.406624 -1.37543e-05 0.913596
    outer loop
      vertex -2.5 -8.5 4.33013
      vertex -2.31763 -7.13292 4.41132
      vertex -2.36879 -7.11014 4.38855
    endloop
  endfacet
  facet normal -0.406746 0 0.913541
    outer loop
      vertex -2.5 -8.5 4.33013
      vertex -2.36879 -7.11014 4.38855
      vertex -2.5 -7.05172 4.33013
    endloop
  endfacet
  facet normal -0.406733 0 0.913547
    outer loop
      vertex -1.73607 -7.25654 4.67025
      vertex -2.5 -8.5 4.33013
      vertex -1.73607 -8.5 4.67025
    endloop
  endfacet
  facet normal -0.22391 -0.9246 0.308186
    outer loop
      vertex -2.95882 -9.36883 3.37932
      vertex -2.30226 -9.43027 3.67201
      vertex -2.2823 -9.36883 3.87084
    endloop
  endfacet
  facet normal -0.223914 -0.924596 0.308197
    outer loop
      vertex -2.30226 -9.43027 3.67201
      vertex -2.95882 -9.36883 3.37932
      vertex -2.97879 -9.43027 3.18049
    endloop
  endfacet
  facet normal -0.743138 0 -0.669138
    outer loop
      vertex -3.9052 -8.5 -3.09429
      vertex -3.34565 -6.67522 -3.71572
      vertex -3.34565 -8.5 -3.71572
    endloop
  endfacet
  facet normal -0.74313 -5.36983e-06 -0.669147
    outer loop
      vertex -3.34565 -6.67522 -3.71572
      vertex -3.9052 -8.5 -3.09429
      vertex -3.55902 -6.58022 -3.47876
    endloop
  endfacet
  facet normal -0.743152 3.64771e-06 -0.669122
    outer loop
      vertex -3.55902 -6.58022 -3.47876
      vertex -3.9052 -8.5 -3.09429
      vertex -3.75 -6.49519 -3.26665
    endloop
  endfacet
  facet normal -0.743131 0 -0.669146
    outer loop
      vertex -3.75 -6.49519 -3.26665
      vertex -3.9052 -8.5 -3.09429
      vertex -3.9052 -6.38243 -3.09429
    endloop
  endfacet
  facet normal -0.946338 -0.0994965 -0.307481
    outer loop
      vertex -4.54776 -8.68994 -2.03368
      vertex -4.63233 -8.5 -1.83486
      vertex -4.56773 -8.5 -2.03368
    endloop
  endfacet
  facet normal -0.740906 -0.0778348 -0.667083
    outer loop
      vertex -4.02741 -8.6682 -2.93893
      vertex -4.04508 -8.5 -2.93893
      vertex -3.9052 -8.5 -3.09429
    endloop
  endfacet
  facet normal -0.824769 -0.268001 0.497928
    outer loop
      vertex -4.02741 -8.6682 2.93893
      vertex -4.07063 -8.87157 2.75788
      vertex -3.97514 -8.82906 2.93893
    endloop
  endfacet
  facet normal 0 -0.994583 0.10395
    outer loop
      vertex -0.522642 -9.49452 3.97809
      vertex 0.520357 -9.47279 4.186
      vertex -0.520357 -9.47279 4.186
    endloop
  endfacet
  facet normal 0 -0.994583 0.10395
    outer loop
      vertex 0.520357 -9.47279 4.186
      vertex -0.522642 -9.49452 3.97809
      vertex 0.522642 -9.49452 3.97809
    endloop
  endfacet
  facet normal 0.556585 -0.766129 -0.321339
    outer loop
      vertex 3.84735 -9.1789 -2.75788
      vertex 4.11095 -9.29115 -2.03368
      vertex 3.69284 -9.29115 -2.75788
    endloop
  endfacet
  facet normal 0.556585 -0.766129 -0.321339
    outer loop
      vertex 4.11095 -9.29115 -2.03368
      vertex 3.84735 -9.1789 -2.75788
      vertex 4.26546 -9.1789 -2.03368
    endloop
  endfacet
  facet normal 0.181032 -0.104488 -0.977911
    outer loop
      vertex 0.700415 -8.62569 -4.92914
      vertex 0.502679 -8.56144 -4.97261
      vertex 0.513605 -8.54251 -4.97261
    endloop
  endfacet
  facet normal 0.862467 -0.497929 -0.0906494
    outer loop
      vertex 4.80902 -9.08778 0
      vertex 4.82613 -8.90674 -0.831646
      vertex 4.91354 -8.90674 0
    endloop
  endfacet
  facet normal 0.862467 -0.497929 -0.0906494
    outer loop
      vertex 4.82613 -8.90674 -0.831646
      vertex 4.80902 -9.08778 0
      vertex 4.72161 -9.08778 -0.831646
    endloop
  endfacet
  facet normal 0.908661 -0.29524 -0.295243
    outer loop
      vertex 4.80617 -8.89785 -1.03956
      vertex 4.61095 -8.70337 -1.83486
      vertex 4.86936 -8.70337 -1.03956
    endloop
  endfacet
  facet normal 0.908661 -0.29524 -0.295243
    outer loop
      vertex 4.61095 -8.70337 -1.83486
      vertex 4.80617 -8.89785 -1.03956
      vertex 4.54776 -8.89785 -1.83486
    endloop
  endfacet
  facet normal 0.740881 -0.667107 0.0778701
    outer loop
      vertex 4.58172 -9.24314 0.831646
      vertex 4.80902 -9.08778 0
      vertex 4.72161 -9.08778 0.831646
    endloop
  endfacet
  facet normal 0.740881 -0.667107 0.0778701
    outer loop
      vertex 4.80902 -9.08778 0
      vertex 4.58172 -9.24314 0.831646
      vertex 4.66913 -9.24314 0
    endloop
  endfacet
  facet normal 0.861341 -0.497279 0.103954
    outer loop
      vertex 4.82613 -8.90674 0.831646
      vertex 4.70393 -9.07494 1.03956
      vertex 4.72161 -9.08778 0.831646
    endloop
  endfacet
  facet normal 0.946332 -0.307511 0.099464
    outer loop
      vertex 4.82613 -8.90674 0.831646
      vertex 4.97815 -8.70791 0
      vertex 4.89074 -8.70791 0.831646
    endloop
  endfacet
  facet normal 0.946332 -0.307511 0.099464
    outer loop
      vertex 4.97815 -8.70791 0
      vertex 4.82613 -8.90674 0.831646
      vertex 4.91354 -8.90674 0
    endloop
  endfacet
  facet normal 0.994522 0 0.104526
    outer loop
      vertex 5 -8.5 0
      vertex 4.89074 -5.66639 1.03956
      vertex 4.89074 -8.5 1.03956
    endloop
  endfacet
  facet normal 0.994522 0 0.104526
    outer loop
      vertex 4.89074 -5.66639 1.03956
      vertex 5 -8.5 0
      vertex 5 -5.58701 0
    endloop
  endfacet
  facet normal 0.743131 0 -0.669146
    outer loop
      vertex 3.9052 -8.5 -3.09429
      vertex 3.75 -6.49519 -3.26665
      vertex 3.9052 -6.38243 -3.09429
    endloop
  endfacet
  facet normal 0.743152 3.64771e-06 -0.669122
    outer loop
      vertex 3.9052 -8.5 -3.09429
      vertex 3.55902 -6.58022 -3.47876
      vertex 3.75 -6.49519 -3.26665
    endloop
  endfacet
  facet normal 0.74313 -5.36983e-06 -0.669147
    outer loop
      vertex 3.9052 -8.5 -3.09429
      vertex 3.34565 -6.67522 -3.71572
      vertex 3.55902 -6.58022 -3.47876
    endloop
  endfacet
  facet normal 0.743138 0 -0.669138
    outer loop
      vertex 3.34565 -6.67522 -3.71572
      vertex 3.9052 -8.5 -3.09429
      vertex 3.34565 -8.5 -3.71572
    endloop
  endfacet
  facet normal -0.406406 -0.912693 -0.0427152
    outer loop
      vertex -4.41259 -9.36602 -0.831646
      vertex -4.30902 -9.45106 0
      vertex -4.5 -9.36602 0
    endloop
  endfacet
  facet normal -0.406406 -0.912693 -0.0427152
    outer loop
      vertex -4.30902 -9.45106 0
      vertex -4.41259 -9.36602 -0.831646
      vertex -4.22161 -9.45106 -0.831646
    endloop
  endfacet
  facet normal -0.206795 -0.972842 0.103993
    outer loop
      vertex -3.95645 -9.43027 1.83486
      vertex -3.9632 -9.45106 1.62695
      vertex -3.75642 -9.47279 1.83486
    endloop
  endfacet
  facet normal -0.075906 -0.991626 0.104477
    outer loop
      vertex -2.77877 -9.47279 3.18049
      vertex -2.10453 -9.49452 3.4641
      vertex -2.10224 -9.47279 3.67201
    endloop
  endfacet
  facet normal -0.0759045 -0.991627 0.104474
    outer loop
      vertex -2.10453 -9.49452 3.4641
      vertex -2.77877 -9.47279 3.18049
      vertex -2.78105 -9.49452 2.97258
    endloop
  endfacet
  facet normal -0.862456 -0.0907483 -0.497931
    outer loop
      vertex -4.12965 -8.68994 -2.75788
      vertex -4.44552 -8.6682 -2.21473
      vertex -4.02741 -8.6682 -2.93893
    endloop
  endfacet
  facet normal -0.862456 -0.0907483 -0.497931
    outer loop
      vertex -4.44552 -8.6682 -2.21473
      vertex -4.12965 -8.68994 -2.75788
      vertex -4.54776 -8.68994 -2.03368
    endloop
  endfacet
  facet normal -0.387035 -0.869284 0.307487
    outer loop
      vertex -3.69284 -9.29115 2.75788
      vertex -3.72514 -9.3471 2.55905
      vertex -3.51837 -9.36883 2.75788
    endloop
  endfacet
  facet normal -0.61763 -0.556107 -0.556128
    outer loop
      vertex -3.21786 -9.10122 -3.56036
      vertex -3.89058 -8.97553 -2.93893
      vertex -3.33103 -8.97553 -3.56036
    endloop
  endfacet
  facet normal -0.61763 -0.556107 -0.556128
    outer loop
      vertex -3.89058 -8.97553 -2.93893
      vertex -3.21786 -9.10122 -3.56036
      vertex -3.77741 -9.10122 -2.93893
    endloop
  endfacet
  facet normal -0.862467 -0.497929 -0.0906494
    outer loop
      vertex -4.72161 -9.08778 -0.831646
      vertex -4.91354 -8.90674 0
      vertex -4.82613 -8.90674 -0.831646
    endloop
  endfacet
  facet normal -0.862467 -0.497929 -0.0906494
    outer loop
      vertex -4.91354 -8.90674 0
      vertex -4.72161 -9.08778 -0.831646
      vertex -4.80902 -9.08778 0
    endloop
  endfacet
  facet normal 0.122835 -0.169118 0.977911
    outer loop
      vertex 0.488056 -8.57768 4.97261
      vertex 0.470378 -8.59052 4.97261
      vertex 0.572621 -8.76762 4.92914
    endloop
  endfacet
  facet normal -0.519504 -0.467784 0.715048
    outer loop
      vertex -2.54134 -8.8933 4.20724
      vertex -3.12426 -8.99726 3.71572
      vertex -2.44773 -8.99726 4.20724
    endloop
  endfacet
  facet normal -0.51952 -0.467748 0.715059
    outer loop
      vertex -3.12426 -8.99726 3.71572
      vertex -2.54134 -8.8933 4.20724
      vertex -3.21786 -8.8933 3.71572
    endloop
  endfacet
  facet normal -0.519494 -0.715073 -0.467757
    outer loop
      vertex -3.2878 -9.1789 -3.37932
      vertex -3.69284 -9.29115 -2.75788
      vertex -3.84735 -9.1789 -2.75788
    endloop
  endfacet
  facet normal -0.519494 -0.715073 -0.467757
    outer loop
      vertex -3.69284 -9.29115 -2.75788
      vertex -3.2878 -9.1789 -3.37932
      vertex -3.13329 -9.29115 -3.37932
    endloop
  endfacet
  facet normal -0.199906 -0.940388 -0.275152
    outer loop
      vertex -2.30226 -9.43027 -3.67201
      vertex -2.77877 -9.47279 -3.18049
      vertex -2.97879 -9.43027 -3.18049
    endloop
  endfacet
  facet normal -0.199906 -0.940388 -0.275152
    outer loop
      vertex -2.77877 -9.47279 -3.18049
      vertex -2.30226 -9.43027 -3.67201
      vertex -2.10224 -9.47279 -3.67201
    endloop
  endfacet
  facet normal -0.682946 -0.614907 -0.394302
    outer loop
      vertex -3.84735 -9.1789 -2.75788
      vertex -4.39326 -9.03697 -2.03368
      vertex -3.97514 -9.03697 -2.75788
    endloop
  endfacet
  facet normal -0.682929 -0.614939 -0.394282
    outer loop
      vertex -4.39326 -9.03697 -2.03368
      vertex -3.84735 -9.1789 -2.75788
      vertex -4.26546 -9.1789 -2.03368
    endloop
  endfacet
  facet normal -0.561044 -0.182306 -0.807462
    outer loop
      vertex -2.61128 -8.77216 -4.20724
      vertex -2.65451 -8.63912 -4.20724
      vertex -2.48907 -8.60396 -4.33013
    endloop
  endfacet
  facet normal -0.0464579 -0.993456 -0.104344
    outer loop
      vertex -2.10224 -9.47279 -3.67201
      vertex -1.3406 -9.49452 -3.80423
      vertex -2.10453 -9.49452 -3.4641
    endloop
  endfacet
  facet normal -0.0464579 -0.993456 -0.104344
    outer loop
      vertex -1.3406 -9.49452 -3.80423
      vertex -2.10224 -9.47279 -3.67201
      vertex -1.33831 -9.47279 -4.01214
    endloop
  endfacet
  facet normal 0.197859 -0.930756 -0.307482
    outer loop
      vertex 2.10224 -9.47279 -3.67201
      vertex 2.09549 -9.40854 -3.87084
      vertex 2.30226 -9.43027 -3.67201
    endloop
  endfacet
  facet normal 0.707131 -0.636732 -0.307471
    outer loop
      vertex 4.44552 -9.07494 -1.83486
      vertex 4.26546 -9.1789 -2.03368
      vertex 4.39326 -9.03697 -2.03368
    endloop
  endfacet
  facet normal 0.207836 -0.97792 -0.0218446
    outer loop
      vertex 4.22161 -9.45106 -0.831646
      vertex 4.10453 -9.49452 0
      vertex 4.01712 -9.49452 -0.831646
    endloop
  endfacet
  facet normal 0.207836 -0.97792 -0.0218446
    outer loop
      vertex 4.10453 -9.49452 0
      vertex 4.22161 -9.45106 -0.831646
      vertex 4.30902 -9.45106 0
    endloop
  endfacet
  facet normal 0.406361 -0.0427391 -0.912712
    outer loop
      vertex 2.30226 -8.56425 -4.41516
      vertex 1.73607 -8.5 -4.67025
      vertex 2.5 -8.5 -4.33013
    endloop
  endfacet
  facet normal 0.406361 -0.0427391 -0.912712
    outer loop
      vertex 1.73607 -8.5 -4.67025
      vertex 2.30226 -8.56425 -4.41516
      vertex 1.53833 -8.56425 -4.75528
    endloop
  endfacet
  facet normal 0.106267 -0.859509 -0.499951
    outer loop
      vertex 0.513605 -9.40854 -4.38482
      vertex 1.32063 -9.30458 -4.39201
      vertex 1.33156 -9.40854 -4.21096
    endloop
  endfacet
  facet normal 0.106267 -0.85951 -0.499949
    outer loop
      vertex 1.32063 -9.30458 -4.39201
      vertex 0.513605 -9.40854 -4.38482
      vertex 0.502679 -9.30458 -4.56587
    endloop
  endfacet
  facet normal 0.406362 -0.0426982 -0.912714
    outer loop
      vertex 1.72514 -8.60396 -4.67025
      vertex 2.30226 -8.56425 -4.41516
      vertex 2.48907 -8.60396 -4.33013
    endloop
  endfacet
  facet normal 0.406362 -0.0426982 -0.912714
    outer loop
      vertex 2.30226 -8.56425 -4.41516
      vertex 1.72514 -8.60396 -4.67025
      vertex 1.53833 -8.56425 -4.75528
    endloop
  endfacet
  facet normal 0.395963 -0.228602 -0.889356
    outer loop
      vertex 2.40451 -8.79389 -4.33013
      vertex 1.69284 -8.70337 -4.67025
      vertex 2.45677 -8.70337 -4.33013
    endloop
  endfacet
  facet normal 0.395963 -0.228602 -0.889356
    outer loop
      vertex 1.69284 -8.70337 -4.67025
      vertex 2.40451 -8.79389 -4.33013
      vertex 1.64058 -8.79389 -4.67025
    endloop
  endfacet
  facet normal 0.0656483 -0.948841 -0.308853
    outer loop
      vertex 0.520357 -9.47279 -4.186
      vertex 1.33156 -9.40854 -4.21096
      vertex 1.33831 -9.47279 -4.01214
    endloop
  endfacet
  facet normal 0.0656483 -0.948841 -0.308854
    outer loop
      vertex 1.33156 -9.40854 -4.21096
      vertex 0.520357 -9.47279 -4.186
      vertex 0.513605 -9.40854 -4.38482
    endloop
  endfacet
  facet normal -0.722383 -0.234687 -0.65045
    outer loop
      vertex -3.4156 -8.82906 -3.56036
      vertex -4.02741 -8.6682 -2.93893
      vertex -3.46786 -8.6682 -3.56036
    endloop
  endfacet
  facet normal -0.722381 -0.234731 -0.650437
    outer loop
      vertex -4.02741 -8.6682 -2.93893
      vertex -3.4156 -8.82906 -3.56036
      vertex -3.97514 -8.82906 -2.93893
    endloop
  endfacet
  facet normal 0.0759045 -0.991627 -0.104474
    outer loop
      vertex 2.10453 -9.49452 -3.4641
      vertex 2.77877 -9.47279 -3.18049
      vertex 2.78105 -9.49452 -2.97258
    endloop
  endfacet
  facet normal 0.075906 -0.991626 -0.104477
    outer loop
      vertex 2.77877 -9.47279 -3.18049
      vertex 2.10453 -9.49452 -3.4641
      vertex 2.10224 -9.47279 -3.67201
    endloop
  endfacet
  facet normal 0.645147 -0.372475 -0.667119
    outer loop
      vertex 3.4156 -8.82906 -3.56036
      vertex 3.21786 -8.8933 -3.71572
      vertex 3.2878 -8.77216 -3.71572
    endloop
  endfacet
  facet normal 0.946338 -0.0994965 -0.307481
    outer loop
      vertex 4.63233 -8.5 -1.83486
      vertex 4.54776 -8.68994 -2.03368
      vertex 4.56773 -8.5 -2.03368
    endloop
  endfacet
  facet normal -0.198795 -0.0645941 0.97791
    outer loop
      vertex -0.520357 -8.52173 4.97261
      vertex -0.720378 -8.56425 4.92914
      vertex -0.513605 -8.54251 4.97261
    endloop
  endfacet
  facet normal 0 -0.589906 0.807472
    outer loop
      vertex -0.470378 -8.99726 4.84411
      vertex 0.488056 -9.16546 4.72123
      vertex 0.470378 -8.99726 4.84411
    endloop
  endfacet
  facet normal 0 -0.589906 0.807472
    outer loop
      vertex 0.488056 -9.16546 4.72123
      vertex -0.470378 -8.99726 4.84411
      vertex -0.488056 -9.16546 4.72123
    endloop
  endfacet
  facet normal 0.951053 0 -0.309029
    outer loop
      vertex 4.89074 -8.5 -1.03956
      vertex 4.84935 -5.69647 -1.16694
      vertex 4.89074 -5.66639 -1.03956
    endloop
  endfacet
  facet normal 0.951057 6.03613e-07 -0.309017
    outer loop
      vertex 4.84935 -5.69647 -1.16694
      vertex 4.89074 -8.5 -1.03956
      vertex 4.63233 -5.85414 -1.83486
    endloop
  endfacet
  facet normal 0.951056 0 -0.309018
    outer loop
      vertex 4.63233 -5.85414 -1.83486
      vertex 4.89074 -8.5 -1.03956
      vertex 4.63233 -8.5 -1.83486
    endloop
  endfacet
  facet normal 0.240211 -0.330527 -0.912716
    outer loop
      vertex 1.57063 -8.87157 -4.67025
      vertex 1.39058 -8.76762 -4.75528
      vertex 1.44284 -8.72964 -4.75528
    endloop
  endfacet
  facet normal -0.207836 -0.97792 -0.0218446
    outer loop
      vertex -4.22161 -9.45106 -0.831646
      vertex -4.10453 -9.49452 0
      vertex -4.30902 -9.45106 0
    endloop
  endfacet
  facet normal -0.207836 -0.97792 -0.0218446
    outer loop
      vertex -4.10453 -9.49452 0
      vertex -4.22161 -9.45106 -0.831646
      vertex -4.01712 -9.49452 -0.831646
    endloop
  endfacet
  facet normal -0.584603 -0.804632 -0.103957
    outer loop
      vertex -4.40166 -9.3471 -1.03956
      vertex -4.58172 -9.24314 -0.831646
      vertex -4.5671 -9.2269 -1.03956
    endloop
  endfacet
  facet normal -0.586666 -0.807478 0.0616615
    outer loop
      vertex -4.5 -9.36602 0
      vertex -4.58172 -9.24314 0.831646
      vertex -4.66913 -9.24314 0
    endloop
  endfacet
  facet normal -0.586666 -0.807478 0.0616615
    outer loop
      vertex -4.58172 -9.24314 0.831646
      vertex -4.5 -9.36602 0
      vertex -4.41259 -9.36602 0.831646
    endloop
  endfacet
  facet normal -0.862462 -0.0906046 0.497946
    outer loop
      vertex -4.04508 -8.5 2.93893
      vertex -4.14961 -8.5 2.75788
      vertex -4.02741 -8.6682 2.93893
    endloop
  endfacet
  facet normal -0.862458 -0.0906555 0.497944
    outer loop
      vertex -4.44552 -8.6682 2.21473
      vertex -4.14961 -8.5 2.75788
      vertex -4.56773 -8.5 2.03368
    endloop
  endfacet
  facet normal -0.862466 -0.0906179 0.497937
    outer loop
      vertex -4.14961 -8.5 2.75788
      vertex -4.44552 -8.6682 2.21473
      vertex -4.02741 -8.6682 2.93893
    endloop
  endfacet
  facet normal -0.553617 -0.498471 0.667109
    outer loop
      vertex -3.21786 -8.8933 3.71572
      vertex -3.33103 -8.97553 3.56036
      vertex -3.21786 -9.10122 3.56036
    endloop
  endfacet
  facet normal -0.395963 -0.228602 0.889356
    outer loop
      vertex -1.69284 -8.70337 4.67025
      vertex -2.40451 -8.79389 4.33013
      vertex -1.64058 -8.79389 4.67025
    endloop
  endfacet
  facet normal -0.395963 -0.228602 0.889356
    outer loop
      vertex -2.40451 -8.79389 4.33013
      vertex -1.69284 -8.70337 4.67025
      vertex -2.45677 -8.70337 4.33013
    endloop
  endfacet
  facet normal -0.743131 0 0.669146
    outer loop
      vertex -3.9052 -8.5 3.09429
      vertex -3.75 -6.49519 3.26665
      vertex -3.9052 -6.38243 3.09429
    endloop
  endfacet
  facet normal -0.743152 3.64771e-06 0.669122
    outer loop
      vertex -3.9052 -8.5 3.09429
      vertex -3.55902 -6.58022 3.47876
      vertex -3.75 -6.49519 3.26665
    endloop
  endfacet
  facet normal -0.74313 -5.36983e-06 0.669147
    outer loop
      vertex -3.9052 -8.5 3.09429
      vertex -3.34565 -6.67522 3.71572
      vertex -3.55902 -6.58022 3.47876
    endloop
  endfacet
  facet normal -0.743138 0 0.669138
    outer loop
      vertex -3.34565 -6.67522 3.71572
      vertex -3.9052 -8.5 3.09429
      vertex -3.34565 -8.5 3.71572
    endloop
  endfacet
  facet normal -0.239959 -0.538892 0.807474
    outer loop
      vertex -1.48607 -8.93301 4.67025
      vertex -1.57063 -9.07948 4.54737
      vertex -1.39058 -8.97553 4.67025
    endloop
  endfacet
  facet normal 0.239959 -0.538892 0.807474
    outer loop
      vertex 1.48607 -8.93301 4.67025
      vertex 1.39058 -8.97553 4.67025
      vertex 1.57063 -9.07948 4.54737
    endloop
  endfacet
  facet normal -0.166203 -0.373264 0.912716
    outer loop
      vertex -0.513605 -8.79389 4.92914
      vertex -0.668114 -8.93301 4.84411
      vertex -0.572621 -8.97553 4.84411
    endloop
  endfacet
  facet normal -0.188392 -0.886263 0.42314
    outer loop
      vertex -2.09549 -9.40854 3.87084
      vertex -1.51837 -9.36883 4.21096
      vertex -2.2823 -9.36883 3.87084
    endloop
  endfacet
  facet normal -0.188392 -0.886263 0.42314
    outer loop
      vertex -1.51837 -9.36883 4.21096
      vertex -2.09549 -9.40854 3.87084
      vertex -1.33156 -9.40854 4.21096
    endloop
  endfacet
  facet normal 0.743161 0 -0.669113
    outer loop
      vertex 4.04508 -8.5 -2.93893
      vertex 3.9052 -6.38243 -3.09429
      vertex 4.04508 -6.2808 -2.93893
    endloop
  endfacet
  facet normal 0.743161 0 -0.669113
    outer loop
      vertex 3.9052 -6.38243 -3.09429
      vertex 4.04508 -8.5 -2.93893
      vertex 3.9052 -8.5 -3.09429
    endloop
  endfacet
  facet normal -0.740891 -0.0778596 -0.667097
    outer loop
      vertex -3.33103 -8.63912 -3.71572
      vertex -3.46786 -8.6682 -3.56036
      vertex -3.34565 -8.5 -3.71572
    endloop
  endfacet
  facet normal -0.708507 -0.230222 -0.667095
    outer loop
      vertex -3.2878 -8.77216 -3.71572
      vertex -3.46786 -8.6682 -3.56036
      vertex -3.33103 -8.63912 -3.71572
    endloop
  endfacet
  facet normal -0.387035 -0.869284 -0.307487
    outer loop
      vertex -3.51837 -9.36883 -2.75788
      vertex -3.72514 -9.3471 -2.55905
      vertex -3.69284 -9.29115 -2.75788
    endloop
  endfacet
  facet normal -0.0464579 -0.993456 0.104344
    outer loop
      vertex -2.10224 -9.47279 3.67201
      vertex -1.3406 -9.49452 3.80423
      vertex -1.33831 -9.47279 4.01214
    endloop
  endfacet
  facet normal -0.0464579 -0.993456 0.104344
    outer loop
      vertex -1.3406 -9.49452 3.80423
      vertex -2.10224 -9.47279 3.67201
      vertex -2.10453 -9.49452 3.4641
    endloop
  endfacet
  facet normal -0.206795 -0.972842 -0.103993
    outer loop
      vertex -3.75642 -9.47279 -1.83486
      vertex -3.9632 -9.45106 -1.62695
      vertex -3.95645 -9.43027 -1.83486
    endloop
  endfacet
  facet normal -0.395953 -0.889359 -0.228608
    outer loop
      vertex -3.72514 -9.3471 -2.55905
      vertex -3.95645 -9.43027 -1.83486
      vertex -4.14326 -9.3471 -1.83486
    endloop
  endfacet
  facet normal -0.395953 -0.889359 -0.228608
    outer loop
      vertex -3.95645 -9.43027 -1.83486
      vertex -3.72514 -9.3471 -2.55905
      vertex -3.53833 -9.43027 -2.55905
    endloop
  endfacet
  facet normal -0.554999 -0.665019 -0.499726
    outer loop
      vertex -3.77741 -9.10122 -2.93893
      vertex -3.2878 -9.1789 -3.37932
      vertex -3.84735 -9.1789 -2.75788
    endloop
  endfacet
  facet normal -0.555013 -0.664991 -0.499747
    outer loop
      vertex -3.2878 -9.1789 -3.37932
      vertex -3.77741 -9.10122 -2.93893
      vertex -3.21786 -9.10122 -3.56036
    endloop
  endfacet
  facet normal -0.774602 -0.447199 -0.44722
    outer loop
      vertex -3.97514 -9.03697 -2.75788
      vertex -4.48875 -8.87157 -2.03368
      vertex -4.07063 -8.87157 -2.75788
    endloop
  endfacet
  facet normal -0.774602 -0.447199 -0.44722
    outer loop
      vertex -4.48875 -8.87157 -2.03368
      vertex -3.97514 -9.03697 -2.75788
      vertex -4.39326 -9.03697 -2.03368
    endloop
  endfacet
  facet normal -0.751042 -0.433597 -0.497925
    outer loop
      vertex -3.97514 -9.03697 -2.75788
      vertex -4.07063 -8.87157 -2.75788
      vertex -3.97514 -8.82906 -2.93893
    endloop
  endfacet
  facet normal -0.240185 -0.330567 -0.912709
    outer loop
      vertex -1.48607 -8.93301 -4.67025
      vertex -1.57063 -8.87157 -4.67025
      vertex -1.39058 -8.76762 -4.75528
    endloop
  endfacet
  facet normal -0.553617 -0.498471 -0.667109
    outer loop
      vertex -3.21786 -9.10122 -3.56036
      vertex -3.33103 -8.97553 -3.56036
      vertex -3.21786 -8.8933 -3.71572
    endloop
  endfacet
  facet normal -0.645146 -0.372499 -0.667107
    outer loop
      vertex -3.33103 -8.97553 -3.56036
      vertex -3.4156 -8.82906 -3.56036
      vertex -3.21786 -8.8933 -3.71572
    endloop
  endfacet
  facet normal -0.0221409 -0.994314 0.104165
    outer loop
      vertex -1.33831 -9.47279 4.01214
      vertex -0.522642 -9.49452 3.97809
      vertex -0.520357 -9.47279 4.186
    endloop
  endfacet
  facet normal -0.0221408 -0.994313 0.104166
    outer loop
      vertex -0.522642 -9.49452 3.97809
      vertex -1.33831 -9.47279 4.01214
      vertex -1.3406 -9.49452 3.80423
    endloop
  endfacet
  facet normal -0.122635 -0.577017 -0.807473
    outer loop
      vertex -0.488056 -9.16546 -4.72123
      vertex -0.572621 -8.97553 -4.84411
      vertex -0.470378 -8.99726 -4.84411
    endloop
  endfacet
  facet normal 0 -0.951548 -0.307499
    outer loop
      vertex -0.513605 -9.40854 -4.38482
      vertex 0.520357 -9.47279 -4.186
      vertex -0.520357 -9.47279 -4.186
    endloop
  endfacet
  facet normal 0 -0.951548 -0.307499
    outer loop
      vertex 0.520357 -9.47279 -4.186
      vertex -0.513605 -9.40854 -4.38482
      vertex 0.513605 -9.40854 -4.38482
    endloop
  endfacet
  facet normal -0.222358 -0.837334 -0.499428
    outer loop
      vertex -2.25 -9.26942 -4.05189
      vertex -1.51837 -9.36883 -4.21096
      vertex -2.2823 -9.36883 -3.87084
    endloop
  endfacet
  facet normal -0.222358 -0.837334 -0.499428
    outer loop
      vertex -1.51837 -9.36883 -4.21096
      vertex -2.25 -9.26942 -4.05189
      vertex -1.48607 -9.26942 -4.39201
    endloop
  endfacet
  facet normal 0.403218 -0.905677 -0.131009
    outer loop
      vertex 4.14326 -9.3471 -1.83486
      vertex 4.21485 -9.43027 -1.03956
      vertex 3.95645 -9.43027 -1.83486
    endloop
  endfacet
  facet normal 0.403218 -0.905677 -0.131009
    outer loop
      vertex 4.21485 -9.43027 -1.03956
      vertex 4.14326 -9.3471 -1.83486
      vertex 4.40166 -9.3471 -1.03956
    endloop
  endfacet
  facet normal 0.342728 -0.887305 -0.30859
    outer loop
      vertex 2.97879 -9.43027 -3.18049
      vertex 3.51837 -9.36883 -2.75788
      vertex 3.53833 -9.43027 -2.55905
    endloop
  endfacet
  facet normal 0.342739 -0.887295 -0.308605
    outer loop
      vertex 3.51837 -9.36883 -2.75788
      vertex 2.97879 -9.43027 -3.18049
      vertex 2.95882 -9.36883 -3.37932
    endloop
  endfacet
  facet normal 0.381933 -0.857825 -0.343896
    outer loop
      vertex 3.13329 -9.29115 -3.37932
      vertex 3.51837 -9.36883 -2.75788
      vertex 2.95882 -9.36883 -3.37932
    endloop
  endfacet
  facet normal 0.381933 -0.857825 -0.343896
    outer loop
      vertex 3.51837 -9.36883 -2.75788
      vertex 3.13329 -9.29115 -3.37932
      vertex 3.69284 -9.29115 -2.75788
    endloop
  endfacet
  facet normal -0.206759 -0.972853 0.103956
    outer loop
      vertex -3.75642 -9.47279 1.83486
      vertex -3.9632 -9.45106 1.62695
      vertex -3.75871 -9.49452 1.62695
    endloop
  endfacet
  facet normal 0.7085 -0.230177 -0.667118
    outer loop
      vertex 3.4156 -8.82906 -3.56036
      vertex 3.2878 -8.77216 -3.71572
      vertex 3.46786 -8.6682 -3.56036
    endloop
  endfacet
  facet normal 0.40672 0 -0.913553
    outer loop
      vertex 1.54508 -7.29713 -4.75528
      vertex 1.73607 -8.5 -4.67025
      vertex 1.54508 -8.5 -4.75528
    endloop
  endfacet
  facet normal 0.40672 0 -0.913553
    outer loop
      vertex 1.73607 -8.5 -4.67025
      vertex 1.54508 -7.29713 -4.75528
      vertex 1.73607 -7.25654 -4.67025
    endloop
  endfacet
  facet normal 0.5846 -0.804634 -0.103953
    outer loop
      vertex 4.41259 -9.36602 -0.831646
      vertex 4.40166 -9.3471 -1.03956
      vertex 4.58172 -9.24314 -0.831646
    endloop
  endfacet
  facet normal 0.561044 -0.182306 -0.807462
    outer loop
      vertex 2.61128 -8.77216 -4.20724
      vertex 2.48907 -8.60396 -4.33013
      vertex 2.65451 -8.63912 -4.20724
    endloop
  endfacet
  facet normal 0.122635 -0.577017 -0.807473
    outer loop
      vertex 0.488056 -9.16546 -4.72123
      vertex 0.470378 -8.99726 -4.84411
      vertex 0.572621 -8.97553 -4.84411
    endloop
  endfacet
  facet normal 0.17195 -0.562139 -0.80897
    outer loop
      vertex 0.624886 -9.13638 -4.72123
      vertex 1.39058 -8.97553 -4.67025
      vertex 1.44284 -9.13638 -4.54737
    endloop
  endfacet
  facet normal 0.17195 -0.562136 -0.808972
    outer loop
      vertex 1.39058 -8.97553 -4.67025
      vertex 0.624886 -9.13638 -4.72123
      vertex 0.572621 -8.97553 -4.84411
    endloop
  endfacet
  facet normal 0.553636 -0.498464 -0.667099
    outer loop
      vertex 3.21786 -9.10122 -3.56036
      vertex 3.12426 -8.99726 -3.71572
      vertex 3.21786 -8.8933 -3.71572
    endloop
  endfacet
  facet normal 0.739111 -0.665514 0.10395
    outer loop
      vertex 4.70393 -9.07494 1.03956
      vertex 4.58172 -9.24314 0.831646
      vertex 4.72161 -9.08778 0.831646
    endloop
  endfacet
  facet normal 0.586664 -0.0617365 0.807474
    outer loop
      vertex 3.1656 -8.60396 3.8386
      vertex 2.65451 -8.63912 4.20724
      vertex 3.33103 -8.63912 3.71572
    endloop
  endfacet
  facet normal 0.586664 -0.0617836 0.80747
    outer loop
      vertex 2.65451 -8.63912 4.20724
      vertex 3.1656 -8.60396 3.8386
      vertex 2.48907 -8.60396 4.33013
    endloop
  endfacet
  facet normal 0.989128 -0.103986 0.103984
    outer loop
      vertex 4.89074 -8.5 1.03956
      vertex 4.86936 -8.70337 1.03956
      vertex 4.89074 -8.70791 0.831646
    endloop
  endfacet
  facet normal 0.486109 -0.56219 0.669059
    outer loop
      vertex 3.12426 -8.99726 3.71572
      vertex 2.54134 -9.10122 4.05189
      vertex 3.21786 -9.10122 3.56036
    endloop
  endfacet
  facet normal 0.486123 -0.562129 0.669101
    outer loop
      vertex 2.54134 -9.10122 4.05189
      vertex 3.12426 -8.99726 3.71572
      vertex 2.44773 -8.99726 4.20724
    endloop
  endfacet
  facet normal 0.86134 -0.49728 0.103952
    outer loop
      vertex 4.80617 -8.89785 1.03956
      vertex 4.70393 -9.07494 1.03956
      vertex 4.82613 -8.90674 0.831646
    endloop
  endfacet
  facet normal -0.166168 -0.373298 0.912709
    outer loop
      vertex -0.572621 -8.76762 4.92914
      vertex -0.668114 -8.93301 4.84411
      vertex -0.513605 -8.79389 4.92914
    endloop
  endfacet
  facet normal -0.122635 -0.577017 0.807473
    outer loop
      vertex -0.470378 -8.99726 4.84411
      vertex -0.572621 -8.97553 4.84411
      vertex -0.488056 -9.16546 4.72123
    endloop
  endfacet
  facet normal -0.0435208 -0.204462 0.977907
    outer loop
      vertex -0.450415 -8.59941 4.97261
      vertex -0.450415 -8.80732 4.92914
      vertex -0.429039 -8.60396 4.97261
    endloop
  endfacet
  facet normal -0.0759045 -0.991627 -0.104474
    outer loop
      vertex -2.77877 -9.47279 -3.18049
      vertex -2.10453 -9.49452 -3.4641
      vertex -2.78105 -9.49452 -2.97258
    endloop
  endfacet
  facet normal -0.075906 -0.991626 -0.104477
    outer loop
      vertex -2.10453 -9.49452 -3.4641
      vertex -2.77877 -9.47279 -3.18049
      vertex -2.10224 -9.47279 -3.67201
    endloop
  endfacet
  facet normal 0.866024 0 0.500003
    outer loop
      vertex 4.56773 -8.5 2.03368
      vertex 4.14961 -6.20485 2.75788
      vertex 4.14961 -8.5 2.75788
    endloop
  endfacet
  facet normal 0.866024 0 0.500003
    outer loop
      vertex 4.14961 -6.20485 2.75788
      vertex 4.56773 -8.5 2.03368
      vertex 4.56773 -5.90108 2.03368
    endloop
  endfacet
  facet normal 0.946338 -0.0994871 -0.307485
    outer loop
      vertex 4.86936 -8.70337 -1.03956
      vertex 4.63233 -8.5 -1.83486
      vertex 4.89074 -8.5 -1.03956
    endloop
  endfacet
  facet normal 0.946338 -0.0994871 -0.307485
    outer loop
      vertex 4.63233 -8.5 -1.83486
      vertex 4.86936 -8.70337 -1.03956
      vertex 4.61095 -8.70337 -1.83486
    endloop
  endfacet
  facet normal -0.207836 -0.97792 0.0218446
    outer loop
      vertex -4.10453 -9.49452 0
      vertex -4.22161 -9.45106 0.831646
      vertex -4.30902 -9.45106 0
    endloop
  endfacet
  facet normal -0.207836 -0.97792 0.0218446
    outer loop
      vertex -4.22161 -9.45106 0.831646
      vertex -4.10453 -9.49452 0
      vertex -4.01712 -9.49452 0.831646
    endloop
  endfacet
  facet normal -0.0221408 -0.994313 -0.104166
    outer loop
      vertex -1.33831 -9.47279 -4.01214
      vertex -0.522642 -9.49452 -3.97809
      vertex -1.3406 -9.49452 -3.80423
    endloop
  endfacet
  facet normal -0.0221409 -0.994314 -0.104165
    outer loop
      vertex -0.522642 -9.49452 -3.97809
      vertex -1.33831 -9.47279 -4.01214
      vertex -0.520357 -9.47279 -4.186
    endloop
  endfacet
  facet normal -0.739111 -0.665514 0.10395
    outer loop
      vertex -4.70393 -9.07494 1.03956
      vertex -4.72161 -9.08778 0.831646
      vertex -4.58172 -9.24314 0.831646
    endloop
  endfacet
  facet normal -0.862456 -0.0907483 0.497931
    outer loop
      vertex -4.12965 -8.68994 2.75788
      vertex -4.44552 -8.6682 2.21473
      vertex -4.54776 -8.68994 2.03368
    endloop
  endfacet
  facet normal -0.862456 -0.0907483 0.497931
    outer loop
      vertex -4.44552 -8.6682 2.21473
      vertex -4.12965 -8.68994 2.75788
      vertex -4.02741 -8.6682 2.93893
    endloop
  endfacet
  facet normal -0.577353 -0.794652 0.187594
    outer loop
      vertex -4.40166 -9.3471 1.03956
      vertex -4.30869 -9.2269 1.83486
      vertex -4.5671 -9.2269 1.03956
    endloop
  endfacet
  facet normal -0.577375 -0.794636 0.187594
    outer loop
      vertex -4.30869 -9.2269 1.83486
      vertex -4.40166 -9.3471 1.03956
      vertex -4.14326 -9.3471 1.83486
    endloop
  endfacet
  facet normal -0.509725 -0.701596 0.497938
    outer loop
      vertex -3.08103 -9.20063 3.56036
      vertex -3.21786 -9.10122 3.56036
      vertex -3.13329 -9.29115 3.37932
    endloop
  endfacet
  facet normal -0.739111 -0.665514 -0.10395
    outer loop
      vertex -4.58172 -9.24314 -0.831646
      vertex -4.72161 -9.08778 -0.831646
      vertex -4.70393 -9.07494 -1.03956
    endloop
  endfacet
  facet normal -0.946332 -0.307511 -0.099464
    outer loop
      vertex -4.82613 -8.90674 -0.831646
      vertex -4.97815 -8.70791 0
      vertex -4.89074 -8.70791 -0.831646
    endloop
  endfacet
  facet normal -0.946332 -0.307511 -0.099464
    outer loop
      vertex -4.97815 -8.70791 0
      vertex -4.82613 -8.90674 -0.831646
      vertex -4.91354 -8.90674 0
    endloop
  endfacet
  facet normal -0.989128 -0.103986 -0.103984
    outer loop
      vertex -4.86936 -8.70337 -1.03956
      vertex -4.89074 -8.70791 -0.831646
      vertex -4.89074 -8.5 -1.03956
    endloop
  endfacet
  facet normal -0.743161 0 -0.669113
    outer loop
      vertex -4.04508 -8.5 -2.93893
      vertex -3.9052 -6.38243 -3.09429
      vertex -3.9052 -8.5 -3.09429
    endloop
  endfacet
  facet normal -0.743161 0 -0.669113
    outer loop
      vertex -3.9052 -6.38243 -3.09429
      vertex -4.04508 -8.5 -2.93893
      vertex -4.04508 -6.2808 -2.93893
    endloop
  endfacet
  facet normal -0.866024 0 0.500003
    outer loop
      vertex -4.56773 -8.5 2.03368
      vertex -4.14961 -6.20485 2.75788
      vertex -4.56773 -5.90108 2.03368
    endloop
  endfacet
  facet normal -0.866024 0 0.500003
    outer loop
      vertex -4.14961 -6.20485 2.75788
      vertex -4.56773 -8.5 2.03368
      vertex -4.14961 -8.5 2.75788
    endloop
  endfacet
  facet normal -0.904987 -0.294022 0.307488
    outer loop
      vertex -4.54776 -8.68994 2.03368
      vertex -4.61095 -8.70337 1.83486
      vertex -4.48875 -8.87157 2.03368
    endloop
  endfacet
  facet normal -0.824078 -0.475768 0.307474
    outer loop
      vertex -4.48875 -8.87157 2.03368
      vertex -4.54776 -8.89785 1.83486
      vertex -4.44552 -9.07494 1.83486
    endloop
  endfacet
  facet normal -0.945896 -0.30737 0.10395
    outer loop
      vertex -4.80617 -8.89785 1.03956
      vertex -4.89074 -8.70791 0.831646
      vertex -4.82613 -8.90674 0.831646
    endloop
  endfacet
  facet normal -0.946338 -0.0994965 0.307481
    outer loop
      vertex -4.56773 -8.5 2.03368
      vertex -4.63233 -8.5 1.83486
      vertex -4.54776 -8.68994 2.03368
    endloop
  endfacet
  facet normal -0.555013 -0.664991 0.499747
    outer loop
      vertex -3.77741 -9.10122 2.93893
      vertex -3.2878 -9.1789 3.37932
      vertex -3.21786 -9.10122 3.56036
    endloop
  endfacet
  facet normal -0.554999 -0.665019 0.499726
    outer loop
      vertex -3.2878 -9.1789 3.37932
      vertex -3.77741 -9.10122 2.93893
      vertex -3.84735 -9.1789 2.75788
    endloop
  endfacet
  facet normal -0.645147 -0.372475 0.667119
    outer loop
      vertex -3.2878 -8.77216 3.71572
      vertex -3.4156 -8.82906 3.56036
      vertex -3.21786 -8.8933 3.71572
    endloop
  endfacet
  facet normal -0.586664 -0.0617836 0.80747
    outer loop
      vertex -3.1656 -8.60396 3.8386
      vertex -2.65451 -8.63912 4.20724
      vertex -2.48907 -8.60396 4.33013
    endloop
  endfacet
  facet normal -0.586664 -0.0617365 0.807474
    outer loop
      vertex -2.65451 -8.63912 4.20724
      vertex -3.1656 -8.60396 3.8386
      vertex -3.33103 -8.63912 3.71572
    endloop
  endfacet
  facet normal -0.866024 0 0.500003
    outer loop
      vertex -4.14961 -8.5 2.75788
      vertex -4.04508 -6.2808 2.93893
      vertex -4.14961 -6.20485 2.75788
    endloop
  endfacet
  facet normal -0.866024 0 0.500003
    outer loop
      vertex -4.04508 -6.2808 2.93893
      vertex -4.14961 -8.5 2.75788
      vertex -4.04508 -8.5 2.93893
    endloop
  endfacet
  facet normal -0.406349 -0.0426904 0.91272
    outer loop
      vertex -1.54508 -8.5 4.75528
      vertex -1.73607 -8.5 4.67025
      vertex -1.53833 -8.56425 4.75528
    endloop
  endfacet
  facet normal -0.40672 0 0.913553
    outer loop
      vertex -1.73607 -8.5 4.67025
      vertex -1.54508 -7.29713 4.75528
      vertex -1.73607 -7.25654 4.67025
    endloop
  endfacet
  facet normal -0.40672 0 0.913553
    outer loop
      vertex -1.54508 -7.29713 4.75528
      vertex -1.73607 -8.5 4.67025
      vertex -1.54508 -8.5 4.75528
    endloop
  endfacet
  facet normal -0.141928 -0.730753 0.667725
    outer loop
      vertex -1.30601 -9.16546 4.54737
      vertex -0.502679 -9.30458 4.56587
      vertex -0.488056 -9.16546 4.72123
    endloop
  endfacet
  facet normal -0.141928 -0.730754 0.667723
    outer loop
      vertex -0.502679 -9.30458 4.56587
      vertex -1.30601 -9.16546 4.54737
      vertex -1.32063 -9.30458 4.39201
    endloop
  endfacet
  facet normal -0.154865 -0.728696 0.667098
    outer loop
      vertex -1.30601 -9.16546 4.54737
      vertex -1.48607 -9.26942 4.39201
      vertex -1.32063 -9.30458 4.39201
    endloop
  endfacet
  facet normal -0.106267 -0.85951 0.499949
    outer loop
      vertex -1.32063 -9.30458 4.39201
      vertex -0.513605 -9.40854 4.38482
      vertex -0.502679 -9.30458 4.56587
    endloop
  endfacet
  facet normal -0.106267 -0.859509 0.499951
    outer loop
      vertex -0.513605 -9.40854 4.38482
      vertex -1.32063 -9.30458 4.39201
      vertex -1.33156 -9.40854 4.21096
    endloop
  endfacet
  facet normal -0.137486 -0.941137 0.308802
    outer loop
      vertex -2.09549 -9.40854 3.87084
      vertex -1.33831 -9.47279 4.01214
      vertex -1.33156 -9.40854 4.21096
    endloop
  endfacet
  facet normal -0.137484 -0.941142 0.308788
    outer loop
      vertex -1.33831 -9.47279 4.01214
      vertex -2.09549 -9.40854 3.87084
      vertex -2.10224 -9.47279 3.67201
    endloop
  endfacet
  facet normal -0.586668 -0.0616803 -0.807475
    outer loop
      vertex -3.1656 -8.60396 -3.8386
      vertex -2.5 -8.5 -4.33013
      vertex -2.48907 -8.60396 -4.33013
    endloop
  endfacet
  facet normal -0.586675 -0.0616246 -0.807474
    outer loop
      vertex -2.5 -8.5 -4.33013
      vertex -3.1656 -8.60396 -3.8386
      vertex -3.17652 -8.5 -3.8386
    endloop
  endfacet
  facet normal -0.587793 0 -0.809012
    outer loop
      vertex -3.17652 -8.5 -3.8386
      vertex -2.5 -7.05172 -4.33013
      vertex -2.5 -8.5 -4.33013
    endloop
  endfacet
  facet normal -0.587793 0 -0.809012
    outer loop
      vertex -2.5 -7.05172 -4.33013
      vertex -3.17652 -8.5 -3.8386
      vertex -3.17652 -6.75052 -3.8386
    endloop
  endfacet
  facet normal -0.106267 -0.859509 -0.499951
    outer loop
      vertex -1.32063 -9.30458 -4.39201
      vertex -0.513605 -9.40854 -4.38482
      vertex -1.33156 -9.40854 -4.21096
    endloop
  endfacet
  facet normal -0.106267 -0.85951 -0.499949
    outer loop
      vertex -0.513605 -9.40854 -4.38482
      vertex -1.32063 -9.30458 -4.39201
      vertex -0.502679 -9.30458 -4.56587
    endloop
  endfacet
  facet normal -0.556608 -0.321357 -0.766106
    outer loop
      vertex -3.21786 -8.8933 -3.71572
      vertex -2.61128 -8.77216 -4.20724
      vertex -2.54134 -8.8933 -4.20724
    endloop
  endfacet
  facet normal -0.556608 -0.321357 -0.766106
    outer loop
      vertex -2.61128 -8.77216 -4.20724
      vertex -3.21786 -8.8933 -3.71572
      vertex -3.2878 -8.77216 -3.71572
    endloop
  endfacet
  facet normal -0.403218 -0.905677 -0.131009
    outer loop
      vertex -4.14326 -9.3471 -1.83486
      vertex -4.21485 -9.43027 -1.03956
      vertex -4.40166 -9.3471 -1.03956
    endloop
  endfacet
  facet normal -0.403218 -0.905677 -0.131009
    outer loop
      vertex -4.21485 -9.43027 -1.03956
      vertex -4.14326 -9.3471 -1.83486
      vertex -3.95645 -9.43027 -1.83486
    endloop
  endfacet
  facet normal -0.20644 -0.971172 -0.119191
    outer loop
      vertex -3.53833 -9.43027 -2.55905
      vertex -3.75642 -9.47279 -1.83486
      vertex -3.95645 -9.43027 -1.83486
    endloop
  endfacet
  facet normal -0.20645 -0.97117 -0.119194
    outer loop
      vertex -3.75642 -9.47279 -1.83486
      vertex -3.53833 -9.43027 -2.55905
      vertex -3.33831 -9.47279 -2.55905
    endloop
  endfacet
  facet normal -0.302987 -0.680542 -0.667129
    outer loop
      vertex -2.25 -9.26942 -4.05189
      vertex -2.40451 -9.20063 -4.05189
      vertex -2.33457 -9.07948 -4.20724
    endloop
  endfacet
  facet normal -0.342728 -0.887305 -0.30859
    outer loop
      vertex -3.51837 -9.36883 -2.75788
      vertex -2.97879 -9.43027 -3.18049
      vertex -3.53833 -9.43027 -2.55905
    endloop
  endfacet
  facet normal -0.342739 -0.887295 -0.308605
    outer loop
      vertex -2.97879 -9.43027 -3.18049
      vertex -3.51837 -9.36883 -2.75788
      vertex -2.95882 -9.36883 -3.37932
    endloop
  endfacet
  facet normal -0.387021 -0.869296 -0.307471
    outer loop
      vertex -3.53833 -9.43027 -2.55905
      vertex -3.72514 -9.3471 -2.55905
      vertex -3.51837 -9.36883 -2.75788
    endloop
  endfacet
  facet normal -0.53402 -0.787249 -0.308323
    outer loop
      vertex -4.11095 -9.29115 -2.03368
      vertex -3.72514 -9.3471 -2.55905
      vertex -4.14326 -9.3471 -1.83486
    endloop
  endfacet
  facet normal -0.533976 -0.787293 -0.308286
    outer loop
      vertex -3.72514 -9.3471 -2.55905
      vertex -4.11095 -9.29115 -2.03368
      vertex -3.69284 -9.29115 -2.75788
    endloop
  endfacet
  facet normal -0.559275 -0.769831 -0.307525
    outer loop
      vertex -4.14326 -9.3471 -1.83486
      vertex -4.26546 -9.1789 -2.03368
      vertex -4.11095 -9.29115 -2.03368
    endloop
  endfacet
  facet normal -0.556585 -0.766129 -0.321339
    outer loop
      vertex -3.84735 -9.1789 -2.75788
      vertex -4.11095 -9.29115 -2.03368
      vertex -4.26546 -9.1789 -2.03368
    endloop
  endfacet
  facet normal -0.556585 -0.766129 -0.321339
    outer loop
      vertex -4.11095 -9.29115 -2.03368
      vertex -3.84735 -9.1789 -2.75788
      vertex -3.69284 -9.29115 -2.75788
    endloop
  endfacet
  facet normal -0.510892 -0.294963 -0.807457
    outer loop
      vertex -2.54134 -8.8933 -4.20724
      vertex -2.61128 -8.77216 -4.20724
      vertex -2.45677 -8.70337 -4.33013
    endloop
  endfacet
  facet normal -0.509725 -0.701596 -0.497938
    outer loop
      vertex -3.13329 -9.29115 -3.37932
      vertex -3.21786 -9.10122 -3.56036
      vertex -3.08103 -9.20063 -3.56036
    endloop
  endfacet
  facet normal -0.644475 -0.580279 -0.497924
    outer loop
      vertex -3.77741 -9.10122 -2.93893
      vertex -3.97514 -9.03697 -2.75788
      vertex -3.89058 -8.97553 -2.93893
    endloop
  endfacet
  facet normal -0.751047 -0.433594 -0.497921
    outer loop
      vertex -3.89058 -8.97553 -2.93893
      vertex -3.97514 -9.03697 -2.75788
      vertex -3.97514 -8.82906 -2.93893
    endloop
  endfacet
  facet normal 0.180315 -0.848265 -0.49793
    outer loop
      vertex 1.51837 -9.36883 -4.21096
      vertex 1.33156 -9.40854 -4.21096
      vertex 1.48607 -9.26942 -4.39201
    endloop
  endfacet
  facet normal 0.188392 -0.886263 -0.42314
    outer loop
      vertex 1.51837 -9.36883 -4.21096
      vertex 2.09549 -9.40854 -3.87084
      vertex 1.33156 -9.40854 -4.21096
    endloop
  endfacet
  facet normal 0.188392 -0.886263 -0.42314
    outer loop
      vertex 2.09549 -9.40854 -3.87084
      vertex 1.51837 -9.36883 -4.21096
      vertex 2.2823 -9.36883 -3.87084
    endloop
  endfacet
  facet normal 0.0464579 -0.993456 -0.104344
    outer loop
      vertex 1.3406 -9.49452 -3.80423
      vertex 2.10224 -9.47279 -3.67201
      vertex 2.10453 -9.49452 -3.4641
    endloop
  endfacet
  facet normal 0.0464579 -0.993456 -0.104344
    outer loop
      vertex 2.10224 -9.47279 -3.67201
      vertex 1.3406 -9.49452 -3.80423
      vertex 1.33831 -9.47279 -4.01214
    endloop
  endfacet
  facet normal 0 -0.867204 -0.497954
    outer loop
      vertex -0.502679 -9.30458 -4.56587
      vertex 0.513605 -9.40854 -4.38482
      vertex -0.513605 -9.40854 -4.38482
    endloop
  endfacet
  facet normal 0 -0.867204 -0.497954
    outer loop
      vertex 0.513605 -9.40854 -4.38482
      vertex -0.502679 -9.30458 -4.56587
      vertex 0.502679 -9.30458 -4.56587
    endloop
  endfacet
  facet normal 0.381929 -0.343874 -0.857835
    outer loop
      vertex 2.33457 -8.87157 -4.33013
      vertex 1.64058 -8.79389 -4.67025
      vertex 2.40451 -8.79389 -4.33013
    endloop
  endfacet
  facet normal 0.381919 -0.343914 -0.857824
    outer loop
      vertex 1.64058 -8.79389 -4.67025
      vertex 2.33457 -8.87157 -4.33013
      vertex 1.57063 -8.87157 -4.67025
    endloop
  endfacet
  facet normal -0.437874 -0.602649 -0.667144
    outer loop
      vertex -2.33457 -9.07948 -4.20724
      vertex -2.54134 -9.10122 -4.05189
      vertex -2.44773 -8.99726 -4.20724
    endloop
  endfacet
  facet normal 0.406362 -0.0426982 0.912714
    outer loop
      vertex 2.30226 -8.56425 4.41516
      vertex 1.72514 -8.60396 4.67025
      vertex 2.48907 -8.60396 4.33013
    endloop
  endfacet
  facet normal 0.406362 -0.0426982 0.912714
    outer loop
      vertex 1.72514 -8.60396 4.67025
      vertex 2.30226 -8.56425 4.41516
      vertex 1.53833 -8.56425 4.75528
    endloop
  endfacet
  facet normal 0.0656483 -0.948841 0.308854
    outer loop
      vertex 0.520357 -9.47279 4.186
      vertex 1.33156 -9.40854 4.21096
      vertex 0.513605 -9.40854 4.38482
    endloop
  endfacet
  facet normal 0.0656483 -0.948841 0.308853
    outer loop
      vertex 1.33156 -9.40854 4.21096
      vertex 0.520357 -9.47279 4.186
      vertex 1.33831 -9.47279 4.01214
    endloop
  endfacet
  facet normal 0.199906 -0.940388 -0.275152
    outer loop
      vertex 2.30226 -9.43027 -3.67201
      vertex 2.77877 -9.47279 -3.18049
      vertex 2.10224 -9.47279 -3.67201
    endloop
  endfacet
  facet normal 0.199906 -0.940388 -0.275152
    outer loop
      vertex 2.77877 -9.47279 -3.18049
      vertex 2.30226 -9.43027 -3.67201
      vertex 2.97879 -9.43027 -3.18049
    endloop
  endfacet
  facet normal 0.740891 -0.0778596 -0.667097
    outer loop
      vertex 3.46786 -8.6682 -3.56036
      vertex 3.33103 -8.63912 -3.71572
      vertex 3.34565 -8.5 -3.71572
    endloop
  endfacet
  facet normal 0.989134 -0.103952 -0.103963
    outer loop
      vertex 4.89074 -8.70791 -0.831646
      vertex 5 -8.5 0
      vertex 4.97815 -8.70791 0
    endloop
  endfacet
  facet normal 0.989133 -0.103962 -0.10396
    outer loop
      vertex 5 -8.5 0
      vertex 4.89074 -8.70791 -0.831646
      vertex 4.89074 -8.5 -1.03956
    endloop
  endfacet
  facet normal 0.406406 -0.912693 -0.0427152
    outer loop
      vertex 4.41259 -9.36602 -0.831646
      vertex 4.30902 -9.45106 0
      vertex 4.22161 -9.45106 -0.831646
    endloop
  endfacet
  facet normal 0.406406 -0.912693 -0.0427152
    outer loop
      vertex 4.30902 -9.45106 0
      vertex 4.41259 -9.36602 -0.831646
      vertex 4.5 -9.36602 0
    endloop
  endfacet
  facet normal 0.554999 -0.665019 -0.499726
    outer loop
      vertex 3.2878 -9.1789 -3.37932
      vertex 3.77741 -9.10122 -2.93893
      vertex 3.84735 -9.1789 -2.75788
    endloop
  endfacet
  facet normal 0.555013 -0.664991 -0.499747
    outer loop
      vertex 3.77741 -9.10122 -2.93893
      vertex 3.2878 -9.1789 -3.37932
      vertex 3.21786 -9.10122 -3.56036
    endloop
  endfacet
  facet normal 0.586678 -0.0616535 -0.80747
    outer loop
      vertex 3.33103 -8.63912 -3.71572
      vertex 3.1656 -8.60396 -3.8386
      vertex 3.34565 -8.5 -3.71572
    endloop
  endfacet
  facet normal 0.586675 -0.0616246 -0.807474
    outer loop
      vertex 3.1656 -8.60396 -3.8386
      vertex 2.5 -8.5 -4.33013
      vertex 3.17652 -8.5 -3.8386
    endloop
  endfacet
  facet normal 0.586668 -0.0616803 -0.807475
    outer loop
      vertex 2.5 -8.5 -4.33013
      vertex 3.1656 -8.60396 -3.8386
      vertex 2.48907 -8.60396 -4.33013
    endloop
  endfacet
  facet normal 0.406349 -0.0426904 -0.91272
    outer loop
      vertex 1.73607 -8.5 -4.67025
      vertex 1.53833 -8.56425 -4.75528
      vertex 1.54508 -8.5 -4.75528
    endloop
  endfacet
  facet normal 0.586668 -0.0616238 -0.80748
    outer loop
      vertex 3.34565 -8.5 -3.71572
      vertex 3.1656 -8.60396 -3.8386
      vertex 3.17652 -8.5 -3.8386
    endloop
  endfacet
  facet normal 0.586664 -0.0617365 -0.807474
    outer loop
      vertex 2.65451 -8.63912 -4.20724
      vertex 3.1656 -8.60396 -3.8386
      vertex 3.33103 -8.63912 -3.71572
    endloop
  endfacet
  facet normal 0.586664 -0.0617836 -0.80747
    outer loop
      vertex 3.1656 -8.60396 -3.8386
      vertex 2.65451 -8.63912 -4.20724
      vertex 2.48907 -8.60396 -4.33013
    endloop
  endfacet
  facet normal 0.587785 0 -0.809017
    outer loop
      vertex 3.17652 -6.75052 -3.8386
      vertex 3.34565 -8.5 -3.71572
      vertex 3.17652 -8.5 -3.8386
    endloop
  endfacet
  facet normal 0.587785 0 -0.809017
    outer loop
      vertex 3.34565 -8.5 -3.71572
      vertex 3.17652 -6.75052 -3.8386
      vertex 3.34565 -6.67522 -3.71572
    endloop
  endfacet
  facet normal 0.587793 0 -0.809012
    outer loop
      vertex 2.5 -7.05172 -4.33013
      vertex 3.17652 -8.5 -3.8386
      vertex 2.5 -8.5 -4.33013
    endloop
  endfacet
  facet normal 0.587793 0 -0.809012
    outer loop
      vertex 3.17652 -8.5 -3.8386
      vertex 2.5 -7.05172 -4.33013
      vertex 3.17652 -6.75052 -3.8386
    endloop
  endfacet
  facet normal 0.20792 0 -0.978146
    outer loop
      vertex 1.54508 -8.5 -4.75528
      vertex 0.988451 -7.41545 -4.8736
      vertex 1.54508 -7.29713 -4.75528
    endloop
  endfacet
  facet normal 0.207911 -4.77003e-06 -0.978148
    outer loop
      vertex 0.72713 -8.5 -4.92914
      vertex 0.988451 -7.41545 -4.8736
      vertex 1.54508 -8.5 -4.75528
    endloop
  endfacet
  facet normal 0.207887 1.17544e-06 -0.978153
    outer loop
      vertex 0.988451 -7.41545 -4.8736
      vertex 0.72713 -8.5 -4.92914
      vertex 0.783963 -7.45891 -4.91706
    endloop
  endfacet
  facet normal 0.207908 0 -0.978148
    outer loop
      vertex 0.783963 -7.45891 -4.91706
      vertex 0.72713 -8.5 -4.92914
      vertex 0.72713 -7.45891 -4.92914
    endloop
  endfacet
  facet normal 0.207861 -0.0218376 -0.977914
    outer loop
      vertex 1.53833 -8.56425 -4.75528
      vertex 0.72713 -8.5 -4.92914
      vertex 1.54508 -8.5 -4.75528
    endloop
  endfacet
  facet normal 0.207861 -0.021844 -0.977914
    outer loop
      vertex 0.72713 -8.5 -4.92914
      vertex 1.53833 -8.56425 -4.75528
      vertex 0.720378 -8.56425 -4.92914
    endloop
  endfacet
  facet normal 0.577349 -0.187604 -0.794653
    outer loop
      vertex 3.2878 -8.77216 -3.71572
      vertex 2.65451 -8.63912 -4.20724
      vertex 3.33103 -8.63912 -3.71572
    endloop
  endfacet
  facet normal 0.577349 -0.187604 -0.794653
    outer loop
      vertex 2.65451 -8.63912 -4.20724
      vertex 3.2878 -8.77216 -3.71572
      vertex 2.61128 -8.77216 -4.20724
    endloop
  endfacet
  facet normal 0.774602 -0.447199 -0.44722
    outer loop
      vertex 4.39326 -9.03697 -2.03368
      vertex 4.07063 -8.87157 -2.75788
      vertex 4.48875 -8.87157 -2.03368
    endloop
  endfacet
  facet normal 0.774602 -0.447199 -0.44722
    outer loop
      vertex 4.07063 -8.87157 -2.75788
      vertex 4.39326 -9.03697 -2.03368
      vertex 3.97514 -9.03697 -2.75788
    endloop
  endfacet
  facet normal 0.388604 -0.126264 -0.912713
    outer loop
      vertex 1.69284 -8.70337 -4.67025
      vertex 1.51837 -8.62569 -4.75528
      vertex 1.72514 -8.60396 -4.67025
    endloop
  endfacet
  facet normal 0.20788 -0.0218594 -0.97791
    outer loop
      vertex 0.720378 -8.56425 -4.92914
      vertex 0.520357 -8.52173 -4.97261
      vertex 0.522642 -8.5 -4.97261
    endloop
  endfacet
  facet normal 0.862467 -0.497929 0.0906494
    outer loop
      vertex 4.72161 -9.08778 0.831646
      vertex 4.91354 -8.90674 0
      vertex 4.82613 -8.90674 0.831646
    endloop
  endfacet
  facet normal 0.862467 -0.497929 0.0906494
    outer loop
      vertex 4.91354 -8.90674 0
      vertex 4.72161 -9.08778 0.831646
      vertex 4.80902 -9.08778 0
    endloop
  endfacet
  facet normal 0.751047 -0.433594 -0.497921
    outer loop
      vertex 3.97514 -9.03697 -2.75788
      vertex 3.89058 -8.97553 -2.93893
      vertex 3.97514 -8.82906 -2.93893
    endloop
  endfacet
  facet normal 0.833655 -0.481297 0.270872
    outer loop
      vertex 4.44552 -9.07494 1.83486
      vertex 4.80617 -8.89785 1.03956
      vertex 4.54776 -8.89785 1.83486
    endloop
  endfacet
  facet normal 0.833655 -0.481297 0.270872
    outer loop
      vertex 4.80617 -8.89785 1.03956
      vertex 4.44552 -9.07494 1.83486
      vertex 4.70393 -9.07494 1.03956
    endloop
  endfacet
  facet normal 0.206759 -0.972853 -0.103956
    outer loop
      vertex 3.75871 -9.49452 -1.62695
      vertex 3.75642 -9.47279 -1.83486
      vertex 3.9632 -9.45106 -1.62695
    endloop
  endfacet
  facet normal 0.403227 -0.131015 0.905673
    outer loop
      vertex 1.72514 -8.60396 4.67025
      vertex 2.45677 -8.70337 4.33013
      vertex 2.48907 -8.60396 4.33013
    endloop
  endfacet
  facet normal 0.403227 -0.131015 0.905673
    outer loop
      vertex 2.45677 -8.70337 4.33013
      vertex 1.72514 -8.60396 4.67025
      vertex 1.69284 -8.70337 4.67025
    endloop
  endfacet
  facet normal -0.180315 -0.848265 0.49793
    outer loop
      vertex -1.48607 -9.26942 4.39201
      vertex -1.51837 -9.36883 4.21096
      vertex -1.33156 -9.40854 4.21096
    endloop
  endfacet
  facet normal 0.20792 0 0.978146
    outer loop
      vertex 0.988451 -7.41545 4.8736
      vertex 1.54508 -8.5 4.75528
      vertex 1.54508 -7.29713 4.75528
    endloop
  endfacet
  facet normal 0.207887 1.17544e-06 0.978153
    outer loop
      vertex 0.72713 -8.5 4.92914
      vertex 0.988451 -7.41545 4.8736
      vertex 0.783963 -7.45891 4.91706
    endloop
  endfacet
  facet normal 0.207908 -0 0.978148
    outer loop
      vertex 0.72713 -8.5 4.92914
      vertex 0.783963 -7.45891 4.91706
      vertex 0.72713 -7.45891 4.92914
    endloop
  endfacet
  facet normal 0.207911 -4.77003e-06 0.978148
    outer loop
      vertex 0.988451 -7.41545 4.8736
      vertex 0.72713 -8.5 4.92914
      vertex 1.54508 -8.5 4.75528
    endloop
  endfacet
  facet normal 0 -0.867204 0.497954
    outer loop
      vertex -0.513605 -9.40854 4.38482
      vertex 0.502679 -9.30458 4.56587
      vertex -0.502679 -9.30458 4.56587
    endloop
  endfacet
  facet normal 0 -0.867204 0.497954
    outer loop
      vertex 0.502679 -9.30458 4.56587
      vertex -0.513605 -9.40854 4.38482
      vertex 0.513605 -9.40854 4.38482
    endloop
  endfacet
  facet normal 0 -0.951548 0.307499
    outer loop
      vertex -0.520357 -9.47279 4.186
      vertex 0.513605 -9.40854 4.38482
      vertex -0.513605 -9.40854 4.38482
    endloop
  endfacet
  facet normal 0 -0.951548 0.307499
    outer loop
      vertex 0.513605 -9.40854 4.38482
      vertex -0.520357 -9.47279 4.186
      vertex 0.520357 -9.47279 4.186
    endloop
  endfacet
  facet normal 0.406746 0 0.913541
    outer loop
      vertex 2.36879 -7.11014 4.38855
      vertex 2.5 -8.5 4.33013
      vertex 2.5 -7.05172 4.33013
    endloop
  endfacet
  facet normal 0.406624 -1.37543e-05 0.913596
    outer loop
      vertex 2.31763 -7.13292 4.41132
      vertex 2.5 -8.5 4.33013
      vertex 2.36879 -7.11014 4.38855
    endloop
  endfacet
  facet normal 0.406739 4.70156e-06 0.913544
    outer loop
      vertex 1.73607 -7.25654 4.67025
      vertex 2.5 -8.5 4.33013
      vertex 2.31763 -7.13292 4.41132
    endloop
  endfacet
  facet normal 0.406733 0 0.913547
    outer loop
      vertex 2.5 -8.5 4.33013
      vertex 1.73607 -7.25654 4.67025
      vertex 1.73607 -8.5 4.67025
    endloop
  endfacet
  facet normal 0.207836 -0.97792 0.0218446
    outer loop
      vertex 4.10453 -9.49452 0
      vertex 4.22161 -9.45106 0.831646
      vertex 4.01712 -9.49452 0.831646
    endloop
  endfacet
  facet normal 0.207836 -0.97792 0.0218446
    outer loop
      vertex 4.22161 -9.45106 0.831646
      vertex 4.10453 -9.49452 0
      vertex 4.30902 -9.45106 0
    endloop
  endfacet
  facet normal 0.866024 0 0.500003
    outer loop
      vertex 4.14961 -8.5 2.75788
      vertex 4.04508 -6.2808 2.93893
      vertex 4.04508 -8.5 2.93893
    endloop
  endfacet
  facet normal 0.866024 0 0.500003
    outer loop
      vertex 4.04508 -6.2808 2.93893
      vertex 4.14961 -8.5 2.75788
      vertex 4.14961 -6.20485 2.75788
    endloop
  endfacet
  facet normal 0.989133 -0.103962 0.10396
    outer loop
      vertex 4.89074 -8.70791 0.831646
      vertex 5 -8.5 0
      vertex 4.89074 -8.5 1.03956
    endloop
  endfacet
  facet normal 0.989134 -0.103952 0.103963
    outer loop
      vertex 5 -8.5 0
      vertex 4.89074 -8.70791 0.831646
      vertex 4.97815 -8.70791 0
    endloop
  endfacet
  facet normal 0.951057 0 -0.309015
    outer loop
      vertex 4.63233 -8.5 -1.83486
      vertex 4.56773 -5.90108 -2.03368
      vertex 4.63233 -5.85414 -1.83486
    endloop
  endfacet
  facet normal 0.951057 0 -0.309015
    outer loop
      vertex 4.56773 -5.90108 -2.03368
      vertex 4.63233 -8.5 -1.83486
      vertex 4.56773 -8.5 -2.03368
    endloop
  endfacet
  facet normal -0.824081 -0.475765 0.30747
    outer loop
      vertex -4.39326 -9.03697 2.03368
      vertex -4.48875 -8.87157 2.03368
      vertex -4.44552 -9.07494 1.83486
    endloop
  endfacet
  facet normal -0.774602 -0.447199 0.44722
    outer loop
      vertex -4.39326 -9.03697 2.03368
      vertex -4.07063 -8.87157 2.75788
      vertex -4.48875 -8.87157 2.03368
    endloop
  endfacet
  facet normal -0.774602 -0.447199 0.44722
    outer loop
      vertex -4.07063 -8.87157 2.75788
      vertex -4.39326 -9.03697 2.03368
      vertex -3.97514 -9.03697 2.75788
    endloop
  endfacet
  facet normal -0.751047 -0.433594 0.497921
    outer loop
      vertex -3.97514 -8.82906 2.93893
      vertex -3.97514 -9.03697 2.75788
      vertex -3.89058 -8.97553 2.93893
    endloop
  endfacet
  facet normal -0.519494 -0.715073 0.467757
    outer loop
      vertex -3.69284 -9.29115 2.75788
      vertex -3.2878 -9.1789 3.37932
      vertex -3.84735 -9.1789 2.75788
    endloop
  endfacet
  facet normal -0.519494 -0.715073 0.467757
    outer loop
      vertex -3.2878 -9.1789 3.37932
      vertex -3.69284 -9.29115 2.75788
      vertex -3.13329 -9.29115 3.37932
    endloop
  endfacet
  facet normal 0.0221409 -0.994314 0.104165
    outer loop
      vertex 0.522642 -9.49452 3.97809
      vertex 1.33831 -9.47279 4.01214
      vertex 0.520357 -9.47279 4.186
    endloop
  endfacet
  facet normal 0.0221408 -0.994313 0.104166
    outer loop
      vertex 1.33831 -9.47279 4.01214
      vertex 0.522642 -9.49452 3.97809
      vertex 1.3406 -9.49452 3.80423
    endloop
  endfacet
  facet normal -0.707131 -0.636732 0.307471
    outer loop
      vertex -4.39326 -9.03697 2.03368
      vertex -4.44552 -9.07494 1.83486
      vertex -4.26546 -9.1789 2.03368
    endloop
  endfacet
  facet normal -0.707133 -0.636727 0.307475
    outer loop
      vertex -4.26546 -9.1789 2.03368
      vertex -4.44552 -9.07494 1.83486
      vertex -4.30869 -9.2269 1.83486
    endloop
  endfacet
  facet normal -0.404574 -0.908578 0.103948
    outer loop
      vertex -4.40166 -9.3471 1.03956
      vertex -4.41259 -9.36602 0.831646
      vertex -4.22161 -9.45106 0.831646
    endloop
  endfacet
  facet normal -0.403218 -0.905677 0.131009
    outer loop
      vertex -4.21485 -9.43027 1.03956
      vertex -4.14326 -9.3471 1.83486
      vertex -4.40166 -9.3471 1.03956
    endloop
  endfacet
  facet normal -0.403218 -0.905677 0.131009
    outer loop
      vertex -4.14326 -9.3471 1.83486
      vertex -4.21485 -9.43027 1.03956
      vertex -3.95645 -9.43027 1.83486
    endloop
  endfacet
  facet normal -0.197851 -0.93076 0.307474
    outer loop
      vertex -2.2823 -9.36883 3.87084
      vertex -2.30226 -9.43027 3.67201
      vertex -2.09549 -9.40854 3.87084
    endloop
  endfacet
  facet normal -0.577353 -0.794652 -0.187594
    outer loop
      vertex -4.30869 -9.2269 -1.83486
      vertex -4.40166 -9.3471 -1.03956
      vertex -4.5671 -9.2269 -1.03956
    endloop
  endfacet
  facet normal -0.577375 -0.794636 -0.187594
    outer loop
      vertex -4.40166 -9.3471 -1.03956
      vertex -4.30869 -9.2269 -1.83486
      vertex -4.14326 -9.3471 -1.83486
    endloop
  endfacet
  facet normal -0.739107 -0.665518 -0.103955
    outer loop
      vertex -4.58172 -9.24314 -0.831646
      vertex -4.70393 -9.07494 -1.03956
      vertex -4.5671 -9.2269 -1.03956
    endloop
  endfacet
  facet normal -0.740881 -0.667107 -0.0778701
    outer loop
      vertex -4.58172 -9.24314 -0.831646
      vertex -4.80902 -9.08778 0
      vertex -4.72161 -9.08778 -0.831646
    endloop
  endfacet
  facet normal -0.740881 -0.667107 -0.0778701
    outer loop
      vertex -4.80902 -9.08778 0
      vertex -4.58172 -9.24314 -0.831646
      vertex -4.66913 -9.24314 0
    endloop
  endfacet
  facet normal -0.833648 -0.270891 -0.481299
    outer loop
      vertex -4.07063 -8.87157 -2.75788
      vertex -4.54776 -8.68994 -2.03368
      vertex -4.12965 -8.68994 -2.75788
    endloop
  endfacet
  facet normal -0.833654 -0.270847 -0.481314
    outer loop
      vertex -4.54776 -8.68994 -2.03368
      vertex -4.07063 -8.87157 -2.75788
      vertex -4.48875 -8.87157 -2.03368
    endloop
  endfacet
  facet normal -0.989133 -0.103962 -0.10396
    outer loop
      vertex -4.89074 -8.70791 -0.831646
      vertex -5 -8.5 0
      vertex -4.89074 -8.5 -1.03956
    endloop
  endfacet
  facet normal -0.989134 -0.103952 -0.103963
    outer loop
      vertex -5 -8.5 0
      vertex -4.89074 -8.70791 -0.831646
      vertex -4.97815 -8.70791 0
    endloop
  endfacet
  facet normal -0.951057 0 -0.309015
    outer loop
      vertex -4.63233 -8.5 -1.83486
      vertex -4.56773 -5.90108 -2.03368
      vertex -4.56773 -8.5 -2.03368
    endloop
  endfacet
  facet normal -0.951057 0 -0.309015
    outer loop
      vertex -4.56773 -5.90108 -2.03368
      vertex -4.63233 -8.5 -1.83486
      vertex -4.63233 -5.85414 -1.83486
    endloop
  endfacet
  facet normal -0.743158 0 0.669116
    outer loop
      vertex -4.04508 -8.5 2.93893
      vertex -3.92778 -6.36602 3.06921
      vertex -4.04508 -6.2808 2.93893
    endloop
  endfacet
  facet normal -0.743176 2.15777e-06 0.669096
    outer loop
      vertex -3.92778 -6.36602 3.06921
      vertex -4.04508 -8.5 2.93893
      vertex -3.9052 -6.38243 3.09429
    endloop
  endfacet
  facet normal -0.743161 0 0.669113
    outer loop
      vertex -3.9052 -6.38243 3.09429
      vertex -4.04508 -8.5 2.93893
      vertex -3.9052 -8.5 3.09429
    endloop
  endfacet
  facet normal -0.740906 -0.0778348 0.667083
    outer loop
      vertex -3.9052 -8.5 3.09429
      vertex -4.04508 -8.5 2.93893
      vertex -4.02741 -8.6682 2.93893
    endloop
  endfacet
  facet normal -0.861341 -0.497279 0.103954
    outer loop
      vertex -4.70393 -9.07494 1.03956
      vertex -4.82613 -8.90674 0.831646
      vertex -4.72161 -9.08778 0.831646
    endloop
  endfacet
  facet normal -0.951057 0 0.309015
    outer loop
      vertex -4.63233 -8.5 1.83486
      vertex -4.56773 -5.90108 2.03368
      vertex -4.63233 -5.85414 1.83486
    endloop
  endfacet
  facet normal -0.951057 0 0.309015
    outer loop
      vertex -4.56773 -5.90108 2.03368
      vertex -4.63233 -8.5 1.83486
      vertex -4.56773 -8.5 2.03368
    endloop
  endfacet
  facet normal -0.951053 0 0.309029
    outer loop
      vertex -4.89074 -8.5 1.03956
      vertex -4.84935 -5.69647 1.16694
      vertex -4.89074 -5.66639 1.03956
    endloop
  endfacet
  facet normal -0.951057 6.03613e-07 0.309017
    outer loop
      vertex -4.84935 -5.69647 1.16694
      vertex -4.89074 -8.5 1.03956
      vertex -4.63233 -5.85414 1.83486
    endloop
  endfacet
  facet normal -0.951056 0 0.309018
    outer loop
      vertex -4.63233 -5.85414 1.83486
      vertex -4.89074 -8.5 1.03956
      vertex -4.63233 -8.5 1.83486
    endloop
  endfacet
  facet normal -0.862465 -0.0906782 0.497927
    outer loop
      vertex -4.44552 -8.6682 2.21473
      vertex -4.56773 -8.5 2.03368
      vertex -4.54776 -8.68994 2.03368
    endloop
  endfacet
  facet normal -0.833659 -0.270848 0.481305
    outer loop
      vertex -4.48875 -8.87157 2.03368
      vertex -4.12965 -8.68994 2.75788
      vertex -4.54776 -8.68994 2.03368
    endloop
  endfacet
  facet normal -0.833644 -0.270889 0.481308
    outer loop
      vertex -4.12965 -8.68994 2.75788
      vertex -4.48875 -8.87157 2.03368
      vertex -4.07063 -8.87157 2.75788
    endloop
  endfacet
  facet normal -0.381933 -0.857825 0.343896
    outer loop
      vertex -3.51837 -9.36883 2.75788
      vertex -3.13329 -9.29115 3.37932
      vertex -3.69284 -9.29115 2.75788
    endloop
  endfacet
  facet normal -0.381933 -0.857825 0.343896
    outer loop
      vertex -3.13329 -9.29115 3.37932
      vertex -3.51837 -9.36883 2.75788
      vertex -2.95882 -9.36883 3.37932
    endloop
  endfacet
  facet normal -0.346752 -0.477235 0.807471
    outer loop
      vertex -1.57063 -8.87157 4.67025
      vertex -1.57063 -9.07948 4.54737
      vertex -1.48607 -8.93301 4.67025
    endloop
  endfacet
  facet normal -0.437859 -0.602678 0.667128
    outer loop
      vertex -2.33457 -9.07948 4.20724
      vertex -2.54134 -9.10122 4.05189
      vertex -2.40451 -9.20063 4.05189
    endloop
  endfacet
  facet normal -0.61763 -0.556107 0.556128
    outer loop
      vertex -3.77741 -9.10122 2.93893
      vertex -3.33103 -8.97553 3.56036
      vertex -3.89058 -8.97553 2.93893
    endloop
  endfacet
  facet normal -0.61763 -0.556107 0.556128
    outer loop
      vertex -3.33103 -8.97553 3.56036
      vertex -3.77741 -9.10122 2.93893
      vertex -3.21786 -9.10122 3.56036
    endloop
  endfacet
  facet normal -0.645146 -0.372499 0.667107
    outer loop
      vertex -3.21786 -8.8933 3.71572
      vertex -3.4156 -8.82906 3.56036
      vertex -3.33103 -8.97553 3.56036
    endloop
  endfacet
  facet normal -0.577349 -0.187604 0.794653
    outer loop
      vertex -2.65451 -8.63912 4.20724
      vertex -3.2878 -8.77216 3.71572
      vertex -2.61128 -8.77216 4.20724
    endloop
  endfacet
  facet normal -0.577349 -0.187604 0.794653
    outer loop
      vertex -3.2878 -8.77216 3.71572
      vertex -2.65451 -8.63912 4.20724
      vertex -3.33103 -8.63912 3.71572
    endloop
  endfacet
  facet normal -0.740881 -0.0778751 0.667106
    outer loop
      vertex -3.46786 -8.6682 3.56036
      vertex -3.9052 -8.5 3.09429
      vertex -4.02741 -8.6682 2.93893
    endloop
  endfacet
  facet normal -0.740881 -0.0778751 0.667106
    outer loop
      vertex -3.9052 -8.5 3.09429
      vertex -3.46786 -8.6682 3.56036
      vertex -3.34565 -8.5 3.71572
    endloop
  endfacet
  facet normal -0.7085 -0.230177 0.667118
    outer loop
      vertex -3.2878 -8.77216 3.71572
      vertex -3.46786 -8.6682 3.56036
      vertex -3.4156 -8.82906 3.56036
    endloop
  endfacet
  facet normal -0.587785 0 0.809017
    outer loop
      vertex -3.34565 -8.5 3.71572
      vertex -3.17652 -6.75052 3.8386
      vertex -3.34565 -6.67522 3.71572
    endloop
  endfacet
  facet normal -0.587785 0 0.809017
    outer loop
      vertex -3.17652 -6.75052 3.8386
      vertex -3.34565 -8.5 3.71572
      vertex -3.17652 -8.5 3.8386
    endloop
  endfacet
  facet normal 0.206428 -0.119192 0.971175
    outer loop
      vertex 0.700415 -8.62569 4.92914
      vertex 1.48607 -8.68163 4.75528
      vertex 1.51837 -8.62569 4.75528
    endloop
  endfacet
  facet normal 0.206427 -0.119199 0.971174
    outer loop
      vertex 1.48607 -8.68163 4.75528
      vertex 0.700415 -8.62569 4.92914
      vertex 0.668113 -8.68163 4.92914
    endloop
  endfacet
  facet normal 0 -0.209036 0.977908
    outer loop
      vertex -0.429039 -8.60396 4.97261
      vertex 0.450415 -8.80732 4.92914
      vertex 0.429039 -8.60396 4.97261
    endloop
  endfacet
  facet normal 0 -0.209036 0.977908
    outer loop
      vertex 0.450415 -8.80732 4.92914
      vertex -0.429039 -8.60396 4.97261
      vertex -0.450415 -8.80732 4.92914
    endloop
  endfacet
  facet normal 0.951057 0 0.309015
    outer loop
      vertex 4.63233 -8.5 1.83486
      vertex 4.56773 -5.90108 2.03368
      vertex 4.56773 -8.5 2.03368
    endloop
  endfacet
  facet normal 0.951057 0 0.309015
    outer loop
      vertex 4.56773 -5.90108 2.03368
      vertex 4.63233 -8.5 1.83486
      vertex 4.63233 -5.85414 1.83486
    endloop
  endfacet
  facet normal -0.645147 -0.372475 -0.667119
    outer loop
      vertex -3.21786 -8.8933 -3.71572
      vertex -3.4156 -8.82906 -3.56036
      vertex -3.2878 -8.77216 -3.71572
    endloop
  endfacet
  facet normal -0.406357 -0.042723 -0.912715
    outer loop
      vertex -2.48907 -8.60396 -4.33013
      vertex -2.5 -8.5 -4.33013
      vertex -2.30226 -8.56425 -4.41516
    endloop
  endfacet
  facet normal -0.406361 -0.0427391 -0.912712
    outer loop
      vertex -2.30226 -8.56425 -4.41516
      vertex -1.73607 -8.5 -4.67025
      vertex -1.53833 -8.56425 -4.75528
    endloop
  endfacet
  facet normal -0.406361 -0.0427391 -0.912712
    outer loop
      vertex -1.73607 -8.5 -4.67025
      vertex -2.30226 -8.56425 -4.41516
      vertex -2.5 -8.5 -4.33013
    endloop
  endfacet
  facet normal -0.587785 0 -0.809017
    outer loop
      vertex -3.34565 -8.5 -3.71572
      vertex -3.17652 -6.75052 -3.8386
      vertex -3.17652 -8.5 -3.8386
    endloop
  endfacet
  facet normal -0.587785 0 -0.809017
    outer loop
      vertex -3.17652 -6.75052 -3.8386
      vertex -3.34565 -8.5 -3.71572
      vertex -3.34565 -6.67522 -3.71572
    endloop
  endfacet
  facet normal -0.223914 -0.924596 -0.308197
    outer loop
      vertex -2.95882 -9.36883 -3.37932
      vertex -2.30226 -9.43027 -3.67201
      vertex -2.97879 -9.43027 -3.18049
    endloop
  endfacet
  facet normal -0.22391 -0.9246 -0.308186
    outer loop
      vertex -2.30226 -9.43027 -3.67201
      vertex -2.95882 -9.36883 -3.37932
      vertex -2.2823 -9.36883 -3.87084
    endloop
  endfacet
  facet normal -0.116072 -0.987727 -0.104512
    outer loop
      vertex -3.33831 -9.47279 -2.55905
      vertex -2.78105 -9.49452 -2.97258
      vertex -3.3406 -9.49452 -2.35114
    endloop
  endfacet
  facet normal -0.116068 -0.987728 -0.104507
    outer loop
      vertex -2.78105 -9.49452 -2.97258
      vertex -3.33831 -9.47279 -2.55905
      vertex -2.77877 -9.47279 -3.18049
    endloop
  endfacet
  facet normal -0.381933 -0.857825 -0.343896
    outer loop
      vertex -3.13329 -9.29115 -3.37932
      vertex -3.51837 -9.36883 -2.75788
      vertex -3.69284 -9.29115 -2.75788
    endloop
  endfacet
  facet normal -0.381933 -0.857825 -0.343896
    outer loop
      vertex -3.51837 -9.36883 -2.75788
      vertex -3.13329 -9.29115 -3.37932
      vertex -2.95882 -9.36883 -3.37932
    endloop
  endfacet
  facet normal -0.509706 -0.701601 -0.497952
    outer loop
      vertex -3.13329 -9.29115 -3.37932
      vertex -3.2878 -9.1789 -3.37932
      vertex -3.21786 -9.10122 -3.56036
    endloop
  endfacet
  facet normal -0.141928 -0.730754 -0.667723
    outer loop
      vertex -1.30601 -9.16546 -4.54737
      vertex -0.502679 -9.30458 -4.56587
      vertex -1.32063 -9.30458 -4.39201
    endloop
  endfacet
  facet normal -0.141928 -0.730753 -0.667725
    outer loop
      vertex -0.502679 -9.30458 -4.56587
      vertex -1.30601 -9.16546 -4.54737
      vertex -0.488056 -9.16546 -4.72123
    endloop
  endfacet
  facet normal -0.352719 -0.792247 -0.497929
    outer loop
      vertex -2.2823 -9.36883 -3.87084
      vertex -2.40451 -9.20063 -4.05189
      vertex -2.25 -9.26942 -4.05189
    endloop
  endfacet
  facet normal 0.207413 -0.975929 0.0673926
    outer loop
      vertex 4.01712 -9.49452 0.831646
      vertex 3.9632 -9.45106 1.62695
      vertex 3.75871 -9.49452 1.62695
    endloop
  endfacet
  facet normal 0.207413 -0.975929 0.0673926
    outer loop
      vertex 3.9632 -9.45106 1.62695
      vertex 4.01712 -9.49452 0.831646
      vertex 4.22161 -9.45106 0.831646
    endloop
  endfacet
  facet normal -0.0656483 -0.948841 -0.308853
    outer loop
      vertex -1.33156 -9.40854 -4.21096
      vertex -0.520357 -9.47279 -4.186
      vertex -1.33831 -9.47279 -4.01214
    endloop
  endfacet
  facet normal -0.0656483 -0.948841 -0.308854
    outer loop
      vertex -0.520357 -9.47279 -4.186
      vertex -1.33156 -9.40854 -4.21096
      vertex -0.513605 -9.40854 -4.38482
    endloop
  endfacet
  facet normal -0.438413 -0.39473 -0.807455
    outer loop
      vertex -2.33457 -8.87157 -4.33013
      vertex -2.54134 -8.8933 -4.20724
      vertex -2.40451 -8.79389 -4.33013
    endloop
  endfacet
  facet normal -0.346752 -0.477235 -0.807471
    outer loop
      vertex -1.48607 -8.93301 -4.67025
      vertex -1.57063 -9.07948 -4.54737
      vertex -1.57063 -8.87157 -4.67025
    endloop
  endfacet
  facet normal -0.302996 -0.680542 -0.667125
    outer loop
      vertex -2.25 -9.26942 -4.05189
      vertex -2.33457 -9.07948 -4.20724
      vertex -2.20677 -9.13638 -4.20724
    endloop
  endfacet
  facet normal 0 -0.74497 -0.667098
    outer loop
      vertex -0.488056 -9.16546 -4.72123
      vertex 0.502679 -9.30458 -4.56587
      vertex -0.502679 -9.30458 -4.56587
    endloop
  endfacet
  facet normal 0 -0.74497 -0.667098
    outer loop
      vertex 0.502679 -9.30458 -4.56587
      vertex -0.488056 -9.16546 -4.72123
      vertex 0.488056 -9.16546 -4.72123
    endloop
  endfacet
  facet normal -0.197851 -0.93076 -0.307474
    outer loop
      vertex -2.09549 -9.40854 -3.87084
      vertex -2.30226 -9.43027 -3.67201
      vertex -2.2823 -9.36883 -3.87084
    endloop
  endfacet
  facet normal 0.204381 -0.961438 -0.184023
    outer loop
      vertex 2.97879 -9.43027 -3.18049
      vertex 3.33831 -9.47279 -2.55905
      vertex 2.77877 -9.47279 -3.18049
    endloop
  endfacet
  facet normal 0.204381 -0.961438 -0.184023
    outer loop
      vertex 3.33831 -9.47279 -2.55905
      vertex 2.97879 -9.43027 -3.18049
      vertex 3.53833 -9.43027 -2.55905
    endloop
  endfacet
  facet normal 0.387035 -0.869284 -0.307487
    outer loop
      vertex 3.72514 -9.3471 -2.55905
      vertex 3.51837 -9.36883 -2.75788
      vertex 3.69284 -9.29115 -2.75788
    endloop
  endfacet
  facet normal 0.222358 -0.837334 -0.499428
    outer loop
      vertex 1.51837 -9.36883 -4.21096
      vertex 2.25 -9.26942 -4.05189
      vertex 2.2823 -9.36883 -3.87084
    endloop
  endfacet
  facet normal 0.222358 -0.837334 -0.499428
    outer loop
      vertex 2.25 -9.26942 -4.05189
      vertex 1.51837 -9.36883 -4.21096
      vertex 1.48607 -9.26942 -4.39201
    endloop
  endfacet
  facet normal 0.197851 -0.93076 -0.307474
    outer loop
      vertex 2.30226 -9.43027 -3.67201
      vertex 2.09549 -9.40854 -3.87084
      vertex 2.2823 -9.36883 -3.87084
    endloop
  endfacet
  facet normal 0.586666 -0.807478 0.0616615
    outer loop
      vertex 4.5 -9.36602 0
      vertex 4.58172 -9.24314 0.831646
      vertex 4.41259 -9.36602 0.831646
    endloop
  endfacet
  facet normal 0.586666 -0.807478 0.0616615
    outer loop
      vertex 4.58172 -9.24314 0.831646
      vertex 4.5 -9.36602 0
      vertex 4.66913 -9.24314 0
    endloop
  endfacet
  facet normal 0.866024 0 -0.500003
    outer loop
      vertex 4.14961 -8.5 -2.75788
      vertex 4.04508 -6.2808 -2.93893
      vertex 4.14961 -6.20485 -2.75788
    endloop
  endfacet
  facet normal 0.866024 0 -0.500003
    outer loop
      vertex 4.04508 -6.2808 -2.93893
      vertex 4.14961 -8.5 -2.75788
      vertex 4.04508 -8.5 -2.93893
    endloop
  endfacet
  facet normal 0.862462 -0.0906046 -0.497946
    outer loop
      vertex 4.14961 -8.5 -2.75788
      vertex 4.02741 -8.6682 -2.93893
      vertex 4.04508 -8.5 -2.93893
    endloop
  endfacet
  facet normal 0.40671 0 -0.913557
    outer loop
      vertex 2.5 -8.5 -4.33013
      vertex 2.31763 -7.13292 -4.41132
      vertex 2.5 -7.05172 -4.33013
    endloop
  endfacet
  facet normal 0.406733 0 -0.913547
    outer loop
      vertex 1.73607 -7.25654 -4.67025
      vertex 2.5 -8.5 -4.33013
      vertex 1.73607 -8.5 -4.67025
    endloop
  endfacet
  facet normal 0.406739 4.70156e-06 -0.913544
    outer loop
      vertex 2.5 -8.5 -4.33013
      vertex 1.73607 -7.25654 -4.67025
      vertex 2.31763 -7.13292 -4.41132
    endloop
  endfacet
  facet normal 0.198795 -0.0645923 -0.97791
    outer loop
      vertex 0.700415 -8.62569 -4.92914
      vertex 0.513605 -8.54251 -4.97261
      vertex 0.720378 -8.56425 -4.92914
    endloop
  endfacet
  facet normal 0.0849425 -0.399666 -0.912717
    outer loop
      vertex 0.572621 -8.97553 -4.84411
      vertex 0.450415 -8.80732 -4.92914
      vertex 0.513605 -8.79389 -4.92914
    endloop
  endfacet
  facet normal 0.239952 -0.538901 -0.807471
    outer loop
      vertex 1.44284 -9.13638 -4.54737
      vertex 1.39058 -8.97553 -4.67025
      vertex 1.57063 -9.07948 -4.54737
    endloop
  endfacet
  facet normal -0.239959 -0.538892 -0.807474
    outer loop
      vertex -1.39058 -8.97553 -4.67025
      vertex -1.57063 -9.07948 -4.54737
      vertex -1.48607 -8.93301 -4.67025
    endloop
  endfacet
  facet normal 0.406357 -0.042723 -0.912715
    outer loop
      vertex 2.48907 -8.60396 -4.33013
      vertex 2.30226 -8.56425 -4.41516
      vertex 2.5 -8.5 -4.33013
    endloop
  endfacet
  facet normal 0.708507 -0.230222 -0.667095
    outer loop
      vertex 3.46786 -8.6682 -3.56036
      vertex 3.2878 -8.77216 -3.71572
      vertex 3.33103 -8.63912 -3.71572
    endloop
  endfacet
  facet normal 0.644475 -0.580279 -0.497924
    outer loop
      vertex 3.97514 -9.03697 -2.75788
      vertex 3.77741 -9.10122 -2.93893
      vertex 3.89058 -8.97553 -2.93893
    endloop
  endfacet
  facet normal 0.510892 -0.294963 -0.807457
    outer loop
      vertex 2.54134 -8.8933 -4.20724
      vertex 2.45677 -8.70337 -4.33013
      vertex 2.61128 -8.77216 -4.20724
    endloop
  endfacet
  facet normal 0.346724 -0.477241 -0.80748
    outer loop
      vertex 1.6838 -8.99726 -4.54737
      vertex 1.57063 -9.07948 -4.54737
      vertex 1.57063 -8.87157 -4.67025
    endloop
  endfacet
  facet normal 0.739107 -0.665518 0.103955
    outer loop
      vertex 4.70393 -9.07494 1.03956
      vertex 4.5671 -9.2269 1.03956
      vertex 4.58172 -9.24314 0.831646
    endloop
  endfacet
  facet normal 0.0464579 -0.993456 0.104344
    outer loop
      vertex 1.3406 -9.49452 3.80423
      vertex 2.10224 -9.47279 3.67201
      vertex 1.33831 -9.47279 4.01214
    endloop
  endfacet
  facet normal 0.0464579 -0.993456 0.104344
    outer loop
      vertex 2.10224 -9.47279 3.67201
      vertex 1.3406 -9.49452 3.80423
      vertex 2.10453 -9.49452 3.4641
    endloop
  endfacet
  facet normal 0.946336 -0.099487 -0.30749
    outer loop
      vertex 4.61095 -8.70337 -1.83486
      vertex 4.54776 -8.68994 -2.03368
      vertex 4.63233 -8.5 -1.83486
    endloop
  endfacet
  facet normal 0.945902 -0.30734 -0.103979
    outer loop
      vertex 4.89074 -8.70791 -0.831646
      vertex 4.80617 -8.89785 -1.03956
      vertex 4.86936 -8.70337 -1.03956
    endloop
  endfacet
  facet normal 0.989128 -0.103986 -0.103984
    outer loop
      vertex 4.89074 -8.70791 -0.831646
      vertex 4.86936 -8.70337 -1.03956
      vertex 4.89074 -8.5 -1.03956
    endloop
  endfacet
  facet normal 0.945896 -0.30737 -0.10395
    outer loop
      vertex 4.82613 -8.90674 -0.831646
      vertex 4.80617 -8.89785 -1.03956
      vertex 4.89074 -8.70791 -0.831646
    endloop
  endfacet
  facet normal 0.946332 -0.307511 -0.099464
    outer loop
      vertex 4.91354 -8.90674 0
      vertex 4.89074 -8.70791 -0.831646
      vertex 4.97815 -8.70791 0
    endloop
  endfacet
  facet normal 0.946332 -0.307511 -0.099464
    outer loop
      vertex 4.89074 -8.70791 -0.831646
      vertex 4.91354 -8.90674 0
      vertex 4.82613 -8.90674 -0.831646
    endloop
  endfacet
  facet normal 0.122635 -0.577017 0.807473
    outer loop
      vertex 0.572621 -8.97553 4.84411
      vertex 0.470378 -8.99726 4.84411
      vertex 0.488056 -9.16546 4.72123
    endloop
  endfacet
  facet normal 0.106267 -0.85951 0.499949
    outer loop
      vertex 0.513605 -9.40854 4.38482
      vertex 1.32063 -9.30458 4.39201
      vertex 0.502679 -9.30458 4.56587
    endloop
  endfacet
  facet normal 0.106267 -0.859509 0.499951
    outer loop
      vertex 1.32063 -9.30458 4.39201
      vertex 0.513605 -9.40854 4.38482
      vertex 1.33156 -9.40854 4.21096
    endloop
  endfacet
  facet normal 0.586668 -0.0616238 0.80748
    outer loop
      vertex 3.17652 -8.5 3.8386
      vertex 3.1656 -8.60396 3.8386
      vertex 3.34565 -8.5 3.71572
    endloop
  endfacet
  facet normal 0.197851 -0.93076 0.307474
    outer loop
      vertex 2.2823 -9.36883 3.87084
      vertex 2.09549 -9.40854 3.87084
      vertex 2.30226 -9.43027 3.67201
    endloop
  endfacet
  facet normal 0.188392 -0.886263 0.42314
    outer loop
      vertex 2.09549 -9.40854 3.87084
      vertex 1.51837 -9.36883 4.21096
      vertex 1.33156 -9.40854 4.21096
    endloop
  endfacet
  facet normal 0.188392 -0.886263 0.42314
    outer loop
      vertex 1.51837 -9.36883 4.21096
      vertex 2.09549 -9.40854 3.87084
      vertex 2.2823 -9.36883 3.87084
    endloop
  endfacet
  facet normal -0.122631 -0.577016 0.807474
    outer loop
      vertex -0.572621 -8.97553 4.84411
      vertex -0.624886 -9.13638 4.72123
      vertex -0.488056 -9.16546 4.72123
    endloop
  endfacet
  facet normal -0.180275 -0.848257 0.497957
    outer loop
      vertex -1.32063 -9.30458 4.39201
      vertex -1.48607 -9.26942 4.39201
      vertex -1.33156 -9.40854 4.21096
    endloop
  endfacet
  facet normal 0.198795 -0.0645941 0.97791
    outer loop
      vertex 0.520357 -8.52173 4.97261
      vertex 0.513605 -8.54251 4.97261
      vertex 0.720378 -8.56425 4.92914
    endloop
  endfacet
  facet normal -0.206427 -0.119199 0.971174
    outer loop
      vertex -0.700415 -8.62569 4.92914
      vertex -1.48607 -8.68163 4.75528
      vertex -0.668113 -8.68163 4.92914
    endloop
  endfacet
  facet normal -0.206428 -0.119192 0.971175
    outer loop
      vertex -1.48607 -8.68163 4.75528
      vertex -0.700415 -8.62569 4.92914
      vertex -1.51837 -8.62569 4.75528
    endloop
  endfacet
  facet normal 0 -0.994583 -0.10395
    outer loop
      vertex -0.520357 -9.47279 -4.186
      vertex 0.522642 -9.49452 -3.97809
      vertex -0.522642 -9.49452 -3.97809
    endloop
  endfacet
  facet normal 0 -0.994583 -0.10395
    outer loop
      vertex 0.522642 -9.49452 -3.97809
      vertex -0.520357 -9.47279 -4.186
      vertex 0.520357 -9.47279 -4.186
    endloop
  endfacet
  facet normal -0.0656483 -0.948841 0.308854
    outer loop
      vertex -1.33156 -9.40854 4.21096
      vertex -0.520357 -9.47279 4.186
      vertex -0.513605 -9.40854 4.38482
    endloop
  endfacet
  facet normal -0.0656483 -0.948841 0.308853
    outer loop
      vertex -0.520357 -9.47279 4.186
      vertex -1.33156 -9.40854 4.21096
      vertex -1.33831 -9.47279 4.01214
    endloop
  endfacet
  facet normal 0.0221408 -0.994313 -0.104166
    outer loop
      vertex 0.522642 -9.49452 -3.97809
      vertex 1.33831 -9.47279 -4.01214
      vertex 1.3406 -9.49452 -3.80423
    endloop
  endfacet
  facet normal 0.0221409 -0.994314 -0.104165
    outer loop
      vertex 1.33831 -9.47279 -4.01214
      vertex 0.522642 -9.49452 -3.97809
      vertex 0.520357 -9.47279 -4.186
    endloop
  endfacet
  facet normal -0.199906 -0.940388 0.275152
    outer loop
      vertex -2.77877 -9.47279 3.18049
      vertex -2.30226 -9.43027 3.67201
      vertex -2.97879 -9.43027 3.18049
    endloop
  endfacet
  facet normal -0.199906 -0.940388 0.275152
    outer loop
      vertex -2.30226 -9.43027 3.67201
      vertex -2.77877 -9.47279 3.18049
      vertex -2.10224 -9.47279 3.67201
    endloop
  endfacet
  facet normal 0.862465 -0.0906782 0.497927
    outer loop
      vertex 4.56773 -8.5 2.03368
      vertex 4.44552 -8.6682 2.21473
      vertex 4.54776 -8.68994 2.03368
    endloop
  endfacet
  facet normal 0.833648 -0.270891 0.481299
    outer loop
      vertex 4.07063 -8.87157 2.75788
      vertex 4.54776 -8.68994 2.03368
      vertex 4.12965 -8.68994 2.75788
    endloop
  endfacet
  facet normal 0.833654 -0.270847 0.481314
    outer loop
      vertex 4.54776 -8.68994 2.03368
      vertex 4.07063 -8.87157 2.75788
      vertex 4.48875 -8.87157 2.03368
    endloop
  endfacet
  facet normal 0.743176 2.15777e-06 0.669096
    outer loop
      vertex 4.04508 -8.5 2.93893
      vertex 3.92778 -6.36602 3.06921
      vertex 3.9052 -6.38243 3.09429
    endloop
  endfacet
  facet normal 0.743161 0 0.669113
    outer loop
      vertex 4.04508 -8.5 2.93893
      vertex 3.9052 -6.38243 3.09429
      vertex 3.9052 -8.5 3.09429
    endloop
  endfacet
  facet normal 0.743158 0 0.669116
    outer loop
      vertex 3.92778 -6.36602 3.06921
      vertex 4.04508 -8.5 2.93893
      vertex 4.04508 -6.2808 2.93893
    endloop
  endfacet
  facet normal 0.945896 -0.30737 0.10395
    outer loop
      vertex 4.89074 -8.70791 0.831646
      vertex 4.80617 -8.89785 1.03956
      vertex 4.82613 -8.90674 0.831646
    endloop
  endfacet
  facet normal -0.751042 -0.433597 0.497925
    outer loop
      vertex -3.97514 -8.82906 2.93893
      vertex -4.07063 -8.87157 2.75788
      vertex -3.97514 -9.03697 2.75788
    endloop
  endfacet
  facet normal -0.946336 -0.099487 0.30749
    outer loop
      vertex -4.54776 -8.68994 2.03368
      vertex -4.63233 -8.5 1.83486
      vertex -4.61095 -8.70337 1.83486
    endloop
  endfacet
  facet normal -0.989128 -0.103986 0.103984
    outer loop
      vertex -4.89074 -8.5 1.03956
      vertex -4.89074 -8.70791 0.831646
      vertex -4.86936 -8.70337 1.03956
    endloop
  endfacet
  facet normal -0.533976 -0.787293 0.308286
    outer loop
      vertex -4.11095 -9.29115 2.03368
      vertex -3.72514 -9.3471 2.55905
      vertex -3.69284 -9.29115 2.75788
    endloop
  endfacet
  facet normal -0.53402 -0.787249 0.308323
    outer loop
      vertex -3.72514 -9.3471 2.55905
      vertex -4.11095 -9.29115 2.03368
      vertex -4.14326 -9.3471 1.83486
    endloop
  endfacet
  facet normal -0.644475 -0.580279 0.497924
    outer loop
      vertex -3.89058 -8.97553 2.93893
      vertex -3.97514 -9.03697 2.75788
      vertex -3.77741 -9.10122 2.93893
    endloop
  endfacet
  facet normal -0.321767 -0.941029 0.104545
    outer loop
      vertex -4.21485 -9.43027 1.03956
      vertex -3.9632 -9.45106 1.62695
      vertex -3.95645 -9.43027 1.83486
    endloop
  endfacet
  facet normal -0.321797 -0.941018 0.104558
    outer loop
      vertex -3.9632 -9.45106 1.62695
      vertex -4.21485 -9.43027 1.03956
      vertex -4.22161 -9.45106 0.831646
    endloop
  endfacet
  facet normal -0.207413 -0.975929 0.0673926
    outer loop
      vertex -4.01712 -9.49452 0.831646
      vertex -3.9632 -9.45106 1.62695
      vertex -4.22161 -9.45106 0.831646
    endloop
  endfacet
  facet normal -0.207413 -0.975929 0.0673926
    outer loop
      vertex -3.9632 -9.45106 1.62695
      vertex -4.01712 -9.49452 0.831646
      vertex -3.75871 -9.49452 1.62695
    endloop
  endfacet
  facet normal -0.5846 -0.804634 0.103953
    outer loop
      vertex -4.40166 -9.3471 1.03956
      vertex -4.58172 -9.24314 0.831646
      vertex -4.41259 -9.36602 0.831646
    endloop
  endfacet
  facet normal -0.644478 -0.580271 0.49793
    outer loop
      vertex -3.77741 -9.10122 2.93893
      vertex -3.97514 -9.03697 2.75788
      vertex -3.84735 -9.1789 2.75788
    endloop
  endfacet
  facet normal -0.559336 -0.769809 0.307469
    outer loop
      vertex -4.26546 -9.1789 2.03368
      vertex -4.30869 -9.2269 1.83486
      vertex -4.14326 -9.3471 1.83486
    endloop
  endfacet
  facet normal -0.204381 -0.961438 0.184023
    outer loop
      vertex -3.33831 -9.47279 2.55905
      vertex -2.97879 -9.43027 3.18049
      vertex -3.53833 -9.43027 2.55905
    endloop
  endfacet
  facet normal -0.204381 -0.961438 0.184023
    outer loop
      vertex -2.97879 -9.43027 3.18049
      vertex -3.33831 -9.47279 2.55905
      vertex -2.77877 -9.47279 3.18049
    endloop
  endfacet
  facet normal -0.180496 -0.97804 0.104209
    outer loop
      vertex -3.75642 -9.47279 1.83486
      vertex -3.3406 -9.49452 2.35114
      vertex -3.33831 -9.47279 2.55905
    endloop
  endfacet
  facet normal -0.180496 -0.97804 0.104209
    outer loop
      vertex -3.3406 -9.49452 2.35114
      vertex -3.75642 -9.47279 1.83486
      vertex -3.75871 -9.49452 1.62695
    endloop
  endfacet
  facet normal -0.707131 -0.636732 -0.307471
    outer loop
      vertex -4.26546 -9.1789 -2.03368
      vertex -4.44552 -9.07494 -1.83486
      vertex -4.39326 -9.03697 -2.03368
    endloop
  endfacet
  facet normal -0.824081 -0.475765 -0.30747
    outer loop
      vertex -4.44552 -9.07494 -1.83486
      vertex -4.48875 -8.87157 -2.03368
      vertex -4.39326 -9.03697 -2.03368
    endloop
  endfacet
  facet normal -0.861341 -0.497279 -0.103954
    outer loop
      vertex -4.72161 -9.08778 -0.831646
      vertex -4.82613 -8.90674 -0.831646
      vertex -4.70393 -9.07494 -1.03956
    endloop
  endfacet
  facet normal -0.722374 -0.65045 0.234715
    outer loop
      vertex -4.5671 -9.2269 1.03956
      vertex -4.44552 -9.07494 1.83486
      vertex -4.70393 -9.07494 1.03956
    endloop
  endfacet
  facet normal -0.722374 -0.65045 0.234715
    outer loop
      vertex -4.44552 -9.07494 1.83486
      vertex -4.5671 -9.2269 1.03956
      vertex -4.30869 -9.2269 1.83486
    endloop
  endfacet
  facet normal -0.862466 -0.0906179 -0.497937
    outer loop
      vertex -4.44552 -8.6682 -2.21473
      vertex -4.14961 -8.5 -2.75788
      vertex -4.02741 -8.6682 -2.93893
    endloop
  endfacet
  facet normal -0.862458 -0.0906555 -0.497944
    outer loop
      vertex -4.14961 -8.5 -2.75788
      vertex -4.44552 -8.6682 -2.21473
      vertex -4.56773 -8.5 -2.03368
    endloop
  endfacet
  facet normal -0.722374 -0.65045 -0.234715
    outer loop
      vertex -4.30869 -9.2269 -1.83486
      vertex -4.70393 -9.07494 -1.03956
      vertex -4.44552 -9.07494 -1.83486
    endloop
  endfacet
  facet normal -0.722374 -0.65045 -0.234715
    outer loop
      vertex -4.70393 -9.07494 -1.03956
      vertex -4.30869 -9.2269 -1.83486
      vertex -4.5671 -9.2269 -1.03956
    endloop
  endfacet
  facet normal -0.86134 -0.49728 -0.103952
    outer loop
      vertex -4.70393 -9.07494 -1.03956
      vertex -4.82613 -8.90674 -0.831646
      vertex -4.80617 -8.89785 -1.03956
    endloop
  endfacet
  facet normal -0.904987 -0.294022 -0.307488
    outer loop
      vertex -4.48875 -8.87157 -2.03368
      vertex -4.61095 -8.70337 -1.83486
      vertex -4.54776 -8.68994 -2.03368
    endloop
  endfacet
  facet normal -0.994522 0 0.104526
    outer loop
      vertex -5 -8.5 0
      vertex -4.89074 -5.66639 1.03956
      vertex -5 -5.58701 0
    endloop
  endfacet
  facet normal -0.994522 0 0.104526
    outer loop
      vertex -4.89074 -5.66639 1.03956
      vertex -5 -8.5 0
      vertex -4.89074 -8.5 1.03956
    endloop
  endfacet
  facet normal -0.862465 -0.0906782 -0.497927
    outer loop
      vertex -4.54776 -8.68994 -2.03368
      vertex -4.56773 -8.5 -2.03368
      vertex -4.44552 -8.6682 -2.21473
    endloop
  endfacet
  facet normal -0.946338 -0.0994871 -0.307485
    outer loop
      vertex -4.61095 -8.70337 -1.83486
      vertex -4.89074 -8.5 -1.03956
      vertex -4.63233 -8.5 -1.83486
    endloop
  endfacet
  facet normal -0.946338 -0.0994871 -0.307485
    outer loop
      vertex -4.89074 -8.5 -1.03956
      vertex -4.61095 -8.70337 -1.83486
      vertex -4.86936 -8.70337 -1.03956
    endloop
  endfacet
  facet normal -0.456965 -0.628976 0.628946
    outer loop
      vertex -3.08103 -9.20063 3.56036
      vertex -2.54134 -9.10122 4.05189
      vertex -3.21786 -9.10122 3.56036
    endloop
  endfacet
  facet normal -0.456965 -0.628976 0.628946
    outer loop
      vertex -2.54134 -9.10122 4.05189
      vertex -3.08103 -9.20063 3.56036
      vertex -2.40451 -9.20063 4.05189
    endloop
  endfacet
  facet normal -0.486123 -0.562129 0.669101
    outer loop
      vertex -3.12426 -8.99726 3.71572
      vertex -2.54134 -9.10122 4.05189
      vertex -2.44773 -8.99726 4.20724
    endloop
  endfacet
  facet normal -0.486109 -0.56219 0.669059
    outer loop
      vertex -2.54134 -9.10122 4.05189
      vertex -3.12426 -8.99726 3.71572
      vertex -3.21786 -9.10122 3.56036
    endloop
  endfacet
  facet normal -0.553636 -0.498464 0.667099
    outer loop
      vertex -3.21786 -8.8933 3.71572
      vertex -3.21786 -9.10122 3.56036
      vertex -3.12426 -8.99726 3.71572
    endloop
  endfacet
  facet normal -0.722375 -0.234729 0.650443
    outer loop
      vertex -3.97514 -8.82906 2.93893
      vertex -3.46786 -8.6682 3.56036
      vertex -4.02741 -8.6682 2.93893
    endloop
  endfacet
  facet normal -0.722388 -0.234689 0.650443
    outer loop
      vertex -3.46786 -8.6682 3.56036
      vertex -3.97514 -8.82906 2.93893
      vertex -3.4156 -8.82906 3.56036
    endloop
  endfacet
  facet normal -0.561044 -0.182306 0.807462
    outer loop
      vertex -2.48907 -8.60396 4.33013
      vertex -2.65451 -8.63912 4.20724
      vertex -2.61128 -8.77216 4.20724
    endloop
  endfacet
  facet normal -0.740891 -0.0778596 0.667097
    outer loop
      vertex -3.34565 -8.5 3.71572
      vertex -3.46786 -8.6682 3.56036
      vertex -3.33103 -8.63912 3.71572
    endloop
  endfacet
  facet normal -0.708507 -0.230222 0.667095
    outer loop
      vertex -3.33103 -8.63912 3.71572
      vertex -3.46786 -8.6682 3.56036
      vertex -3.2878 -8.77216 3.71572
    endloop
  endfacet
  facet normal -0.587793 0 0.809012
    outer loop
      vertex -3.17652 -8.5 3.8386
      vertex -2.5 -7.05172 4.33013
      vertex -3.17652 -6.75052 3.8386
    endloop
  endfacet
  facet normal -0.587793 0 0.809012
    outer loop
      vertex -2.5 -7.05172 4.33013
      vertex -3.17652 -8.5 3.8386
      vertex -2.5 -8.5 4.33013
    endloop
  endfacet
  facet normal -0.155338 -0.139871 0.977909
    outer loop
      vertex -0.502679 -8.56144 4.97261
      vertex -0.624886 -8.72964 4.92914
      vertex -0.488056 -8.57768 4.97261
    endloop
  endfacet
  facet normal -0.359833 -0.466159 0.808218
    outer loop
      vertex -2.33457 -8.87157 4.33013
      vertex -1.6838 -8.99726 4.54737
      vertex -1.57063 -8.87157 4.67025
    endloop
  endfacet
  facet normal -0.359833 -0.466218 0.808184
    outer loop
      vertex -1.6838 -8.99726 4.54737
      vertex -2.33457 -8.87157 4.33013
      vertex -2.44773 -8.99726 4.20724
    endloop
  endfacet
  facet normal -0.207908 0 0.978148
    outer loop
      vertex -0.783963 -7.45891 4.91706
      vertex -0.72713 -8.5 4.92914
      vertex -0.72713 -7.45891 4.92914
    endloop
  endfacet
  facet normal -0.207887 1.17544e-06 0.978153
    outer loop
      vertex -0.988451 -7.41545 4.8736
      vertex -0.72713 -8.5 4.92914
      vertex -0.783963 -7.45891 4.91706
    endloop
  endfacet
  facet normal -0.20792 0 0.978146
    outer loop
      vertex -1.54508 -8.5 4.75528
      vertex -0.988451 -7.41545 4.8736
      vertex -1.54508 -7.29713 4.75528
    endloop
  endfacet
  facet normal -0.207911 -4.77003e-06 0.978148
    outer loop
      vertex -0.988451 -7.41545 4.8736
      vertex -1.54508 -8.5 4.75528
      vertex -0.72713 -8.5 4.92914
    endloop
  endfacet
  facet normal -0.181032 -0.104488 0.977911
    outer loop
      vertex -0.513605 -8.54251 4.97261
      vertex -0.700415 -8.62569 4.92914
      vertex -0.502679 -8.56144 4.97261
    endloop
  endfacet
  facet normal 0.12288 -0.169097 0.977909
    outer loop
      vertex 0.624886 -8.72964 4.92914
      vertex 0.488056 -8.57768 4.97261
      vertex 0.572621 -8.76762 4.92914
    endloop
  endfacet
  facet normal 0.0434551 -0.204462 0.977909
    outer loop
      vertex 0.450415 -8.59941 4.97261
      vertex 0.450415 -8.80732 4.92914
      vertex 0.513605 -8.79389 4.92914
    endloop
  endfacet
  facet normal 0.207438 -0.0673903 0.975924
    outer loop
      vertex 0.720378 -8.56425 4.92914
      vertex 1.51837 -8.62569 4.75528
      vertex 1.53833 -8.56425 4.75528
    endloop
  endfacet
  facet normal 0.207437 -0.0674001 0.975924
    outer loop
      vertex 1.51837 -8.62569 4.75528
      vertex 0.720378 -8.56425 4.92914
      vertex 0.700415 -8.62569 4.92914
    endloop
  endfacet
  facet normal 0.0435208 -0.204462 0.977907
    outer loop
      vertex 0.450415 -8.59941 4.97261
      vertex 0.429039 -8.60396 4.97261
      vertex 0.450415 -8.80732 4.92914
    endloop
  endfacet
  facet normal -0.68293 -0.394316 -0.614915
    outer loop
      vertex -3.33103 -8.97553 -3.56036
      vertex -3.97514 -8.82906 -2.93893
      vertex -3.4156 -8.82906 -3.56036
    endloop
  endfacet
  facet normal -0.682938 -0.394274 -0.614934
    outer loop
      vertex -3.97514 -8.82906 -2.93893
      vertex -3.33103 -8.97553 -3.56036
      vertex -3.89058 -8.97553 -2.93893
    endloop
  endfacet
  facet normal -0.740881 -0.0778751 -0.667106
    outer loop
      vertex -3.46786 -8.6682 -3.56036
      vertex -3.9052 -8.5 -3.09429
      vertex -3.34565 -8.5 -3.71572
    endloop
  endfacet
  facet normal -0.740881 -0.0778751 -0.667106
    outer loop
      vertex -3.9052 -8.5 -3.09429
      vertex -3.46786 -8.6682 -3.56036
      vertex -4.02741 -8.6682 -2.93893
    endloop
  endfacet
  facet normal -0.207908 0 -0.978148
    outer loop
      vertex -0.72713 -8.5 -4.92914
      vertex -0.783963 -7.45891 -4.91706
      vertex -0.72713 -7.45891 -4.92914
    endloop
  endfacet
  facet normal -0.207887 1.17544e-06 -0.978153
    outer loop
      vertex -0.72713 -8.5 -4.92914
      vertex -0.988451 -7.41545 -4.8736
      vertex -0.783963 -7.45891 -4.91706
    endloop
  endfacet
  facet normal -0.207911 -4.77003e-06 -0.978148
    outer loop
      vertex -1.54508 -8.5 -4.75528
      vertex -0.988451 -7.41545 -4.8736
      vertex -0.72713 -8.5 -4.92914
    endloop
  endfacet
  facet normal -0.20792 0 -0.978146
    outer loop
      vertex -0.988451 -7.41545 -4.8736
      vertex -1.54508 -8.5 -4.75528
      vertex -1.54508 -7.29713 -4.75528
    endloop
  endfacet
  facet normal -0.406362 -0.0426982 -0.912714
    outer loop
      vertex -1.72514 -8.60396 -4.67025
      vertex -2.30226 -8.56425 -4.41516
      vertex -1.53833 -8.56425 -4.75528
    endloop
  endfacet
  facet normal -0.406362 -0.0426982 -0.912714
    outer loop
      vertex -2.30226 -8.56425 -4.41516
      vertex -1.72514 -8.60396 -4.67025
      vertex -2.48907 -8.60396 -4.33013
    endloop
  endfacet
  facet normal -0.207413 -0.975929 -0.0673926
    outer loop
      vertex -3.9632 -9.45106 -1.62695
      vertex -4.01712 -9.49452 -0.831646
      vertex -4.22161 -9.45106 -0.831646
    endloop
  endfacet
  facet normal -0.207413 -0.975929 -0.0673926
    outer loop
      vertex -4.01712 -9.49452 -0.831646
      vertex -3.9632 -9.45106 -1.62695
      vertex -3.75871 -9.49452 -1.62695
    endloop
  endfacet
  facet normal -0.321797 -0.941018 -0.104558
    outer loop
      vertex -4.21485 -9.43027 -1.03956
      vertex -3.9632 -9.45106 -1.62695
      vertex -4.22161 -9.45106 -0.831646
    endloop
  endfacet
  facet normal -0.321767 -0.941029 -0.104545
    outer loop
      vertex -3.9632 -9.45106 -1.62695
      vertex -4.21485 -9.43027 -1.03956
      vertex -3.95645 -9.43027 -1.83486
    endloop
  endfacet
  facet normal -0.180496 -0.97804 -0.104209
    outer loop
      vertex -3.75642 -9.47279 -1.83486
      vertex -3.3406 -9.49452 -2.35114
      vertex -3.75871 -9.49452 -1.62695
    endloop
  endfacet
  facet normal -0.180496 -0.97804 -0.104209
    outer loop
      vertex -3.3406 -9.49452 -2.35114
      vertex -3.75642 -9.47279 -1.83486
      vertex -3.33831 -9.47279 -2.55905
    endloop
  endfacet
  facet normal -0.206759 -0.972853 -0.103956
    outer loop
      vertex -3.75871 -9.49452 -1.62695
      vertex -3.9632 -9.45106 -1.62695
      vertex -3.75642 -9.47279 -1.83486
    endloop
  endfacet
  facet normal 0.116072 -0.987727 -0.104512
    outer loop
      vertex 2.78105 -9.49452 -2.97258
      vertex 3.33831 -9.47279 -2.55905
      vertex 3.3406 -9.49452 -2.35114
    endloop
  endfacet
  facet normal 0.116068 -0.987728 -0.104507
    outer loop
      vertex 3.33831 -9.47279 -2.55905
      vertex 2.78105 -9.49452 -2.97258
      vertex 2.77877 -9.47279 -3.18049
    endloop
  endfacet
  facet normal -0.438404 -0.394758 -0.807445
    outer loop
      vertex -2.44773 -8.99726 -4.20724
      vertex -2.54134 -8.8933 -4.20724
      vertex -2.33457 -8.87157 -4.33013
    endloop
  endfacet
  facet normal -0.510899 -0.294958 -0.807454
    outer loop
      vertex -2.40451 -8.79389 -4.33013
      vertex -2.54134 -8.8933 -4.20724
      vertex -2.45677 -8.70337 -4.33013
    endloop
  endfacet
  facet normal -0.553636 -0.498464 -0.667099
    outer loop
      vertex -3.12426 -8.99726 -3.71572
      vertex -3.21786 -9.10122 -3.56036
      vertex -3.21786 -8.8933 -3.71572
    endloop
  endfacet
  facet normal -0.519504 -0.467784 -0.715048
    outer loop
      vertex -3.12426 -8.99726 -3.71572
      vertex -2.54134 -8.8933 -4.20724
      vertex -2.44773 -8.99726 -4.20724
    endloop
  endfacet
  facet normal -0.51952 -0.467748 -0.715059
    outer loop
      vertex -2.54134 -8.8933 -4.20724
      vertex -3.12426 -8.99726 -3.71572
      vertex -3.21786 -8.8933 -3.71572
    endloop
  endfacet
  facet normal -0.437859 -0.602678 -0.667128
    outer loop
      vertex -2.40451 -9.20063 -4.05189
      vertex -2.54134 -9.10122 -4.05189
      vertex -2.33457 -9.07948 -4.20724
    endloop
  endfacet
  facet normal -0.352735 -0.792247 -0.497918
    outer loop
      vertex -2.2823 -9.36883 -3.87084
      vertex -2.45677 -9.29115 -3.87084
      vertex -2.40451 -9.20063 -4.05189
    endloop
  endfacet
  facet normal -0.456965 -0.628976 -0.628946
    outer loop
      vertex -2.54134 -9.10122 -4.05189
      vertex -3.08103 -9.20063 -3.56036
      vertex -3.21786 -9.10122 -3.56036
    endloop
  endfacet
  facet normal -0.456965 -0.628976 -0.628946
    outer loop
      vertex -3.08103 -9.20063 -3.56036
      vertex -2.54134 -9.10122 -4.05189
      vertex -2.40451 -9.20063 -4.05189
    endloop
  endfacet
  facet normal -0.486123 -0.562129 -0.669101
    outer loop
      vertex -2.54134 -9.10122 -4.05189
      vertex -3.12426 -8.99726 -3.71572
      vertex -2.44773 -8.99726 -4.20724
    endloop
  endfacet
  facet normal -0.486109 -0.56219 -0.669059
    outer loop
      vertex -3.12426 -8.99726 -3.71572
      vertex -2.54134 -9.10122 -4.05189
      vertex -3.21786 -9.10122 -3.56036
    endloop
  endfacet
  facet normal -0.354909 -0.79713 -0.488491
    outer loop
      vertex -2.45677 -9.29115 -3.87084
      vertex -2.95882 -9.36883 -3.37932
      vertex -3.13329 -9.29115 -3.37932
    endloop
  endfacet
  facet normal -0.354909 -0.79713 -0.488491
    outer loop
      vertex -2.95882 -9.36883 -3.37932
      vertex -2.45677 -9.29115 -3.87084
      vertex -2.2823 -9.36883 -3.87084
    endloop
  endfacet
  facet normal -0.362097 -0.787718 -0.498384
    outer loop
      vertex -3.08103 -9.20063 -3.56036
      vertex -2.45677 -9.29115 -3.87084
      vertex -3.13329 -9.29115 -3.37932
    endloop
  endfacet
  facet normal -0.362089 -0.787735 -0.498363
    outer loop
      vertex -2.45677 -9.29115 -3.87084
      vertex -3.08103 -9.20063 -3.56036
      vertex -2.40451 -9.20063 -4.05189
    endloop
  endfacet
  facet normal 0.075906 -0.991626 0.104477
    outer loop
      vertex 2.10453 -9.49452 3.4641
      vertex 2.77877 -9.47279 3.18049
      vertex 2.10224 -9.47279 3.67201
    endloop
  endfacet
  facet normal 0.0759045 -0.991627 0.104474
    outer loop
      vertex 2.77877 -9.47279 3.18049
      vertex 2.10453 -9.49452 3.4641
      vertex 2.78105 -9.49452 2.97258
    endloop
  endfacet
  facet normal -0.180315 -0.848265 -0.49793
    outer loop
      vertex -1.33156 -9.40854 -4.21096
      vertex -1.51837 -9.36883 -4.21096
      vertex -1.48607 -9.26942 -4.39201
    endloop
  endfacet
  facet normal -0.561053 -0.182296 -0.807457
    outer loop
      vertex -2.45677 -8.70337 -4.33013
      vertex -2.61128 -8.77216 -4.20724
      vertex -2.48907 -8.60396 -4.33013
    endloop
  endfacet
  facet normal -0.586664 -0.0617836 -0.80747
    outer loop
      vertex -2.65451 -8.63912 -4.20724
      vertex -3.1656 -8.60396 -3.8386
      vertex -2.48907 -8.60396 -4.33013
    endloop
  endfacet
  facet normal -0.586664 -0.0617365 -0.807474
    outer loop
      vertex -3.1656 -8.60396 -3.8386
      vertex -2.65451 -8.63912 -4.20724
      vertex -3.33103 -8.63912 -3.71572
    endloop
  endfacet
  facet normal -0.40672 0 -0.913553
    outer loop
      vertex -1.73607 -8.5 -4.67025
      vertex -1.54508 -7.29713 -4.75528
      vertex -1.54508 -8.5 -4.75528
    endloop
  endfacet
  facet normal -0.40672 0 -0.913553
    outer loop
      vertex -1.54508 -7.29713 -4.75528
      vertex -1.73607 -8.5 -4.67025
      vertex -1.73607 -7.25654 -4.67025
    endloop
  endfacet
  facet normal -0.303633 -0.273418 -0.912716
    outer loop
      vertex -1.57063 -8.87157 -4.67025
      vertex -1.64058 -8.79389 -4.67025
      vertex -1.48607 -8.68163 -4.75528
    endloop
  endfacet
  facet normal -0.12288 -0.169097 -0.977909
    outer loop
      vertex -0.572621 -8.76762 -4.92914
      vertex -0.624886 -8.72964 -4.92914
      vertex -0.488056 -8.57768 -4.97261
    endloop
  endfacet
  facet normal -0.20436 -0.184001 -0.961447
    outer loop
      vertex -1.44284 -8.72964 -4.75528
      vertex -0.668113 -8.68163 -4.92914
      vertex -0.624886 -8.72964 -4.92914
    endloop
  endfacet
  facet normal -0.204359 -0.184012 -0.961445
    outer loop
      vertex -0.668113 -8.68163 -4.92914
      vertex -1.44284 -8.72964 -4.75528
      vertex -1.48607 -8.68163 -4.75528
    endloop
  endfacet
  facet normal -0.354905 -0.488502 -0.797125
    outer loop
      vertex -2.33457 -9.07948 -4.20724
      vertex -1.6838 -8.99726 -4.54737
      vertex -1.57063 -9.07948 -4.54737
    endloop
  endfacet
  facet normal -0.354916 -0.488473 -0.797138
    outer loop
      vertex -1.6838 -8.99726 -4.54737
      vertex -2.33457 -9.07948 -4.20724
      vertex -2.44773 -8.99726 -4.20724
    endloop
  endfacet
  facet normal -0.346724 -0.477241 -0.80748
    outer loop
      vertex -1.57063 -9.07948 -4.54737
      vertex -1.6838 -8.99726 -4.54737
      vertex -1.57063 -8.87157 -4.67025
    endloop
  endfacet
  facet normal 0.223914 -0.924596 -0.308197
    outer loop
      vertex 2.30226 -9.43027 -3.67201
      vertex 2.95882 -9.36883 -3.37932
      vertex 2.97879 -9.43027 -3.18049
    endloop
  endfacet
  facet normal 0.22391 -0.9246 -0.308186
    outer loop
      vertex 2.95882 -9.36883 -3.37932
      vertex 2.30226 -9.43027 -3.67201
      vertex 2.2823 -9.36883 -3.87084
    endloop
  endfacet
  facet normal 0.559336 -0.769809 -0.307469
    outer loop
      vertex 4.30869 -9.2269 -1.83486
      vertex 4.14326 -9.3471 -1.83486
      vertex 4.26546 -9.1789 -2.03368
    endloop
  endfacet
  facet normal 0.584603 -0.804632 -0.103957
    outer loop
      vertex 4.58172 -9.24314 -0.831646
      vertex 4.40166 -9.3471 -1.03956
      vertex 4.5671 -9.2269 -1.03956
    endloop
  endfacet
  facet normal 0.387021 -0.869296 -0.307471
    outer loop
      vertex 3.53833 -9.43027 -2.55905
      vertex 3.51837 -9.36883 -2.75788
      vertex 3.72514 -9.3471 -2.55905
    endloop
  endfacet
  facet normal 0.321797 -0.941018 -0.104558
    outer loop
      vertex 3.9632 -9.45106 -1.62695
      vertex 4.21485 -9.43027 -1.03956
      vertex 4.22161 -9.45106 -0.831646
    endloop
  endfacet
  facet normal 0.321767 -0.941029 -0.104545
    outer loop
      vertex 4.21485 -9.43027 -1.03956
      vertex 3.9632 -9.45106 -1.62695
      vertex 3.95645 -9.43027 -1.83486
    endloop
  endfacet
  facet normal 0.20645 -0.97117 -0.119194
    outer loop
      vertex 3.53833 -9.43027 -2.55905
      vertex 3.75642 -9.47279 -1.83486
      vertex 3.33831 -9.47279 -2.55905
    endloop
  endfacet
  facet normal 0.20644 -0.971172 -0.119191
    outer loop
      vertex 3.75642 -9.47279 -1.83486
      vertex 3.53833 -9.43027 -2.55905
      vertex 3.95645 -9.43027 -1.83486
    endloop
  endfacet
  facet normal 0.740906 -0.0778348 -0.667083
    outer loop
      vertex 4.02741 -8.6682 -2.93893
      vertex 3.9052 -8.5 -3.09429
      vertex 4.04508 -8.5 -2.93893
    endloop
  endfacet
  facet normal 0.862456 -0.0907483 -0.497931
    outer loop
      vertex 4.12965 -8.68994 -2.75788
      vertex 4.44552 -8.6682 -2.21473
      vertex 4.54776 -8.68994 -2.03368
    endloop
  endfacet
  facet normal 0.862456 -0.0907483 -0.497931
    outer loop
      vertex 4.44552 -8.6682 -2.21473
      vertex 4.12965 -8.68994 -2.75788
      vertex 4.02741 -8.6682 -2.93893
    endloop
  endfacet
  facet normal 0.207933 0 -0.978143
    outer loop
      vertex 0.522642 -8.5 -4.97261
      vertex 0.72713 -7.45891 -4.92914
      vertex 0.72713 -8.5 -4.92914
    endloop
  endfacet
  facet normal 0.207933 0 -0.978143
    outer loop
      vertex 0.72713 -7.45891 -4.92914
      vertex 0.522642 -8.5 -4.97261
      vertex 0.522642 -7.45891 -4.97261
    endloop
  endfacet
  facet normal 0.141928 -0.730754 -0.667723
    outer loop
      vertex 0.502679 -9.30458 -4.56587
      vertex 1.30601 -9.16546 -4.54737
      vertex 1.32063 -9.30458 -4.39201
    endloop
  endfacet
  facet normal 0.141928 -0.730753 -0.667725
    outer loop
      vertex 1.30601 -9.16546 -4.54737
      vertex 0.502679 -9.30458 -4.56587
      vertex 0.488056 -9.16546 -4.72123
    endloop
  endfacet
  facet normal 0.388603 -0.126245 -0.912715
    outer loop
      vertex 1.72514 -8.60396 -4.67025
      vertex 1.51837 -8.62569 -4.75528
      vertex 1.53833 -8.56425 -4.75528
    endloop
  endfacet
  facet normal 0.722375 -0.234729 -0.650443
    outer loop
      vertex 3.97514 -8.82906 -2.93893
      vertex 3.46786 -8.6682 -3.56036
      vertex 4.02741 -8.6682 -2.93893
    endloop
  endfacet
  facet normal 0.722388 -0.234689 -0.650443
    outer loop
      vertex 3.46786 -8.6682 -3.56036
      vertex 3.97514 -8.82906 -2.93893
      vertex 3.4156 -8.82906 -3.56036
    endloop
  endfacet
  facet normal 0.353844 -0.204311 -0.912717
    outer loop
      vertex 1.64058 -8.79389 -4.67025
      vertex 1.48607 -8.68163 -4.75528
      vertex 1.51837 -8.62569 -4.75528
    endloop
  endfacet
  facet normal 0.240185 -0.330567 -0.912709
    outer loop
      vertex 1.48607 -8.93301 -4.67025
      vertex 1.39058 -8.76762 -4.75528
      vertex 1.57063 -8.87157 -4.67025
    endloop
  endfacet
  facet normal 0.194166 -0.357538 -0.913491
    outer loop
      vertex 0.668114 -8.93301 -4.84411
      vertex 1.39058 -8.76762 -4.75528
      vertex 1.48607 -8.93301 -4.67025
    endloop
  endfacet
  facet normal 0.194166 -0.357535 -0.913492
    outer loop
      vertex 1.39058 -8.76762 -4.75528
      vertex 0.668114 -8.93301 -4.84411
      vertex 0.572621 -8.76762 -4.92914
    endloop
  endfacet
  facet normal 0.12288 -0.169097 -0.977909
    outer loop
      vertex 0.572621 -8.76762 -4.92914
      vertex 0.488056 -8.57768 -4.97261
      vertex 0.624886 -8.72964 -4.92914
    endloop
  endfacet
  facet normal -0.20788 -0.0218594 -0.97791
    outer loop
      vertex -0.520357 -8.52173 -4.97261
      vertex -0.720378 -8.56425 -4.92914
      vertex -0.522642 -8.5 -4.97261
    endloop
  endfacet
  facet normal 0.406406 -0.912693 0.0427152
    outer loop
      vertex 4.30902 -9.45106 0
      vertex 4.41259 -9.36602 0.831646
      vertex 4.22161 -9.45106 0.831646
    endloop
  endfacet
  facet normal 0.406406 -0.912693 0.0427152
    outer loop
      vertex 4.41259 -9.36602 0.831646
      vertex 4.30902 -9.45106 0
      vertex 4.5 -9.36602 0
    endloop
  endfacet
  facet normal 0.862465 -0.0906782 -0.497927
    outer loop
      vertex 4.54776 -8.68994 -2.03368
      vertex 4.44552 -8.6682 -2.21473
      vertex 4.56773 -8.5 -2.03368
    endloop
  endfacet
  facet normal 0.740881 -0.667107 -0.0778701
    outer loop
      vertex 4.66913 -9.24314 0
      vertex 4.72161 -9.08778 -0.831646
      vertex 4.80902 -9.08778 0
    endloop
  endfacet
  facet normal 0.740881 -0.667107 -0.0778701
    outer loop
      vertex 4.72161 -9.08778 -0.831646
      vertex 4.66913 -9.24314 0
      vertex 4.58172 -9.24314 -0.831646
    endloop
  endfacet
  facet normal 0.824765 -0.268005 -0.497931
    outer loop
      vertex 4.07063 -8.87157 -2.75788
      vertex 4.02741 -8.6682 -2.93893
      vertex 4.12965 -8.68994 -2.75788
    endloop
  endfacet
  facet normal 0.861341 -0.497279 -0.103954
    outer loop
      vertex 4.72161 -9.08778 -0.831646
      vertex 4.70393 -9.07494 -1.03956
      vertex 4.82613 -8.90674 -0.831646
    endloop
  endfacet
  facet normal 0.577375 -0.794636 -0.187594
    outer loop
      vertex 4.30869 -9.2269 -1.83486
      vertex 4.40166 -9.3471 -1.03956
      vertex 4.14326 -9.3471 -1.83486
    endloop
  endfacet
  facet normal 0.577353 -0.794652 -0.187594
    outer loop
      vertex 4.40166 -9.3471 -1.03956
      vertex 4.30869 -9.2269 -1.83486
      vertex 4.5671 -9.2269 -1.03956
    endloop
  endfacet
  facet normal 0.587785 0 0.809017
    outer loop
      vertex 3.17652 -6.75052 3.8386
      vertex 3.34565 -8.5 3.71572
      vertex 3.34565 -6.67522 3.71572
    endloop
  endfacet
  facet normal 0.587785 0 0.809017
    outer loop
      vertex 3.34565 -8.5 3.71572
      vertex 3.17652 -6.75052 3.8386
      vertex 3.17652 -8.5 3.8386
    endloop
  endfacet
  facet normal 0.437874 -0.602649 0.667144
    outer loop
      vertex 2.44773 -8.99726 4.20724
      vertex 2.33457 -9.07948 4.20724
      vertex 2.54134 -9.10122 4.05189
    endloop
  endfacet
  facet normal 0.381933 -0.857825 0.343896
    outer loop
      vertex 3.51837 -9.36883 2.75788
      vertex 3.13329 -9.29115 3.37932
      vertex 2.95882 -9.36883 3.37932
    endloop
  endfacet
  facet normal 0.381933 -0.857825 0.343896
    outer loop
      vertex 3.13329 -9.29115 3.37932
      vertex 3.51837 -9.36883 2.75788
      vertex 3.69284 -9.29115 2.75788
    endloop
  endfacet
  facet normal 0.17195 -0.562139 0.80897
    outer loop
      vertex 1.39058 -8.97553 4.67025
      vertex 0.624886 -9.13638 4.72123
      vertex 1.44284 -9.13638 4.54737
    endloop
  endfacet
  facet normal 0.17195 -0.562136 0.808972
    outer loop
      vertex 0.624886 -9.13638 4.72123
      vertex 1.39058 -8.97553 4.67025
      vertex 0.572621 -8.97553 4.84411
    endloop
  endfacet
  facet normal 0 0 1
    outer loop
      vertex -0.522642 -8.5 4.97261
      vertex 0.522642 -8.5 4.97261
      vertex 0.522642 -7.45891 4.97261
    endloop
  endfacet
  facet normal 0 -0 1
    outer loop
      vertex 0.429039 -8.60396 4.97261
      vertex 0.522642 -8.5 4.97261
      vertex -0.522642 -8.5 4.97261
    endloop
  endfacet
  facet normal 0 0 1
    outer loop
      vertex 0.520357 -8.52173 4.97261
      vertex 0.429039 -8.60396 4.97261
      vertex 0.513605 -8.54251 4.97261
    endloop
  endfacet
  facet normal 0 0 1
    outer loop
      vertex 0.513605 -8.54251 4.97261
      vertex 0.429039 -8.60396 4.97261
      vertex 0.502679 -8.56144 4.97261
    endloop
  endfacet
  facet normal 0 0 1
    outer loop
      vertex 0.502679 -8.56144 4.97261
      vertex 0.429039 -8.60396 4.97261
      vertex 0.488056 -8.57768 4.97261
    endloop
  endfacet
  facet normal 0 0 1
    outer loop
      vertex 0.488056 -8.57768 4.97261
      vertex 0.429039 -8.60396 4.97261
      vertex 0.470378 -8.59052 4.97261
    endloop
  endfacet
  facet normal 0 0 1
    outer loop
      vertex 0.470378 -8.59052 4.97261
      vertex 0.429039 -8.60396 4.97261
      vertex 0.450415 -8.59941 4.97261
    endloop
  endfacet
  facet normal 0 0 1
    outer loop
      vertex 0.522642 -8.5 4.97261
      vertex 0.429039 -8.60396 4.97261
      vertex 0.520357 -8.52173 4.97261
    endloop
  endfacet
  facet normal 0 0 1
    outer loop
      vertex 0.429039 -8.60396 4.97261
      vertex -0.522642 -8.5 4.97261
      vertex -0.429039 -8.60396 4.97261
    endloop
  endfacet
  facet normal 0 0 1
    outer loop
      vertex -0.429039 -8.60396 4.97261
      vertex -0.522642 -8.5 4.97261
      vertex -0.450415 -8.59941 4.97261
    endloop
  endfacet
  facet normal 0 0 1
    outer loop
      vertex -0.450415 -8.59941 4.97261
      vertex -0.522642 -8.5 4.97261
      vertex -0.470378 -8.59052 4.97261
    endloop
  endfacet
  facet normal 0 0 1
    outer loop
      vertex -0.470378 -8.59052 4.97261
      vertex -0.522642 -8.5 4.97261
      vertex -0.488056 -8.57768 4.97261
    endloop
  endfacet
  facet normal 0 0 1
    outer loop
      vertex -0.488056 -8.57768 4.97261
      vertex -0.522642 -8.5 4.97261
      vertex -0.502679 -8.56144 4.97261
    endloop
  endfacet
  facet normal 0 0 1
    outer loop
      vertex -0.502679 -8.56144 4.97261
      vertex -0.522642 -8.5 4.97261
      vertex -0.513605 -8.54251 4.97261
    endloop
  endfacet
  facet normal 0 0 1
    outer loop
      vertex -0.522642 -8.5 4.97261
      vertex 0.522642 -7.45891 4.97261
      vertex -0.522642 -7.45891 4.97261
    endloop
  endfacet
  facet normal 0 0 1
    outer loop
      vertex -0.513605 -8.54251 4.97261
      vertex -0.522642 -8.5 4.97261
      vertex -0.520357 -8.52173 4.97261
    endloop
  endfacet
  facet normal 0.519494 -0.715073 0.467757
    outer loop
      vertex 3.69284 -9.29115 2.75788
      vertex 3.2878 -9.1789 3.37932
      vertex 3.13329 -9.29115 3.37932
    endloop
  endfacet
  facet normal 0.519494 -0.715073 0.467757
    outer loop
      vertex 3.2878 -9.1789 3.37932
      vertex 3.69284 -9.29115 2.75788
      vertex 3.84735 -9.1789 2.75788
    endloop
  endfacet
  facet normal 0.388603 -0.126245 0.912715
    outer loop
      vertex 1.53833 -8.56425 4.75528
      vertex 1.51837 -8.62569 4.75528
      vertex 1.72514 -8.60396 4.67025
    endloop
  endfacet
  facet normal 0.406361 -0.0427391 0.912712
    outer loop
      vertex 1.73607 -8.5 4.67025
      vertex 2.30226 -8.56425 4.41516
      vertex 2.5 -8.5 4.33013
    endloop
  endfacet
  facet normal 0.406361 -0.0427391 0.912712
    outer loop
      vertex 2.30226 -8.56425 4.41516
      vertex 1.73607 -8.5 4.67025
      vertex 1.53833 -8.56425 4.75528
    endloop
  endfacet
  facet normal 0.362089 -0.787735 0.498363
    outer loop
      vertex 2.45677 -9.29115 3.87084
      vertex 3.08103 -9.20063 3.56036
      vertex 2.40451 -9.20063 4.05189
    endloop
  endfacet
  facet normal 0.362097 -0.787718 0.498384
    outer loop
      vertex 3.08103 -9.20063 3.56036
      vertex 2.45677 -9.29115 3.87084
      vertex 3.13329 -9.29115 3.37932
    endloop
  endfacet
  facet normal -0.302987 -0.680542 0.667129
    outer loop
      vertex -2.33457 -9.07948 4.20724
      vertex -2.40451 -9.20063 4.05189
      vertex -2.25 -9.26942 4.05189
    endloop
  endfacet
  facet normal -0.14862 -0.6993 0.699207
    outer loop
      vertex -0.624886 -9.13638 4.72123
      vertex -1.30601 -9.16546 4.54737
      vertex -0.488056 -9.16546 4.72123
    endloop
  endfacet
  facet normal -0.14862 -0.6993 0.699207
    outer loop
      vertex -1.30601 -9.16546 4.54737
      vertex -0.624886 -9.13638 4.72123
      vertex -1.44284 -9.13638 4.54737
    endloop
  endfacet
  facet normal -0.154867 -0.728695 0.667099
    outer loop
      vertex -1.44284 -9.13638 4.54737
      vertex -1.48607 -9.26942 4.39201
      vertex -1.30601 -9.16546 4.54737
    endloop
  endfacet
  facet normal 0.0849425 -0.399666 0.912717
    outer loop
      vertex 0.513605 -8.79389 4.92914
      vertex 0.450415 -8.80732 4.92914
      vertex 0.572621 -8.97553 4.84411
    endloop
  endfacet
  facet normal 0 -0.74497 0.667098
    outer loop
      vertex -0.502679 -9.30458 4.56587
      vertex 0.488056 -9.16546 4.72123
      vertex -0.488056 -9.16546 4.72123
    endloop
  endfacet
  facet normal 0 -0.74497 0.667098
    outer loop
      vertex 0.488056 -9.16546 4.72123
      vertex -0.502679 -9.30458 4.56587
      vertex 0.502679 -9.30458 4.56587
    endloop
  endfacet
  facet normal -0.12288 -0.169097 0.977909
    outer loop
      vertex -0.488056 -8.57768 4.97261
      vertex -0.624886 -8.72964 4.92914
      vertex -0.572621 -8.76762 4.92914
    endloop
  endfacet
  facet normal 0.862462 -0.0906046 0.497946
    outer loop
      vertex 4.04508 -8.5 2.93893
      vertex 4.02741 -8.6682 2.93893
      vertex 4.14961 -8.5 2.75788
    endloop
  endfacet
  facet normal 0.824081 -0.475765 0.30747
    outer loop
      vertex 4.48875 -8.87157 2.03368
      vertex 4.39326 -9.03697 2.03368
      vertex 4.44552 -9.07494 1.83486
    endloop
  endfacet
  facet normal 0.951057 6.03613e-07 0.309017
    outer loop
      vertex 4.89074 -8.5 1.03956
      vertex 4.84935 -5.69647 1.16694
      vertex 4.63233 -5.85414 1.83486
    endloop
  endfacet
  facet normal 0.951056 0 0.309018
    outer loop
      vertex 4.89074 -8.5 1.03956
      vertex 4.63233 -5.85414 1.83486
      vertex 4.63233 -8.5 1.83486
    endloop
  endfacet
  facet normal 0.951053 0 0.309029
    outer loop
      vertex 4.84935 -5.69647 1.16694
      vertex 4.89074 -8.5 1.03956
      vertex 4.89074 -5.66639 1.03956
    endloop
  endfacet
  facet normal -0.824765 -0.268005 0.497931
    outer loop
      vertex -4.02741 -8.6682 2.93893
      vertex -4.12965 -8.68994 2.75788
      vertex -4.07063 -8.87157 2.75788
    endloop
  endfacet
  facet normal -0.946332 -0.307511 0.099464
    outer loop
      vertex -4.91354 -8.90674 0
      vertex -4.89074 -8.70791 0.831646
      vertex -4.97815 -8.70791 0
    endloop
  endfacet
  facet normal -0.946332 -0.307511 0.099464
    outer loop
      vertex -4.89074 -8.70791 0.831646
      vertex -4.91354 -8.90674 0
      vertex -4.82613 -8.90674 0.831646
    endloop
  endfacet
  facet normal -0.862467 -0.497929 0.0906494
    outer loop
      vertex -4.80902 -9.08778 0
      vertex -4.82613 -8.90674 0.831646
      vertex -4.91354 -8.90674 0
    endloop
  endfacet
  facet normal -0.862467 -0.497929 0.0906494
    outer loop
      vertex -4.82613 -8.90674 0.831646
      vertex -4.80902 -9.08778 0
      vertex -4.72161 -9.08778 0.831646
    endloop
  endfacet
  facet normal -0.946338 -0.0994871 0.307485
    outer loop
      vertex -4.86936 -8.70337 1.03956
      vertex -4.63233 -8.5 1.83486
      vertex -4.89074 -8.5 1.03956
    endloop
  endfacet
  facet normal -0.946338 -0.0994871 0.307485
    outer loop
      vertex -4.63233 -8.5 1.83486
      vertex -4.86936 -8.70337 1.03956
      vertex -4.61095 -8.70337 1.83486
    endloop
  endfacet
  facet normal -0.904986 -0.294046 0.307468
    outer loop
      vertex -4.48875 -8.87157 2.03368
      vertex -4.61095 -8.70337 1.83486
      vertex -4.54776 -8.89785 1.83486
    endloop
  endfacet
  facet normal -0.682943 -0.394276 0.614927
    outer loop
      vertex -3.89058 -8.97553 2.93893
      vertex -3.4156 -8.82906 3.56036
      vertex -3.97514 -8.82906 2.93893
    endloop
  endfacet
  facet normal -0.682926 -0.394313 0.614922
    outer loop
      vertex -3.4156 -8.82906 3.56036
      vertex -3.89058 -8.97553 2.93893
      vertex -3.33103 -8.97553 3.56036
    endloop
  endfacet
  facet normal -0.395953 -0.889359 0.228608
    outer loop
      vertex -3.95645 -9.43027 1.83486
      vertex -3.72514 -9.3471 2.55905
      vertex -4.14326 -9.3471 1.83486
    endloop
  endfacet
  facet normal -0.395953 -0.889359 0.228608
    outer loop
      vertex -3.72514 -9.3471 2.55905
      vertex -3.95645 -9.43027 1.83486
      vertex -3.53833 -9.43027 2.55905
    endloop
  endfacet
  facet normal -0.404518 -0.908597 0.104006
    outer loop
      vertex -4.21485 -9.43027 1.03956
      vertex -4.40166 -9.3471 1.03956
      vertex -4.22161 -9.45106 0.831646
    endloop
  endfacet
  facet normal -0.682926 -0.614937 0.39429
    outer loop
      vertex -4.26546 -9.1789 2.03368
      vertex -3.97514 -9.03697 2.75788
      vertex -4.39326 -9.03697 2.03368
    endloop
  endfacet
  facet normal -0.682949 -0.614909 0.394294
    outer loop
      vertex -3.97514 -9.03697 2.75788
      vertex -4.26546 -9.1789 2.03368
      vertex -3.84735 -9.1789 2.75788
    endloop
  endfacet
  facet normal -0.509706 -0.701601 0.497952
    outer loop
      vertex -3.21786 -9.10122 3.56036
      vertex -3.2878 -9.1789 3.37932
      vertex -3.13329 -9.29115 3.37932
    endloop
  endfacet
  facet normal -0.20644 -0.971172 0.119191
    outer loop
      vertex -3.75642 -9.47279 1.83486
      vertex -3.53833 -9.43027 2.55905
      vertex -3.95645 -9.43027 1.83486
    endloop
  endfacet
  facet normal -0.20645 -0.97117 0.119194
    outer loop
      vertex -3.53833 -9.43027 2.55905
      vertex -3.75642 -9.47279 1.83486
      vertex -3.33831 -9.47279 2.55905
    endloop
  endfacet
  facet normal -0.559336 -0.769809 -0.307469
    outer loop
      vertex -4.14326 -9.3471 -1.83486
      vertex -4.30869 -9.2269 -1.83486
      vertex -4.26546 -9.1789 -2.03368
    endloop
  endfacet
  facet normal -0.945896 -0.30737 -0.10395
    outer loop
      vertex -4.82613 -8.90674 -0.831646
      vertex -4.89074 -8.70791 -0.831646
      vertex -4.80617 -8.89785 -1.03956
    endloop
  endfacet
  facet normal -0.945902 -0.30734 -0.103979
    outer loop
      vertex -4.80617 -8.89785 -1.03956
      vertex -4.89074 -8.70791 -0.831646
      vertex -4.86936 -8.70337 -1.03956
    endloop
  endfacet
  facet normal -0.904986 -0.294046 -0.307468
    outer loop
      vertex -4.54776 -8.89785 -1.83486
      vertex -4.61095 -8.70337 -1.83486
      vertex -4.48875 -8.87157 -2.03368
    endloop
  endfacet
  facet normal -0.707133 -0.636727 -0.307475
    outer loop
      vertex -4.30869 -9.2269 -1.83486
      vertex -4.44552 -9.07494 -1.83486
      vertex -4.26546 -9.1789 -2.03368
    endloop
  endfacet
  facet normal -0.951057 6.03613e-07 -0.309017
    outer loop
      vertex -4.89074 -8.5 -1.03956
      vertex -4.84935 -5.69647 -1.16694
      vertex -4.63233 -5.85414 -1.83486
    endloop
  endfacet
  facet normal -0.951056 0 -0.309018
    outer loop
      vertex -4.89074 -8.5 -1.03956
      vertex -4.63233 -5.85414 -1.83486
      vertex -4.63233 -8.5 -1.83486
    endloop
  endfacet
  facet normal -0.951053 0 -0.309029
    outer loop
      vertex -4.84935 -5.69647 -1.16694
      vertex -4.89074 -8.5 -1.03956
      vertex -4.89074 -5.66639 -1.03956
    endloop
  endfacet
  facet normal -0.866024 0 -0.500003
    outer loop
      vertex -4.56773 -8.5 -2.03368
      vertex -4.14961 -6.20485 -2.75788
      vertex -4.14961 -8.5 -2.75788
    endloop
  endfacet
  facet normal -0.866024 0 -0.500003
    outer loop
      vertex -4.14961 -6.20485 -2.75788
      vertex -4.56773 -8.5 -2.03368
      vertex -4.56773 -5.90108 -2.03368
    endloop
  endfacet
  facet normal -0.866024 0 -0.500003
    outer loop
      vertex -4.14961 -8.5 -2.75788
      vertex -4.04508 -6.2808 -2.93893
      vertex -4.04508 -8.5 -2.93893
    endloop
  endfacet
  facet normal -0.866024 0 -0.500003
    outer loop
      vertex -4.04508 -6.2808 -2.93893
      vertex -4.14961 -8.5 -2.75788
      vertex -4.14961 -6.20485 -2.75788
    endloop
  endfacet
  facet normal -0.387021 -0.869296 0.307471
    outer loop
      vertex -3.51837 -9.36883 2.75788
      vertex -3.72514 -9.3471 2.55905
      vertex -3.53833 -9.43027 2.55905
    endloop
  endfacet
  facet normal -0.342739 -0.887295 0.308605
    outer loop
      vertex -3.51837 -9.36883 2.75788
      vertex -2.97879 -9.43027 3.18049
      vertex -2.95882 -9.36883 3.37932
    endloop
  endfacet
  facet normal -0.342728 -0.887305 0.30859
    outer loop
      vertex -2.97879 -9.43027 3.18049
      vertex -3.51837 -9.36883 2.75788
      vertex -3.53833 -9.43027 2.55905
    endloop
  endfacet
  facet normal -0.352735 -0.792247 0.497918
    outer loop
      vertex -2.40451 -9.20063 4.05189
      vertex -2.45677 -9.29115 3.87084
      vertex -2.2823 -9.36883 3.87084
    endloop
  endfacet
  facet normal -0.362089 -0.787735 0.498363
    outer loop
      vertex -3.08103 -9.20063 3.56036
      vertex -2.45677 -9.29115 3.87084
      vertex -2.40451 -9.20063 4.05189
    endloop
  endfacet
  facet normal -0.362097 -0.787718 0.498384
    outer loop
      vertex -2.45677 -9.29115 3.87084
      vertex -3.08103 -9.20063 3.56036
      vertex -3.13329 -9.29115 3.37932
    endloop
  endfacet
  facet normal -0.354909 -0.79713 0.488491
    outer loop
      vertex -2.95882 -9.36883 3.37932
      vertex -2.45677 -9.29115 3.87084
      vertex -3.13329 -9.29115 3.37932
    endloop
  endfacet
  facet normal -0.354909 -0.79713 0.488491
    outer loop
      vertex -2.45677 -9.29115 3.87084
      vertex -2.95882 -9.36883 3.37932
      vertex -2.2823 -9.36883 3.87084
    endloop
  endfacet
  facet normal -0.354905 -0.488502 0.797125
    outer loop
      vertex -1.6838 -8.99726 4.54737
      vertex -2.33457 -9.07948 4.20724
      vertex -1.57063 -9.07948 4.54737
    endloop
  endfacet
  facet normal -0.354916 -0.488473 0.797138
    outer loop
      vertex -2.33457 -9.07948 4.20724
      vertex -1.6838 -8.99726 4.54737
      vertex -2.44773 -8.99726 4.20724
    endloop
  endfacet
  facet normal -0.586668 -0.0616238 0.80748
    outer loop
      vertex -3.17652 -8.5 3.8386
      vertex -3.34565 -8.5 3.71572
      vertex -3.1656 -8.60396 3.8386
    endloop
  endfacet
  facet normal -0.586678 -0.0616535 0.80747
    outer loop
      vertex -3.1656 -8.60396 3.8386
      vertex -3.34565 -8.5 3.71572
      vertex -3.33103 -8.63912 3.71572
    endloop
  endfacet
  facet normal -0.586668 -0.0616803 0.807475
    outer loop
      vertex -2.5 -8.5 4.33013
      vertex -3.1656 -8.60396 3.8386
      vertex -2.48907 -8.60396 4.33013
    endloop
  endfacet
  facet normal -0.586675 -0.0616246 0.807474
    outer loop
      vertex -3.1656 -8.60396 3.8386
      vertex -2.5 -8.5 4.33013
      vertex -3.17652 -8.5 3.8386
    endloop
  endfacet
  facet normal -0.207437 -0.0674001 0.975924
    outer loop
      vertex -0.720378 -8.56425 4.92914
      vertex -1.51837 -8.62569 4.75528
      vertex -0.700415 -8.62569 4.92914
    endloop
  endfacet
  facet normal -0.207438 -0.0673903 0.975924
    outer loop
      vertex -1.51837 -8.62569 4.75528
      vertex -0.720378 -8.56425 4.92914
      vertex -1.53833 -8.56425 4.75528
    endloop
  endfacet
  facet normal -0.300294 -0.674475 0.674468
    outer loop
      vertex -2.20677 -9.13638 4.20724
      vertex -1.57063 -9.07948 4.54737
      vertex -2.33457 -9.07948 4.20724
    endloop
  endfacet
  facet normal -0.300307 -0.67445 0.674487
    outer loop
      vertex -1.57063 -9.07948 4.54737
      vertex -2.20677 -9.13638 4.20724
      vertex -1.44284 -9.13638 4.54737
    endloop
  endfacet
  facet normal -0.239952 -0.538901 0.807471
    outer loop
      vertex -1.39058 -8.97553 4.67025
      vertex -1.57063 -9.07948 4.54737
      vertex -1.44284 -9.13638 4.54737
    endloop
  endfacet
  facet normal -0.17195 -0.562136 0.808972
    outer loop
      vertex -1.39058 -8.97553 4.67025
      vertex -0.624886 -9.13638 4.72123
      vertex -0.572621 -8.97553 4.84411
    endloop
  endfacet
  facet normal -0.17195 -0.562139 0.80897
    outer loop
      vertex -0.624886 -9.13638 4.72123
      vertex -1.39058 -8.97553 4.67025
      vertex -1.44284 -9.13638 4.54737
    endloop
  endfacet
  facet normal 0.0850313 -0.190943 0.977911
    outer loop
      vertex 0.470378 -8.59052 4.97261
      vertex 0.450415 -8.59941 4.97261
      vertex 0.572621 -8.76762 4.92914
    endloop
  endfacet
  facet normal -0.510892 -0.294963 0.807457
    outer loop
      vertex -2.45677 -8.70337 4.33013
      vertex -2.61128 -8.77216 4.20724
      vertex -2.54134 -8.8933 4.20724
    endloop
  endfacet
  facet normal 0.20788 -0.0218594 0.97791
    outer loop
      vertex 0.522642 -8.5 4.97261
      vertex 0.520357 -8.52173 4.97261
      vertex 0.720378 -8.56425 4.92914
    endloop
  endfacet
  facet normal -0.7085 -0.230177 -0.667118
    outer loop
      vertex -3.4156 -8.82906 -3.56036
      vertex -3.46786 -8.6682 -3.56036
      vertex -3.2878 -8.77216 -3.71572
    endloop
  endfacet
  facet normal -0.300294 -0.674475 -0.674468
    outer loop
      vertex -1.57063 -9.07948 -4.54737
      vertex -2.20677 -9.13638 -4.20724
      vertex -2.33457 -9.07948 -4.20724
    endloop
  endfacet
  facet normal -0.300307 -0.67445 -0.674487
    outer loop
      vertex -2.20677 -9.13638 -4.20724
      vertex -1.57063 -9.07948 -4.54737
      vertex -1.44284 -9.13638 -4.54737
    endloop
  endfacet
  facet normal -0.0849425 -0.399666 -0.912717
    outer loop
      vertex -0.450415 -8.80732 -4.92914
      vertex -0.572621 -8.97553 -4.84411
      vertex -0.513605 -8.79389 -4.92914
    endloop
  endfacet
  facet normal 0.204359 -0.184012 -0.961445
    outer loop
      vertex 1.44284 -8.72964 -4.75528
      vertex 0.668113 -8.68163 -4.92914
      vertex 1.48607 -8.68163 -4.75528
    endloop
  endfacet
  facet normal 0.20436 -0.184001 -0.961447
    outer loop
      vertex 0.668113 -8.68163 -4.92914
      vertex 1.44284 -8.72964 -4.75528
      vertex 0.624886 -8.72964 -4.92914
    endloop
  endfacet
  facet normal -0.586678 -0.0616535 -0.80747
    outer loop
      vertex -3.33103 -8.63912 -3.71572
      vertex -3.34565 -8.5 -3.71572
      vertex -3.1656 -8.60396 -3.8386
    endloop
  endfacet
  facet normal -0.406349 -0.0426904 -0.91272
    outer loop
      vertex -1.53833 -8.56425 -4.75528
      vertex -1.73607 -8.5 -4.67025
      vertex -1.54508 -8.5 -4.75528
    endloop
  endfacet
  facet normal -0.577349 -0.187604 -0.794653
    outer loop
      vertex -3.2878 -8.77216 -3.71572
      vertex -2.65451 -8.63912 -4.20724
      vertex -2.61128 -8.77216 -4.20724
    endloop
  endfacet
  facet normal -0.577349 -0.187604 -0.794653
    outer loop
      vertex -2.65451 -8.63912 -4.20724
      vertex -3.2878 -8.77216 -3.71572
      vertex -3.33103 -8.63912 -3.71572
    endloop
  endfacet
  facet normal 0.0850313 -0.190943 -0.977911
    outer loop
      vertex 0.572621 -8.76762 -4.92914
      vertex 0.450415 -8.59941 -4.97261
      vertex 0.470378 -8.59052 -4.97261
    endloop
  endfacet
  facet normal -0.198795 -0.0645941 -0.97791
    outer loop
      vertex -0.513605 -8.54251 -4.97261
      vertex -0.720378 -8.56425 -4.92914
      vertex -0.520357 -8.52173 -4.97261
    endloop
  endfacet
  facet normal -0.406733 0 -0.913547
    outer loop
      vertex -2.5 -8.5 -4.33013
      vertex -1.73607 -7.25654 -4.67025
      vertex -1.73607 -8.5 -4.67025
    endloop
  endfacet
  facet normal -0.406739 4.70156e-06 -0.913544
    outer loop
      vertex -1.73607 -7.25654 -4.67025
      vertex -2.5 -8.5 -4.33013
      vertex -2.31763 -7.13292 -4.41132
    endloop
  endfacet
  facet normal -0.40671 0 -0.913557
    outer loop
      vertex -2.31763 -7.13292 -4.41132
      vertex -2.5 -8.5 -4.33013
      vertex -2.5 -7.05172 -4.33013
    endloop
  endfacet
  facet normal -0.381919 -0.343914 -0.857824
    outer loop
      vertex -2.33457 -8.87157 -4.33013
      vertex -1.64058 -8.79389 -4.67025
      vertex -1.57063 -8.87157 -4.67025
    endloop
  endfacet
  facet normal -0.381929 -0.343874 -0.857835
    outer loop
      vertex -1.64058 -8.79389 -4.67025
      vertex -2.33457 -8.87157 -4.33013
      vertex -2.40451 -8.79389 -4.33013
    endloop
  endfacet
  facet normal -0.194166 -0.357535 -0.913492
    outer loop
      vertex -0.668114 -8.93301 -4.84411
      vertex -1.39058 -8.76762 -4.75528
      vertex -0.572621 -8.76762 -4.92914
    endloop
  endfacet
  facet normal -0.194166 -0.357538 -0.913491
    outer loop
      vertex -1.39058 -8.76762 -4.75528
      vertex -0.668114 -8.93301 -4.84411
      vertex -1.48607 -8.93301 -4.67025
    endloop
  endfacet
  facet normal -0.303644 -0.273412 -0.912714
    outer loop
      vertex -1.44284 -8.72964 -4.75528
      vertex -1.57063 -8.87157 -4.67025
      vertex -1.48607 -8.68163 -4.75528
    endloop
  endfacet
  facet normal 0.302987 -0.680542 -0.667129
    outer loop
      vertex 2.40451 -9.20063 -4.05189
      vertex 2.25 -9.26942 -4.05189
      vertex 2.33457 -9.07948 -4.20724
    endloop
  endfacet
  facet normal 0.29716 -0.682805 -0.667438
    outer loop
      vertex 1.48607 -9.26942 -4.39201
      vertex 2.20677 -9.13638 -4.20724
      vertex 2.25 -9.26942 -4.05189
    endloop
  endfacet
  facet normal 0.297158 -0.682828 -0.667415
    outer loop
      vertex 2.20677 -9.13638 -4.20724
      vertex 1.48607 -9.26942 -4.39201
      vertex 1.44284 -9.13638 -4.54737
    endloop
  endfacet
  facet normal 0.51952 -0.467748 -0.715059
    outer loop
      vertex 3.12426 -8.99726 -3.71572
      vertex 2.54134 -8.8933 -4.20724
      vertex 3.21786 -8.8933 -3.71572
    endloop
  endfacet
  facet normal 0.519504 -0.467784 -0.715048
    outer loop
      vertex 2.54134 -8.8933 -4.20724
      vertex 3.12426 -8.99726 -3.71572
      vertex 2.44773 -8.99726 -4.20724
    endloop
  endfacet
  facet normal 0.559275 -0.769831 0.307525
    outer loop
      vertex 4.26546 -9.1789 2.03368
      vertex 4.11095 -9.29115 2.03368
      vertex 4.14326 -9.3471 1.83486
    endloop
  endfacet
  facet normal 0.707133 -0.636727 -0.307475
    outer loop
      vertex 4.30869 -9.2269 -1.83486
      vertex 4.26546 -9.1789 -2.03368
      vertex 4.44552 -9.07494 -1.83486
    endloop
  endfacet
  facet normal 0.53402 -0.787249 -0.308323
    outer loop
      vertex 3.72514 -9.3471 -2.55905
      vertex 4.11095 -9.29115 -2.03368
      vertex 4.14326 -9.3471 -1.83486
    endloop
  endfacet
  facet normal 0.533976 -0.787293 -0.308286
    outer loop
      vertex 4.11095 -9.29115 -2.03368
      vertex 3.72514 -9.3471 -2.55905
      vertex 3.69284 -9.29115 -2.75788
    endloop
  endfacet
  facet normal 0.404574 -0.908578 -0.103948
    outer loop
      vertex 4.41259 -9.36602 -0.831646
      vertex 4.22161 -9.45106 -0.831646
      vertex 4.40166 -9.3471 -1.03956
    endloop
  endfacet
  facet normal 0.207413 -0.975929 -0.0673926
    outer loop
      vertex 3.9632 -9.45106 -1.62695
      vertex 4.01712 -9.49452 -0.831646
      vertex 3.75871 -9.49452 -1.62695
    endloop
  endfacet
  facet normal 0.207413 -0.975929 -0.0673926
    outer loop
      vertex 4.01712 -9.49452 -0.831646
      vertex 3.9632 -9.45106 -1.62695
      vertex 4.22161 -9.45106 -0.831646
    endloop
  endfacet
  facet normal 0.206795 -0.972842 -0.103993
    outer loop
      vertex 3.9632 -9.45106 -1.62695
      vertex 3.75642 -9.47279 -1.83486
      vertex 3.95645 -9.43027 -1.83486
    endloop
  endfacet
  facet normal 0.180496 -0.97804 -0.104209
    outer loop
      vertex 3.3406 -9.49452 -2.35114
      vertex 3.75642 -9.47279 -1.83486
      vertex 3.75871 -9.49452 -1.62695
    endloop
  endfacet
  facet normal 0.180496 -0.97804 -0.104209
    outer loop
      vertex 3.75642 -9.47279 -1.83486
      vertex 3.3406 -9.49452 -2.35114
      vertex 3.33831 -9.47279 -2.55905
    endloop
  endfacet
  facet normal 0.866024 0 -0.500003
    outer loop
      vertex 4.56773 -8.5 -2.03368
      vertex 4.14961 -6.20485 -2.75788
      vertex 4.56773 -5.90108 -2.03368
    endloop
  endfacet
  facet normal 0.866024 0 -0.500003
    outer loop
      vertex 4.14961 -6.20485 -2.75788
      vertex 4.56773 -8.5 -2.03368
      vertex 4.14961 -8.5 -2.75788
    endloop
  endfacet
  facet normal 0.354916 -0.488473 -0.797138
    outer loop
      vertex 2.33457 -9.07948 -4.20724
      vertex 1.6838 -8.99726 -4.54737
      vertex 2.44773 -8.99726 -4.20724
    endloop
  endfacet
  facet normal 0.354905 -0.488502 -0.797125
    outer loop
      vertex 1.6838 -8.99726 -4.54737
      vertex 2.33457 -9.07948 -4.20724
      vertex 1.57063 -9.07948 -4.54737
    endloop
  endfacet
  facet normal 0.154865 -0.728696 -0.667098
    outer loop
      vertex 1.32063 -9.30458 -4.39201
      vertex 1.30601 -9.16546 -4.54737
      vertex 1.48607 -9.26942 -4.39201
    endloop
  endfacet
  facet normal 0.207884 -0.0218464 -0.97791
    outer loop
      vertex 0.720378 -8.56425 -4.92914
      vertex 0.522642 -8.5 -4.97261
      vertex 0.72713 -8.5 -4.92914
    endloop
  endfacet
  facet normal 0.403227 -0.131015 -0.905673
    outer loop
      vertex 2.45677 -8.70337 -4.33013
      vertex 1.72514 -8.60396 -4.67025
      vertex 2.48907 -8.60396 -4.33013
    endloop
  endfacet
  facet normal 0.403227 -0.131015 -0.905673
    outer loop
      vertex 1.72514 -8.60396 -4.67025
      vertex 2.45677 -8.70337 -4.33013
      vertex 1.69284 -8.70337 -4.67025
    endloop
  endfacet
  facet normal 0.740881 -0.0778751 -0.667106
    outer loop
      vertex 3.46786 -8.6682 -3.56036
      vertex 3.9052 -8.5 -3.09429
      vertex 4.02741 -8.6682 -2.93893
    endloop
  endfacet
  facet normal 0.740881 -0.0778751 -0.667106
    outer loop
      vertex 3.9052 -8.5 -3.09429
      vertex 3.46786 -8.6682 -3.56036
      vertex 3.34565 -8.5 -3.71572
    endloop
  endfacet
  facet normal 0.166203 -0.373264 -0.912716
    outer loop
      vertex 0.572621 -8.97553 -4.84411
      vertex 0.513605 -8.79389 -4.92914
      vertex 0.668114 -8.93301 -4.84411
    endloop
  endfacet
  facet normal 0.0849422 -0.399666 -0.912717
    outer loop
      vertex 0.470378 -8.99726 -4.84411
      vertex 0.450415 -8.80732 -4.92914
      vertex 0.572621 -8.97553 -4.84411
    endloop
  endfacet
  facet normal 0.206428 -0.119192 -0.971175
    outer loop
      vertex 1.48607 -8.68163 -4.75528
      vertex 0.700415 -8.62569 -4.92914
      vertex 1.51837 -8.62569 -4.75528
    endloop
  endfacet
  facet normal 0.206427 -0.119199 -0.971174
    outer loop
      vertex 0.700415 -8.62569 -4.92914
      vertex 1.48607 -8.68163 -4.75528
      vertex 0.668113 -8.68163 -4.92914
    endloop
  endfacet
  facet normal 0.199891 -0.275048 -0.940421
    outer loop
      vertex 1.39058 -8.76762 -4.75528
      vertex 0.624886 -8.72964 -4.92914
      vertex 1.44284 -8.72964 -4.75528
    endloop
  endfacet
  facet normal 0.199889 -0.27507 -0.940415
    outer loop
      vertex 0.624886 -8.72964 -4.92914
      vertex 1.39058 -8.76762 -4.75528
      vertex 0.572621 -8.76762 -4.92914
    endloop
  endfacet
  facet normal 0.346752 -0.477235 -0.807471
    outer loop
      vertex 1.57063 -9.07948 -4.54737
      vertex 1.48607 -8.93301 -4.67025
      vertex 1.57063 -8.87157 -4.67025
    endloop
  endfacet
  facet normal 0.239959 -0.538892 -0.807474
    outer loop
      vertex 1.57063 -9.07948 -4.54737
      vertex 1.39058 -8.97553 -4.67025
      vertex 1.48607 -8.93301 -4.67025
    endloop
  endfacet
  facet normal 0.404518 -0.908597 0.104006
    outer loop
      vertex 4.40166 -9.3471 1.03956
      vertex 4.21485 -9.43027 1.03956
      vertex 4.22161 -9.45106 0.831646
    endloop
  endfacet
  facet normal 0.904986 -0.294046 -0.307468
    outer loop
      vertex 4.54776 -8.89785 -1.83486
      vertex 4.48875 -8.87157 -2.03368
      vertex 4.61095 -8.70337 -1.83486
    endloop
  endfacet
  facet normal 0.904987 -0.294022 -0.307488
    outer loop
      vertex 4.61095 -8.70337 -1.83486
      vertex 4.48875 -8.87157 -2.03368
      vertex 4.54776 -8.68994 -2.03368
    endloop
  endfacet
  facet normal 0.862458 -0.0906555 -0.497944
    outer loop
      vertex 4.44552 -8.6682 -2.21473
      vertex 4.14961 -8.5 -2.75788
      vertex 4.56773 -8.5 -2.03368
    endloop
  endfacet
  facet normal 0.862466 -0.0906179 -0.497937
    outer loop
      vertex 4.14961 -8.5 -2.75788
      vertex 4.44552 -8.6682 -2.21473
      vertex 4.02741 -8.6682 -2.93893
    endloop
  endfacet
  facet normal 0.61763 -0.556107 -0.556128
    outer loop
      vertex 3.77741 -9.10122 -2.93893
      vertex 3.33103 -8.97553 -3.56036
      vertex 3.89058 -8.97553 -2.93893
    endloop
  endfacet
  facet normal 0.61763 -0.556107 -0.556128
    outer loop
      vertex 3.33103 -8.97553 -3.56036
      vertex 3.77741 -9.10122 -2.93893
      vertex 3.21786 -9.10122 -3.56036
    endloop
  endfacet
  facet normal 0.682943 -0.394276 -0.614927
    outer loop
      vertex 3.89058 -8.97553 -2.93893
      vertex 3.4156 -8.82906 -3.56036
      vertex 3.97514 -8.82906 -2.93893
    endloop
  endfacet
  facet normal 0.682926 -0.394313 -0.614922
    outer loop
      vertex 3.4156 -8.82906 -3.56036
      vertex 3.89058 -8.97553 -2.93893
      vertex 3.33103 -8.97553 -3.56036
    endloop
  endfacet
  facet normal 0.751042 -0.433597 -0.497925
    outer loop
      vertex 4.07063 -8.87157 -2.75788
      vertex 3.97514 -9.03697 -2.75788
      vertex 3.97514 -8.82906 -2.93893
    endloop
  endfacet
  facet normal 0.824769 -0.268001 -0.497928
    outer loop
      vertex 4.07063 -8.87157 -2.75788
      vertex 3.97514 -8.82906 -2.93893
      vertex 4.02741 -8.6682 -2.93893
    endloop
  endfacet
  facet normal 0.586666 -0.807478 -0.0616615
    outer loop
      vertex 4.58172 -9.24314 -0.831646
      vertex 4.5 -9.36602 0
      vertex 4.41259 -9.36602 -0.831646
    endloop
  endfacet
  facet normal 0.586666 -0.807478 -0.0616615
    outer loop
      vertex 4.5 -9.36602 0
      vertex 4.58172 -9.24314 -0.831646
      vertex 4.66913 -9.24314 0
    endloop
  endfacet
  facet normal 0.240185 -0.330567 0.912709
    outer loop
      vertex 1.57063 -8.87157 4.67025
      vertex 1.39058 -8.76762 4.75528
      vertex 1.48607 -8.93301 4.67025
    endloop
  endfacet
  facet normal 0.0849422 -0.399666 0.912717
    outer loop
      vertex 0.572621 -8.97553 4.84411
      vertex 0.450415 -8.80732 4.92914
      vertex 0.470378 -8.99726 4.84411
    endloop
  endfacet
  facet normal 0.207933 0 0.978143
    outer loop
      vertex 0.522642 -7.45891 4.97261
      vertex 0.72713 -8.5 4.92914
      vertex 0.72713 -7.45891 4.92914
    endloop
  endfacet
  facet normal 0.207933 0 0.978143
    outer loop
      vertex 0.72713 -8.5 4.92914
      vertex 0.522642 -7.45891 4.97261
      vertex 0.522642 -8.5 4.97261
    endloop
  endfacet
  facet normal 0.406349 -0.0426904 0.91272
    outer loop
      vertex 1.54508 -8.5 4.75528
      vertex 1.53833 -8.56425 4.75528
      vertex 1.73607 -8.5 4.67025
    endloop
  endfacet
  facet normal 0.587793 0 0.809012
    outer loop
      vertex 2.5 -7.05172 4.33013
      vertex 3.17652 -8.5 3.8386
      vertex 3.17652 -6.75052 3.8386
    endloop
  endfacet
  facet normal 0.587793 0 0.809012
    outer loop
      vertex 3.17652 -8.5 3.8386
      vertex 2.5 -7.05172 4.33013
      vertex 2.5 -8.5 4.33013
    endloop
  endfacet
  facet normal 0.406357 -0.042723 0.912715
    outer loop
      vertex 2.5 -8.5 4.33013
      vertex 2.30226 -8.56425 4.41516
      vertex 2.48907 -8.60396 4.33013
    endloop
  endfacet
  facet normal 0.586675 -0.0616246 0.807474
    outer loop
      vertex 2.5 -8.5 4.33013
      vertex 3.1656 -8.60396 3.8386
      vertex 3.17652 -8.5 3.8386
    endloop
  endfacet
  facet normal 0.586668 -0.0616803 0.807475
    outer loop
      vertex 3.1656 -8.60396 3.8386
      vertex 2.5 -8.5 4.33013
      vertex 2.48907 -8.60396 4.33013
    endloop
  endfacet
  facet normal 0.740881 -0.0778751 0.667106
    outer loop
      vertex 3.46786 -8.6682 3.56036
      vertex 3.9052 -8.5 3.09429
      vertex 3.34565 -8.5 3.71572
    endloop
  endfacet
  facet normal 0.740881 -0.0778751 0.667106
    outer loop
      vertex 3.9052 -8.5 3.09429
      vertex 3.46786 -8.6682 3.56036
      vertex 4.02741 -8.6682 2.93893
    endloop
  endfacet
  facet normal 0.14862 -0.6993 0.699207
    outer loop
      vertex 0.624886 -9.13638 4.72123
      vertex 1.30601 -9.16546 4.54737
      vertex 1.44284 -9.13638 4.54737
    endloop
  endfacet
  facet normal 0.14862 -0.6993 0.699207
    outer loop
      vertex 1.30601 -9.16546 4.54737
      vertex 0.624886 -9.13638 4.72123
      vertex 0.488056 -9.16546 4.72123
    endloop
  endfacet
  facet normal 0.359833 -0.466218 0.808184
    outer loop
      vertex 2.33457 -8.87157 4.33013
      vertex 1.6838 -8.99726 4.54737
      vertex 2.44773 -8.99726 4.20724
    endloop
  endfacet
  facet normal 0.359833 -0.466159 0.808218
    outer loop
      vertex 1.6838 -8.99726 4.54737
      vertex 2.33457 -8.87157 4.33013
      vertex 1.57063 -8.87157 4.67025
    endloop
  endfacet
  facet normal 0.456965 -0.628976 0.628946
    outer loop
      vertex 3.08103 -9.20063 3.56036
      vertex 2.54134 -9.10122 4.05189
      vertex 2.40451 -9.20063 4.05189
    endloop
  endfacet
  facet normal 0.456965 -0.628976 0.628946
    outer loop
      vertex 2.54134 -9.10122 4.05189
      vertex 3.08103 -9.20063 3.56036
      vertex 3.21786 -9.10122 3.56036
    endloop
  endfacet
  facet normal -0.352719 -0.792247 0.497929
    outer loop
      vertex -2.25 -9.26942 4.05189
      vertex -2.40451 -9.20063 4.05189
      vertex -2.2823 -9.36883 3.87084
    endloop
  endfacet
  facet normal -0.222358 -0.837334 0.499428
    outer loop
      vertex -2.25 -9.26942 4.05189
      vertex -1.51837 -9.36883 4.21096
      vertex -1.48607 -9.26942 4.39201
    endloop
  endfacet
  facet normal -0.222358 -0.837334 0.499428
    outer loop
      vertex -1.51837 -9.36883 4.21096
      vertex -2.25 -9.26942 4.05189
      vertex -2.2823 -9.36883 3.87084
    endloop
  endfacet
  facet normal 0.154867 -0.728695 0.667099
    outer loop
      vertex 1.44284 -9.13638 4.54737
      vertex 1.30601 -9.16546 4.54737
      vertex 1.48607 -9.26942 4.39201
    endloop
  endfacet
  facet normal 0.122631 -0.577016 0.807474
    outer loop
      vertex 0.572621 -8.97553 4.84411
      vertex 0.488056 -9.16546 4.72123
      vertex 0.624886 -9.13638 4.72123
    endloop
  endfacet
  facet normal 0.40672 0 0.913553
    outer loop
      vertex 1.54508 -7.29713 4.75528
      vertex 1.73607 -8.5 4.67025
      vertex 1.73607 -7.25654 4.67025
    endloop
  endfacet
  facet normal 0.40672 0 0.913553
    outer loop
      vertex 1.73607 -8.5 4.67025
      vertex 1.54508 -7.29713 4.75528
      vertex 1.54508 -8.5 4.75528
    endloop
  endfacet
  facet normal 0.708507 -0.230222 0.667095
    outer loop
      vertex 3.33103 -8.63912 3.71572
      vertex 3.2878 -8.77216 3.71572
      vertex 3.46786 -8.6682 3.56036
    endloop
  endfacet
  facet normal 0.945902 -0.30734 0.103979
    outer loop
      vertex 4.86936 -8.70337 1.03956
      vertex 4.80617 -8.89785 1.03956
      vertex 4.89074 -8.70791 0.831646
    endloop
  endfacet
  facet normal 0.946336 -0.099487 0.30749
    outer loop
      vertex 4.63233 -8.5 1.83486
      vertex 4.54776 -8.68994 2.03368
      vertex 4.61095 -8.70337 1.83486
    endloop
  endfacet
  facet normal 0.556585 -0.766129 0.321339
    outer loop
      vertex 4.11095 -9.29115 2.03368
      vertex 3.84735 -9.1789 2.75788
      vertex 3.69284 -9.29115 2.75788
    endloop
  endfacet
  facet normal 0.556585 -0.766129 0.321339
    outer loop
      vertex 3.84735 -9.1789 2.75788
      vertex 4.11095 -9.29115 2.03368
      vertex 4.26546 -9.1789 2.03368
    endloop
  endfacet
  facet normal 0.577349 -0.187604 0.794653
    outer loop
      vertex 2.65451 -8.63912 4.20724
      vertex 3.2878 -8.77216 3.71572
      vertex 3.33103 -8.63912 3.71572
    endloop
  endfacet
  facet normal 0.577349 -0.187604 0.794653
    outer loop
      vertex 3.2878 -8.77216 3.71572
      vertex 2.65451 -8.63912 4.20724
      vertex 2.61128 -8.77216 4.20724
    endloop
  endfacet
  facet normal 0.743138 0 0.669138
    outer loop
      vertex 3.9052 -8.5 3.09429
      vertex 3.34565 -6.67522 3.71572
      vertex 3.34565 -8.5 3.71572
    endloop
  endfacet
  facet normal 0.74313 -5.36983e-06 0.669147
    outer loop
      vertex 3.34565 -6.67522 3.71572
      vertex 3.9052 -8.5 3.09429
      vertex 3.55902 -6.58022 3.47876
    endloop
  endfacet
  facet normal 0.743152 3.64771e-06 0.669122
    outer loop
      vertex 3.55902 -6.58022 3.47876
      vertex 3.9052 -8.5 3.09429
      vertex 3.75 -6.49519 3.26665
    endloop
  endfacet
  facet normal 0.743131 0 0.669146
    outer loop
      vertex 3.75 -6.49519 3.26665
      vertex 3.9052 -8.5 3.09429
      vertex 3.9052 -6.38243 3.09429
    endloop
  endfacet
  facet normal -0.86134 -0.49728 0.103952
    outer loop
      vertex -4.80617 -8.89785 1.03956
      vertex -4.82613 -8.90674 0.831646
      vertex -4.70393 -9.07494 1.03956
    endloop
  endfacet
  facet normal -0.556585 -0.766129 0.321339
    outer loop
      vertex -4.11095 -9.29115 2.03368
      vertex -3.84735 -9.1789 2.75788
      vertex -4.26546 -9.1789 2.03368
    endloop
  endfacet
  facet normal -0.556585 -0.766129 0.321339
    outer loop
      vertex -3.84735 -9.1789 2.75788
      vertex -4.11095 -9.29115 2.03368
      vertex -3.69284 -9.29115 2.75788
    endloop
  endfacet
  facet normal -0.559275 -0.769831 0.307525
    outer loop
      vertex -4.11095 -9.29115 2.03368
      vertex -4.26546 -9.1789 2.03368
      vertex -4.14326 -9.3471 1.83486
    endloop
  endfacet
  facet normal -0.833655 -0.481297 -0.270872
    outer loop
      vertex -4.44552 -9.07494 -1.83486
      vertex -4.80617 -8.89785 -1.03956
      vertex -4.54776 -8.89785 -1.83486
    endloop
  endfacet
  facet normal -0.833655 -0.481297 -0.270872
    outer loop
      vertex -4.80617 -8.89785 -1.03956
      vertex -4.44552 -9.07494 -1.83486
      vertex -4.70393 -9.07494 -1.03956
    endloop
  endfacet
  facet normal -0.908661 -0.29524 -0.295243
    outer loop
      vertex -4.54776 -8.89785 -1.83486
      vertex -4.86936 -8.70337 -1.03956
      vertex -4.61095 -8.70337 -1.83486
    endloop
  endfacet
  facet normal -0.908661 -0.29524 -0.295243
    outer loop
      vertex -4.86936 -8.70337 -1.03956
      vertex -4.54776 -8.89785 -1.83486
      vertex -4.80617 -8.89785 -1.03956
    endloop
  endfacet
  facet normal -0.946336 -0.099487 -0.30749
    outer loop
      vertex -4.61095 -8.70337 -1.83486
      vertex -4.63233 -8.5 -1.83486
      vertex -4.54776 -8.68994 -2.03368
    endloop
  endfacet
  facet normal -0.862462 -0.0906046 -0.497946
    outer loop
      vertex -4.02741 -8.6682 -2.93893
      vertex -4.14961 -8.5 -2.75788
      vertex -4.04508 -8.5 -2.93893
    endloop
  endfacet
  facet normal -0.556608 -0.321357 0.766106
    outer loop
      vertex -2.61128 -8.77216 4.20724
      vertex -3.21786 -8.8933 3.71572
      vertex -2.54134 -8.8933 4.20724
    endloop
  endfacet
  facet normal -0.556608 -0.321357 0.766106
    outer loop
      vertex -3.21786 -8.8933 3.71572
      vertex -2.61128 -8.77216 4.20724
      vertex -3.2878 -8.77216 3.71572
    endloop
  endfacet
  facet normal -0.438404 -0.394758 0.807445
    outer loop
      vertex -2.33457 -8.87157 4.33013
      vertex -2.54134 -8.8933 4.20724
      vertex -2.44773 -8.99726 4.20724
    endloop
  endfacet
  facet normal -0.346724 -0.477241 0.80748
    outer loop
      vertex -1.57063 -8.87157 4.67025
      vertex -1.6838 -8.99726 4.54737
      vertex -1.57063 -9.07948 4.54737
    endloop
  endfacet
  facet normal -0.0850313 -0.190943 0.977911
    outer loop
      vertex -0.470378 -8.59052 4.97261
      vertex -0.572621 -8.76762 4.92914
      vertex -0.450415 -8.59941 4.97261
    endloop
  endfacet
  facet normal -0.240185 -0.330567 0.912709
    outer loop
      vertex -1.39058 -8.76762 4.75528
      vertex -1.57063 -8.87157 4.67025
      vertex -1.48607 -8.93301 4.67025
    endloop
  endfacet
  facet normal -0.0849425 -0.399666 0.912717
    outer loop
      vertex -0.513605 -8.79389 4.92914
      vertex -0.572621 -8.97553 4.84411
      vertex -0.450415 -8.80732 4.92914
    endloop
  endfacet
  facet normal -0.0849422 -0.399666 0.912717
    outer loop
      vertex -0.450415 -8.80732 4.92914
      vertex -0.572621 -8.97553 4.84411
      vertex -0.470378 -8.99726 4.84411
    endloop
  endfacet
  facet normal 0 -0.408594 0.912716
    outer loop
      vertex -0.450415 -8.80732 4.92914
      vertex 0.470378 -8.99726 4.84411
      vertex 0.450415 -8.80732 4.92914
    endloop
  endfacet
  facet normal 0 -0.408594 0.912716
    outer loop
      vertex 0.470378 -8.99726 4.84411
      vertex -0.450415 -8.80732 4.92914
      vertex -0.470378 -8.99726 4.84411
    endloop
  endfacet
  facet normal -0.240211 -0.330527 0.912716
    outer loop
      vertex -1.44284 -8.72964 4.75528
      vertex -1.57063 -8.87157 4.67025
      vertex -1.39058 -8.76762 4.75528
    endloop
  endfacet
  facet normal -0.510899 -0.294958 0.807454
    outer loop
      vertex -2.45677 -8.70337 4.33013
      vertex -2.54134 -8.8933 4.20724
      vertex -2.40451 -8.79389 4.33013
    endloop
  endfacet
  facet normal -0.406362 -0.0426982 0.912714
    outer loop
      vertex -2.30226 -8.56425 4.41516
      vertex -1.72514 -8.60396 4.67025
      vertex -1.53833 -8.56425 4.75528
    endloop
  endfacet
  facet normal -0.406362 -0.0426982 0.912714
    outer loop
      vertex -1.72514 -8.60396 4.67025
      vertex -2.30226 -8.56425 4.41516
      vertex -2.48907 -8.60396 4.33013
    endloop
  endfacet
  facet normal -0.403227 -0.131015 0.905673
    outer loop
      vertex -1.72514 -8.60396 4.67025
      vertex -2.45677 -8.70337 4.33013
      vertex -1.69284 -8.70337 4.67025
    endloop
  endfacet
  facet normal -0.403227 -0.131015 0.905673
    outer loop
      vertex -2.45677 -8.70337 4.33013
      vertex -1.72514 -8.60396 4.67025
      vertex -2.48907 -8.60396 4.33013
    endloop
  endfacet
  facet normal -0.561053 -0.182296 0.807457
    outer loop
      vertex -2.48907 -8.60396 4.33013
      vertex -2.61128 -8.77216 4.20724
      vertex -2.45677 -8.70337 4.33013
    endloop
  endfacet
  facet normal 0.198795 -0.0645923 0.97791
    outer loop
      vertex 0.720378 -8.56425 4.92914
      vertex 0.513605 -8.54251 4.97261
      vertex 0.700415 -8.62569 4.92914
    endloop
  endfacet
  facet normal -0.207884 -0.0218464 -0.97791
    outer loop
      vertex -0.720378 -8.56425 -4.92914
      vertex -0.72713 -8.5 -4.92914
      vertex -0.522642 -8.5 -4.97261
    endloop
  endfacet
  facet normal -0.154865 -0.728696 -0.667098
    outer loop
      vertex -1.32063 -9.30458 -4.39201
      vertex -1.48607 -9.26942 -4.39201
      vertex -1.30601 -9.16546 -4.54737
    endloop
  endfacet
  facet normal -0.17195 -0.562136 -0.808972
    outer loop
      vertex -0.624886 -9.13638 -4.72123
      vertex -1.39058 -8.97553 -4.67025
      vertex -0.572621 -8.97553 -4.84411
    endloop
  endfacet
  facet normal -0.17195 -0.562139 -0.80897
    outer loop
      vertex -1.39058 -8.97553 -4.67025
      vertex -0.624886 -9.13638 -4.72123
      vertex -1.44284 -9.13638 -4.54737
    endloop
  endfacet
  facet normal -0.29716 -0.682805 -0.667438
    outer loop
      vertex -2.20677 -9.13638 -4.20724
      vertex -1.48607 -9.26942 -4.39201
      vertex -2.25 -9.26942 -4.05189
    endloop
  endfacet
  facet normal -0.297158 -0.682828 -0.667415
    outer loop
      vertex -1.48607 -9.26942 -4.39201
      vertex -2.20677 -9.13638 -4.20724
      vertex -1.44284 -9.13638 -4.54737
    endloop
  endfacet
  facet normal -0.166168 -0.373298 -0.912709
    outer loop
      vertex -0.513605 -8.79389 -4.92914
      vertex -0.668114 -8.93301 -4.84411
      vertex -0.572621 -8.76762 -4.92914
    endloop
  endfacet
  facet normal -0.166203 -0.373264 -0.912716
    outer loop
      vertex -0.572621 -8.97553 -4.84411
      vertex -0.668114 -8.93301 -4.84411
      vertex -0.513605 -8.79389 -4.92914
    endloop
  endfacet
  facet normal 0 -0.209036 -0.977908
    outer loop
      vertex 0.450415 -8.80732 -4.92914
      vertex -0.429039 -8.60396 -4.97261
      vertex 0.429039 -8.60396 -4.97261
    endloop
  endfacet
  facet normal 0 -0.209036 -0.977908
    outer loop
      vertex -0.429039 -8.60396 -4.97261
      vertex 0.450415 -8.80732 -4.92914
      vertex -0.450415 -8.80732 -4.92914
    endloop
  endfacet
  facet normal -0.198795 -0.0645923 -0.97791
    outer loop
      vertex -0.700415 -8.62569 -4.92914
      vertex -0.720378 -8.56425 -4.92914
      vertex -0.513605 -8.54251 -4.97261
    endloop
  endfacet
  facet normal -0.0850037 -0.190962 -0.97791
    outer loop
      vertex -0.513605 -8.79389 -4.92914
      vertex -0.572621 -8.76762 -4.92914
      vertex -0.450415 -8.59941 -4.97261
    endloop
  endfacet
  facet normal -0.388604 -0.126264 -0.912713
    outer loop
      vertex -1.69284 -8.70337 -4.67025
      vertex -1.72514 -8.60396 -4.67025
      vertex -1.51837 -8.62569 -4.75528
    endloop
  endfacet
  facet normal -0.240211 -0.330527 -0.912716
    outer loop
      vertex -1.39058 -8.76762 -4.75528
      vertex -1.57063 -8.87157 -4.67025
      vertex -1.44284 -8.72964 -4.75528
    endloop
  endfacet
  facet normal -0.395963 -0.228602 -0.889356
    outer loop
      vertex -2.40451 -8.79389 -4.33013
      vertex -1.69284 -8.70337 -4.67025
      vertex -1.64058 -8.79389 -4.67025
    endloop
  endfacet
  facet normal -0.395963 -0.228602 -0.889356
    outer loop
      vertex -1.69284 -8.70337 -4.67025
      vertex -2.40451 -8.79389 -4.33013
      vertex -2.45677 -8.70337 -4.33013
    endloop
  endfacet
  facet normal -0.403227 -0.131015 -0.905673
    outer loop
      vertex -2.45677 -8.70337 -4.33013
      vertex -1.72514 -8.60396 -4.67025
      vertex -1.69284 -8.70337 -4.67025
    endloop
  endfacet
  facet normal -0.403227 -0.131015 -0.905673
    outer loop
      vertex -1.72514 -8.60396 -4.67025
      vertex -2.45677 -8.70337 -4.33013
      vertex -2.48907 -8.60396 -4.33013
    endloop
  endfacet
  facet normal -0.353844 -0.204311 -0.912717
    outer loop
      vertex -1.48607 -8.68163 -4.75528
      vertex -1.64058 -8.79389 -4.67025
      vertex -1.51837 -8.62569 -4.75528
    endloop
  endfacet
  facet normal -0.353862 -0.204296 -0.912713
    outer loop
      vertex -1.64058 -8.79389 -4.67025
      vertex -1.69284 -8.70337 -4.67025
      vertex -1.51837 -8.62569 -4.75528
    endloop
  endfacet
  facet normal -0.359833 -0.466159 -0.808218
    outer loop
      vertex -1.6838 -8.99726 -4.54737
      vertex -2.33457 -8.87157 -4.33013
      vertex -1.57063 -8.87157 -4.67025
    endloop
  endfacet
  facet normal -0.359833 -0.466218 -0.808184
    outer loop
      vertex -2.33457 -8.87157 -4.33013
      vertex -1.6838 -8.99726 -4.54737
      vertex -2.44773 -8.99726 -4.20724
    endloop
  endfacet
  facet normal 0.352719 -0.792247 -0.497929
    outer loop
      vertex 2.2823 -9.36883 -3.87084
      vertex 2.25 -9.26942 -4.05189
      vertex 2.40451 -9.20063 -4.05189
    endloop
  endfacet
  facet normal 0.300307 -0.67445 -0.674487
    outer loop
      vertex 1.57063 -9.07948 -4.54737
      vertex 2.20677 -9.13638 -4.20724
      vertex 1.44284 -9.13638 -4.54737
    endloop
  endfacet
  facet normal 0.300294 -0.674475 -0.674468
    outer loop
      vertex 2.20677 -9.13638 -4.20724
      vertex 1.57063 -9.07948 -4.54737
      vertex 2.33457 -9.07948 -4.20724
    endloop
  endfacet
  facet normal 0.302996 -0.680542 -0.667125
    outer loop
      vertex 2.25 -9.26942 -4.05189
      vertex 2.20677 -9.13638 -4.20724
      vertex 2.33457 -9.07948 -4.20724
    endloop
  endfacet
  facet normal 0.556608 -0.321357 -0.766106
    outer loop
      vertex 3.21786 -8.8933 -3.71572
      vertex 2.61128 -8.77216 -4.20724
      vertex 3.2878 -8.77216 -3.71572
    endloop
  endfacet
  facet normal 0.556608 -0.321357 -0.766106
    outer loop
      vertex 2.61128 -8.77216 -4.20724
      vertex 3.21786 -8.8933 -3.71572
      vertex 2.54134 -8.8933 -4.20724
    endloop
  endfacet
  facet normal 0.438413 -0.39473 -0.807455
    outer loop
      vertex 2.54134 -8.8933 -4.20724
      vertex 2.33457 -8.87157 -4.33013
      vertex 2.40451 -8.79389 -4.33013
    endloop
  endfacet
  facet normal 0.510899 -0.294958 -0.807454
    outer loop
      vertex 2.54134 -8.8933 -4.20724
      vertex 2.40451 -8.79389 -4.33013
      vertex 2.45677 -8.70337 -4.33013
    endloop
  endfacet
  facet normal 0.509725 -0.701596 -0.497938
    outer loop
      vertex 3.13329 -9.29115 -3.37932
      vertex 3.08103 -9.20063 -3.56036
      vertex 3.21786 -9.10122 -3.56036
    endloop
  endfacet
  facet normal 0.486109 -0.56219 -0.669059
    outer loop
      vertex 2.54134 -9.10122 -4.05189
      vertex 3.12426 -8.99726 -3.71572
      vertex 3.21786 -9.10122 -3.56036
    endloop
  endfacet
  facet normal 0.486123 -0.562129 -0.669101
    outer loop
      vertex 3.12426 -8.99726 -3.71572
      vertex 2.54134 -9.10122 -4.05189
      vertex 2.44773 -8.99726 -4.20724
    endloop
  endfacet
  facet normal 0.553617 -0.498471 -0.667109
    outer loop
      vertex 3.33103 -8.97553 -3.56036
      vertex 3.21786 -9.10122 -3.56036
      vertex 3.21786 -8.8933 -3.71572
    endloop
  endfacet
  facet normal 0.645146 -0.372499 -0.667107
    outer loop
      vertex 3.33103 -8.97553 -3.56036
      vertex 3.21786 -8.8933 -3.71572
      vertex 3.4156 -8.82906 -3.56036
    endloop
  endfacet
  facet normal 0.456965 -0.628976 -0.628946
    outer loop
      vertex 2.54134 -9.10122 -4.05189
      vertex 3.08103 -9.20063 -3.56036
      vertex 2.40451 -9.20063 -4.05189
    endloop
  endfacet
  facet normal 0.456965 -0.628976 -0.628946
    outer loop
      vertex 3.08103 -9.20063 -3.56036
      vertex 2.54134 -9.10122 -4.05189
      vertex 3.21786 -9.10122 -3.56036
    endloop
  endfacet
  facet normal 0.509706 -0.701601 -0.497952
    outer loop
      vertex 3.2878 -9.1789 -3.37932
      vertex 3.13329 -9.29115 -3.37932
      vertex 3.21786 -9.10122 -3.56036
    endloop
  endfacet
  facet normal 0.395953 -0.889359 -0.228608
    outer loop
      vertex 3.72514 -9.3471 -2.55905
      vertex 3.95645 -9.43027 -1.83486
      vertex 3.53833 -9.43027 -2.55905
    endloop
  endfacet
  facet normal 0.395953 -0.889359 -0.228608
    outer loop
      vertex 3.95645 -9.43027 -1.83486
      vertex 3.72514 -9.3471 -2.55905
      vertex 4.14326 -9.3471 -1.83486
    endloop
  endfacet
  facet normal 0.644478 -0.580271 -0.49793
    outer loop
      vertex 3.84735 -9.1789 -2.75788
      vertex 3.77741 -9.10122 -2.93893
      vertex 3.97514 -9.03697 -2.75788
    endloop
  endfacet
  facet normal 0.86134 -0.49728 -0.103952
    outer loop
      vertex 4.82613 -8.90674 -0.831646
      vertex 4.70393 -9.07494 -1.03956
      vertex 4.80617 -8.89785 -1.03956
    endloop
  endfacet
  facet normal 0.739111 -0.665514 -0.10395
    outer loop
      vertex 4.72161 -9.08778 -0.831646
      vertex 4.58172 -9.24314 -0.831646
      vertex 4.70393 -9.07494 -1.03956
    endloop
  endfacet
  facet normal 0.739107 -0.665518 -0.103955
    outer loop
      vertex 4.58172 -9.24314 -0.831646
      vertex 4.5671 -9.2269 -1.03956
      vertex 4.70393 -9.07494 -1.03956
    endloop
  endfacet
  facet normal 0.154867 -0.728695 -0.667099
    outer loop
      vertex 1.48607 -9.26942 -4.39201
      vertex 1.30601 -9.16546 -4.54737
      vertex 1.44284 -9.13638 -4.54737
    endloop
  endfacet
  facet normal 0.14862 -0.6993 -0.699207
    outer loop
      vertex 1.30601 -9.16546 -4.54737
      vertex 0.624886 -9.13638 -4.72123
      vertex 1.44284 -9.13638 -4.54737
    endloop
  endfacet
  facet normal 0.14862 -0.6993 -0.699207
    outer loop
      vertex 0.624886 -9.13638 -4.72123
      vertex 1.30601 -9.16546 -4.54737
      vertex 0.488056 -9.16546 -4.72123
    endloop
  endfacet
  facet normal 0.207438 -0.0673903 -0.975924
    outer loop
      vertex 1.51837 -8.62569 -4.75528
      vertex 0.720378 -8.56425 -4.92914
      vertex 1.53833 -8.56425 -4.75528
    endloop
  endfacet
  facet normal 0.207437 -0.0674001 -0.975924
    outer loop
      vertex 0.720378 -8.56425 -4.92914
      vertex 1.51837 -8.62569 -4.75528
      vertex 0.700415 -8.62569 -4.92914
    endloop
  endfacet
  facet normal 0.353862 -0.204296 -0.912713
    outer loop
      vertex 1.64058 -8.79389 -4.67025
      vertex 1.51837 -8.62569 -4.75528
      vertex 1.69284 -8.70337 -4.67025
    endloop
  endfacet
  facet normal 0 0 -1
    outer loop
      vertex 0.429039 -8.60396 -4.97261
      vertex 0.522642 -8.5 -4.97261
      vertex 0.520357 -8.52173 -4.97261
    endloop
  endfacet
  facet normal 0 0 -1
    outer loop
      vertex 0.429039 -8.60396 -4.97261
      vertex 0.520357 -8.52173 -4.97261
      vertex 0.513605 -8.54251 -4.97261
    endloop
  endfacet
  facet normal 0 0 -1
    outer loop
      vertex 0.429039 -8.60396 -4.97261
      vertex 0.513605 -8.54251 -4.97261
      vertex 0.502679 -8.56144 -4.97261
    endloop
  endfacet
  facet normal 0 0 -1
    outer loop
      vertex 0.429039 -8.60396 -4.97261
      vertex 0.502679 -8.56144 -4.97261
      vertex 0.488056 -8.57768 -4.97261
    endloop
  endfacet
  facet normal 0 0 -1
    outer loop
      vertex 0.429039 -8.60396 -4.97261
      vertex 0.488056 -8.57768 -4.97261
      vertex 0.470378 -8.59052 -4.97261
    endloop
  endfacet
  facet normal 0 0 -1
    outer loop
      vertex 0.429039 -8.60396 -4.97261
      vertex 0.470378 -8.59052 -4.97261
      vertex 0.450415 -8.59941 -4.97261
    endloop
  endfacet
  facet normal -0 0 -1
    outer loop
      vertex 0.522642 -8.5 -4.97261
      vertex 0.429039 -8.60396 -4.97261
      vertex -0.522642 -8.5 -4.97261
    endloop
  endfacet
  facet normal 0 0 -1
    outer loop
      vertex -0.522642 -8.5 -4.97261
      vertex 0.429039 -8.60396 -4.97261
      vertex -0.429039 -8.60396 -4.97261
    endloop
  endfacet
  facet normal 0 0 -1
    outer loop
      vertex -0.522642 -8.5 -4.97261
      vertex -0.429039 -8.60396 -4.97261
      vertex -0.450415 -8.59941 -4.97261
    endloop
  endfacet
  facet normal 0 0 -1
    outer loop
      vertex -0.522642 -8.5 -4.97261
      vertex -0.450415 -8.59941 -4.97261
      vertex -0.470378 -8.59052 -4.97261
    endloop
  endfacet
  facet normal 0 0 -1
    outer loop
      vertex -0.522642 -8.5 -4.97261
      vertex -0.470378 -8.59052 -4.97261
      vertex -0.488056 -8.57768 -4.97261
    endloop
  endfacet
  facet normal 0 0 -1
    outer loop
      vertex -0.522642 -8.5 -4.97261
      vertex -0.488056 -8.57768 -4.97261
      vertex -0.502679 -8.56144 -4.97261
    endloop
  endfacet
  facet normal 0 0 -1
    outer loop
      vertex -0.522642 -8.5 -4.97261
      vertex -0.502679 -8.56144 -4.97261
      vertex -0.513605 -8.54251 -4.97261
    endloop
  endfacet
  facet normal 0 0 -1
    outer loop
      vertex -0.522642 -8.5 -4.97261
      vertex -0.513605 -8.54251 -4.97261
      vertex -0.520357 -8.52173 -4.97261
    endloop
  endfacet
  facet normal 0 0 -1
    outer loop
      vertex 0.522642 -8.5 -4.97261
      vertex -0.522642 -8.5 -4.97261
      vertex 0.522642 -7.45891 -4.97261
    endloop
  endfacet
  facet normal -0 0 -1
    outer loop
      vertex 0.522642 -7.45891 -4.97261
      vertex -0.522642 -8.5 -4.97261
      vertex -0.522642 -7.45891 -4.97261
    endloop
  endfacet
  facet normal 0.166168 -0.373298 -0.912709
    outer loop
      vertex 0.668114 -8.93301 -4.84411
      vertex 0.513605 -8.79389 -4.92914
      vertex 0.572621 -8.76762 -4.92914
    endloop
  endfacet
  facet normal -0.122835 -0.169118 -0.977911
    outer loop
      vertex -0.470378 -8.59052 -4.97261
      vertex -0.572621 -8.76762 -4.92914
      vertex -0.488056 -8.57768 -4.97261
    endloop
  endfacet
  facet normal -0.0434551 -0.204462 -0.977909
    outer loop
      vertex -0.450415 -8.80732 -4.92914
      vertex -0.513605 -8.79389 -4.92914
      vertex -0.450415 -8.59941 -4.97261
    endloop
  endfacet
  facet normal -0.0435208 -0.204462 -0.977907
    outer loop
      vertex -0.429039 -8.60396 -4.97261
      vertex -0.450415 -8.80732 -4.92914
      vertex -0.450415 -8.59941 -4.97261
    endloop
  endfacet
  facet normal 0.206795 -0.972842 0.103993
    outer loop
      vertex 3.95645 -9.43027 1.83486
      vertex 3.75642 -9.47279 1.83486
      vertex 3.9632 -9.45106 1.62695
    endloop
  endfacet
  facet normal 0.20645 -0.97117 0.119194
    outer loop
      vertex 3.75642 -9.47279 1.83486
      vertex 3.53833 -9.43027 2.55905
      vertex 3.33831 -9.47279 2.55905
    endloop
  endfacet
  facet normal 0.20644 -0.971172 0.119191
    outer loop
      vertex 3.53833 -9.43027 2.55905
      vertex 3.75642 -9.47279 1.83486
      vertex 3.95645 -9.43027 1.83486
    endloop
  endfacet
  facet normal 0.404574 -0.908578 0.103948
    outer loop
      vertex 4.40166 -9.3471 1.03956
      vertex 4.22161 -9.45106 0.831646
      vertex 4.41259 -9.36602 0.831646
    endloop
  endfacet
  facet normal 0.5846 -0.804634 0.103953
    outer loop
      vertex 4.58172 -9.24314 0.831646
      vertex 4.40166 -9.3471 1.03956
      vertex 4.41259 -9.36602 0.831646
    endloop
  endfacet
  facet normal 0.751042 -0.433597 0.497925
    outer loop
      vertex 3.97514 -8.82906 2.93893
      vertex 3.97514 -9.03697 2.75788
      vertex 4.07063 -8.87157 2.75788
    endloop
  endfacet
  facet normal 0.824078 -0.475768 0.307474
    outer loop
      vertex 4.48875 -8.87157 2.03368
      vertex 4.44552 -9.07494 1.83486
      vertex 4.54776 -8.89785 1.83486
    endloop
  endfacet
  facet normal 0.346724 -0.477241 0.80748
    outer loop
      vertex 1.57063 -8.87157 4.67025
      vertex 1.57063 -9.07948 4.54737
      vertex 1.6838 -8.99726 4.54737
    endloop
  endfacet
  facet normal 0.166168 -0.373298 0.912709
    outer loop
      vertex 0.572621 -8.76762 4.92914
      vertex 0.513605 -8.79389 4.92914
      vertex 0.668114 -8.93301 4.84411
    endloop
  endfacet
  facet normal 0.194166 -0.357538 0.913491
    outer loop
      vertex 1.39058 -8.76762 4.75528
      vertex 0.668114 -8.93301 4.84411
      vertex 1.48607 -8.93301 4.67025
    endloop
  endfacet
  facet normal 0.194166 -0.357535 0.913492
    outer loop
      vertex 0.668114 -8.93301 4.84411
      vertex 1.39058 -8.76762 4.75528
      vertex 0.572621 -8.76762 4.92914
    endloop
  endfacet
  facet normal 0.207884 -0.0218464 0.97791
    outer loop
      vertex 0.72713 -8.5 4.92914
      vertex 0.522642 -8.5 4.97261
      vertex 0.720378 -8.56425 4.92914
    endloop
  endfacet
  facet normal -0.0850037 -0.190962 0.97791
    outer loop
      vertex -0.450415 -8.59941 4.97261
      vertex -0.572621 -8.76762 4.92914
      vertex -0.513605 -8.79389 4.92914
    endloop
  endfacet
  facet normal 0.303644 -0.273412 0.912714
    outer loop
      vertex 1.48607 -8.68163 4.75528
      vertex 1.44284 -8.72964 4.75528
      vertex 1.57063 -8.87157 4.67025
    endloop
  endfacet
  facet normal 0.438413 -0.39473 0.807455
    outer loop
      vertex 2.40451 -8.79389 4.33013
      vertex 2.33457 -8.87157 4.33013
      vertex 2.54134 -8.8933 4.20724
    endloop
  endfacet
  facet normal 0.561044 -0.182306 0.807462
    outer loop
      vertex 2.65451 -8.63912 4.20724
      vertex 2.48907 -8.60396 4.33013
      vertex 2.61128 -8.77216 4.20724
    endloop
  endfacet
  facet normal 0.180275 -0.848257 0.497957
    outer loop
      vertex 1.48607 -9.26942 4.39201
      vertex 1.32063 -9.30458 4.39201
      vertex 1.33156 -9.40854 4.21096
    endloop
  endfacet
  facet normal 0.154865 -0.728696 0.667098
    outer loop
      vertex 1.48607 -9.26942 4.39201
      vertex 1.30601 -9.16546 4.54737
      vertex 1.32063 -9.30458 4.39201
    endloop
  endfacet
  facet normal 0.180315 -0.848265 0.49793
    outer loop
      vertex 1.48607 -9.26942 4.39201
      vertex 1.33156 -9.40854 4.21096
      vertex 1.51837 -9.36883 4.21096
    endloop
  endfacet
  facet normal 0.137486 -0.941137 0.308802
    outer loop
      vertex 1.33831 -9.47279 4.01214
      vertex 2.09549 -9.40854 3.87084
      vertex 1.33156 -9.40854 4.21096
    endloop
  endfacet
  facet normal 0.137484 -0.941142 0.308788
    outer loop
      vertex 2.09549 -9.40854 3.87084
      vertex 1.33831 -9.47279 4.01214
      vertex 2.10224 -9.47279 3.67201
    endloop
  endfacet
  facet normal 0.352719 -0.792247 0.497929
    outer loop
      vertex 2.40451 -9.20063 4.05189
      vertex 2.25 -9.26942 4.05189
      vertex 2.2823 -9.36883 3.87084
    endloop
  endfacet
  facet normal 0.239952 -0.538901 0.807471
    outer loop
      vertex 1.57063 -9.07948 4.54737
      vertex 1.39058 -8.97553 4.67025
      vertex 1.44284 -9.13638 4.54737
    endloop
  endfacet
  facet normal 0.197859 -0.930756 0.307482
    outer loop
      vertex 2.30226 -9.43027 3.67201
      vertex 2.09549 -9.40854 3.87084
      vertex 2.10224 -9.47279 3.67201
    endloop
  endfacet
  facet normal 0.862456 -0.0907483 0.497931
    outer loop
      vertex 4.12965 -8.68994 2.75788
      vertex 4.44552 -8.6682 2.21473
      vertex 4.02741 -8.6682 2.93893
    endloop
  endfacet
  facet normal 0.862456 -0.0907483 0.497931
    outer loop
      vertex 4.44552 -8.6682 2.21473
      vertex 4.12965 -8.68994 2.75788
      vertex 4.54776 -8.68994 2.03368
    endloop
  endfacet
  facet normal 0.302996 -0.680542 0.667125
    outer loop
      vertex 2.33457 -9.07948 4.20724
      vertex 2.20677 -9.13638 4.20724
      vertex 2.25 -9.26942 4.05189
    endloop
  endfacet
  facet normal 0.354916 -0.488473 0.797138
    outer loop
      vertex 1.6838 -8.99726 4.54737
      vertex 2.33457 -9.07948 4.20724
      vertex 2.44773 -8.99726 4.20724
    endloop
  endfacet
  facet normal 0.354905 -0.488502 0.797125
    outer loop
      vertex 2.33457 -9.07948 4.20724
      vertex 1.6838 -8.99726 4.54737
      vertex 1.57063 -9.07948 4.54737
    endloop
  endfacet
  facet normal -0.302996 -0.680542 0.667125
    outer loop
      vertex -2.20677 -9.13638 4.20724
      vertex -2.33457 -9.07948 4.20724
      vertex -2.25 -9.26942 4.05189
    endloop
  endfacet
  facet normal -0.297158 -0.682828 0.667415
    outer loop
      vertex -2.20677 -9.13638 4.20724
      vertex -1.48607 -9.26942 4.39201
      vertex -1.44284 -9.13638 4.54737
    endloop
  endfacet
  facet normal -0.29716 -0.682805 0.667438
    outer loop
      vertex -1.48607 -9.26942 4.39201
      vertex -2.20677 -9.13638 4.20724
      vertex -2.25 -9.26942 4.05189
    endloop
  endfacet
  facet normal 0.946338 -0.0994871 0.307485
    outer loop
      vertex 4.61095 -8.70337 1.83486
      vertex 4.89074 -8.5 1.03956
      vertex 4.63233 -8.5 1.83486
    endloop
  endfacet
  facet normal 0.946338 -0.0994871 0.307485
    outer loop
      vertex 4.89074 -8.5 1.03956
      vertex 4.61095 -8.70337 1.83486
      vertex 4.86936 -8.70337 1.03956
    endloop
  endfacet
  facet normal 0.740891 -0.0778596 0.667097
    outer loop
      vertex 3.34565 -8.5 3.71572
      vertex 3.33103 -8.63912 3.71572
      vertex 3.46786 -8.6682 3.56036
    endloop
  endfacet
  facet normal 0.586678 -0.0616535 0.80747
    outer loop
      vertex 3.34565 -8.5 3.71572
      vertex 3.1656 -8.60396 3.8386
      vertex 3.33103 -8.63912 3.71572
    endloop
  endfacet
  facet normal -0.908661 -0.29524 0.295243
    outer loop
      vertex -4.80617 -8.89785 1.03956
      vertex -4.61095 -8.70337 1.83486
      vertex -4.86936 -8.70337 1.03956
    endloop
  endfacet
  facet normal -0.908661 -0.29524 0.295243
    outer loop
      vertex -4.61095 -8.70337 1.83486
      vertex -4.80617 -8.89785 1.03956
      vertex -4.54776 -8.89785 1.83486
    endloop
  endfacet
  facet normal -0.945902 -0.30734 0.103979
    outer loop
      vertex -4.86936 -8.70337 1.03956
      vertex -4.89074 -8.70791 0.831646
      vertex -4.80617 -8.89785 1.03956
    endloop
  endfacet
  facet normal -0.303644 -0.273412 0.912714
    outer loop
      vertex -1.48607 -8.68163 4.75528
      vertex -1.57063 -8.87157 4.67025
      vertex -1.44284 -8.72964 4.75528
    endloop
  endfacet
  facet normal -0.194166 -0.357535 0.913492
    outer loop
      vertex -1.39058 -8.76762 4.75528
      vertex -0.668114 -8.93301 4.84411
      vertex -0.572621 -8.76762 4.92914
    endloop
  endfacet
  facet normal -0.194166 -0.357538 0.913491
    outer loop
      vertex -0.668114 -8.93301 4.84411
      vertex -1.39058 -8.76762 4.75528
      vertex -1.48607 -8.93301 4.67025
    endloop
  endfacet
  facet normal -0.188384 -0.423081 0.886292
    outer loop
      vertex -0.668114 -8.93301 4.84411
      vertex -1.39058 -8.97553 4.67025
      vertex -0.572621 -8.97553 4.84411
    endloop
  endfacet
  facet normal -0.188386 -0.423071 0.886297
    outer loop
      vertex -1.39058 -8.97553 4.67025
      vertex -0.668114 -8.93301 4.84411
      vertex -1.48607 -8.93301 4.67025
    endloop
  endfacet
  facet normal -0.353862 -0.204296 0.912713
    outer loop
      vertex -1.51837 -8.62569 4.75528
      vertex -1.69284 -8.70337 4.67025
      vertex -1.64058 -8.79389 4.67025
    endloop
  endfacet
  facet normal -0.438413 -0.39473 0.807455
    outer loop
      vertex -2.40451 -8.79389 4.33013
      vertex -2.54134 -8.8933 4.20724
      vertex -2.33457 -8.87157 4.33013
    endloop
  endfacet
  facet normal -0.381919 -0.343914 0.857824
    outer loop
      vertex -1.64058 -8.79389 4.67025
      vertex -2.33457 -8.87157 4.33013
      vertex -1.57063 -8.87157 4.67025
    endloop
  endfacet
  facet normal -0.381929 -0.343874 0.857835
    outer loop
      vertex -2.33457 -8.87157 4.33013
      vertex -1.64058 -8.79389 4.67025
      vertex -2.40451 -8.79389 4.33013
    endloop
  endfacet
  facet normal -0.207933 0 -0.978143
    outer loop
      vertex -0.72713 -8.5 -4.92914
      vertex -0.522642 -7.45891 -4.97261
      vertex -0.522642 -8.5 -4.97261
    endloop
  endfacet
  facet normal -0.207933 0 -0.978143
    outer loop
      vertex -0.522642 -7.45891 -4.97261
      vertex -0.72713 -8.5 -4.92914
      vertex -0.72713 -7.45891 -4.92914
    endloop
  endfacet
  facet normal -0.0850313 -0.190943 -0.977911
    outer loop
      vertex -0.450415 -8.59941 -4.97261
      vertex -0.572621 -8.76762 -4.92914
      vertex -0.470378 -8.59052 -4.97261
    endloop
  endfacet
  facet normal 0.181018 -0.104527 -0.977909
    outer loop
      vertex 0.668113 -8.68163 -4.92914
      vertex 0.502679 -8.56144 -4.97261
      vertex 0.700415 -8.62569 -4.92914
    endloop
  endfacet
  facet normal -0.180275 -0.848257 -0.497957
    outer loop
      vertex -1.33156 -9.40854 -4.21096
      vertex -1.48607 -9.26942 -4.39201
      vertex -1.32063 -9.30458 -4.39201
    endloop
  endfacet
  facet normal -0.239952 -0.538901 -0.807471
    outer loop
      vertex -1.44284 -9.13638 -4.54737
      vertex -1.57063 -9.07948 -4.54737
      vertex -1.39058 -8.97553 -4.67025
    endloop
  endfacet
  facet normal 0 -0.408594 -0.912716
    outer loop
      vertex 0.470378 -8.99726 -4.84411
      vertex -0.450415 -8.80732 -4.92914
      vertex 0.450415 -8.80732 -4.92914
    endloop
  endfacet
  facet normal 0 -0.408594 -0.912716
    outer loop
      vertex -0.450415 -8.80732 -4.92914
      vertex 0.470378 -8.99726 -4.84411
      vertex -0.470378 -8.99726 -4.84411
    endloop
  endfacet
  facet normal -0.0849422 -0.399666 -0.912717
    outer loop
      vertex -0.470378 -8.99726 -4.84411
      vertex -0.572621 -8.97553 -4.84411
      vertex -0.450415 -8.80732 -4.92914
    endloop
  endfacet
  facet normal 0.188386 -0.423071 -0.886297
    outer loop
      vertex 1.39058 -8.97553 -4.67025
      vertex 0.668114 -8.93301 -4.84411
      vertex 1.48607 -8.93301 -4.67025
    endloop
  endfacet
  facet normal 0.188384 -0.423081 -0.886292
    outer loop
      vertex 0.668114 -8.93301 -4.84411
      vertex 1.39058 -8.97553 -4.67025
      vertex 0.572621 -8.97553 -4.84411
    endloop
  endfacet
  facet normal 0 -0.589906 -0.807472
    outer loop
      vertex 0.488056 -9.16546 -4.72123
      vertex -0.470378 -8.99726 -4.84411
      vertex 0.470378 -8.99726 -4.84411
    endloop
  endfacet
  facet normal 0 -0.589906 -0.807472
    outer loop
      vertex -0.470378 -8.99726 -4.84411
      vertex 0.488056 -9.16546 -4.72123
      vertex -0.488056 -9.16546 -4.72123
    endloop
  endfacet
  facet normal -0.388603 -0.126245 -0.912715
    outer loop
      vertex -1.51837 -8.62569 -4.75528
      vertex -1.72514 -8.60396 -4.67025
      vertex -1.53833 -8.56425 -4.75528
    endloop
  endfacet
  facet normal -0.207861 -0.021844 -0.977914
    outer loop
      vertex -1.53833 -8.56425 -4.75528
      vertex -0.72713 -8.5 -4.92914
      vertex -0.720378 -8.56425 -4.92914
    endloop
  endfacet
  facet normal -0.207861 -0.0218376 -0.977914
    outer loop
      vertex -0.72713 -8.5 -4.92914
      vertex -1.53833 -8.56425 -4.75528
      vertex -1.54508 -8.5 -4.75528
    endloop
  endfacet
  facet normal 0.0435208 -0.204462 -0.977907
    outer loop
      vertex 0.450415 -8.80732 -4.92914
      vertex 0.429039 -8.60396 -4.97261
      vertex 0.450415 -8.59941 -4.97261
    endloop
  endfacet
  facet normal 0.198795 -0.0645941 -0.97791
    outer loop
      vertex 0.720378 -8.56425 -4.92914
      vertex 0.513605 -8.54251 -4.97261
      vertex 0.520357 -8.52173 -4.97261
    endloop
  endfacet
  facet normal -0.181032 -0.104488 -0.977911
    outer loop
      vertex -0.502679 -8.56144 -4.97261
      vertex -0.700415 -8.62569 -4.92914
      vertex -0.513605 -8.54251 -4.97261
    endloop
  endfacet
  facet normal 0.122835 -0.169118 -0.977911
    outer loop
      vertex 0.572621 -8.76762 -4.92914
      vertex 0.470378 -8.59052 -4.97261
      vertex 0.488056 -8.57768 -4.97261
    endloop
  endfacet
  facet normal -0.199889 -0.27507 -0.940415
    outer loop
      vertex -1.39058 -8.76762 -4.75528
      vertex -0.624886 -8.72964 -4.92914
      vertex -0.572621 -8.76762 -4.92914
    endloop
  endfacet
  facet normal -0.199891 -0.275048 -0.940421
    outer loop
      vertex -0.624886 -8.72964 -4.92914
      vertex -1.39058 -8.76762 -4.75528
      vertex -1.44284 -8.72964 -4.75528
    endloop
  endfacet
  facet normal -0.207437 -0.0674001 -0.975924
    outer loop
      vertex -1.51837 -8.62569 -4.75528
      vertex -0.720378 -8.56425 -4.92914
      vertex -0.700415 -8.62569 -4.92914
    endloop
  endfacet
  facet normal -0.207438 -0.0673903 -0.975924
    outer loop
      vertex -0.720378 -8.56425 -4.92914
      vertex -1.51837 -8.62569 -4.75528
      vertex -1.53833 -8.56425 -4.75528
    endloop
  endfacet
  facet normal 0.352735 -0.792247 -0.497918
    outer loop
      vertex 2.45677 -9.29115 -3.87084
      vertex 2.2823 -9.36883 -3.87084
      vertex 2.40451 -9.20063 -4.05189
    endloop
  endfacet
  facet normal 0.437874 -0.602649 -0.667144
    outer loop
      vertex 2.54134 -9.10122 -4.05189
      vertex 2.33457 -9.07948 -4.20724
      vertex 2.44773 -8.99726 -4.20724
    endloop
  endfacet
  facet normal 0.437859 -0.602678 -0.667128
    outer loop
      vertex 2.40451 -9.20063 -4.05189
      vertex 2.33457 -9.07948 -4.20724
      vertex 2.54134 -9.10122 -4.05189
    endloop
  endfacet
  facet normal 0.354909 -0.79713 -0.488491
    outer loop
      vertex 2.45677 -9.29115 -3.87084
      vertex 2.95882 -9.36883 -3.37932
      vertex 2.2823 -9.36883 -3.87084
    endloop
  endfacet
  facet normal 0.354909 -0.79713 -0.488491
    outer loop
      vertex 2.95882 -9.36883 -3.37932
      vertex 2.45677 -9.29115 -3.87084
      vertex 3.13329 -9.29115 -3.37932
    endloop
  endfacet
  facet normal 0.559275 -0.769831 -0.307525
    outer loop
      vertex 4.14326 -9.3471 -1.83486
      vertex 4.11095 -9.29115 -2.03368
      vertex 4.26546 -9.1789 -2.03368
    endloop
  endfacet
  facet normal 0.824081 -0.475765 -0.30747
    outer loop
      vertex 4.44552 -9.07494 -1.83486
      vertex 4.39326 -9.03697 -2.03368
      vertex 4.48875 -8.87157 -2.03368
    endloop
  endfacet
  facet normal 0.824078 -0.475768 -0.307474
    outer loop
      vertex 4.54776 -8.89785 -1.83486
      vertex 4.44552 -9.07494 -1.83486
      vertex 4.48875 -8.87157 -2.03368
    endloop
  endfacet
  facet normal 0.682926 -0.614937 -0.39429
    outer loop
      vertex 4.26546 -9.1789 -2.03368
      vertex 3.97514 -9.03697 -2.75788
      vertex 4.39326 -9.03697 -2.03368
    endloop
  endfacet
  facet normal 0.682949 -0.614909 -0.394294
    outer loop
      vertex 3.97514 -9.03697 -2.75788
      vertex 4.26546 -9.1789 -2.03368
      vertex 3.84735 -9.1789 -2.75788
    endloop
  endfacet
  facet normal 0.404518 -0.908597 -0.104006
    outer loop
      vertex 4.22161 -9.45106 -0.831646
      vertex 4.21485 -9.43027 -1.03956
      vertex 4.40166 -9.3471 -1.03956
    endloop
  endfacet
  facet normal 0.303633 -0.273418 -0.912716
    outer loop
      vertex 1.57063 -8.87157 -4.67025
      vertex 1.48607 -8.68163 -4.75528
      vertex 1.64058 -8.79389 -4.67025
    endloop
  endfacet
  facet normal 0.303644 -0.273412 -0.912714
    outer loop
      vertex 1.57063 -8.87157 -4.67025
      vertex 1.44284 -8.72964 -4.75528
      vertex 1.48607 -8.68163 -4.75528
    endloop
  endfacet
  facet normal 0.155343 -0.139867 -0.977909
    outer loop
      vertex 0.624886 -8.72964 -4.92914
      vertex 0.502679 -8.56144 -4.97261
      vertex 0.668113 -8.68163 -4.92914
    endloop
  endfacet
  facet normal 0.116068 -0.987728 0.104507
    outer loop
      vertex 2.78105 -9.49452 2.97258
      vertex 3.33831 -9.47279 2.55905
      vertex 2.77877 -9.47279 3.18049
    endloop
  endfacet
  facet normal 0.116072 -0.987727 0.104512
    outer loop
      vertex 3.33831 -9.47279 2.55905
      vertex 2.78105 -9.49452 2.97258
      vertex 3.3406 -9.49452 2.35114
    endloop
  endfacet
  facet normal 0.206759 -0.972853 0.103956
    outer loop
      vertex 3.9632 -9.45106 1.62695
      vertex 3.75642 -9.47279 1.83486
      vertex 3.75871 -9.49452 1.62695
    endloop
  endfacet
  facet normal 0.577375 -0.794636 0.187594
    outer loop
      vertex 4.40166 -9.3471 1.03956
      vertex 4.30869 -9.2269 1.83486
      vertex 4.14326 -9.3471 1.83486
    endloop
  endfacet
  facet normal 0.577353 -0.794652 0.187594
    outer loop
      vertex 4.30869 -9.2269 1.83486
      vertex 4.40166 -9.3471 1.03956
      vertex 4.5671 -9.2269 1.03956
    endloop
  endfacet
  facet normal 0.584603 -0.804632 0.103957
    outer loop
      vertex 4.5671 -9.2269 1.03956
      vertex 4.40166 -9.3471 1.03956
      vertex 4.58172 -9.24314 0.831646
    endloop
  endfacet
  facet normal 0.403218 -0.905677 0.131009
    outer loop
      vertex 4.21485 -9.43027 1.03956
      vertex 4.14326 -9.3471 1.83486
      vertex 3.95645 -9.43027 1.83486
    endloop
  endfacet
  facet normal 0.403218 -0.905677 0.131009
    outer loop
      vertex 4.14326 -9.3471 1.83486
      vertex 4.21485 -9.43027 1.03956
      vertex 4.40166 -9.3471 1.03956
    endloop
  endfacet
  facet normal 0.321767 -0.941029 0.104545
    outer loop
      vertex 3.9632 -9.45106 1.62695
      vertex 4.21485 -9.43027 1.03956
      vertex 3.95645 -9.43027 1.83486
    endloop
  endfacet
  facet normal 0.321797 -0.941018 0.104558
    outer loop
      vertex 4.21485 -9.43027 1.03956
      vertex 3.9632 -9.45106 1.62695
      vertex 4.22161 -9.45106 0.831646
    endloop
  endfacet
  facet normal 0.559336 -0.769809 0.307469
    outer loop
      vertex 4.26546 -9.1789 2.03368
      vertex 4.14326 -9.3471 1.83486
      vertex 4.30869 -9.2269 1.83486
    endloop
  endfacet
  facet normal 0.908661 -0.29524 0.295243
    outer loop
      vertex 4.54776 -8.89785 1.83486
      vertex 4.86936 -8.70337 1.03956
      vertex 4.61095 -8.70337 1.83486
    endloop
  endfacet
  facet normal 0.908661 -0.29524 0.295243
    outer loop
      vertex 4.86936 -8.70337 1.03956
      vertex 4.54776 -8.89785 1.83486
      vertex 4.80617 -8.89785 1.03956
    endloop
  endfacet
  facet normal 0.707131 -0.636732 0.307471
    outer loop
      vertex 4.39326 -9.03697 2.03368
      vertex 4.26546 -9.1789 2.03368
      vertex 4.44552 -9.07494 1.83486
    endloop
  endfacet
  facet normal 0.181032 -0.104488 0.977911
    outer loop
      vertex 0.513605 -8.54251 4.97261
      vertex 0.502679 -8.56144 4.97261
      vertex 0.700415 -8.62569 4.92914
    endloop
  endfacet
  facet normal 0.346752 -0.477235 0.807471
    outer loop
      vertex 1.57063 -8.87157 4.67025
      vertex 1.48607 -8.93301 4.67025
      vertex 1.57063 -9.07948 4.54737
    endloop
  endfacet
  facet normal 0.166203 -0.373264 0.912716
    outer loop
      vertex 0.668114 -8.93301 4.84411
      vertex 0.513605 -8.79389 4.92914
      vertex 0.572621 -8.97553 4.84411
    endloop
  endfacet
  facet normal 0.199891 -0.275048 0.940421
    outer loop
      vertex 0.624886 -8.72964 4.92914
      vertex 1.39058 -8.76762 4.75528
      vertex 1.44284 -8.72964 4.75528
    endloop
  endfacet
  facet normal 0.199889 -0.27507 0.940415
    outer loop
      vertex 1.39058 -8.76762 4.75528
      vertex 0.624886 -8.72964 4.92914
      vertex 0.572621 -8.76762 4.92914
    endloop
  endfacet
  facet normal 0.155338 -0.139871 0.977909
    outer loop
      vertex 0.502679 -8.56144 4.97261
      vertex 0.488056 -8.57768 4.97261
      vertex 0.624886 -8.72964 4.92914
    endloop
  endfacet
  facet normal -0.20788 -0.0218594 0.97791
    outer loop
      vertex -0.522642 -8.5 4.97261
      vertex -0.720378 -8.56425 4.92914
      vertex -0.520357 -8.52173 4.97261
    endloop
  endfacet
  facet normal 0.0850037 -0.190962 0.97791
    outer loop
      vertex 0.572621 -8.76762 4.92914
      vertex 0.450415 -8.59941 4.97261
      vertex 0.513605 -8.79389 4.92914
    endloop
  endfacet
  facet normal 0.199906 -0.940388 0.275152
    outer loop
      vertex 2.77877 -9.47279 3.18049
      vertex 2.30226 -9.43027 3.67201
      vertex 2.10224 -9.47279 3.67201
    endloop
  endfacet
  facet normal 0.199906 -0.940388 0.275152
    outer loop
      vertex 2.30226 -9.43027 3.67201
      vertex 2.77877 -9.47279 3.18049
      vertex 2.97879 -9.43027 3.18049
    endloop
  endfacet
  facet normal 0 -1 0
    outer loop
      vertex -0.587132 -9.49452 1.80701
      vertex -0.522642 -9.49452 3.97809
      vertex -1.3406 -9.49452 3.80423
    endloop
  endfacet
  facet normal 0 -1 0
    outer loop
      vertex -0.522642 -9.49452 3.97809
      vertex -0.198604 -9.49452 1.88959
      vertex 0.522642 -9.49452 3.97809
    endloop
  endfacet
  facet normal 0 -1 0
    outer loop
      vertex -0.95 -9.49452 1.64545
      vertex -1.3406 -9.49452 3.80423
      vertex -2.10453 -9.49452 3.4641
    endloop
  endfacet
  facet normal 0 -1 0
    outer loop
      vertex 0.198604 -9.49452 1.88959
      vertex 0.522642 -9.49452 3.97809
      vertex -0.198604 -9.49452 1.88959
    endloop
  endfacet
  facet normal 0 -1 0
    outer loop
      vertex -1.27135 -9.49452 1.41197
      vertex -2.10453 -9.49452 3.4641
      vertex -2.78105 -9.49452 2.97258
    endloop
  endfacet
  facet normal 0 -1 0
    outer loop
      vertex 0.587132 -9.49452 1.80701
      vertex 0.522642 -9.49452 3.97809
      vertex 0.198604 -9.49452 1.88959
    endloop
  endfacet
  facet normal 0 -1 0
    outer loop
      vertex -1.53713 -9.49452 1.11679
      vertex -2.78105 -9.49452 2.97258
      vertex -3.3406 -9.49452 2.35114
    endloop
  endfacet
  facet normal 0 -1 0
    outer loop
      vertex 0.522642 -9.49452 3.97809
      vertex 0.587132 -9.49452 1.80701
      vertex 1.3406 -9.49452 3.80423
    endloop
  endfacet
  facet normal 0 -1 0
    outer loop
      vertex 0.95 -9.49452 1.64545
      vertex 1.3406 -9.49452 3.80423
      vertex 0.587132 -9.49452 1.80701
    endloop
  endfacet
  facet normal 0 -1 -0
    outer loop
      vertex -0.522642 -9.49452 3.97809
      vertex -0.587132 -9.49452 1.80701
      vertex -0.198604 -9.49452 1.88959
    endloop
  endfacet
  facet normal 0 -1 0
    outer loop
      vertex -1.3406 -9.49452 3.80423
      vertex -0.95 -9.49452 1.64545
      vertex -0.587132 -9.49452 1.80701
    endloop
  endfacet
  facet normal 0 -1 0
    outer loop
      vertex -1.73574 -9.49452 0.772799
      vertex -3.3406 -9.49452 2.35114
      vertex -3.75871 -9.49452 1.62695
    endloop
  endfacet
  facet normal 0 -1 0
    outer loop
      vertex -2.10453 -9.49452 3.4641
      vertex -1.27135 -9.49452 1.41197
      vertex -0.95 -9.49452 1.64545
    endloop
  endfacet
  facet normal 0 -1 0
    outer loop
      vertex -2.78105 -9.49452 2.97258
      vertex -1.53713 -9.49452 1.11679
      vertex -1.27135 -9.49452 1.41197
    endloop
  endfacet
  facet normal 0 -1 0
    outer loop
      vertex -1.85848 -9.49452 0.395032
      vertex -3.75871 -9.49452 1.62695
      vertex -4.01712 -9.49452 0.831646
    endloop
  endfacet
  facet normal 0 -1 0
    outer loop
      vertex -3.3406 -9.49452 2.35114
      vertex -1.73574 -9.49452 0.772799
      vertex -1.53713 -9.49452 1.11679
    endloop
  endfacet
  facet normal 0 -1 0
    outer loop
      vertex -3.75871 -9.49452 1.62695
      vertex -1.85848 -9.49452 0.395032
      vertex -1.73574 -9.49452 0.772799
    endloop
  endfacet
  facet normal 0 -1 0
    outer loop
      vertex -4.10453 -9.49452 0
      vertex -1.85848 -9.49452 0.395032
      vertex -4.01712 -9.49452 0.831646
    endloop
  endfacet
  facet normal 0 -1 0
    outer loop
      vertex -4.10453 -9.49452 0
      vertex -1.9 -9.49452 0
      vertex -1.85848 -9.49452 0.395032
    endloop
  endfacet
  facet normal 0 -1 0
    outer loop
      vertex -4.10453 -9.49452 0
      vertex -1.85848 -9.49452 -0.395032
      vertex -1.9 -9.49452 0
    endloop
  endfacet
  facet normal 0 -1 0
    outer loop
      vertex -4.01712 -9.49452 -0.831646
      vertex -1.85848 -9.49452 -0.395032
      vertex -4.10453 -9.49452 0
    endloop
  endfacet
  facet normal 0 -1 0
    outer loop
      vertex -3.75871 -9.49452 -1.62695
      vertex -1.85848 -9.49452 -0.395032
      vertex -4.01712 -9.49452 -0.831646
    endloop
  endfacet
  facet normal 0 -1 -0
    outer loop
      vertex -1.85848 -9.49452 -0.395032
      vertex -3.75871 -9.49452 -1.62695
      vertex -1.73574 -9.49452 -0.772799
    endloop
  endfacet
  facet normal 0 -1 0
    outer loop
      vertex -3.3406 -9.49452 -2.35114
      vertex -1.73574 -9.49452 -0.772799
      vertex -3.75871 -9.49452 -1.62695
    endloop
  endfacet
  facet normal 0 -1 -0
    outer loop
      vertex -1.73574 -9.49452 -0.772799
      vertex -3.3406 -9.49452 -2.35114
      vertex -1.53713 -9.49452 -1.11679
    endloop
  endfacet
  facet normal 0 -1 0
    outer loop
      vertex -2.78105 -9.49452 -2.97258
      vertex -1.53713 -9.49452 -1.11679
      vertex -3.3406 -9.49452 -2.35114
    endloop
  endfacet
  facet normal 0 -1 -0
    outer loop
      vertex -1.53713 -9.49452 -1.11679
      vertex -2.78105 -9.49452 -2.97258
      vertex -1.27135 -9.49452 -1.41197
    endloop
  endfacet
  facet normal 0 -1 0
    outer loop
      vertex -2.10453 -9.49452 -3.4641
      vertex -1.27135 -9.49452 -1.41197
      vertex -2.78105 -9.49452 -2.97258
    endloop
  endfacet
  facet normal 0 -1 0
    outer loop
      vertex -1.3406 -9.49452 -3.80423
      vertex -0.95 -9.49452 -1.64545
      vertex -2.10453 -9.49452 -3.4641
    endloop
  endfacet
  facet normal 0 -1 -0
    outer loop
      vertex -1.27135 -9.49452 -1.41197
      vertex -2.10453 -9.49452 -3.4641
      vertex -0.95 -9.49452 -1.64545
    endloop
  endfacet
  facet normal 0 -1 -0
    outer loop
      vertex 1.3406 -9.49452 3.80423
      vertex 0.95 -9.49452 1.64545
      vertex 2.10453 -9.49452 3.4641
    endloop
  endfacet
  facet normal 0 -1 0
    outer loop
      vertex 1.27135 -9.49452 1.41197
      vertex 2.10453 -9.49452 3.4641
      vertex 0.95 -9.49452 1.64545
    endloop
  endfacet
  facet normal 0 -1 -0
    outer loop
      vertex 2.10453 -9.49452 3.4641
      vertex 1.27135 -9.49452 1.41197
      vertex 2.78105 -9.49452 2.97258
    endloop
  endfacet
  facet normal 0 -1 0
    outer loop
      vertex 1.53713 -9.49452 1.11679
      vertex 2.78105 -9.49452 2.97258
      vertex 1.27135 -9.49452 1.41197
    endloop
  endfacet
  facet normal 0 -1 -0
    outer loop
      vertex 2.78105 -9.49452 2.97258
      vertex 1.53713 -9.49452 1.11679
      vertex 3.3406 -9.49452 2.35114
    endloop
  endfacet
  facet normal 0 -1 0
    outer loop
      vertex 1.73574 -9.49452 0.772799
      vertex 3.3406 -9.49452 2.35114
      vertex 1.53713 -9.49452 1.11679
    endloop
  endfacet
  facet normal 0 -1 -0
    outer loop
      vertex 3.3406 -9.49452 2.35114
      vertex 1.73574 -9.49452 0.772799
      vertex 3.75871 -9.49452 1.62695
    endloop
  endfacet
  facet normal 0 -1 0
    outer loop
      vertex 1.85848 -9.49452 0.395032
      vertex 3.75871 -9.49452 1.62695
      vertex 1.73574 -9.49452 0.772799
    endloop
  endfacet
  facet normal 0 -1 -0
    outer loop
      vertex 3.75871 -9.49452 1.62695
      vertex 1.85848 -9.49452 0.395032
      vertex 4.01712 -9.49452 0.831646
    endloop
  endfacet
  facet normal 0 -1 0
    outer loop
      vertex 1.9 -9.49452 0
      vertex 4.01712 -9.49452 0.831646
      vertex 1.85848 -9.49452 0.395032
    endloop
  endfacet
  facet normal 0 -1 0
    outer loop
      vertex 1.9 -9.49452 0
      vertex 4.10453 -9.49452 0
      vertex 4.01712 -9.49452 0.831646
    endloop
  endfacet
  facet normal 0 -1 0
    outer loop
      vertex 1.85848 -9.49452 -0.395032
      vertex 4.10453 -9.49452 0
      vertex 1.9 -9.49452 0
    endloop
  endfacet
  facet normal 0 -1 0
    outer loop
      vertex 3.75871 -9.49452 -1.62695
      vertex 1.85848 -9.49452 -0.395032
      vertex 1.73574 -9.49452 -0.772799
    endloop
  endfacet
  facet normal 0 -1 0
    outer loop
      vertex 1.85848 -9.49452 -0.395032
      vertex 4.01712 -9.49452 -0.831646
      vertex 4.10453 -9.49452 0
    endloop
  endfacet
  facet normal 0 -1 0
    outer loop
      vertex 3.3406 -9.49452 -2.35114
      vertex 1.73574 -9.49452 -0.772799
      vertex 1.53713 -9.49452 -1.11679
    endloop
  endfacet
  facet normal 0 -1 0
    outer loop
      vertex 2.78105 -9.49452 -2.97258
      vertex 1.53713 -9.49452 -1.11679
      vertex 1.27135 -9.49452 -1.41197
    endloop
  endfacet
  facet normal 0 -1 0
    outer loop
      vertex 1.85848 -9.49452 -0.395032
      vertex 3.75871 -9.49452 -1.62695
      vertex 4.01712 -9.49452 -0.831646
    endloop
  endfacet
  facet normal 0 -1 0
    outer loop
      vertex 2.10453 -9.49452 -3.4641
      vertex 1.27135 -9.49452 -1.41197
      vertex 0.95 -9.49452 -1.64545
    endloop
  endfacet
  facet normal 0 -1 0
    outer loop
      vertex 1.3406 -9.49452 -3.80423
      vertex 0.95 -9.49452 -1.64545
      vertex 0.587132 -9.49452 -1.80701
    endloop
  endfacet
  facet normal 0 -1 0
    outer loop
      vertex 0.522642 -9.49452 -3.97809
      vertex 0.587132 -9.49452 -1.80701
      vertex 0.198604 -9.49452 -1.88959
    endloop
  endfacet
  facet normal 0 -1 -0
    outer loop
      vertex -0.95 -9.49452 -1.64545
      vertex -1.3406 -9.49452 -3.80423
      vertex -0.587132 -9.49452 -1.80701
    endloop
  endfacet
  facet normal 0 -1 0
    outer loop
      vertex 0.522642 -9.49452 -3.97809
      vertex 0.198604 -9.49452 -1.88959
      vertex -0.522642 -9.49452 -3.97809
    endloop
  endfacet
  facet normal 0 -1 0
    outer loop
      vertex -0.522642 -9.49452 -3.97809
      vertex -0.587132 -9.49452 -1.80701
      vertex -1.3406 -9.49452 -3.80423
    endloop
  endfacet
  facet normal 0 -1 -0
    outer loop
      vertex 0.587132 -9.49452 -1.80701
      vertex 0.522642 -9.49452 -3.97809
      vertex 1.3406 -9.49452 -3.80423
    endloop
  endfacet
  facet normal 0 -1 0
    outer loop
      vertex -0.587132 -9.49452 -1.80701
      vertex -0.522642 -9.49452 -3.97809
      vertex -0.198604 -9.49452 -1.88959
    endloop
  endfacet
  facet normal 0 -1 0
    outer loop
      vertex 1.73574 -9.49452 -0.772799
      vertex 3.3406 -9.49452 -2.35114
      vertex 3.75871 -9.49452 -1.62695
    endloop
  endfacet
  facet normal 0 -1 -0
    outer loop
      vertex -0.198604 -9.49452 -1.88959
      vertex -0.522642 -9.49452 -3.97809
      vertex 0.198604 -9.49452 -1.88959
    endloop
  endfacet
  facet normal 0 -1 0
    outer loop
      vertex 1.53713 -9.49452 -1.11679
      vertex 2.78105 -9.49452 -2.97258
      vertex 3.3406 -9.49452 -2.35114
    endloop
  endfacet
  facet normal 0 -1 0
    outer loop
      vertex 1.27135 -9.49452 -1.41197
      vertex 2.10453 -9.49452 -3.4641
      vertex 2.78105 -9.49452 -2.97258
    endloop
  endfacet
  facet normal 0 -1 0
    outer loop
      vertex 0.95 -9.49452 -1.64545
      vertex 1.3406 -9.49452 -3.80423
      vertex 2.10453 -9.49452 -3.4641
    endloop
  endfacet
  facet normal 0.204381 -0.961438 0.184023
    outer loop
      vertex 3.33831 -9.47279 2.55905
      vertex 2.97879 -9.43027 3.18049
      vertex 2.77877 -9.47279 3.18049
    endloop
  endfacet
  facet normal 0.204381 -0.961438 0.184023
    outer loop
      vertex 2.97879 -9.43027 3.18049
      vertex 3.33831 -9.47279 2.55905
      vertex 3.53833 -9.43027 2.55905
    endloop
  endfacet
  facet normal 0.387021 -0.869296 0.307471
    outer loop
      vertex 3.72514 -9.3471 2.55905
      vertex 3.51837 -9.36883 2.75788
      vertex 3.53833 -9.43027 2.55905
    endloop
  endfacet
  facet normal 0.352735 -0.792247 0.497918
    outer loop
      vertex 2.40451 -9.20063 4.05189
      vertex 2.2823 -9.36883 3.87084
      vertex 2.45677 -9.29115 3.87084
    endloop
  endfacet
  facet normal 0.222358 -0.837334 0.499428
    outer loop
      vertex 1.51837 -9.36883 4.21096
      vertex 2.25 -9.26942 4.05189
      vertex 1.48607 -9.26942 4.39201
    endloop
  endfacet
  facet normal 0.222358 -0.837334 0.499428
    outer loop
      vertex 2.25 -9.26942 4.05189
      vertex 1.51837 -9.36883 4.21096
      vertex 2.2823 -9.36883 3.87084
    endloop
  endfacet
  facet normal 0.438404 -0.394758 0.807445
    outer loop
      vertex 2.54134 -8.8933 4.20724
      vertex 2.33457 -8.87157 4.33013
      vertex 2.44773 -8.99726 4.20724
    endloop
  endfacet
  facet normal 0.302987 -0.680542 0.667129
    outer loop
      vertex 2.33457 -9.07948 4.20724
      vertex 2.25 -9.26942 4.05189
      vertex 2.40451 -9.20063 4.05189
    endloop
  endfacet
  facet normal 0.437859 -0.602678 0.667128
    outer loop
      vertex 2.54134 -9.10122 4.05189
      vertex 2.33457 -9.07948 4.20724
      vertex 2.40451 -9.20063 4.05189
    endloop
  endfacet
  facet normal 0.645147 -0.372475 0.667119
    outer loop
      vertex 3.2878 -8.77216 3.71572
      vertex 3.21786 -8.8933 3.71572
      vertex 3.4156 -8.82906 3.56036
    endloop
  endfacet
  facet normal 0.556608 -0.321357 0.766106
    outer loop
      vertex 2.61128 -8.77216 4.20724
      vertex 3.21786 -8.8933 3.71572
      vertex 3.2878 -8.77216 3.71572
    endloop
  endfacet
  facet normal 0.556608 -0.321357 0.766106
    outer loop
      vertex 3.21786 -8.8933 3.71572
      vertex 2.61128 -8.77216 4.20724
      vertex 2.54134 -8.8933 4.20724
    endloop
  endfacet
  facet normal 0.904986 -0.294046 0.307468
    outer loop
      vertex 4.61095 -8.70337 1.83486
      vertex 4.48875 -8.87157 2.03368
      vertex 4.54776 -8.89785 1.83486
    endloop
  endfacet
  facet normal 0.904987 -0.294022 0.307488
    outer loop
      vertex 4.54776 -8.68994 2.03368
      vertex 4.48875 -8.87157 2.03368
      vertex 4.61095 -8.70337 1.83486
    endloop
  endfacet
  facet normal 0.645146 -0.372499 0.667107
    outer loop
      vertex 3.4156 -8.82906 3.56036
      vertex 3.21786 -8.8933 3.71572
      vertex 3.33103 -8.97553 3.56036
    endloop
  endfacet
  facet normal -0.20436 -0.184001 0.961447
    outer loop
      vertex -0.668113 -8.68163 4.92914
      vertex -1.44284 -8.72964 4.75528
      vertex -0.624886 -8.72964 4.92914
    endloop
  endfacet
  facet normal -0.204359 -0.184012 0.961445
    outer loop
      vertex -1.44284 -8.72964 4.75528
      vertex -0.668113 -8.68163 4.92914
      vertex -1.48607 -8.68163 4.75528
    endloop
  endfacet
  facet normal -0.122835 -0.169118 0.977911
    outer loop
      vertex -0.488056 -8.57768 4.97261
      vertex -0.572621 -8.76762 4.92914
      vertex -0.470378 -8.59052 4.97261
    endloop
  endfacet
  facet normal -0.207884 -0.0218464 0.97791
    outer loop
      vertex -0.522642 -8.5 4.97261
      vertex -0.72713 -8.5 4.92914
      vertex -0.720378 -8.56425 4.92914
    endloop
  endfacet
  facet normal -0.207861 -0.021844 0.977914
    outer loop
      vertex -0.72713 -8.5 4.92914
      vertex -1.53833 -8.56425 4.75528
      vertex -0.720378 -8.56425 4.92914
    endloop
  endfacet
  facet normal -0.207861 -0.0218376 0.977914
    outer loop
      vertex -1.53833 -8.56425 4.75528
      vertex -0.72713 -8.5 4.92914
      vertex -1.54508 -8.5 4.75528
    endloop
  endfacet
  facet normal -0.154867 -0.728695 -0.667099
    outer loop
      vertex -1.30601 -9.16546 -4.54737
      vertex -1.48607 -9.26942 -4.39201
      vertex -1.44284 -9.13638 -4.54737
    endloop
  endfacet
  facet normal -0.14862 -0.6993 -0.699207
    outer loop
      vertex -1.30601 -9.16546 -4.54737
      vertex -0.624886 -9.13638 -4.72123
      vertex -0.488056 -9.16546 -4.72123
    endloop
  endfacet
  facet normal -0.14862 -0.6993 -0.699207
    outer loop
      vertex -0.624886 -9.13638 -4.72123
      vertex -1.30601 -9.16546 -4.54737
      vertex -1.44284 -9.13638 -4.54737
    endloop
  endfacet
  facet normal -0.188384 -0.423081 -0.886292
    outer loop
      vertex -1.39058 -8.97553 -4.67025
      vertex -0.668114 -8.93301 -4.84411
      vertex -0.572621 -8.97553 -4.84411
    endloop
  endfacet
  facet normal -0.188386 -0.423071 -0.886297
    outer loop
      vertex -0.668114 -8.93301 -4.84411
      vertex -1.39058 -8.97553 -4.67025
      vertex -1.48607 -8.93301 -4.67025
    endloop
  endfacet
  facet normal -0.122631 -0.577016 -0.807474
    outer loop
      vertex -0.488056 -9.16546 -4.72123
      vertex -0.624886 -9.13638 -4.72123
      vertex -0.572621 -8.97553 -4.84411
    endloop
  endfacet
  facet normal 0.122631 -0.577016 -0.807474
    outer loop
      vertex 0.624886 -9.13638 -4.72123
      vertex 0.488056 -9.16546 -4.72123
      vertex 0.572621 -8.97553 -4.84411
    endloop
  endfacet
  facet normal -0.206427 -0.119199 -0.971174
    outer loop
      vertex -1.48607 -8.68163 -4.75528
      vertex -0.700415 -8.62569 -4.92914
      vertex -0.668113 -8.68163 -4.92914
    endloop
  endfacet
  facet normal -0.206428 -0.119192 -0.971175
    outer loop
      vertex -0.700415 -8.62569 -4.92914
      vertex -1.48607 -8.68163 -4.75528
      vertex -1.51837 -8.62569 -4.75528
    endloop
  endfacet
  facet normal 0.362097 -0.787718 -0.498384
    outer loop
      vertex 2.45677 -9.29115 -3.87084
      vertex 3.08103 -9.20063 -3.56036
      vertex 3.13329 -9.29115 -3.37932
    endloop
  endfacet
  facet normal 0.362089 -0.787735 -0.498363
    outer loop
      vertex 3.08103 -9.20063 -3.56036
      vertex 2.45677 -9.29115 -3.87084
      vertex 2.40451 -9.20063 -4.05189
    endloop
  endfacet
  facet normal 0.722374 -0.65045 -0.234715
    outer loop
      vertex 4.5671 -9.2269 -1.03956
      vertex 4.44552 -9.07494 -1.83486
      vertex 4.70393 -9.07494 -1.03956
    endloop
  endfacet
  facet normal 0.722374 -0.65045 -0.234715
    outer loop
      vertex 4.44552 -9.07494 -1.83486
      vertex 4.5671 -9.2269 -1.03956
      vertex 4.30869 -9.2269 -1.83486
    endloop
  endfacet
  facet normal 0.833655 -0.481297 -0.270872
    outer loop
      vertex 4.70393 -9.07494 -1.03956
      vertex 4.54776 -8.89785 -1.83486
      vertex 4.80617 -8.89785 -1.03956
    endloop
  endfacet
  facet normal 0.833655 -0.481297 -0.270872
    outer loop
      vertex 4.54776 -8.89785 -1.83486
      vertex 4.70393 -9.07494 -1.03956
      vertex 4.44552 -9.07494 -1.83486
    endloop
  endfacet
  facet normal 0.0850037 -0.190962 -0.97791
    outer loop
      vertex 0.513605 -8.79389 -4.92914
      vertex 0.450415 -8.59941 -4.97261
      vertex 0.572621 -8.76762 -4.92914
    endloop
  endfacet
  facet normal 0.0434551 -0.204462 -0.977909
    outer loop
      vertex 0.513605 -8.79389 -4.92914
      vertex 0.450415 -8.80732 -4.92914
      vertex 0.450415 -8.59941 -4.97261
    endloop
  endfacet
  facet normal 0.722374 -0.65045 0.234715
    outer loop
      vertex 4.30869 -9.2269 1.83486
      vertex 4.70393 -9.07494 1.03956
      vertex 4.44552 -9.07494 1.83486
    endloop
  endfacet
  facet normal 0.722374 -0.65045 0.234715
    outer loop
      vertex 4.70393 -9.07494 1.03956
      vertex 4.30869 -9.2269 1.83486
      vertex 4.5671 -9.2269 1.03956
    endloop
  endfacet
  facet normal 0.707133 -0.636727 0.307475
    outer loop
      vertex 4.44552 -9.07494 1.83486
      vertex 4.26546 -9.1789 2.03368
      vertex 4.30869 -9.2269 1.83486
    endloop
  endfacet
  facet normal 0.188386 -0.423071 0.886297
    outer loop
      vertex 0.668114 -8.93301 4.84411
      vertex 1.39058 -8.97553 4.67025
      vertex 1.48607 -8.93301 4.67025
    endloop
  endfacet
  facet normal 0.188384 -0.423081 0.886292
    outer loop
      vertex 1.39058 -8.97553 4.67025
      vertex 0.668114 -8.93301 4.84411
      vertex 0.572621 -8.97553 4.84411
    endloop
  endfacet
  facet normal 0.510892 -0.294963 0.807457
    outer loop
      vertex 2.61128 -8.77216 4.20724
      vertex 2.45677 -8.70337 4.33013
      vertex 2.54134 -8.8933 4.20724
    endloop
  endfacet
  facet normal 0.388604 -0.126264 0.912713
    outer loop
      vertex 1.72514 -8.60396 4.67025
      vertex 1.51837 -8.62569 4.75528
      vertex 1.69284 -8.70337 4.67025
    endloop
  endfacet
  facet normal 0.240211 -0.330527 0.912716
    outer loop
      vertex 1.44284 -8.72964 4.75528
      vertex 1.39058 -8.76762 4.75528
      vertex 1.57063 -8.87157 4.67025
    endloop
  endfacet
  facet normal 0.395963 -0.228602 0.889356
    outer loop
      vertex 1.69284 -8.70337 4.67025
      vertex 2.40451 -8.79389 4.33013
      vertex 2.45677 -8.70337 4.33013
    endloop
  endfacet
  facet normal 0.395963 -0.228602 0.889356
    outer loop
      vertex 2.40451 -8.79389 4.33013
      vertex 1.69284 -8.70337 4.67025
      vertex 1.64058 -8.79389 4.67025
    endloop
  endfacet
  facet normal 0.181018 -0.104527 0.977909
    outer loop
      vertex 0.700415 -8.62569 4.92914
      vertex 0.502679 -8.56144 4.97261
      vertex 0.668113 -8.68163 4.92914
    endloop
  endfacet
  facet normal 0.155343 -0.139867 0.977909
    outer loop
      vertex 0.668113 -8.68163 4.92914
      vertex 0.502679 -8.56144 4.97261
      vertex 0.624886 -8.72964 4.92914
    endloop
  endfacet
  facet normal 0.22391 -0.9246 0.308186
    outer loop
      vertex 2.30226 -9.43027 3.67201
      vertex 2.95882 -9.36883 3.37932
      vertex 2.2823 -9.36883 3.87084
    endloop
  endfacet
  facet normal 0.223914 -0.924596 0.308197
    outer loop
      vertex 2.95882 -9.36883 3.37932
      vertex 2.30226 -9.43027 3.67201
      vertex 2.97879 -9.43027 3.18049
    endloop
  endfacet
  facet normal 0.342739 -0.887295 0.308605
    outer loop
      vertex 2.97879 -9.43027 3.18049
      vertex 3.51837 -9.36883 2.75788
      vertex 2.95882 -9.36883 3.37932
    endloop
  endfacet
  facet normal 0.342728 -0.887305 0.30859
    outer loop
      vertex 3.51837 -9.36883 2.75788
      vertex 2.97879 -9.43027 3.18049
      vertex 3.53833 -9.43027 2.55905
    endloop
  endfacet
  facet normal 0.180496 -0.97804 0.104209
    outer loop
      vertex 3.3406 -9.49452 2.35114
      vertex 3.75642 -9.47279 1.83486
      vertex 3.33831 -9.47279 2.55905
    endloop
  endfacet
  facet normal 0.180496 -0.97804 0.104209
    outer loop
      vertex 3.75642 -9.47279 1.83486
      vertex 3.3406 -9.49452 2.35114
      vertex 3.75871 -9.49452 1.62695
    endloop
  endfacet
  facet normal 0.51952 -0.467748 0.715059
    outer loop
      vertex 2.54134 -8.8933 4.20724
      vertex 3.12426 -8.99726 3.71572
      vertex 3.21786 -8.8933 3.71572
    endloop
  endfacet
  facet normal 0.519504 -0.467784 0.715048
    outer loop
      vertex 3.12426 -8.99726 3.71572
      vertex 2.54134 -8.8933 4.20724
      vertex 2.44773 -8.99726 4.20724
    endloop
  endfacet
  facet normal 0.300307 -0.67445 0.674487
    outer loop
      vertex 2.20677 -9.13638 4.20724
      vertex 1.57063 -9.07948 4.54737
      vertex 1.44284 -9.13638 4.54737
    endloop
  endfacet
  facet normal 0.300294 -0.674475 0.674468
    outer loop
      vertex 1.57063 -9.07948 4.54737
      vertex 2.20677 -9.13638 4.20724
      vertex 2.33457 -9.07948 4.20724
    endloop
  endfacet
  facet normal 0.297158 -0.682828 0.667415
    outer loop
      vertex 1.48607 -9.26942 4.39201
      vertex 2.20677 -9.13638 4.20724
      vertex 1.44284 -9.13638 4.54737
    endloop
  endfacet
  facet normal 0.29716 -0.682805 0.667438
    outer loop
      vertex 2.20677 -9.13638 4.20724
      vertex 1.48607 -9.26942 4.39201
      vertex 2.25 -9.26942 4.05189
    endloop
  endfacet
  facet normal 0.722383 -0.234687 0.65045
    outer loop
      vertex 3.4156 -8.82906 3.56036
      vertex 4.02741 -8.6682 2.93893
      vertex 3.46786 -8.6682 3.56036
    endloop
  endfacet
  facet normal 0.722381 -0.234731 0.650437
    outer loop
      vertex 4.02741 -8.6682 2.93893
      vertex 3.4156 -8.82906 3.56036
      vertex 3.97514 -8.82906 2.93893
    endloop
  endfacet
  facet normal 0.553636 -0.498464 0.667099
    outer loop
      vertex 3.21786 -8.8933 3.71572
      vertex 3.12426 -8.99726 3.71572
      vertex 3.21786 -9.10122 3.56036
    endloop
  endfacet
  facet normal 0.68293 -0.394316 0.614915
    outer loop
      vertex 3.33103 -8.97553 3.56036
      vertex 3.97514 -8.82906 2.93893
      vertex 3.4156 -8.82906 3.56036
    endloop
  endfacet
  facet normal 0.682938 -0.394274 0.614934
    outer loop
      vertex 3.97514 -8.82906 2.93893
      vertex 3.33103 -8.97553 3.56036
      vertex 3.89058 -8.97553 2.93893
    endloop
  endfacet
  facet normal 0.7085 -0.230177 0.667118
    outer loop
      vertex 3.46786 -8.6682 3.56036
      vertex 3.2878 -8.77216 3.71572
      vertex 3.4156 -8.82906 3.56036
    endloop
  endfacet
  facet normal 0.824765 -0.268005 0.497931
    outer loop
      vertex 4.12965 -8.68994 2.75788
      vertex 4.02741 -8.6682 2.93893
      vertex 4.07063 -8.87157 2.75788
    endloop
  endfacet
  facet normal -0.199889 -0.27507 0.940415
    outer loop
      vertex -0.624886 -8.72964 4.92914
      vertex -1.39058 -8.76762 4.75528
      vertex -0.572621 -8.76762 4.92914
    endloop
  endfacet
  facet normal -0.199891 -0.275048 0.940421
    outer loop
      vertex -1.39058 -8.76762 4.75528
      vertex -0.624886 -8.72964 4.92914
      vertex -1.44284 -8.72964 4.75528
    endloop
  endfacet
  facet normal -0.388603 -0.126245 0.912715
    outer loop
      vertex -1.53833 -8.56425 4.75528
      vertex -1.72514 -8.60396 4.67025
      vertex -1.51837 -8.62569 4.75528
    endloop
  endfacet
  facet normal -0.388604 -0.126264 0.912713
    outer loop
      vertex -1.51837 -8.62569 4.75528
      vertex -1.72514 -8.60396 4.67025
      vertex -1.69284 -8.70337 4.67025
    endloop
  endfacet
  facet normal -0.198795 -0.0645923 0.97791
    outer loop
      vertex -0.513605 -8.54251 4.97261
      vertex -0.720378 -8.56425 4.92914
      vertex -0.700415 -8.62569 4.92914
    endloop
  endfacet
  facet normal -0.155338 -0.139871 -0.977909
    outer loop
      vertex -0.488056 -8.57768 -4.97261
      vertex -0.624886 -8.72964 -4.92914
      vertex -0.502679 -8.56144 -4.97261
    endloop
  endfacet
  facet normal -0.155343 -0.139867 -0.977909
    outer loop
      vertex -0.624886 -8.72964 -4.92914
      vertex -0.668113 -8.68163 -4.92914
      vertex -0.502679 -8.56144 -4.97261
    endloop
  endfacet
  facet normal -0.181018 -0.104527 -0.977909
    outer loop
      vertex -0.668113 -8.68163 -4.92914
      vertex -0.700415 -8.62569 -4.92914
      vertex -0.502679 -8.56144 -4.97261
    endloop
  endfacet
  facet normal 0.155338 -0.139871 -0.977909
    outer loop
      vertex 0.624886 -8.72964 -4.92914
      vertex 0.488056 -8.57768 -4.97261
      vertex 0.502679 -8.56144 -4.97261
    endloop
  endfacet
  facet normal 0.561053 -0.182296 0.807457
    outer loop
      vertex 2.48907 -8.60396 4.33013
      vertex 2.45677 -8.70337 4.33013
      vertex 2.61128 -8.77216 4.20724
    endloop
  endfacet
  facet normal 0.353862 -0.204296 0.912713
    outer loop
      vertex 1.69284 -8.70337 4.67025
      vertex 1.51837 -8.62569 4.75528
      vertex 1.64058 -8.79389 4.67025
    endloop
  endfacet
  facet normal 0.510899 -0.294958 0.807454
    outer loop
      vertex 2.45677 -8.70337 4.33013
      vertex 2.40451 -8.79389 4.33013
      vertex 2.54134 -8.8933 4.20724
    endloop
  endfacet
  facet normal 0.207861 -0.0218376 0.977914
    outer loop
      vertex 0.72713 -8.5 4.92914
      vertex 1.53833 -8.56425 4.75528
      vertex 1.54508 -8.5 4.75528
    endloop
  endfacet
  facet normal 0.207861 -0.021844 0.977914
    outer loop
      vertex 1.53833 -8.56425 4.75528
      vertex 0.72713 -8.5 4.92914
      vertex 0.720378 -8.56425 4.92914
    endloop
  endfacet
  facet normal 0.204359 -0.184012 0.961445
    outer loop
      vertex 0.668113 -8.68163 4.92914
      vertex 1.44284 -8.72964 4.75528
      vertex 1.48607 -8.68163 4.75528
    endloop
  endfacet
  facet normal 0.20436 -0.184001 0.961447
    outer loop
      vertex 1.44284 -8.72964 4.75528
      vertex 0.668113 -8.68163 4.92914
      vertex 0.624886 -8.72964 4.92914
    endloop
  endfacet
  facet normal 0.533976 -0.787293 0.308286
    outer loop
      vertex 3.72514 -9.3471 2.55905
      vertex 4.11095 -9.29115 2.03368
      vertex 3.69284 -9.29115 2.75788
    endloop
  endfacet
  facet normal 0.53402 -0.787249 0.308323
    outer loop
      vertex 4.11095 -9.29115 2.03368
      vertex 3.72514 -9.3471 2.55905
      vertex 4.14326 -9.3471 1.83486
    endloop
  endfacet
  facet normal 0.354909 -0.79713 0.488491
    outer loop
      vertex 2.95882 -9.36883 3.37932
      vertex 2.45677 -9.29115 3.87084
      vertex 2.2823 -9.36883 3.87084
    endloop
  endfacet
  facet normal 0.354909 -0.79713 0.488491
    outer loop
      vertex 2.45677 -9.29115 3.87084
      vertex 2.95882 -9.36883 3.37932
      vertex 3.13329 -9.29115 3.37932
    endloop
  endfacet
  facet normal 0.509725 -0.701596 0.497938
    outer loop
      vertex 3.21786 -9.10122 3.56036
      vertex 3.08103 -9.20063 3.56036
      vertex 3.13329 -9.29115 3.37932
    endloop
  endfacet
  facet normal 0.553617 -0.498471 0.667109
    outer loop
      vertex 3.21786 -8.8933 3.71572
      vertex 3.21786 -9.10122 3.56036
      vertex 3.33103 -8.97553 3.56036
    endloop
  endfacet
  facet normal 0.751047 -0.433594 0.497921
    outer loop
      vertex 3.97514 -8.82906 2.93893
      vertex 3.89058 -8.97553 2.93893
      vertex 3.97514 -9.03697 2.75788
    endloop
  endfacet
  facet normal -0.353844 -0.204311 0.912717
    outer loop
      vertex -1.51837 -8.62569 4.75528
      vertex -1.64058 -8.79389 4.67025
      vertex -1.48607 -8.68163 4.75528
    endloop
  endfacet
  facet normal -0.303633 -0.273418 0.912716
    outer loop
      vertex -1.48607 -8.68163 4.75528
      vertex -1.64058 -8.79389 4.67025
      vertex -1.57063 -8.87157 4.67025
    endloop
  endfacet
  facet normal -0.0434551 -0.204462 0.977909
    outer loop
      vertex -0.450415 -8.59941 4.97261
      vertex -0.513605 -8.79389 4.92914
      vertex -0.450415 -8.80732 4.92914
    endloop
  endfacet
  facet normal 0.381929 -0.343874 0.857835
    outer loop
      vertex 1.64058 -8.79389 4.67025
      vertex 2.33457 -8.87157 4.33013
      vertex 2.40451 -8.79389 4.33013
    endloop
  endfacet
  facet normal 0.381919 -0.343914 0.857824
    outer loop
      vertex 2.33457 -8.87157 4.33013
      vertex 1.64058 -8.79389 4.67025
      vertex 1.57063 -8.87157 4.67025
    endloop
  endfacet
  facet normal 0.303633 -0.273418 0.912716
    outer loop
      vertex 1.64058 -8.79389 4.67025
      vertex 1.48607 -8.68163 4.75528
      vertex 1.57063 -8.87157 4.67025
    endloop
  endfacet
  facet normal 0.353844 -0.204311 0.912717
    outer loop
      vertex 1.51837 -8.62569 4.75528
      vertex 1.48607 -8.68163 4.75528
      vertex 1.64058 -8.79389 4.67025
    endloop
  endfacet
  facet normal 0.509706 -0.701601 0.497952
    outer loop
      vertex 3.21786 -9.10122 3.56036
      vertex 3.13329 -9.29115 3.37932
      vertex 3.2878 -9.1789 3.37932
    endloop
  endfacet
  facet normal 0.387035 -0.869284 0.307487
    outer loop
      vertex 3.69284 -9.29115 2.75788
      vertex 3.51837 -9.36883 2.75788
      vertex 3.72514 -9.3471 2.55905
    endloop
  endfacet
  facet normal 0.774602 -0.447199 0.44722
    outer loop
      vertex 3.97514 -9.03697 2.75788
      vertex 4.48875 -8.87157 2.03368
      vertex 4.07063 -8.87157 2.75788
    endloop
  endfacet
  facet normal 0.774602 -0.447199 0.44722
    outer loop
      vertex 4.48875 -8.87157 2.03368
      vertex 3.97514 -9.03697 2.75788
      vertex 4.39326 -9.03697 2.03368
    endloop
  endfacet
  facet normal 0.395953 -0.889359 0.228608
    outer loop
      vertex 3.95645 -9.43027 1.83486
      vertex 3.72514 -9.3471 2.55905
      vertex 3.53833 -9.43027 2.55905
    endloop
  endfacet
  facet normal 0.395953 -0.889359 0.228608
    outer loop
      vertex 3.72514 -9.3471 2.55905
      vertex 3.95645 -9.43027 1.83486
      vertex 4.14326 -9.3471 1.83486
    endloop
  endfacet
  facet normal 0.61763 -0.556107 0.556128
    outer loop
      vertex 3.21786 -9.10122 3.56036
      vertex 3.89058 -8.97553 2.93893
      vertex 3.33103 -8.97553 3.56036
    endloop
  endfacet
  facet normal 0.61763 -0.556107 0.556128
    outer loop
      vertex 3.89058 -8.97553 2.93893
      vertex 3.21786 -9.10122 3.56036
      vertex 3.77741 -9.10122 2.93893
    endloop
  endfacet
  facet normal 0.824769 -0.268001 0.497928
    outer loop
      vertex 4.02741 -8.6682 2.93893
      vertex 3.97514 -8.82906 2.93893
      vertex 4.07063 -8.87157 2.75788
    endloop
  endfacet
  facet normal -0.155343 -0.139867 0.977909
    outer loop
      vertex -0.502679 -8.56144 4.97261
      vertex -0.668113 -8.68163 4.92914
      vertex -0.624886 -8.72964 4.92914
    endloop
  endfacet
  facet normal -0.181018 -0.104527 0.977909
    outer loop
      vertex -0.502679 -8.56144 4.97261
      vertex -0.700415 -8.62569 4.92914
      vertex -0.668113 -8.68163 4.92914
    endloop
  endfacet
  facet normal 0.682946 -0.614907 0.394302
    outer loop
      vertex 3.84735 -9.1789 2.75788
      vertex 4.39326 -9.03697 2.03368
      vertex 3.97514 -9.03697 2.75788
    endloop
  endfacet
  facet normal 0.682929 -0.614939 0.394282
    outer loop
      vertex 4.39326 -9.03697 2.03368
      vertex 3.84735 -9.1789 2.75788
      vertex 4.26546 -9.1789 2.03368
    endloop
  endfacet
  facet normal 0.644478 -0.580271 0.49793
    outer loop
      vertex 3.97514 -9.03697 2.75788
      vertex 3.77741 -9.10122 2.93893
      vertex 3.84735 -9.1789 2.75788
    endloop
  endfacet
  facet normal 0.644475 -0.580279 0.497924
    outer loop
      vertex 3.89058 -8.97553 2.93893
      vertex 3.77741 -9.10122 2.93893
      vertex 3.97514 -9.03697 2.75788
    endloop
  endfacet
  facet normal 0.555013 -0.664991 0.499747
    outer loop
      vertex 3.2878 -9.1789 3.37932
      vertex 3.77741 -9.10122 2.93893
      vertex 3.21786 -9.10122 3.56036
    endloop
  endfacet
  facet normal 0.554999 -0.665019 0.499726
    outer loop
      vertex 3.77741 -9.10122 2.93893
      vertex 3.2878 -9.1789 3.37932
      vertex 3.84735 -9.1789 2.75788
    endloop
  endfacet
  facet normal -0.20791 -0.978148 0
    outer loop
      vertex 0.627171 5.96713 -6.49452
      vertex 1.8541 5.70634 6.49452
      vertex 0.627171 5.96713 6.49452
    endloop
  endfacet
  facet normal -0.20791 -0.978148 -0
    outer loop
      vertex 1.8541 5.70634 6.49452
      vertex 0.627171 5.96713 -6.49452
      vertex 1.8541 5.70634 -6.49452
    endloop
  endfacet
  facet normal -0.587788 -0.809015 0
    outer loop
      vertex 3 5.19615 -6.49452
      vertex 3.5251 4.81464 6.49452
      vertex 3 5.19615 6.49452
    endloop
  endfacet
  facet normal -0.587788 -0.809015 -0
    outer loop
      vertex 3.5251 4.81464 6.49452
      vertex 3 5.19615 -6.49452
      vertex 3.5251 4.81464 -6.49452
    endloop
  endfacet
  facet normal 0.866025 -0.5 0
    outer loop
      vertex -5.48127 2.44042 6.49452
      vertex -4.8541 3.52671 -6.49452
      vertex -4.8541 3.52671 6.49452
    endloop
  endfacet
  facet normal 0.866025 -0.5 0
    outer loop
      vertex -4.8541 3.52671 -6.49452
      vertex -5.48127 2.44042 6.49452
      vertex -5.48127 2.44042 -6.49452
    endloop
  endfacet
  facet normal 0.994522 0.104525 0
    outer loop
      vertex -5.86889 -1.24747 6.49452
      vertex -6 0 -6.49452
      vertex -6 0 6.49452
    endloop
  endfacet
  facet normal 0.994522 0.104525 0
    outer loop
      vertex -6 0 -6.49452
      vertex -5.86889 -1.24747 6.49452
      vertex -5.86889 -1.24747 -6.49452
    endloop
  endfacet
  facet normal -0.994522 0.104525 0
    outer loop
      vertex 5.86889 -1.24747 -6.49452
      vertex 6 0 6.49452
      vertex 6 0 -6.49452
    endloop
  endfacet
  facet normal -0.994522 0.104525 0
    outer loop
      vertex 6 0 6.49452
      vertex 5.86889 -1.24747 -6.49452
      vertex 5.86889 -1.24747 6.49452
    endloop
  endfacet
  facet normal -0.866025 -0.5 0
    outer loop
      vertex 5.48127 2.44042 -6.49452
      vertex 4.8541 3.52671 6.49452
      vertex 4.8541 3.52671 -6.49452
    endloop
  endfacet
  facet normal -0.866025 -0.5 0
    outer loop
      vertex 4.8541 3.52671 6.49452
      vertex 5.48127 2.44042 -6.49452
      vertex 5.48127 2.44042 6.49452
    endloop
  endfacet
  facet normal 0 1 0
    outer loop
      vertex 0.198604 -5.96713 -1.88959
      vertex 0.627171 -5.96713 -6.49452
      vertex -0.198604 -5.96713 -1.88959
    endloop
  endfacet
  facet normal 0 1 0
    outer loop
      vertex 0.587132 -5.96713 -1.80701
      vertex 0.627171 -5.96713 -6.49452
      vertex 0.198604 -5.96713 -1.88959
    endloop
  endfacet
  facet normal 0 1 -0
    outer loop
      vertex 0.627171 -5.96713 -6.49452
      vertex 0.587132 -5.96713 -1.80701
      vertex 0.627171 -5.96713 -1.78918
    endloop
  endfacet
  facet normal 0 1 0
    outer loop
      vertex -0.627171 -5.96713 -6.49452
      vertex -0.198604 -5.96713 -1.88959
      vertex 0.627171 -5.96713 -6.49452
    endloop
  endfacet
  facet normal 0 1 0
    outer loop
      vertex -0.198604 -5.96713 -1.88959
      vertex -0.627171 -5.96713 -6.49452
      vertex -0.587132 -5.96713 -1.80701
    endloop
  endfacet
  facet normal 0 1 0
    outer loop
      vertex -0.587132 -5.96713 -1.80701
      vertex -0.627171 -5.96713 -6.49452
      vertex -0.627171 -5.96713 -1.78918
    endloop
  endfacet
  facet normal 0 1 0
    outer loop
      vertex 0.627171 -5.96713 6.49452
      vertex 0.198604 -5.96713 1.88959
      vertex -0.627171 -5.96713 6.49452
    endloop
  endfacet
  facet normal 0 1 0
    outer loop
      vertex 0.627171 -5.96713 6.49452
      vertex 0.587132 -5.96713 1.80701
      vertex 0.198604 -5.96713 1.88959
    endloop
  endfacet
  facet normal -0 1 0
    outer loop
      vertex 0.587132 -5.96713 1.80701
      vertex 0.627171 -5.96713 6.49452
      vertex 0.627171 -5.96713 1.78918
    endloop
  endfacet
  facet normal 0 1 -0
    outer loop
      vertex -0.198604 -5.96713 1.88959
      vertex -0.627171 -5.96713 6.49452
      vertex 0.198604 -5.96713 1.88959
    endloop
  endfacet
  facet normal 0 1 -0
    outer loop
      vertex -0.587132 -5.96713 1.80701
      vertex -0.627171 -5.96713 6.49452
      vertex -0.198604 -5.96713 1.88959
    endloop
  endfacet
  facet normal 0 1 0
    outer loop
      vertex -0.627171 -5.96713 6.49452
      vertex -0.587132 -5.96713 1.80701
      vertex -0.627171 -5.96713 1.78918
    endloop
  endfacet
  facet normal -0.994522 -0.104525 0
    outer loop
      vertex 6 0 -6.49452
      vertex 5.86889 1.24747 6.49452
      vertex 5.86889 1.24747 -6.49452
    endloop
  endfacet
  facet normal -0.994522 -0.104525 0
    outer loop
      vertex 5.86889 1.24747 6.49452
      vertex 6 0 -6.49452
      vertex 6 0 6.49452
    endloop
  endfacet
  facet normal -0.587785 0.809017 0
    outer loop
      vertex 4.01478 -4.45887 -6.49452
      vertex 3 -5.19615 6.49452
      vertex 4.01478 -4.45887 6.49452
    endloop
  endfacet
  facet normal -0.587785 0.809017 0
    outer loop
      vertex 3 -5.19615 6.49452
      vertex 4.01478 -4.45887 -6.49452
      vertex 3 -5.19615 -6.49452
    endloop
  endfacet
  facet normal 0.406738 -0.913545 0
    outer loop
      vertex -3 5.19615 -6.49452
      vertex -1.8541 5.70634 6.49452
      vertex -3 5.19615 6.49452
    endloop
  endfacet
  facet normal 0.406738 -0.913545 0
    outer loop
      vertex -1.8541 5.70634 6.49452
      vertex -3 5.19615 -6.49452
      vertex -1.8541 5.70634 -6.49452
    endloop
  endfacet
  facet normal 0.587785 0.809017 -0
    outer loop
      vertex -3 -5.19615 -6.49452
      vertex -4.01478 -4.45887 6.49452
      vertex -3 -5.19615 6.49452
    endloop
  endfacet
  facet normal 0.587785 0.809017 0
    outer loop
      vertex -4.01478 -4.45887 6.49452
      vertex -3 -5.19615 -6.49452
      vertex -4.01478 -4.45887 -6.49452
    endloop
  endfacet
  facet normal -0.406738 0.913545 0
    outer loop
      vertex 3 -5.19615 6.49452
      vertex 1.8541 -5.70634 0.408507
      vertex 1.8541 -5.70634 6.49452
    endloop
  endfacet
  facet normal -0.406726 0.91355 -2.76033e-06
    outer loop
      vertex 3 -5.19615 6.49452
      vertex 1.85848 -5.70439 0.395032
      vertex 1.8541 -5.70634 0.408507
    endloop
  endfacet
  facet normal -0.406765 0.913533 5.94157e-06
    outer loop
      vertex 3 -5.19615 6.49452
      vertex 1.9 -5.6859 0
      vertex 1.85848 -5.70439 0.395032
    endloop
  endfacet
  facet normal -0.406736 0.913546 0
    outer loop
      vertex 3 -5.19615 -6.49452
      vertex 1.9 -5.6859 0
      vertex 3 -5.19615 6.49452
    endloop
  endfacet
  facet normal -0.406765 0.913533 -5.94157e-06
    outer loop
      vertex 1.9 -5.6859 0
      vertex 3 -5.19615 -6.49452
      vertex 1.85848 -5.70439 -0.395032
    endloop
  endfacet
  facet normal -0.406726 0.91355 2.76033e-06
    outer loop
      vertex 3 -5.19615 -6.49452
      vertex 1.8541 -5.70634 -0.408507
      vertex 1.85848 -5.70439 -0.395032
    endloop
  endfacet
  facet normal -0.406738 0.913545 0
    outer loop
      vertex 1.8541 -5.70634 -0.408507
      vertex 3 -5.19615 -6.49452
      vertex 1.8541 -5.70634 -6.49452
    endloop
  endfacet
  facet normal -0.951055 -0.309022 0
    outer loop
      vertex 5.86889 1.24747 -6.49452
      vertex 5.48127 2.44042 6.49452
      vertex 5.48127 2.44042 -6.49452
    endloop
  endfacet
  facet normal -0.951055 -0.309022 0
    outer loop
      vertex 5.48127 2.44042 6.49452
      vertex 5.86889 1.24747 -6.49452
      vertex 5.86889 1.24747 6.49452
    endloop
  endfacet
  facet normal -0.951055 0.309022 0
    outer loop
      vertex 5.48127 -2.44042 -6.49452
      vertex 5.86889 -1.24747 6.49452
      vertex 5.86889 -1.24747 -6.49452
    endloop
  endfacet
  facet normal -0.951055 0.309022 0
    outer loop
      vertex 5.86889 -1.24747 6.49452
      vertex 5.48127 -2.44042 -6.49452
      vertex 5.48127 -2.44042 6.49452
    endloop
  endfacet
  facet normal -0.207926 0.978145 0
    outer loop
      vertex 1.8541 -5.70634 -6.49452
      vertex 1.73574 -5.7315 -0.772799
      vertex 1.8541 -5.70634 -0.408507
    endloop
  endfacet
  facet normal -0.207886 0.978153 8.74193e-07
    outer loop
      vertex 1.8541 -5.70634 -6.49452
      vertex 1.53713 -5.77371 -1.11679
      vertex 1.73574 -5.7315 -0.772799
    endloop
  endfacet
  facet normal -0.207933 0.978143 -2.0595e-06
    outer loop
      vertex 1.8541 -5.70634 -6.49452
      vertex 1.27135 -5.83021 -1.41197
      vertex 1.53713 -5.77371 -1.11679
    endloop
  endfacet
  facet normal -0.207898 0.97815 2.10049e-06
    outer loop
      vertex 1.8541 -5.70634 -6.49452
      vertex 0.95 -5.89851 -1.64545
      vertex 1.27135 -5.83021 -1.41197
    endloop
  endfacet
  facet normal -0.207913 0.978147 -7.46041e-07
    outer loop
      vertex 1.8541 -5.70634 -6.49452
      vertex 0.627171 -5.96713 -1.78918
      vertex 0.95 -5.89851 -1.64545
    endloop
  endfacet
  facet normal -0.20791 0.978148 0
    outer loop
      vertex 0.627171 -5.96713 -1.78918
      vertex 1.8541 -5.70634 -6.49452
      vertex 0.627171 -5.96713 -6.49452
    endloop
  endfacet
  facet normal -0.20791 0.978148 0
    outer loop
      vertex 1.8541 -5.70634 6.49452
      vertex 0.627171 -5.96713 1.78918
      vertex 0.627171 -5.96713 6.49452
    endloop
  endfacet
  facet normal -0.207913 0.978147 7.46041e-07
    outer loop
      vertex 1.8541 -5.70634 6.49452
      vertex 0.95 -5.89851 1.64545
      vertex 0.627171 -5.96713 1.78918
    endloop
  endfacet
  facet normal -0.207898 0.97815 -2.10049e-06
    outer loop
      vertex 1.8541 -5.70634 6.49452
      vertex 1.27135 -5.83021 1.41197
      vertex 0.95 -5.89851 1.64545
    endloop
  endfacet
  facet normal -0.207933 0.978143 2.0595e-06
    outer loop
      vertex 1.8541 -5.70634 6.49452
      vertex 1.53713 -5.77371 1.11679
      vertex 1.27135 -5.83021 1.41197
    endloop
  endfacet
  facet normal -0.207886 0.978153 -8.74193e-07
    outer loop
      vertex 1.8541 -5.70634 6.49452
      vertex 1.73574 -5.7315 0.772799
      vertex 1.53713 -5.77371 1.11679
    endloop
  endfacet
  facet normal -0.207926 0.978145 0
    outer loop
      vertex 1.73574 -5.7315 0.772799
      vertex 1.8541 -5.70634 6.49452
      vertex 1.8541 -5.70634 0.408507
    endloop
  endfacet
  facet normal -0.406738 -0.913545 0
    outer loop
      vertex 1.8541 5.70634 -6.49452
      vertex 3 5.19615 6.49452
      vertex 1.8541 5.70634 6.49452
    endloop
  endfacet
  facet normal -0.406738 -0.913545 -0
    outer loop
      vertex 3 5.19615 6.49452
      vertex 1.8541 5.70634 -6.49452
      vertex 3 5.19615 -6.49452
    endloop
  endfacet
  facet normal 0.951055 -0.309022 0
    outer loop
      vertex -5.86889 1.24747 6.49452
      vertex -5.48127 2.44042 -6.49452
      vertex -5.48127 2.44042 6.49452
    endloop
  endfacet
  facet normal 0.951055 -0.309022 0
    outer loop
      vertex -5.48127 2.44042 -6.49452
      vertex -5.86889 1.24747 6.49452
      vertex -5.86889 1.24747 -6.49452
    endloop
  endfacet
  facet normal 0.994522 -0.104525 0
    outer loop
      vertex -6 0 6.49452
      vertex -5.86889 1.24747 -6.49452
      vertex -5.86889 1.24747 6.49452
    endloop
  endfacet
  facet normal 0.994522 -0.104525 0
    outer loop
      vertex -5.86889 1.24747 -6.49452
      vertex -6 0 6.49452
      vertex -6 0 -6.49452
    endloop
  endfacet
  facet normal 0.20791 -0.978148 0
    outer loop
      vertex -1.8541 5.70634 -6.49452
      vertex -0.627171 5.96713 6.49452
      vertex -1.8541 5.70634 6.49452
    endloop
  endfacet
  facet normal 0.20791 -0.978148 0
    outer loop
      vertex -0.627171 5.96713 6.49452
      vertex -1.8541 5.70634 -6.49452
      vertex -0.627171 5.96713 -6.49452
    endloop
  endfacet
  facet normal -0.743123 -0.669155 0
    outer loop
      vertex 4.8541 3.52671 -6.49452
      vertex 4.82687 3.55695 6.49452
      vertex 4.82687 3.55695 -6.49452
    endloop
  endfacet
  facet normal -0.743123 -0.669155 0
    outer loop
      vertex 4.82687 3.55695 6.49452
      vertex 4.8541 3.52671 -6.49452
      vertex 4.8541 3.52671 6.49452
    endloop
  endfacet
  facet normal 0.743145 0.66913 0
    outer loop
      vertex -4.01478 -4.45887 6.49452
      vertex -4.8541 -3.52671 -6.49452
      vertex -4.8541 -3.52671 6.49452
    endloop
  endfacet
  facet normal 0.743145 0.66913 0
    outer loop
      vertex -4.8541 -3.52671 -6.49452
      vertex -4.01478 -4.45887 6.49452
      vertex -4.01478 -4.45887 -6.49452
    endloop
  endfacet
  facet normal 0.866025 0.5 0
    outer loop
      vertex -4.8541 -3.52671 6.49452
      vertex -5.48127 -2.44042 -6.49452
      vertex -5.48127 -2.44042 6.49452
    endloop
  endfacet
  facet normal 0.866025 0.5 0
    outer loop
      vertex -5.48127 -2.44042 -6.49452
      vertex -4.8541 -3.52671 6.49452
      vertex -4.8541 -3.52671 -6.49452
    endloop
  endfacet
  facet normal 0.743254 -0.669009 0
    outer loop
      vertex -4.8541 3.52671 6.49452
      vertex -4.82905 3.55454 -6.49452
      vertex -4.82905 3.55454 6.49452
    endloop
  endfacet
  facet normal 0.743254 -0.669009 0
    outer loop
      vertex -4.82905 3.55454 -6.49452
      vertex -4.8541 3.52671 6.49452
      vertex -4.8541 3.52671 -6.49452
    endloop
  endfacet
  facet normal 0.587777 -0.809023 0
    outer loop
      vertex -3.52093 4.81768 -6.49452
      vertex -3 5.19615 6.49452
      vertex -3.52093 4.81768 6.49452
    endloop
  endfacet
  facet normal 0.587777 -0.809023 0
    outer loop
      vertex -3 5.19615 6.49452
      vertex -3.52093 4.81768 -6.49452
      vertex -3 5.19615 -6.49452
    endloop
  endfacet
  facet normal -0.866025 0.5 0
    outer loop
      vertex 4.8541 -3.52671 -6.49452
      vertex 5.48127 -2.44042 6.49452
      vertex 5.48127 -2.44042 -6.49452
    endloop
  endfacet
  facet normal -0.866025 0.5 0
    outer loop
      vertex 5.48127 -2.44042 6.49452
      vertex 4.8541 -3.52671 -6.49452
      vertex 4.8541 -3.52671 6.49452
    endloop
  endfacet
  facet normal 0.406738 0.913545 -0
    outer loop
      vertex -1.8541 -5.70634 0.408507
      vertex -3 -5.19615 6.49452
      vertex -1.8541 -5.70634 6.49452
    endloop
  endfacet
  facet normal 0.406726 0.91355 -2.76033e-06
    outer loop
      vertex -1.85848 -5.70439 0.395032
      vertex -3 -5.19615 6.49452
      vertex -1.8541 -5.70634 0.408507
    endloop
  endfacet
  facet normal 0.406765 0.913533 5.94157e-06
    outer loop
      vertex -1.9 -5.6859 0
      vertex -3 -5.19615 6.49452
      vertex -1.85848 -5.70439 0.395032
    endloop
  endfacet
  facet normal 0.406765 0.913533 -5.94157e-06
    outer loop
      vertex -3 -5.19615 -6.49452
      vertex -1.9 -5.6859 0
      vertex -1.85848 -5.70439 -0.395032
    endloop
  endfacet
  facet normal 0.406738 0.913545 0
    outer loop
      vertex -3 -5.19615 -6.49452
      vertex -1.8541 -5.70634 -0.408507
      vertex -1.8541 -5.70634 -6.49452
    endloop
  endfacet
  facet normal 0.406726 0.91355 2.76033e-06
    outer loop
      vertex -1.8541 -5.70634 -0.408507
      vertex -3 -5.19615 -6.49452
      vertex -1.85848 -5.70439 -0.395032
    endloop
  endfacet
  facet normal 0.406736 0.913546 0
    outer loop
      vertex -1.9 -5.6859 0
      vertex -3 -5.19615 -6.49452
      vertex -3 -5.19615 6.49452
    endloop
  endfacet
  facet normal 0.20791 0.978148 0
    outer loop
      vertex -1.8541 -5.70634 -6.49452
      vertex -0.627171 -5.96713 -1.78918
      vertex -0.627171 -5.96713 -6.49452
    endloop
  endfacet
  facet normal 0.207913 0.978147 -7.46041e-07
    outer loop
      vertex -0.627171 -5.96713 -1.78918
      vertex -1.8541 -5.70634 -6.49452
      vertex -0.95 -5.89851 -1.64545
    endloop
  endfacet
  facet normal 0.207898 0.97815 2.10049e-06
    outer loop
      vertex -0.95 -5.89851 -1.64545
      vertex -1.8541 -5.70634 -6.49452
      vertex -1.27135 -5.83021 -1.41197
    endloop
  endfacet
  facet normal 0.207933 0.978143 -2.0595e-06
    outer loop
      vertex -1.27135 -5.83021 -1.41197
      vertex -1.8541 -5.70634 -6.49452
      vertex -1.53713 -5.77371 -1.11679
    endloop
  endfacet
  facet normal 0.207886 0.978153 8.74193e-07
    outer loop
      vertex -1.53713 -5.77371 -1.11679
      vertex -1.8541 -5.70634 -6.49452
      vertex -1.73574 -5.7315 -0.772799
    endloop
  endfacet
  facet normal 0.207926 0.978145 0
    outer loop
      vertex -1.73574 -5.7315 -0.772799
      vertex -1.8541 -5.70634 -6.49452
      vertex -1.8541 -5.70634 -0.408507
    endloop
  endfacet
  facet normal 0.20791 0.978148 -0
    outer loop
      vertex -0.627171 -5.96713 1.78918
      vertex -1.8541 -5.70634 6.49452
      vertex -0.627171 -5.96713 6.49452
    endloop
  endfacet
  facet normal 0.207913 0.978147 7.46041e-07
    outer loop
      vertex -0.95 -5.89851 1.64545
      vertex -1.8541 -5.70634 6.49452
      vertex -0.627171 -5.96713 1.78918
    endloop
  endfacet
  facet normal 0.207898 0.97815 -2.10049e-06
    outer loop
      vertex -1.27135 -5.83021 1.41197
      vertex -1.8541 -5.70634 6.49452
      vertex -0.95 -5.89851 1.64545
    endloop
  endfacet
  facet normal 0.207933 0.978143 2.0595e-06
    outer loop
      vertex -1.53713 -5.77371 1.11679
      vertex -1.8541 -5.70634 6.49452
      vertex -1.27135 -5.83021 1.41197
    endloop
  endfacet
  facet normal 0.207886 0.978153 -8.74193e-07
    outer loop
      vertex -1.73574 -5.7315 0.772799
      vertex -1.8541 -5.70634 6.49452
      vertex -1.53713 -5.77371 1.11679
    endloop
  endfacet
  facet normal 0.207926 0.978145 0
    outer loop
      vertex -1.8541 -5.70634 6.49452
      vertex -1.73574 -5.7315 0.772799
      vertex -1.8541 -5.70634 0.408507
    endloop
  endfacet
  facet normal 0 -1 0
    outer loop
      vertex -0.627171 5.96713 -6.49452
      vertex 0.627171 5.96713 6.49452
      vertex -0.627171 5.96713 6.49452
    endloop
  endfacet
  facet normal 0 -1 -0
    outer loop
      vertex 0.627171 5.96713 6.49452
      vertex -0.627171 5.96713 -6.49452
      vertex 0.627171 5.96713 -6.49452
    endloop
  endfacet
  facet normal 0.951055 0.309022 0
    outer loop
      vertex -5.48127 -2.44042 6.49452
      vertex -5.86889 -1.24747 -6.49452
      vertex -5.86889 -1.24747 6.49452
    endloop
  endfacet
  facet normal 0.951055 0.309022 0
    outer loop
      vertex -5.86889 -1.24747 -6.49452
      vertex -5.48127 -2.44042 6.49452
      vertex -5.48127 -2.44042 -6.49452
    endloop
  endfacet
  facet normal -0.743145 0.66913 0
    outer loop
      vertex 4.01478 -4.45887 -6.49452
      vertex 4.8541 -3.52671 6.49452
      vertex 4.8541 -3.52671 -6.49452
    endloop
  endfacet
  facet normal -0.743145 0.66913 0
    outer loop
      vertex 4.8541 -3.52671 6.49452
      vertex 4.01478 -4.45887 -6.49452
      vertex 4.01478 -4.45887 6.49452
    endloop
  endfacet
  facet normal -0.454117 -0.890942 0
    outer loop
      vertex -3.53072 4.82267 -6.49452
      vertex -3.52093 4.81768 6.49452
      vertex -3.53072 4.82267 6.49452
    endloop
  endfacet
  facet normal -0.454117 -0.890942 -0
    outer loop
      vertex -3.52093 4.81768 6.49452
      vertex -3.53072 4.82267 -6.49452
      vertex -3.52093 4.81768 -6.49452
    endloop
  endfacet
  facet normal -0.258788 -0.965934 0
    outer loop
      vertex -3.73265 4.87677 -6.49452
      vertex -3.53072 4.82267 6.49452
      vertex -3.73265 4.87677 6.49452
    endloop
  endfacet
  facet normal -0.258788 -0.965934 -0
    outer loop
      vertex -3.53072 4.82267 6.49452
      vertex -3.73265 4.87677 -6.49452
      vertex -3.53072 4.82267 -6.49452
    endloop
  endfacet
  facet normal 0.156459 -0.987684 0
    outer loop
      vertex -4.14791 4.85501 -6.49452
      vertex -3.94142 4.88772 6.49452
      vertex -4.14791 4.85501 6.49452
    endloop
  endfacet
  facet normal 0.156459 -0.987684 0
    outer loop
      vertex -3.94142 4.88772 6.49452
      vertex -4.14791 4.85501 -6.49452
      vertex -3.94142 4.88772 -6.49452
    endloop
  endfacet
  facet normal 0.998627 0.0523781 0
    outer loop
      vertex -4.87677 3.73265 6.49452
      vertex -4.88772 3.94142 -6.49452
      vertex -4.88772 3.94142 6.49452
    endloop
  endfacet
  facet normal 0.998627 0.0523781 0
    outer loop
      vertex -4.88772 3.94142 -6.49452
      vertex -4.87677 3.73265 6.49452
      vertex -4.87677 3.73265 -6.49452
    endloop
  endfacet
  facet normal 0.707107 -0.707107 0
    outer loop
      vertex -4.66623 4.51841 6.49452
      vertex -4.51841 4.66623 -6.49452
      vertex -4.51841 4.66623 6.49452
    endloop
  endfacet
  facet normal 0.707107 -0.707107 0
    outer loop
      vertex -4.51841 4.66623 -6.49452
      vertex -4.66623 4.51841 6.49452
      vertex -4.66623 4.51841 -6.49452
    endloop
  endfacet
  facet normal 0.933578 -0.358373 0
    outer loop
      vertex -4.85501 4.14791 6.49452
      vertex -4.78009 4.34308 -6.49452
      vertex -4.78009 4.34308 6.49452
    endloop
  endfacet
  facet normal 0.933578 -0.358373 0
    outer loop
      vertex -4.78009 4.34308 -6.49452
      vertex -4.85501 4.14791 6.49452
      vertex -4.85501 4.14791 -6.49452
    endloop
  endfacet
  facet normal 0.965932 0.258797 0
    outer loop
      vertex -4.82905 3.55454 6.49452
      vertex -4.87677 3.73265 -6.49452
      vertex -4.87677 3.73265 6.49452
    endloop
  endfacet
  facet normal 0.965932 0.258797 0
    outer loop
      vertex -4.87677 3.73265 -6.49452
      vertex -4.82905 3.55454 6.49452
      vertex -4.82905 3.55454 -6.49452
    endloop
  endfacet
  facet normal -0.0523781 -0.998627 0
    outer loop
      vertex -3.94142 4.88772 -6.49452
      vertex -3.73265 4.87677 6.49452
      vertex -3.94142 4.88772 6.49452
    endloop
  endfacet
  facet normal -0.0523781 -0.998627 -0
    outer loop
      vertex -3.73265 4.87677 6.49452
      vertex -3.94142 4.88772 -6.49452
      vertex -3.73265 4.87677 -6.49452
    endloop
  endfacet
  facet normal 0.544637 -0.838672 0
    outer loop
      vertex -4.51841 4.66623 -6.49452
      vertex -4.34308 4.78009 6.49452
      vertex -4.51841 4.66623 6.49452
    endloop
  endfacet
  facet normal 0.544637 -0.838672 0
    outer loop
      vertex -4.34308 4.78009 6.49452
      vertex -4.51841 4.66623 -6.49452
      vertex -4.34308 4.78009 -6.49452
    endloop
  endfacet
  facet normal 0.838672 -0.544637 0
    outer loop
      vertex -4.78009 4.34308 6.49452
      vertex -4.66623 4.51841 -6.49452
      vertex -4.66623 4.51841 6.49452
    endloop
  endfacet
  facet normal 0.838672 -0.544637 0
    outer loop
      vertex -4.66623 4.51841 -6.49452
      vertex -4.78009 4.34308 6.49452
      vertex -4.78009 4.34308 -6.49452
    endloop
  endfacet
  facet normal 0.358373 -0.933578 0
    outer loop
      vertex -4.34308 4.78009 -6.49452
      vertex -4.14791 4.85501 6.49452
      vertex -4.34308 4.78009 6.49452
    endloop
  endfacet
  facet normal 0.358373 -0.933578 0
    outer loop
      vertex -4.14791 4.85501 6.49452
      vertex -4.34308 4.78009 -6.49452
      vertex -4.14791 4.85501 -6.49452
    endloop
  endfacet
  facet normal 0.987684 -0.156459 0
    outer loop
      vertex -4.88772 3.94142 6.49452
      vertex -4.85501 4.14791 -6.49452
      vertex -4.85501 4.14791 6.49452
    endloop
  endfacet
  facet normal 0.987684 -0.156459 0
    outer loop
      vertex -4.85501 4.14791 -6.49452
      vertex -4.88772 3.94142 6.49452
      vertex -4.88772 3.94142 -6.49452
    endloop
  endfacet
  facet normal -0.987683 0.156466 0
    outer loop
      vertex 4.85501 3.63027 -6.49452
      vertex 4.88772 3.83675 6.49452
      vertex 4.88772 3.83675 -6.49452
    endloop
  endfacet
  facet normal -0.987683 0.156466 0
    outer loop
      vertex 4.88772 3.83675 6.49452
      vertex 4.85501 3.63027 -6.49452
      vertex 4.85501 3.63027 6.49452
    endloop
  endfacet
  facet normal -0.777117 -0.629356 0
    outer loop
      vertex 4.72776 4.43373 -6.49452
      vertex 4.59619 4.59619 6.49452
      vertex 4.59619 4.59619 -6.49452
    endloop
  endfacet
  facet normal -0.777117 -0.629356 0
    outer loop
      vertex 4.59619 4.59619 6.49452
      vertex 4.72776 4.43373 -6.49452
      vertex 4.72776 4.43373 6.49452
    endloop
  endfacet
  facet normal -0.258788 -0.965934 0
    outer loop
      vertex 4.04552 4.87677 -6.49452
      vertex 4.24745 4.82267 6.49452
      vertex 4.04552 4.87677 6.49452
    endloop
  endfacet
  facet normal -0.258788 -0.965934 -0
    outer loop
      vertex 4.24745 4.82267 6.49452
      vertex 4.04552 4.87677 -6.49452
      vertex 4.24745 4.82267 -6.49452
    endloop
  endfacet
  facet normal -0.629356 -0.777117 0
    outer loop
      vertex 4.43373 4.72776 -6.49452
      vertex 4.59619 4.59619 6.49452
      vertex 4.43373 4.72776 6.49452
    endloop
  endfacet
  facet normal -0.629356 -0.777117 -0
    outer loop
      vertex 4.59619 4.59619 6.49452
      vertex 4.43373 4.72776 -6.49452
      vertex 4.59619 4.59619 -6.49452
    endloop
  endfacet
  facet normal -0.933601 0.358313 0
    outer loop
      vertex 4.82687 3.55695 -6.49452
      vertex 4.85501 3.63027 6.49452
      vertex 4.85501 3.63027 -6.49452
    endloop
  endfacet
  facet normal -0.933601 0.358313 0
    outer loop
      vertex 4.85501 3.63027 6.49452
      vertex 4.82687 3.55695 -6.49452
      vertex 4.82687 3.55695 6.49452
    endloop
  endfacet
  facet normal -0.453974 -0.891015 0
    outer loop
      vertex 4.24745 4.82267 -6.49452
      vertex 4.43373 4.72776 6.49452
      vertex 4.24745 4.82267 6.49452
    endloop
  endfacet
  facet normal -0.453974 -0.891015 -0
    outer loop
      vertex 4.43373 4.72776 6.49452
      vertex 4.24745 4.82267 -6.49452
      vertex 4.43373 4.72776 -6.49452
    endloop
  endfacet
  facet normal -0.891015 -0.453974 0
    outer loop
      vertex 4.82267 4.24745 -6.49452
      vertex 4.72776 4.43373 6.49452
      vertex 4.72776 4.43373 -6.49452
    endloop
  endfacet
  facet normal -0.891015 -0.453974 0
    outer loop
      vertex 4.72776 4.43373 6.49452
      vertex 4.82267 4.24745 -6.49452
      vertex 4.82267 4.24745 6.49452
    endloop
  endfacet
  facet normal 0.35836 -0.933583 0
    outer loop
      vertex 3.5251 4.81464 -6.49452
      vertex 3.63027 4.85501 6.49452
      vertex 3.5251 4.81464 6.49452
    endloop
  endfacet
  facet normal 0.35836 -0.933583 0
    outer loop
      vertex 3.63027 4.85501 6.49452
      vertex 3.5251 4.81464 -6.49452
      vertex 3.63027 4.85501 -6.49452
    endloop
  endfacet
  facet normal -0.965934 -0.258788 0
    outer loop
      vertex 4.87677 4.04552 -6.49452
      vertex 4.82267 4.24745 6.49452
      vertex 4.82267 4.24745 -6.49452
    endloop
  endfacet
  facet normal -0.965934 -0.258788 0
    outer loop
      vertex 4.82267 4.24745 6.49452
      vertex 4.87677 4.04552 -6.49452
      vertex 4.87677 4.04552 6.49452
    endloop
  endfacet
  facet normal -0.998627 -0.0523781 0
    outer loop
      vertex 4.88772 3.83675 -6.49452
      vertex 4.87677 4.04552 6.49452
      vertex 4.87677 4.04552 -6.49452
    endloop
  endfacet
  facet normal -0.998627 -0.0523781 0
    outer loop
      vertex 4.87677 4.04552 6.49452
      vertex 4.88772 3.83675 -6.49452
      vertex 4.88772 3.83675 6.49452
    endloop
  endfacet
  facet normal 0.156466 -0.987683 0
    outer loop
      vertex 3.63027 4.85501 -6.49452
      vertex 3.83675 4.88772 6.49452
      vertex 3.63027 4.85501 6.49452
    endloop
  endfacet
  facet normal 0.156466 -0.987683 0
    outer loop
      vertex 3.83675 4.88772 6.49452
      vertex 3.63027 4.85501 -6.49452
      vertex 3.83675 4.88772 -6.49452
    endloop
  endfacet
  facet normal -0.0523781 -0.998627 0
    outer loop
      vertex 3.83675 4.88772 -6.49452
      vertex 4.04552 4.87677 6.49452
      vertex 3.83675 4.88772 6.49452
    endloop
  endfacet
  facet normal -0.0523781 -0.998627 -0
    outer loop
      vertex 4.04552 4.87677 6.49452
      vertex 3.83675 4.88772 -6.49452
      vertex 4.04552 4.87677 -6.49452
    endloop
  endfacet
  facet normal -0.951059 0 0.309008
    outer loop
      vertex 1.85848 -9.49452 -0.395032
      vertex 1.73574 -5.7315 -0.772799
      vertex 1.73574 -9.49452 -0.772799
    endloop
  endfacet
  facet normal -0.951061 -4.80897e-07 0.309004
    outer loop
      vertex 1.73574 -5.7315 -0.772799
      vertex 1.85848 -9.49452 -0.395032
      vertex 1.8541 -5.70634 -0.408507
    endloop
  endfacet
  facet normal -0.951021 0 0.309126
    outer loop
      vertex 1.8541 -5.70634 -0.408507
      vertex 1.85848 -9.49452 -0.395032
      vertex 1.85848 -5.70439 -0.395032
    endloop
  endfacet
  facet normal -0.994522 0 -0.10453
    outer loop
      vertex 1.9 -9.49452 0
      vertex 1.85848 -5.70439 0.395032
      vertex 1.9 -5.6859 0
    endloop
  endfacet
  facet normal -0.994522 -0 -0.10453
    outer loop
      vertex 1.85848 -5.70439 0.395032
      vertex 1.9 -9.49452 0
      vertex 1.85848 -9.49452 0.395032
    endloop
  endfacet
  facet normal 0.866018 0 -0.500013
    outer loop
      vertex -1.73574 -9.49452 0.772799
      vertex -1.53713 -5.77371 1.11679
      vertex -1.53713 -9.49452 1.11679
    endloop
  endfacet
  facet normal 0.866018 0 -0.500013
    outer loop
      vertex -1.53713 -5.77371 1.11679
      vertex -1.73574 -9.49452 0.772799
      vertex -1.73574 -5.7315 0.772799
    endloop
  endfacet
  facet normal -0.587794 -0 -0.80901
    outer loop
      vertex 0.95 -5.89851 1.64545
      vertex 1.27135 -9.49452 1.41197
      vertex 0.95 -9.49452 1.64545
    endloop
  endfacet
  facet normal -0.587794 0 -0.80901
    outer loop
      vertex 1.27135 -9.49452 1.41197
      vertex 0.95 -5.89851 1.64545
      vertex 1.27135 -5.83021 1.41197
    endloop
  endfacet
  facet normal 0 0 -1
    outer loop
      vertex -0.198604 -9.49452 1.88959
      vertex 0.198604 -5.96713 1.88959
      vertex 0.198604 -9.49452 1.88959
    endloop
  endfacet
  facet normal -0 0 -1
    outer loop
      vertex 0.198604 -5.96713 1.88959
      vertex -0.198604 -9.49452 1.88959
      vertex -0.198604 -5.96713 1.88959
    endloop
  endfacet
  facet normal -0.866018 0 -0.500013
    outer loop
      vertex 1.73574 -9.49452 0.772799
      vertex 1.53713 -5.77371 1.11679
      vertex 1.73574 -5.7315 0.772799
    endloop
  endfacet
  facet normal -0.866018 -0 -0.500013
    outer loop
      vertex 1.53713 -5.77371 1.11679
      vertex 1.73574 -9.49452 0.772799
      vertex 1.53713 -9.49452 1.11679
    endloop
  endfacet
  facet normal 0.743146 0 -0.669129
    outer loop
      vertex -1.53713 -9.49452 1.11679
      vertex -1.27135 -5.83021 1.41197
      vertex -1.27135 -9.49452 1.41197
    endloop
  endfacet
  facet normal 0.743146 0 -0.669129
    outer loop
      vertex -1.27135 -5.83021 1.41197
      vertex -1.53713 -9.49452 1.11679
      vertex -1.53713 -5.77371 1.11679
    endloop
  endfacet
  facet normal 0.994522 0 -0.10453
    outer loop
      vertex -1.9 -9.49452 0
      vertex -1.85848 -5.70439 0.395032
      vertex -1.85848 -9.49452 0.395032
    endloop
  endfacet
  facet normal 0.994522 0 -0.10453
    outer loop
      vertex -1.85848 -5.70439 0.395032
      vertex -1.9 -9.49452 0
      vertex -1.9 -5.6859 0
    endloop
  endfacet
  facet normal -0.866018 0 0.500013
    outer loop
      vertex 1.73574 -9.49452 -0.772799
      vertex 1.53713 -5.77371 -1.11679
      vertex 1.53713 -9.49452 -1.11679
    endloop
  endfacet
  facet normal -0.866018 0 0.500013
    outer loop
      vertex 1.53713 -5.77371 -1.11679
      vertex 1.73574 -9.49452 -0.772799
      vertex 1.73574 -5.7315 -0.772799
    endloop
  endfacet
  facet normal 0.951059 0 -0.309008
    outer loop
      vertex -1.85848 -9.49452 0.395032
      vertex -1.73574 -5.7315 0.772799
      vertex -1.73574 -9.49452 0.772799
    endloop
  endfacet
  facet normal 0.951061 -4.80897e-07 -0.309004
    outer loop
      vertex -1.73574 -5.7315 0.772799
      vertex -1.85848 -9.49452 0.395032
      vertex -1.8541 -5.70634 0.408507
    endloop
  endfacet
  facet normal 0.951021 0 -0.309126
    outer loop
      vertex -1.8541 -5.70634 0.408507
      vertex -1.85848 -9.49452 0.395032
      vertex -1.85848 -5.70439 0.395032
    endloop
  endfacet
  facet normal -0.743146 0 -0.669129
    outer loop
      vertex 1.53713 -9.49452 1.11679
      vertex 1.27135 -5.83021 1.41197
      vertex 1.53713 -5.77371 1.11679
    endloop
  endfacet
  facet normal -0.743146 -0 -0.669129
    outer loop
      vertex 1.27135 -5.83021 1.41197
      vertex 1.53713 -9.49452 1.11679
      vertex 1.27135 -9.49452 1.41197
    endloop
  endfacet
  facet normal -0.40673 0 0.913548
    outer loop
      vertex 0.627171 -5.96713 -1.78918
      vertex 0.95 -9.49452 -1.64545
      vertex 0.95 -5.89851 -1.64545
    endloop
  endfacet
  facet normal -0.406803 0 0.913516
    outer loop
      vertex 0.587132 -9.49452 -1.80701
      vertex 0.627171 -5.96713 -1.78918
      vertex 0.587132 -5.96713 -1.80701
    endloop
  endfacet
  facet normal -0.406738 -8.81872e-07 0.913545
    outer loop
      vertex 0.627171 -5.96713 -1.78918
      vertex 0.587132 -9.49452 -1.80701
      vertex 0.95 -9.49452 -1.64545
    endloop
  endfacet
  facet normal 0.994522 -0 0.10453
    outer loop
      vertex -1.9 -9.49452 0
      vertex -1.85848 -5.70439 -0.395032
      vertex -1.9 -5.6859 0
    endloop
  endfacet
  facet normal 0.994522 0 0.10453
    outer loop
      vertex -1.85848 -5.70439 -0.395032
      vertex -1.9 -9.49452 0
      vertex -1.85848 -9.49452 -0.395032
    endloop
  endfacet
  facet normal 0.406803 0 0.913516
    outer loop
      vertex -0.627171 -5.96713 -1.78918
      vertex -0.587132 -9.49452 -1.80701
      vertex -0.587132 -5.96713 -1.80701
    endloop
  endfacet
  facet normal 0.40673 -0 0.913548
    outer loop
      vertex -0.95 -9.49452 -1.64545
      vertex -0.627171 -5.96713 -1.78918
      vertex -0.95 -5.89851 -1.64545
    endloop
  endfacet
  facet normal 0.406738 -8.81872e-07 0.913545
    outer loop
      vertex -0.627171 -5.96713 -1.78918
      vertex -0.95 -9.49452 -1.64545
      vertex -0.587132 -9.49452 -1.80701
    endloop
  endfacet
  facet normal -0.994522 0 0.10453
    outer loop
      vertex 1.9 -9.49452 0
      vertex 1.85848 -5.70439 -0.395032
      vertex 1.85848 -9.49452 -0.395032
    endloop
  endfacet
  facet normal -0.994522 0 0.10453
    outer loop
      vertex 1.85848 -5.70439 -0.395032
      vertex 1.9 -9.49452 0
      vertex 1.9 -5.6859 0
    endloop
  endfacet
  facet normal -0.587794 0 0.80901
    outer loop
      vertex 0.95 -5.89851 -1.64545
      vertex 1.27135 -9.49452 -1.41197
      vertex 1.27135 -5.83021 -1.41197
    endloop
  endfacet
  facet normal -0.587794 0 0.80901
    outer loop
      vertex 1.27135 -9.49452 -1.41197
      vertex 0.95 -5.89851 -1.64545
      vertex 0.95 -9.49452 -1.64545
    endloop
  endfacet
  facet normal 0.406803 0 -0.913516
    outer loop
      vertex -0.587132 -9.49452 1.80701
      vertex -0.627171 -5.96713 1.78918
      vertex -0.587132 -5.96713 1.80701
    endloop
  endfacet
  facet normal 0.406738 -8.81872e-07 -0.913545
    outer loop
      vertex -0.95 -9.49452 1.64545
      vertex -0.627171 -5.96713 1.78918
      vertex -0.587132 -9.49452 1.80701
    endloop
  endfacet
  facet normal 0.40673 0 -0.913548
    outer loop
      vertex -0.627171 -5.96713 1.78918
      vertex -0.95 -9.49452 1.64545
      vertex -0.95 -5.89851 1.64545
    endloop
  endfacet
  facet normal -0.207902 0 -0.97815
    outer loop
      vertex 0.198604 -9.49452 1.88959
      vertex 0.587132 -5.96713 1.80701
      vertex 0.587132 -9.49452 1.80701
    endloop
  endfacet
  facet normal -0.207902 0 -0.97815
    outer loop
      vertex 0.587132 -5.96713 1.80701
      vertex 0.198604 -9.49452 1.88959
      vertex 0.198604 -5.96713 1.88959
    endloop
  endfacet
  facet normal -0.951021 0 -0.309126
    outer loop
      vertex 1.85848 -9.49452 0.395032
      vertex 1.8541 -5.70634 0.408507
      vertex 1.85848 -5.70439 0.395032
    endloop
  endfacet
  facet normal -0.951061 -4.80897e-07 -0.309004
    outer loop
      vertex 1.85848 -9.49452 0.395032
      vertex 1.73574 -5.7315 0.772799
      vertex 1.8541 -5.70634 0.408507
    endloop
  endfacet
  facet normal -0.951059 -0 -0.309008
    outer loop
      vertex 1.73574 -5.7315 0.772799
      vertex 1.85848 -9.49452 0.395032
      vertex 1.73574 -9.49452 0.772799
    endloop
  endfacet
  facet normal 0.587794 0 -0.80901
    outer loop
      vertex -1.27135 -9.49452 1.41197
      vertex -0.95 -5.89851 1.64545
      vertex -0.95 -9.49452 1.64545
    endloop
  endfacet
  facet normal 0.587794 0 -0.80901
    outer loop
      vertex -0.95 -5.89851 1.64545
      vertex -1.27135 -9.49452 1.41197
      vertex -1.27135 -5.83021 1.41197
    endloop
  endfacet
  facet normal 0.743146 -0 0.669129
    outer loop
      vertex -1.53713 -9.49452 -1.11679
      vertex -1.27135 -5.83021 -1.41197
      vertex -1.53713 -5.77371 -1.11679
    endloop
  endfacet
  facet normal 0.743146 0 0.669129
    outer loop
      vertex -1.27135 -5.83021 -1.41197
      vertex -1.53713 -9.49452 -1.11679
      vertex -1.27135 -9.49452 -1.41197
    endloop
  endfacet
  facet normal 0.207902 0 -0.97815
    outer loop
      vertex -0.587132 -9.49452 1.80701
      vertex -0.198604 -5.96713 1.88959
      vertex -0.198604 -9.49452 1.88959
    endloop
  endfacet
  facet normal 0.207902 0 -0.97815
    outer loop
      vertex -0.198604 -5.96713 1.88959
      vertex -0.587132 -9.49452 1.80701
      vertex -0.587132 -5.96713 1.80701
    endloop
  endfacet
  facet normal -0.40673 0 -0.913548
    outer loop
      vertex 0.95 -9.49452 1.64545
      vertex 0.627171 -5.96713 1.78918
      vertex 0.95 -5.89851 1.64545
    endloop
  endfacet
  facet normal -0.406738 -8.81872e-07 -0.913545
    outer loop
      vertex 0.587132 -9.49452 1.80701
      vertex 0.627171 -5.96713 1.78918
      vertex 0.95 -9.49452 1.64545
    endloop
  endfacet
  facet normal -0.406803 0 -0.913516
    outer loop
      vertex 0.627171 -5.96713 1.78918
      vertex 0.587132 -9.49452 1.80701
      vertex 0.587132 -5.96713 1.80701
    endloop
  endfacet
  facet normal 0.866018 -0 0.500013
    outer loop
      vertex -1.73574 -9.49452 -0.772799
      vertex -1.53713 -5.77371 -1.11679
      vertex -1.73574 -5.7315 -0.772799
    endloop
  endfacet
  facet normal 0.866018 0 0.500013
    outer loop
      vertex -1.53713 -5.77371 -1.11679
      vertex -1.73574 -9.49452 -0.772799
      vertex -1.53713 -9.49452 -1.11679
    endloop
  endfacet
  facet normal 0.587794 -0 0.80901
    outer loop
      vertex -1.27135 -9.49452 -1.41197
      vertex -0.95 -5.89851 -1.64545
      vertex -1.27135 -5.83021 -1.41197
    endloop
  endfacet
  facet normal 0.587794 0 0.80901
    outer loop
      vertex -0.95 -5.89851 -1.64545
      vertex -1.27135 -9.49452 -1.41197
      vertex -0.95 -9.49452 -1.64545
    endloop
  endfacet
  facet normal 0.207902 0 0.97815
    outer loop
      vertex -0.587132 -5.96713 -1.80701
      vertex -0.198604 -9.49452 -1.88959
      vertex -0.198604 -5.96713 -1.88959
    endloop
  endfacet
  facet normal 0.207902 0 0.97815
    outer loop
      vertex -0.198604 -9.49452 -1.88959
      vertex -0.587132 -5.96713 -1.80701
      vertex -0.587132 -9.49452 -1.80701
    endloop
  endfacet
  facet normal -0 0 1
    outer loop
      vertex -0.198604 -5.96713 -1.88959
      vertex 0.198604 -9.49452 -1.88959
      vertex 0.198604 -5.96713 -1.88959
    endloop
  endfacet
  facet normal 0 0 1
    outer loop
      vertex 0.198604 -9.49452 -1.88959
      vertex -0.198604 -5.96713 -1.88959
      vertex -0.198604 -9.49452 -1.88959
    endloop
  endfacet
  facet normal 0.951021 -0 0.309126
    outer loop
      vertex -1.85848 -9.49452 -0.395032
      vertex -1.8541 -5.70634 -0.408507
      vertex -1.85848 -5.70439 -0.395032
    endloop
  endfacet
  facet normal 0.951061 -4.80897e-07 0.309004
    outer loop
      vertex -1.85848 -9.49452 -0.395032
      vertex -1.73574 -5.7315 -0.772799
      vertex -1.8541 -5.70634 -0.408507
    endloop
  endfacet
  facet normal 0.951059 0 0.309008
    outer loop
      vertex -1.73574 -5.7315 -0.772799
      vertex -1.85848 -9.49452 -0.395032
      vertex -1.73574 -9.49452 -0.772799
    endloop
  endfacet
  facet normal -0.207902 0 0.97815
    outer loop
      vertex 0.198604 -5.96713 -1.88959
      vertex 0.587132 -9.49452 -1.80701
      vertex 0.587132 -5.96713 -1.80701
    endloop
  endfacet
  facet normal -0.207902 0 0.97815
    outer loop
      vertex 0.587132 -9.49452 -1.80701
      vertex 0.198604 -5.96713 -1.88959
      vertex 0.198604 -9.49452 -1.88959
    endloop
  endfacet
  facet normal -0.743146 0 0.669129
    outer loop
      vertex 1.53713 -9.49452 -1.11679
      vertex 1.27135 -5.83021 -1.41197
      vertex 1.27135 -9.49452 -1.41197
    endloop
  endfacet
  facet normal -0.743146 0 0.669129
    outer loop
      vertex 1.27135 -5.83021 -1.41197
      vertex 1.53713 -9.49452 -1.11679
      vertex 1.53713 -5.77371 -1.11679
    endloop
  endfacet
  facet normal 0 0 1
    outer loop
      vertex -7.35796 1.35143 4.85
      vertex -17.5 1.5 4.85
      vertex -7.5 0 4.85
    endloop
  endfacet
  facet normal -0 0 1
    outer loop
      vertex -17.5 1.5 4.85
      vertex -7.35796 1.35143 4.85
      vertex -7.34234 1.5 4.85
    endloop
  endfacet
  facet normal 0 0 1
    outer loop
      vertex -17.5 -1.5 4.85
      vertex -7.37641 -1.17589 4.85
      vertex -7.40093 -0.942566 4.85
    endloop
  endfacet
  facet normal 0 0 1
    outer loop
      vertex -17.5 -1.5 4.85
      vertex -7.41414 -0.816891 4.85
      vertex -7.5 0 4.85
    endloop
  endfacet
  facet normal 0 0 1
    outer loop
      vertex -17.5 -1.5 4.85
      vertex -7.5 0 4.85
      vertex -17.5 1.5 4.85
    endloop
  endfacet
  facet normal 0 0 1
    outer loop
      vertex -7.41414 -0.816891 4.85
      vertex -17.5 -1.5 4.85
      vertex -7.40093 -0.942566 4.85
    endloop
  endfacet
  facet normal 0 0 1
    outer loop
      vertex -7.37641 -1.17589 4.85
      vertex -17.5 -1.5 4.85
      vertex -7.35796 -1.35143 4.85
    endloop
  endfacet
  facet normal 0 0 1
    outer loop
      vertex -7.35796 -1.35143 4.85
      vertex -17.5 -1.5 4.85
      vertex -7.34234 -1.5 4.85
    endloop
  endfacet
  facet normal -0 0 -1
    outer loop
      vertex -6.80472 -0.0634497 -6.45
      vertex -17.5 -1.5 -6.45
      vertex -6.81139 0 -6.45
    endloop
  endfacet
  facet normal -0 0 -1
    outer loop
      vertex -6.66268 -1.41487 -6.45
      vertex -17.5 -1.5 -6.45
      vertex -6.80472 -0.0634497 -6.45
    endloop
  endfacet
  facet normal -0 0 -1
    outer loop
      vertex -6.66254 -1.41617 -6.45
      vertex -17.5 -1.5 -6.45
      vertex -6.66268 -1.41487 -6.45
    endloop
  endfacet
  facet normal 0 0 -1
    outer loop
      vertex -17.5 -1.5 -6.45
      vertex -6.66254 -1.41617 -6.45
      vertex -6.63531 -1.5 -6.45
    endloop
  endfacet
  facet normal 0 0 -1
    outer loop
      vertex -17.5 1.5 -6.45
      vertex -6.81139 0 -6.45
      vertex -17.5 -1.5 -6.45
    endloop
  endfacet
  facet normal 0 0 -1
    outer loop
      vertex -6.81139 0 -6.45
      vertex -17.5 1.5 -6.45
      vertex -6.80472 0.0634497 -6.45
    endloop
  endfacet
  facet normal 0 0 -1
    outer loop
      vertex -6.80472 0.0634497 -6.45
      vertex -17.5 1.5 -6.45
      vertex -6.66268 1.41487 -6.45
    endloop
  endfacet
  facet normal 0 0 -1
    outer loop
      vertex -6.66268 1.41487 -6.45
      vertex -17.5 1.5 -6.45
      vertex -6.66254 1.41617 -6.45
    endloop
  endfacet
  facet normal 0 0 -1
    outer loop
      vertex -6.66254 1.41617 -6.45
      vertex -17.5 1.5 -6.45
      vertex -6.63531 1.5 -6.45
    endloop
  endfacet
  facet normal -1 0 0
    outer loop
      vertex -17.5 -1.5 0
      vertex -17.5 1.5 -6.45
      vertex -17.5 -1.5 -6.45
    endloop
  endfacet
  facet normal -1 0 0
    outer loop
      vertex -17.5 1.5 -6.45
      vertex -17.5 -1.5 0
      vertex -17.5 1.5 4.85
    endloop
  endfacet
  facet normal -1 -0 0
    outer loop
      vertex -17.5 1.5 4.85
      vertex -17.5 -1.5 0
      vertex -17.5 -1.5 4.85
    endloop
  endfacet
  facet normal 0 1 -0
    outer loop
      vertex -13.5056 1.5 1.52169
      vertex -17.5 1.5 4.85
      vertex -7.34234 1.5 4.85
    endloop
  endfacet
  facet normal 0 1 0
    outer loop
      vertex -17.5 1.5 4.85
      vertex -13.5056 1.5 1.52169
      vertex -13.8328 1.5 1.59123
    endloop
  endfacet
  facet normal 0 1 0
    outer loop
      vertex -7.34234 1.5 4.85
      vertex -13.2 1.5 1.38564
      vertex -13.5056 1.5 1.52169
    endloop
  endfacet
  facet normal 0 1 0
    outer loop
      vertex -7.34234 1.5 4.85
      vertex -12.9294 1.5 1.18903
      vertex -13.2 1.5 1.38564
    endloop
  endfacet
  facet normal 0 1 0
    outer loop
      vertex -7.34234 1.5 4.85
      vertex -12.7056 1.5 0.940456
      vertex -12.9294 1.5 1.18903
    endloop
  endfacet
  facet normal 0 1 0
    outer loop
      vertex -7.34234 1.5 4.85
      vertex -12.5383 1.5 0.650778
      vertex -12.7056 1.5 0.940456
    endloop
  endfacet
  facet normal 0 1 0
    outer loop
      vertex -7.34234 1.5 4.85
      vertex -12.435 1.5 0.332658
      vertex -12.5383 1.5 0.650778
    endloop
  endfacet
  facet normal 0 1 0
    outer loop
      vertex -7.34234 1.5 4.85
      vertex -12.4 1.5 0
      vertex -12.435 1.5 0.332658
    endloop
  endfacet
  facet normal 0 1 -0
    outer loop
      vertex -7.34234 1.5 -5.5
      vertex -12.4 1.5 0
      vertex -7.34234 1.5 4.85
    endloop
  endfacet
  facet normal 0 1 0
    outer loop
      vertex -12.4 1.5 0
      vertex -7.34234 1.5 -5.5
      vertex -12.435 1.5 -0.332658
    endloop
  endfacet
  facet normal 0 1 0
    outer loop
      vertex -12.435 1.5 -0.332658
      vertex -7.34234 1.5 -5.5
      vertex -12.5383 1.5 -0.650778
    endloop
  endfacet
  facet normal 0 1 0
    outer loop
      vertex -12.5383 1.5 -0.650778
      vertex -7.34234 1.5 -5.5
      vertex -12.7056 1.5 -0.940456
    endloop
  endfacet
  facet normal 0 1 0
    outer loop
      vertex -7.32049 1.5 -5.70791
      vertex -13.5056 1.5 -1.52169
      vertex -7.33611 1.5 -5.55934
    endloop
  endfacet
  facet normal 0 1 0
    outer loop
      vertex -7.33611 1.5 -5.55934
      vertex -13.5056 1.5 -1.52169
      vertex -7.34234 1.5 -5.5
    endloop
  endfacet
  facet normal 0 1 0
    outer loop
      vertex -13.2 1.5 -1.38564
      vertex -7.34234 1.5 -5.5
      vertex -13.5056 1.5 -1.52169
    endloop
  endfacet
  facet normal 0 1 0
    outer loop
      vertex -12.9294 1.5 -1.18903
      vertex -7.34234 1.5 -5.5
      vertex -13.2 1.5 -1.38564
    endloop
  endfacet
  facet normal 0 1 0
    outer loop
      vertex -12.7056 1.5 -0.940456
      vertex -7.34234 1.5 -5.5
      vertex -12.9294 1.5 -1.18903
    endloop
  endfacet
  facet normal 0 1 -0
    outer loop
      vertex -14.1672 1.5 1.59123
      vertex -17.5 1.5 4.85
      vertex -13.8328 1.5 1.59123
    endloop
  endfacet
  facet normal 0 1 -0
    outer loop
      vertex -14.4944 1.5 1.52169
      vertex -17.5 1.5 4.85
      vertex -14.1672 1.5 1.59123
    endloop
  endfacet
  facet normal 0 1 -0
    outer loop
      vertex -14.8 1.5 1.38564
      vertex -17.5 1.5 4.85
      vertex -14.4944 1.5 1.52169
    endloop
  endfacet
  facet normal 0 1 -0
    outer loop
      vertex -15.0706 1.5 1.18903
      vertex -17.5 1.5 4.85
      vertex -14.8 1.5 1.38564
    endloop
  endfacet
  facet normal 0 1 -0
    outer loop
      vertex -15.2944 1.5 0.940456
      vertex -17.5 1.5 4.85
      vertex -15.0706 1.5 1.18903
    endloop
  endfacet
  facet normal 0 1 -0
    outer loop
      vertex -15.4617 1.5 0.650778
      vertex -17.5 1.5 4.85
      vertex -15.2944 1.5 0.940456
    endloop
  endfacet
  facet normal 0 1 -0
    outer loop
      vertex -15.565 1.5 0.332658
      vertex -17.5 1.5 4.85
      vertex -15.4617 1.5 0.650778
    endloop
  endfacet
  facet normal 0 1 -0
    outer loop
      vertex -15.6 1.5 0
      vertex -17.5 1.5 4.85
      vertex -15.565 1.5 0.332658
    endloop
  endfacet
  facet normal 0 1 0
    outer loop
      vertex -17.5 1.5 -6.45
      vertex -15.6 1.5 0
      vertex -15.565 1.5 -0.332658
    endloop
  endfacet
  facet normal 0 1 0
    outer loop
      vertex -17.5 1.5 -6.45
      vertex -15.565 1.5 -0.332658
      vertex -15.4617 1.5 -0.650778
    endloop
  endfacet
  facet normal 0 1 0
    outer loop
      vertex -17.5 1.5 -6.45
      vertex -13.5056 1.5 -1.52169
      vertex -7.32049 1.5 -5.70791
    endloop
  endfacet
  facet normal 0 1 0
    outer loop
      vertex -13.5056 1.5 -1.52169
      vertex -17.5 1.5 -6.45
      vertex -13.8328 1.5 -1.59123
    endloop
  endfacet
  facet normal 0 1 0
    outer loop
      vertex -14.1672 1.5 -1.59123
      vertex -17.5 1.5 -6.45
      vertex -14.4944 1.5 -1.52169
    endloop
  endfacet
  facet normal 0 1 0
    outer loop
      vertex -13.8328 1.5 -1.59123
      vertex -17.5 1.5 -6.45
      vertex -14.1672 1.5 -1.59123
    endloop
  endfacet
  facet normal 0 1 0
    outer loop
      vertex -17.5 1.5 -6.45
      vertex -7.32049 1.5 -5.70791
      vertex -7.26996 1.5 -5.86344
    endloop
  endfacet
  facet normal 0 1 0
    outer loop
      vertex -17.5 1.5 -6.45
      vertex -7.26996 1.5 -5.86344
      vertex -7.25589 1.5 -5.90674
    endloop
  endfacet
  facet normal 0 1 0
    outer loop
      vertex -17.5 1.5 -6.45
      vertex -7.25589 1.5 -5.90674
      vertex -7.16356 1.5 -6.06666
    endloop
  endfacet
  facet normal 0 1 0
    outer loop
      vertex -17.5 1.5 -6.45
      vertex -7.16356 1.5 -6.06666
      vertex -7.15136 1.5 -6.08778
    endloop
  endfacet
  facet normal 0 1 0
    outer loop
      vertex -17.5 1.5 -6.45
      vertex -7.15136 1.5 -6.08778
      vertex -7.13504 1.5 -6.10591
    endloop
  endfacet
  facet normal 0 1 0
    outer loop
      vertex -17.5 1.5 -6.45
      vertex -7.13504 1.5 -6.10591
      vertex -7.05695 1.5 -6.19263
    endloop
  endfacet
  facet normal 0 1 0
    outer loop
      vertex -17.5 1.5 -6.45
      vertex -7.05695 1.5 -6.19263
      vertex -7.00939 1.5 -6.24314
    endloop
  endfacet
  facet normal 0 1 0
    outer loop
      vertex -17.5 1.5 -6.45
      vertex -7.00939 1.5 -6.24314
      vertex -6.87945 1.5 -6.33343
    endloop
  endfacet
  facet normal 0 1 0
    outer loop
      vertex -17.5 1.5 -6.45
      vertex -6.87945 1.5 -6.33343
      vertex -6.83253 1.5 -6.36602
    endloop
  endfacet
  facet normal 0 1 0
    outer loop
      vertex -15.6 1.5 0
      vertex -17.5 1.5 -6.45
      vertex -17.5 1.5 4.85
    endloop
  endfacet
  facet normal 0 1 0
    outer loop
      vertex -15.2944 1.5 -0.940456
      vertex -17.5 1.5 -6.45
      vertex -15.4617 1.5 -0.650778
    endloop
  endfacet
  facet normal 0 1 0
    outer loop
      vertex -15.0706 1.5 -1.18903
      vertex -17.5 1.5 -6.45
      vertex -15.2944 1.5 -0.940456
    endloop
  endfacet
  facet normal 0 1 0
    outer loop
      vertex -14.8 1.5 -1.38564
      vertex -17.5 1.5 -6.45
      vertex -15.0706 1.5 -1.18903
    endloop
  endfacet
  facet normal 0 1 0
    outer loop
      vertex -14.4944 1.5 -1.52169
      vertex -17.5 1.5 -6.45
      vertex -14.8 1.5 -1.38564
    endloop
  endfacet
  facet normal 0 1 0
    outer loop
      vertex -17.5 1.5 -6.45
      vertex -6.83253 1.5 -6.36602
      vertex -6.63531 1.5 -6.45
    endloop
  endfacet
  facet normal 0 -1 0
    outer loop
      vertex -17.5 -1.5 -6.45
      vertex -13.6341 -1.5 -3.48083
      vertex -14.3658 -1.5 -3.48083
    endloop
  endfacet
  facet normal 0 -1 0
    outer loop
      vertex -17.5 -1.5 -6.45
      vertex -14.3658 -1.5 -3.48083
      vertex -15.0816 -1.5 -3.3287
    endloop
  endfacet
  facet normal 0 -1 0
    outer loop
      vertex -13.6341 -1.5 -3.48083
      vertex -7.33611 -1.5 -5.55934
      vertex -7.34234 -1.5 -5.5
    endloop
  endfacet
  facet normal 0 -1 0
    outer loop
      vertex -13.6341 -1.5 -3.48083
      vertex -7.32049 -1.5 -5.70791
      vertex -7.33611 -1.5 -5.55934
    endloop
  endfacet
  facet normal 0 -1 0
    outer loop
      vertex -13.6341 -1.5 -3.48083
      vertex -7.26996 -1.5 -5.86344
      vertex -7.32049 -1.5 -5.70791
    endloop
  endfacet
  facet normal 0 -1 0
    outer loop
      vertex -13.6341 -1.5 -3.48083
      vertex -7.25589 -1.5 -5.90674
      vertex -7.26996 -1.5 -5.86344
    endloop
  endfacet
  facet normal -0 -1 0
    outer loop
      vertex -7.15136 -1.5 -6.08778
      vertex -13.6341 -1.5 -3.48083
      vertex -17.5 -1.5 -6.45
    endloop
  endfacet
  facet normal 0 -1 0
    outer loop
      vertex -13.6341 -1.5 -3.48083
      vertex -7.16356 -1.5 -6.06666
      vertex -7.25589 -1.5 -5.90674
    endloop
  endfacet
  facet normal 0 -1 0
    outer loop
      vertex -13.6341 -1.5 -3.48083
      vertex -7.15136 -1.5 -6.08778
      vertex -7.16356 -1.5 -6.06666
    endloop
  endfacet
  facet normal 0 -1 -0
    outer loop
      vertex -7.15136 -1.5 -6.08778
      vertex -17.5 -1.5 -6.45
      vertex -7.13504 -1.5 -6.10591
    endloop
  endfacet
  facet normal 0 -1 -0
    outer loop
      vertex -7.13504 -1.5 -6.10591
      vertex -17.5 -1.5 -6.45
      vertex -7.05695 -1.5 -6.19263
    endloop
  endfacet
  facet normal 0 -1 -0
    outer loop
      vertex -7.05695 -1.5 -6.19263
      vertex -17.5 -1.5 -6.45
      vertex -7.00939 -1.5 -6.24314
    endloop
  endfacet
  facet normal 0 -1 -0
    outer loop
      vertex -7.00939 -1.5 -6.24314
      vertex -17.5 -1.5 -6.45
      vertex -6.87945 -1.5 -6.33343
    endloop
  endfacet
  facet normal 0 -1 0
    outer loop
      vertex -17.5 -1.5 -6.45
      vertex -17.4235 -1.5 -0.727691
      vertex -17.5 -1.5 0
    endloop
  endfacet
  facet normal 0 -1 0
    outer loop
      vertex -17.5 -1.5 -6.45
      vertex -17.1974 -1.5 -1.42358
      vertex -17.4235 -1.5 -0.727691
    endloop
  endfacet
  facet normal 0 -1 0
    outer loop
      vertex -17.5 -1.5 -6.45
      vertex -16.8316 -1.5 -2.05725
      vertex -17.1974 -1.5 -1.42358
    endloop
  endfacet
  facet normal 0 -1 0
    outer loop
      vertex -17.5 -1.5 -6.45
      vertex -16.342 -1.5 -2.60101
      vertex -16.8316 -1.5 -2.05725
    endloop
  endfacet
  facet normal 0 -1 0
    outer loop
      vertex -17.5 -1.5 -6.45
      vertex -15.75 -1.5 -3.03109
      vertex -16.342 -1.5 -2.60101
    endloop
  endfacet
  facet normal 0 -1 0
    outer loop
      vertex -17.5 -1.5 -6.45
      vertex -15.0816 -1.5 -3.3287
      vertex -15.75 -1.5 -3.03109
    endloop
  endfacet
  facet normal 0 -1 -0
    outer loop
      vertex -6.87945 -1.5 -6.33343
      vertex -17.5 -1.5 -6.45
      vertex -6.83253 -1.5 -6.36602
    endloop
  endfacet
  facet normal 0 -1 -0
    outer loop
      vertex -6.83253 -1.5 -6.36602
      vertex -17.5 -1.5 -6.45
      vertex -6.63531 -1.5 -6.45
    endloop
  endfacet
  facet normal 0 -1 0
    outer loop
      vertex -13.6341 -1.5 3.48083
      vertex -17.5 -1.5 4.85
      vertex -14.3658 -1.5 3.48083
    endloop
  endfacet
  facet normal 0 -1 0
    outer loop
      vertex -17.5 -1.5 4.85
      vertex -15.0816 -1.5 3.3287
      vertex -14.3658 -1.5 3.48083
    endloop
  endfacet
  facet normal 0 -1 0
    outer loop
      vertex -17.5 -1.5 4.85
      vertex -15.75 -1.5 3.03109
      vertex -15.0816 -1.5 3.3287
    endloop
  endfacet
  facet normal 0 -1 0
    outer loop
      vertex -17.5 -1.5 4.85
      vertex -16.342 -1.5 2.60101
      vertex -15.75 -1.5 3.03109
    endloop
  endfacet
  facet normal 0 -1 0
    outer loop
      vertex -17.5 -1.5 4.85
      vertex -16.8316 -1.5 2.05725
      vertex -16.342 -1.5 2.60101
    endloop
  endfacet
  facet normal 0 -1 0
    outer loop
      vertex -17.5 -1.5 4.85
      vertex -17.1974 -1.5 1.42358
      vertex -16.8316 -1.5 2.05725
    endloop
  endfacet
  facet normal 0 -1 0
    outer loop
      vertex -17.5 -1.5 4.85
      vertex -17.4235 -1.5 0.727691
      vertex -17.1974 -1.5 1.42358
    endloop
  endfacet
  facet normal -0 -1 0
    outer loop
      vertex -17.4235 -1.5 0.727691
      vertex -17.5 -1.5 4.85
      vertex -17.5 -1.5 0
    endloop
  endfacet
  facet normal 0 -1 0
    outer loop
      vertex -17.5 -1.5 4.85
      vertex -13.6341 -1.5 3.48083
      vertex -7.34234 -1.5 4.85
    endloop
  endfacet
  facet normal 0 -1 0
    outer loop
      vertex -12.9184 -1.5 3.3287
      vertex -7.34234 -1.5 4.85
      vertex -13.6341 -1.5 3.48083
    endloop
  endfacet
  facet normal 0 -1 0
    outer loop
      vertex -12.25 -1.5 3.03109
      vertex -7.34234 -1.5 4.85
      vertex -12.9184 -1.5 3.3287
    endloop
  endfacet
  facet normal 0 -1 0
    outer loop
      vertex -11.658 -1.5 2.60101
      vertex -7.34234 -1.5 4.85
      vertex -12.25 -1.5 3.03109
    endloop
  endfacet
  facet normal 0 -1 0
    outer loop
      vertex -11.1684 -1.5 2.05725
      vertex -7.34234 -1.5 4.85
      vertex -11.658 -1.5 2.60101
    endloop
  endfacet
  facet normal 0 -1 0
    outer loop
      vertex -10.8026 -1.5 1.42358
      vertex -7.34234 -1.5 4.85
      vertex -11.1684 -1.5 2.05725
    endloop
  endfacet
  facet normal 0 -1 0
    outer loop
      vertex -10.5765 -1.5 0.727691
      vertex -7.34234 -1.5 4.85
      vertex -10.8026 -1.5 1.42358
    endloop
  endfacet
  facet normal 0 -1 0
    outer loop
      vertex -10.5 -1.5 0
      vertex -7.34234 -1.5 4.85
      vertex -10.5765 -1.5 0.727691
    endloop
  endfacet
  facet normal 0 -1 0
    outer loop
      vertex -7.34234 -1.5 -5.5
      vertex -10.5 -1.5 0
      vertex -10.5765 -1.5 -0.727691
    endloop
  endfacet
  facet normal 0 -1 0
    outer loop
      vertex -7.34234 -1.5 -5.5
      vertex -10.5765 -1.5 -0.727691
      vertex -10.8026 -1.5 -1.42358
    endloop
  endfacet
  facet normal 0 -1 0
    outer loop
      vertex -10.5 -1.5 0
      vertex -7.34234 -1.5 -5.5
      vertex -7.34234 -1.5 4.85
    endloop
  endfacet
  facet normal 0 -1 0
    outer loop
      vertex -11.1684 -1.5 -2.05725
      vertex -7.34234 -1.5 -5.5
      vertex -10.8026 -1.5 -1.42358
    endloop
  endfacet
  facet normal 0 -1 0
    outer loop
      vertex -11.658 -1.5 -2.60101
      vertex -7.34234 -1.5 -5.5
      vertex -11.1684 -1.5 -2.05725
    endloop
  endfacet
  facet normal 0 -1 0
    outer loop
      vertex -12.25 -1.5 -3.03109
      vertex -7.34234 -1.5 -5.5
      vertex -11.658 -1.5 -2.60101
    endloop
  endfacet
  facet normal 0 -1 0
    outer loop
      vertex -12.9184 -1.5 -3.3287
      vertex -7.34234 -1.5 -5.5
      vertex -12.25 -1.5 -3.03109
    endloop
  endfacet
  facet normal 0 -1 0
    outer loop
      vertex -7.34234 -1.5 -5.5
      vertex -12.9184 -1.5 -3.3287
      vertex -13.6341 -1.5 -3.48083
    endloop
  endfacet
  facet normal 0.587756 0 -0.809039
    outer loop
      vertex -12.25 -4.1 -3.03109
      vertex -11.658 -1.5 -2.60101
      vertex -11.658 -4.1 -2.60101
    endloop
  endfacet
  facet normal 0.587756 0 -0.809039
    outer loop
      vertex -11.658 -1.5 -2.60101
      vertex -12.25 -4.1 -3.03109
      vertex -12.25 -1.5 -3.03109
    endloop
  endfacet
  facet normal 0.95106 -0 0.309007
    outer loop
      vertex -10.8026 -4.1 1.42358
      vertex -10.5765 -1.5 0.727691
      vertex -10.8026 -1.5 1.42358
    endloop
  endfacet
  facet normal 0.95106 0 0.309007
    outer loop
      vertex -10.5765 -1.5 0.727691
      vertex -10.8026 -4.1 1.42358
      vertex -10.5765 -4.1 0.727691
    endloop
  endfacet
  facet normal 0.99452 -0 0.104551
    outer loop
      vertex -10.5765 -4.1 0.727691
      vertex -10.5 -1.5 0
      vertex -10.5765 -1.5 0.727691
    endloop
  endfacet
  facet normal 0.99452 0 0.104551
    outer loop
      vertex -10.5 -1.5 0
      vertex -10.5765 -4.1 0.727691
      vertex -10.5 -4.1 0
    endloop
  endfacet
  facet normal -0.587756 0 0.809039
    outer loop
      vertex -16.342 -1.5 2.60101
      vertex -15.75 -4.1 3.03109
      vertex -15.75 -1.5 3.03109
    endloop
  endfacet
  facet normal -0.587756 0 0.809039
    outer loop
      vertex -15.75 -4.1 3.03109
      vertex -16.342 -1.5 2.60101
      vertex -16.342 -4.1 2.60101
    endloop
  endfacet
  facet normal 0.743147 0 -0.669128
    outer loop
      vertex -11.1684 -4.1 -2.05725
      vertex -11.658 -1.5 -2.60101
      vertex -11.1684 -1.5 -2.05725
    endloop
  endfacet
  facet normal 0.743147 0 -0.669128
    outer loop
      vertex -11.658 -1.5 -2.60101
      vertex -11.1684 -4.1 -2.05725
      vertex -11.658 -4.1 -2.60101
    endloop
  endfacet
  facet normal 0.866055 -0 0.499949
    outer loop
      vertex -11.1684 -4.1 2.05725
      vertex -10.8026 -1.5 1.42358
      vertex -11.1684 -1.5 2.05725
    endloop
  endfacet
  facet normal 0.866055 0 0.499949
    outer loop
      vertex -10.8026 -1.5 1.42358
      vertex -11.1684 -4.1 2.05725
      vertex -10.8026 -4.1 1.42358
    endloop
  endfacet
  facet normal -0.99452 0 0.104551
    outer loop
      vertex -17.5 -4.1 0
      vertex -17.4235 -1.5 0.727691
      vertex -17.5 -1.5 0
    endloop
  endfacet
  facet normal -0.99452 0 0.104551
    outer loop
      vertex -17.4235 -1.5 0.727691
      vertex -17.5 -4.1 0
      vertex -17.4235 -4.1 0.727691
    endloop
  endfacet
  facet normal 0.743147 -0 0.669128
    outer loop
      vertex -11.658 -4.1 2.60101
      vertex -11.1684 -1.5 2.05725
      vertex -11.658 -1.5 2.60101
    endloop
  endfacet
  facet normal 0.743147 0 0.669128
    outer loop
      vertex -11.1684 -1.5 2.05725
      vertex -11.658 -4.1 2.60101
      vertex -11.1684 -4.1 2.05725
    endloop
  endfacet
  facet normal -0.743147 0 0.669128
    outer loop
      vertex -16.8316 -4.1 2.05725
      vertex -16.342 -1.5 2.60101
      vertex -16.8316 -1.5 2.05725
    endloop
  endfacet
  facet normal -0.743147 0 0.669128
    outer loop
      vertex -16.342 -1.5 2.60101
      vertex -16.8316 -4.1 2.05725
      vertex -16.342 -4.1 2.60101
    endloop
  endfacet
  facet normal 0.406758 0 0.913536
    outer loop
      vertex -12.9184 -1.5 3.3287
      vertex -12.25 -4.1 3.03109
      vertex -12.25 -1.5 3.03109
    endloop
  endfacet
  facet normal 0.406758 0 0.913536
    outer loop
      vertex -12.25 -4.1 3.03109
      vertex -12.9184 -1.5 3.3287
      vertex -12.9184 -4.1 3.3287
    endloop
  endfacet
  facet normal -0.866055 0 -0.499949
    outer loop
      vertex -16.8316 -4.1 -2.05725
      vertex -17.1974 -1.5 -1.42358
      vertex -16.8316 -1.5 -2.05725
    endloop
  endfacet
  facet normal -0.866055 -0 -0.499949
    outer loop
      vertex -17.1974 -1.5 -1.42358
      vertex -16.8316 -4.1 -2.05725
      vertex -17.1974 -4.1 -1.42358
    endloop
  endfacet
  facet normal -0.207888 0 -0.978153
    outer loop
      vertex -15.0816 -4.1 -3.3287
      vertex -14.3658 -1.5 -3.48083
      vertex -14.3658 -4.1 -3.48083
    endloop
  endfacet
  facet normal -0.207888 0 -0.978153
    outer loop
      vertex -14.3658 -1.5 -3.48083
      vertex -15.0816 -4.1 -3.3287
      vertex -15.0816 -1.5 -3.3287
    endloop
  endfacet
  facet normal 0.207916 0 -0.978147
    outer loop
      vertex -13.6341 -4.1 -3.48083
      vertex -12.9184 -1.5 -3.3287
      vertex -12.9184 -4.1 -3.3287
    endloop
  endfacet
  facet normal 0.207916 0 -0.978147
    outer loop
      vertex -12.9184 -1.5 -3.3287
      vertex -13.6341 -4.1 -3.48083
      vertex -13.6341 -1.5 -3.48083
    endloop
  endfacet
  facet normal -0.406758 0 0.913536
    outer loop
      vertex -15.75 -1.5 3.03109
      vertex -15.0816 -4.1 3.3287
      vertex -15.0816 -1.5 3.3287
    endloop
  endfacet
  facet normal -0.406758 0 0.913536
    outer loop
      vertex -15.0816 -4.1 3.3287
      vertex -15.75 -1.5 3.03109
      vertex -15.75 -4.1 3.03109
    endloop
  endfacet
  facet normal -0 0 1
    outer loop
      vertex -14.3658 -1.5 3.48083
      vertex -13.6341 -4.1 3.48083
      vertex -13.6341 -1.5 3.48083
    endloop
  endfacet
  facet normal 0 0 1
    outer loop
      vertex -13.6341 -4.1 3.48083
      vertex -14.3658 -1.5 3.48083
      vertex -14.3658 -4.1 3.48083
    endloop
  endfacet
  facet normal 0.406758 0 -0.913536
    outer loop
      vertex -12.9184 -4.1 -3.3287
      vertex -12.25 -1.5 -3.03109
      vertex -12.25 -4.1 -3.03109
    endloop
  endfacet
  facet normal 0.406758 0 -0.913536
    outer loop
      vertex -12.25 -1.5 -3.03109
      vertex -12.9184 -4.1 -3.3287
      vertex -12.9184 -1.5 -3.3287
    endloop
  endfacet
  facet normal -0.95106 0 0.309007
    outer loop
      vertex -17.4235 -4.1 0.727691
      vertex -17.1974 -1.5 1.42358
      vertex -17.4235 -1.5 0.727691
    endloop
  endfacet
  facet normal -0.95106 0 0.309007
    outer loop
      vertex -17.1974 -1.5 1.42358
      vertex -17.4235 -4.1 0.727691
      vertex -17.1974 -4.1 1.42358
    endloop
  endfacet
  facet normal 0.95106 0 -0.309007
    outer loop
      vertex -10.5765 -4.1 -0.727691
      vertex -10.8026 -1.5 -1.42358
      vertex -10.5765 -1.5 -0.727691
    endloop
  endfacet
  facet normal 0.95106 0 -0.309007
    outer loop
      vertex -10.8026 -1.5 -1.42358
      vertex -10.5765 -4.1 -0.727691
      vertex -10.8026 -4.1 -1.42358
    endloop
  endfacet
  facet normal -0.587756 0 -0.809039
    outer loop
      vertex -16.342 -4.1 -2.60101
      vertex -15.75 -1.5 -3.03109
      vertex -15.75 -4.1 -3.03109
    endloop
  endfacet
  facet normal -0.587756 0 -0.809039
    outer loop
      vertex -15.75 -1.5 -3.03109
      vertex -16.342 -4.1 -2.60101
      vertex -16.342 -1.5 -2.60101
    endloop
  endfacet
  facet normal -0.207888 0 0.978153
    outer loop
      vertex -15.0816 -1.5 3.3287
      vertex -14.3658 -4.1 3.48083
      vertex -14.3658 -1.5 3.48083
    endloop
  endfacet
  facet normal -0.207888 0 0.978153
    outer loop
      vertex -14.3658 -4.1 3.48083
      vertex -15.0816 -1.5 3.3287
      vertex -15.0816 -4.1 3.3287
    endloop
  endfacet
  facet normal 0.99452 0 -0.104551
    outer loop
      vertex -10.5 -4.1 0
      vertex -10.5765 -1.5 -0.727691
      vertex -10.5 -1.5 0
    endloop
  endfacet
  facet normal 0.99452 0 -0.104551
    outer loop
      vertex -10.5765 -1.5 -0.727691
      vertex -10.5 -4.1 0
      vertex -10.5765 -4.1 -0.727691
    endloop
  endfacet
  facet normal 0.866055 0 -0.499949
    outer loop
      vertex -10.8026 -4.1 -1.42358
      vertex -11.1684 -1.5 -2.05725
      vertex -10.8026 -1.5 -1.42358
    endloop
  endfacet
  facet normal 0.866055 0 -0.499949
    outer loop
      vertex -11.1684 -1.5 -2.05725
      vertex -10.8026 -4.1 -1.42358
      vertex -11.1684 -4.1 -2.05725
    endloop
  endfacet
  facet normal -0.406758 0 -0.913536
    outer loop
      vertex -15.75 -4.1 -3.03109
      vertex -15.0816 -1.5 -3.3287
      vertex -15.0816 -4.1 -3.3287
    endloop
  endfacet
  facet normal -0.406758 0 -0.913536
    outer loop
      vertex -15.0816 -1.5 -3.3287
      vertex -15.75 -4.1 -3.03109
      vertex -15.75 -1.5 -3.03109
    endloop
  endfacet
  facet normal 0.587756 0 0.809039
    outer loop
      vertex -12.25 -1.5 3.03109
      vertex -11.658 -4.1 2.60101
      vertex -11.658 -1.5 2.60101
    endloop
  endfacet
  facet normal 0.587756 0 0.809039
    outer loop
      vertex -11.658 -4.1 2.60101
      vertex -12.25 -1.5 3.03109
      vertex -12.25 -4.1 3.03109
    endloop
  endfacet
  facet normal 0 0 -1
    outer loop
      vertex -14.3658 -4.1 -3.48083
      vertex -13.6341 -1.5 -3.48083
      vertex -13.6341 -4.1 -3.48083
    endloop
  endfacet
  facet normal -0 0 -1
    outer loop
      vertex -13.6341 -1.5 -3.48083
      vertex -14.3658 -4.1 -3.48083
      vertex -14.3658 -1.5 -3.48083
    endloop
  endfacet
  facet normal -0.95106 0 -0.309007
    outer loop
      vertex -17.1974 -4.1 -1.42358
      vertex -17.4235 -1.5 -0.727691
      vertex -17.1974 -1.5 -1.42358
    endloop
  endfacet
  facet normal -0.95106 -0 -0.309007
    outer loop
      vertex -17.4235 -1.5 -0.727691
      vertex -17.1974 -4.1 -1.42358
      vertex -17.4235 -4.1 -0.727691
    endloop
  endfacet
  facet normal -0.743147 0 -0.669128
    outer loop
      vertex -16.342 -4.1 -2.60101
      vertex -16.8316 -1.5 -2.05725
      vertex -16.342 -1.5 -2.60101
    endloop
  endfacet
  facet normal -0.743147 -0 -0.669128
    outer loop
      vertex -16.8316 -1.5 -2.05725
      vertex -16.342 -4.1 -2.60101
      vertex -16.8316 -4.1 -2.05725
    endloop
  endfacet
  facet normal 0.207916 0 0.978147
    outer loop
      vertex -13.6341 -1.5 3.48083
      vertex -12.9184 -4.1 3.3287
      vertex -12.9184 -1.5 3.3287
    endloop
  endfacet
  facet normal 0.207916 0 0.978147
    outer loop
      vertex -12.9184 -4.1 3.3287
      vertex -13.6341 -1.5 3.48083
      vertex -13.6341 -4.1 3.48083
    endloop
  endfacet
  facet normal 0 -1 0
    outer loop
      vertex -14.1672 -4.1 1.59123
      vertex -14.3658 -4.1 3.48083
      vertex -15.0816 -4.1 3.3287
    endloop
  endfacet
  facet normal 0 -1 0
    outer loop
      vertex -14.3658 -4.1 3.48083
      vertex -14.1672 -4.1 1.59123
      vertex -13.6341 -4.1 3.48083
    endloop
  endfacet
  facet normal 0 -1 0
    outer loop
      vertex -14.4944 -4.1 1.52169
      vertex -15.0816 -4.1 3.3287
      vertex -15.75 -4.1 3.03109
    endloop
  endfacet
  facet normal 0 -1 0
    outer loop
      vertex -13.8328 -4.1 1.59123
      vertex -13.6341 -4.1 3.48083
      vertex -14.1672 -4.1 1.59123
    endloop
  endfacet
  facet normal 0 -1 0
    outer loop
      vertex -14.8 -4.1 1.38564
      vertex -15.75 -4.1 3.03109
      vertex -16.342 -4.1 2.60101
    endloop
  endfacet
  facet normal 0 -1 -0
    outer loop
      vertex -13.6341 -4.1 3.48083
      vertex -13.8328 -4.1 1.59123
      vertex -12.9184 -4.1 3.3287
    endloop
  endfacet
  facet normal 0 -1 0
    outer loop
      vertex -15.0706 -4.1 1.18903
      vertex -16.342 -4.1 2.60101
      vertex -16.8316 -4.1 2.05725
    endloop
  endfacet
  facet normal 0 -1 0
    outer loop
      vertex -13.5056 -4.1 1.52169
      vertex -12.9184 -4.1 3.3287
      vertex -13.8328 -4.1 1.59123
    endloop
  endfacet
  facet normal 0 -1 -0
    outer loop
      vertex -12.9184 -4.1 3.3287
      vertex -13.5056 -4.1 1.52169
      vertex -12.25 -4.1 3.03109
    endloop
  endfacet
  facet normal 0 -1 0
    outer loop
      vertex -15.0816 -4.1 3.3287
      vertex -14.4944 -4.1 1.52169
      vertex -14.1672 -4.1 1.59123
    endloop
  endfacet
  facet normal 0 -1 0
    outer loop
      vertex -15.2944 -4.1 0.940456
      vertex -16.8316 -4.1 2.05725
      vertex -17.1974 -4.1 1.42358
    endloop
  endfacet
  facet normal 0 -1 0
    outer loop
      vertex -15.75 -4.1 3.03109
      vertex -14.8 -4.1 1.38564
      vertex -14.4944 -4.1 1.52169
    endloop
  endfacet
  facet normal 0 -1 0
    outer loop
      vertex -16.342 -4.1 2.60101
      vertex -15.0706 -4.1 1.18903
      vertex -14.8 -4.1 1.38564
    endloop
  endfacet
  facet normal 0 -1 0
    outer loop
      vertex -16.8316 -4.1 2.05725
      vertex -15.2944 -4.1 0.940456
      vertex -15.0706 -4.1 1.18903
    endloop
  endfacet
  facet normal 0 -1 0
    outer loop
      vertex -15.4617 -4.1 0.650778
      vertex -17.1974 -4.1 1.42358
      vertex -17.4235 -4.1 0.727691
    endloop
  endfacet
  facet normal 0 -1 0
    outer loop
      vertex -17.1974 -4.1 1.42358
      vertex -15.4617 -4.1 0.650778
      vertex -15.2944 -4.1 0.940456
    endloop
  endfacet
  facet normal 0 -1 0
    outer loop
      vertex -17.4235 -4.1 0.727691
      vertex -15.565 -4.1 0.332658
      vertex -15.4617 -4.1 0.650778
    endloop
  endfacet
  facet normal 0 -1 0
    outer loop
      vertex -17.5 -4.1 0
      vertex -15.565 -4.1 0.332658
      vertex -17.4235 -4.1 0.727691
    endloop
  endfacet
  facet normal 0 -1 0
    outer loop
      vertex -17.5 -4.1 0
      vertex -15.6 -4.1 0
      vertex -15.565 -4.1 0.332658
    endloop
  endfacet
  facet normal 0 -1 0
    outer loop
      vertex -17.5 -4.1 0
      vertex -15.565 -4.1 -0.332658
      vertex -15.6 -4.1 0
    endloop
  endfacet
  facet normal 0 -1 0
    outer loop
      vertex -17.4235 -4.1 -0.727691
      vertex -15.565 -4.1 -0.332658
      vertex -17.5 -4.1 0
    endloop
  endfacet
  facet normal 0 -1 -0
    outer loop
      vertex -15.565 -4.1 -0.332658
      vertex -17.4235 -4.1 -0.727691
      vertex -15.4617 -4.1 -0.650778
    endloop
  endfacet
  facet normal 0 -1 0
    outer loop
      vertex -17.1974 -4.1 -1.42358
      vertex -15.4617 -4.1 -0.650778
      vertex -17.4235 -4.1 -0.727691
    endloop
  endfacet
  facet normal 0 -1 -0
    outer loop
      vertex -15.4617 -4.1 -0.650778
      vertex -17.1974 -4.1 -1.42358
      vertex -15.2944 -4.1 -0.940456
    endloop
  endfacet
  facet normal 0 -1 0
    outer loop
      vertex -16.8316 -4.1 -2.05725
      vertex -15.2944 -4.1 -0.940456
      vertex -17.1974 -4.1 -1.42358
    endloop
  endfacet
  facet normal 0 -1 -0
    outer loop
      vertex -15.2944 -4.1 -0.940456
      vertex -16.8316 -4.1 -2.05725
      vertex -15.0706 -4.1 -1.18903
    endloop
  endfacet
  facet normal 0 -1 0
    outer loop
      vertex -16.342 -4.1 -2.60101
      vertex -15.0706 -4.1 -1.18903
      vertex -16.8316 -4.1 -2.05725
    endloop
  endfacet
  facet normal 0 -1 -0
    outer loop
      vertex -15.0706 -4.1 -1.18903
      vertex -16.342 -4.1 -2.60101
      vertex -14.8 -4.1 -1.38564
    endloop
  endfacet
  facet normal 0 -1 -0
    outer loop
      vertex -14.8 -4.1 -1.38564
      vertex -15.75 -4.1 -3.03109
      vertex -14.4944 -4.1 -1.52169
    endloop
  endfacet
  facet normal 0 -1 0
    outer loop
      vertex -15.75 -4.1 -3.03109
      vertex -14.8 -4.1 -1.38564
      vertex -16.342 -4.1 -2.60101
    endloop
  endfacet
  facet normal 0 -1 0
    outer loop
      vertex -13.2 -4.1 1.38564
      vertex -12.25 -4.1 3.03109
      vertex -13.5056 -4.1 1.52169
    endloop
  endfacet
  facet normal 0 -1 -0
    outer loop
      vertex -12.25 -4.1 3.03109
      vertex -13.2 -4.1 1.38564
      vertex -11.658 -4.1 2.60101
    endloop
  endfacet
  facet normal 0 -1 0
    outer loop
      vertex -12.9294 -4.1 1.18903
      vertex -11.658 -4.1 2.60101
      vertex -13.2 -4.1 1.38564
    endloop
  endfacet
  facet normal 0 -1 -0
    outer loop
      vertex -11.658 -4.1 2.60101
      vertex -12.9294 -4.1 1.18903
      vertex -11.1684 -4.1 2.05725
    endloop
  endfacet
  facet normal 0 -1 0
    outer loop
      vertex -12.7056 -4.1 0.940456
      vertex -11.1684 -4.1 2.05725
      vertex -12.9294 -4.1 1.18903
    endloop
  endfacet
  facet normal 0 -1 -0
    outer loop
      vertex -11.1684 -4.1 2.05725
      vertex -12.7056 -4.1 0.940456
      vertex -10.8026 -4.1 1.42358
    endloop
  endfacet
  facet normal 0 -1 0
    outer loop
      vertex -12.5383 -4.1 0.650778
      vertex -10.8026 -4.1 1.42358
      vertex -12.7056 -4.1 0.940456
    endloop
  endfacet
  facet normal 0 -1 -0
    outer loop
      vertex -10.8026 -4.1 1.42358
      vertex -12.5383 -4.1 0.650778
      vertex -10.5765 -4.1 0.727691
    endloop
  endfacet
  facet normal 0 -1 0
    outer loop
      vertex -12.435 -4.1 0.332658
      vertex -10.5765 -4.1 0.727691
      vertex -12.5383 -4.1 0.650778
    endloop
  endfacet
  facet normal 0 -1 0
    outer loop
      vertex -12.4 -4.1 0
      vertex -10.5765 -4.1 0.727691
      vertex -12.435 -4.1 0.332658
    endloop
  endfacet
  facet normal 0 -1 0
    outer loop
      vertex -12.4 -4.1 0
      vertex -10.5 -4.1 0
      vertex -10.5765 -4.1 0.727691
    endloop
  endfacet
  facet normal 0 -1 0
    outer loop
      vertex -12.435 -4.1 -0.332658
      vertex -10.5 -4.1 0
      vertex -12.4 -4.1 0
    endloop
  endfacet
  facet normal 0 -1 0
    outer loop
      vertex -10.5765 -4.1 -0.727691
      vertex -12.435 -4.1 -0.332658
      vertex -12.5383 -4.1 -0.650778
    endloop
  endfacet
  facet normal 0 -1 0
    outer loop
      vertex -12.435 -4.1 -0.332658
      vertex -10.5765 -4.1 -0.727691
      vertex -10.5 -4.1 0
    endloop
  endfacet
  facet normal 0 -1 0
    outer loop
      vertex -10.8026 -4.1 -1.42358
      vertex -12.5383 -4.1 -0.650778
      vertex -12.7056 -4.1 -0.940456
    endloop
  endfacet
  facet normal 0 -1 0
    outer loop
      vertex -11.1684 -4.1 -2.05725
      vertex -12.7056 -4.1 -0.940456
      vertex -12.9294 -4.1 -1.18903
    endloop
  endfacet
  facet normal 0 -1 0
    outer loop
      vertex -11.658 -4.1 -2.60101
      vertex -12.9294 -4.1 -1.18903
      vertex -13.2 -4.1 -1.38564
    endloop
  endfacet
  facet normal 0 -1 0
    outer loop
      vertex -12.5383 -4.1 -0.650778
      vertex -10.8026 -4.1 -1.42358
      vertex -10.5765 -4.1 -0.727691
    endloop
  endfacet
  facet normal 0 -1 0
    outer loop
      vertex -12.25 -4.1 -3.03109
      vertex -13.2 -4.1 -1.38564
      vertex -13.5056 -4.1 -1.52169
    endloop
  endfacet
  facet normal 0 -1 0
    outer loop
      vertex -12.9184 -4.1 -3.3287
      vertex -13.5056 -4.1 -1.52169
      vertex -13.8328 -4.1 -1.59123
    endloop
  endfacet
  facet normal 0 -1 0
    outer loop
      vertex -15.0816 -4.1 -3.3287
      vertex -14.4944 -4.1 -1.52169
      vertex -15.75 -4.1 -3.03109
    endloop
  endfacet
  facet normal 0 -1 0
    outer loop
      vertex -12.7056 -4.1 -0.940456
      vertex -11.1684 -4.1 -2.05725
      vertex -10.8026 -4.1 -1.42358
    endloop
  endfacet
  facet normal 0 -1 -0
    outer loop
      vertex -14.4944 -4.1 -1.52169
      vertex -15.0816 -4.1 -3.3287
      vertex -14.1672 -4.1 -1.59123
    endloop
  endfacet
  facet normal 0 -1 0
    outer loop
      vertex -12.9294 -4.1 -1.18903
      vertex -11.658 -4.1 -2.60101
      vertex -11.1684 -4.1 -2.05725
    endloop
  endfacet
  facet normal 0 -1 0
    outer loop
      vertex -14.3658 -4.1 -3.48083
      vertex -14.1672 -4.1 -1.59123
      vertex -15.0816 -4.1 -3.3287
    endloop
  endfacet
  facet normal 0 -1 0
    outer loop
      vertex -13.2 -4.1 -1.38564
      vertex -12.25 -4.1 -3.03109
      vertex -11.658 -4.1 -2.60101
    endloop
  endfacet
  facet normal 0 -1 -0
    outer loop
      vertex -14.1672 -4.1 -1.59123
      vertex -14.3658 -4.1 -3.48083
      vertex -13.8328 -4.1 -1.59123
    endloop
  endfacet
  facet normal 0 -1 0
    outer loop
      vertex -13.5056 -4.1 -1.52169
      vertex -12.9184 -4.1 -3.3287
      vertex -12.25 -4.1 -3.03109
    endloop
  endfacet
  facet normal 0 -1 0
    outer loop
      vertex -13.6341 -4.1 -3.48083
      vertex -13.8328 -4.1 -1.59123
      vertex -14.3658 -4.1 -3.48083
    endloop
  endfacet
  facet normal 0 -1 0
    outer loop
      vertex -13.8328 -4.1 -1.59123
      vertex -13.6341 -4.1 -3.48083
      vertex -12.9184 -4.1 -3.3287
    endloop
  endfacet
  facet normal -0.99452 0 -0.104551
    outer loop
      vertex -17.4235 -4.1 -0.727691
      vertex -17.5 -1.5 0
      vertex -17.4235 -1.5 -0.727691
    endloop
  endfacet
  facet normal -0.99452 -0 -0.104551
    outer loop
      vertex -17.5 -1.5 0
      vertex -17.4235 -4.1 -0.727691
      vertex -17.5 -4.1 0
    endloop
  endfacet
  facet normal -0.866055 0 0.499949
    outer loop
      vertex -17.1974 -4.1 1.42358
      vertex -16.8316 -1.5 2.05725
      vertex -17.1974 -1.5 1.42358
    endloop
  endfacet
  facet normal -0.866055 0 0.499949
    outer loop
      vertex -16.8316 -1.5 2.05725
      vertex -17.1974 -4.1 1.42358
      vertex -16.8316 -4.1 2.05725
    endloop
  endfacet
  facet normal -0.951112 0 -0.308845
    outer loop
      vertex -12.435 -4.1 0.332658
      vertex -12.5383 1.5 0.650778
      vertex -12.435 1.5 0.332658
    endloop
  endfacet
  facet normal -0.951112 -0 -0.308845
    outer loop
      vertex -12.5383 1.5 0.650778
      vertex -12.435 -4.1 0.332658
      vertex -12.5383 -4.1 0.650778
    endloop
  endfacet
  facet normal -0.994511 0 -0.104636
    outer loop
      vertex -12.4 -4.1 0
      vertex -12.435 1.5 0.332658
      vertex -12.4 1.5 0
    endloop
  endfacet
  facet normal -0.994511 -0 -0.104636
    outer loop
      vertex -12.435 1.5 0.332658
      vertex -12.4 -4.1 0
      vertex -12.435 -4.1 0.332658
    endloop
  endfacet
  facet normal -0.5878 0 -0.809006
    outer loop
      vertex -13.2 -4.1 1.38564
      vertex -12.9294 1.5 1.18903
      vertex -12.9294 -4.1 1.18903
    endloop
  endfacet
  facet normal -0.5878 0 -0.809006
    outer loop
      vertex -12.9294 1.5 1.18903
      vertex -13.2 -4.1 1.38564
      vertex -13.2 1.5 1.38564
    endloop
  endfacet
  facet normal -0.207887 0 0.978153
    outer loop
      vertex -13.8328 1.5 -1.59123
      vertex -13.5056 -4.1 -1.52169
      vertex -13.5056 1.5 -1.52169
    endloop
  endfacet
  facet normal -0.207887 0 0.978153
    outer loop
      vertex -13.5056 -4.1 -1.52169
      vertex -13.8328 1.5 -1.59123
      vertex -13.8328 -4.1 -1.59123
    endloop
  endfacet
  facet normal 0.207887 0 0.978153
    outer loop
      vertex -14.4944 1.5 -1.52169
      vertex -14.1672 -4.1 -1.59123
      vertex -14.1672 1.5 -1.59123
    endloop
  endfacet
  facet normal 0.207887 0 0.978153
    outer loop
      vertex -14.1672 -4.1 -1.59123
      vertex -14.4944 1.5 -1.52169
      vertex -14.4944 -4.1 -1.52169
    endloop
  endfacet
  facet normal -0.207887 0 -0.978153
    outer loop
      vertex -13.8328 -4.1 1.59123
      vertex -13.5056 1.5 1.52169
      vertex -13.5056 -4.1 1.52169
    endloop
  endfacet
  facet normal -0.207887 0 -0.978153
    outer loop
      vertex -13.5056 1.5 1.52169
      vertex -13.8328 -4.1 1.59123
      vertex -13.8328 1.5 1.59123
    endloop
  endfacet
  facet normal -0.865955 0 -0.500122
    outer loop
      vertex -12.5383 -4.1 0.650778
      vertex -12.7056 1.5 0.940456
      vertex -12.5383 1.5 0.650778
    endloop
  endfacet
  facet normal -0.865955 -0 -0.500122
    outer loop
      vertex -12.7056 1.5 0.940456
      vertex -12.5383 -4.1 0.650778
      vertex -12.7056 -4.1 0.940456
    endloop
  endfacet
  facet normal 0.951112 -0 0.308845
    outer loop
      vertex -15.565 -4.1 -0.332658
      vertex -15.4617 1.5 -0.650778
      vertex -15.565 1.5 -0.332658
    endloop
  endfacet
  facet normal 0.951112 0 0.308845
    outer loop
      vertex -15.4617 1.5 -0.650778
      vertex -15.565 -4.1 -0.332658
      vertex -15.4617 -4.1 -0.650778
    endloop
  endfacet
  facet normal 0.74317 -0 0.669102
    outer loop
      vertex -15.2944 -4.1 -0.940456
      vertex -15.0706 1.5 -1.18903
      vertex -15.2944 1.5 -0.940456
    endloop
  endfacet
  facet normal 0.74317 0 0.669102
    outer loop
      vertex -15.0706 1.5 -1.18903
      vertex -15.2944 -4.1 -0.940456
      vertex -15.0706 -4.1 -1.18903
    endloop
  endfacet
  facet normal -0.74317 0 -0.669102
    outer loop
      vertex -12.7056 -4.1 0.940456
      vertex -12.9294 1.5 1.18903
      vertex -12.7056 1.5 0.940456
    endloop
  endfacet
  facet normal -0.74317 -0 -0.669102
    outer loop
      vertex -12.9294 1.5 1.18903
      vertex -12.7056 -4.1 0.940456
      vertex -12.9294 -4.1 1.18903
    endloop
  endfacet
  facet normal 0.994511 0 -0.104636
    outer loop
      vertex -15.565 -4.1 0.332658
      vertex -15.6 1.5 0
      vertex -15.565 1.5 0.332658
    endloop
  endfacet
  facet normal 0.994511 0 -0.104636
    outer loop
      vertex -15.6 1.5 0
      vertex -15.565 -4.1 0.332658
      vertex -15.6 -4.1 0
    endloop
  endfacet
  facet normal -0.865955 0 0.500122
    outer loop
      vertex -12.7056 -4.1 -0.940456
      vertex -12.5383 1.5 -0.650778
      vertex -12.7056 1.5 -0.940456
    endloop
  endfacet
  facet normal -0.865955 0 0.500122
    outer loop
      vertex -12.5383 1.5 -0.650778
      vertex -12.7056 -4.1 -0.940456
      vertex -12.5383 -4.1 -0.650778
    endloop
  endfacet
  facet normal 0.207887 0 -0.978153
    outer loop
      vertex -14.4944 -4.1 1.52169
      vertex -14.1672 1.5 1.59123
      vertex -14.1672 -4.1 1.59123
    endloop
  endfacet
  facet normal 0.207887 0 -0.978153
    outer loop
      vertex -14.1672 1.5 1.59123
      vertex -14.4944 -4.1 1.52169
      vertex -14.4944 1.5 1.52169
    endloop
  endfacet
  facet normal -0.74317 0 0.669102
    outer loop
      vertex -12.9294 -4.1 -1.18903
      vertex -12.7056 1.5 -0.940456
      vertex -12.9294 1.5 -1.18903
    endloop
  endfacet
  facet normal -0.74317 0 0.669102
    outer loop
      vertex -12.7056 1.5 -0.940456
      vertex -12.9294 -4.1 -1.18903
      vertex -12.7056 -4.1 -0.940456
    endloop
  endfacet
  facet normal -0.994511 0 0.104636
    outer loop
      vertex -12.435 -4.1 -0.332658
      vertex -12.4 1.5 0
      vertex -12.435 1.5 -0.332658
    endloop
  endfacet
  facet normal -0.994511 0 0.104636
    outer loop
      vertex -12.4 1.5 0
      vertex -12.435 -4.1 -0.332658
      vertex -12.4 -4.1 0
    endloop
  endfacet
  facet normal 0.994511 -0 0.104636
    outer loop
      vertex -15.6 -4.1 0
      vertex -15.565 1.5 -0.332658
      vertex -15.6 1.5 0
    endloop
  endfacet
  facet normal 0.994511 0 0.104636
    outer loop
      vertex -15.565 1.5 -0.332658
      vertex -15.6 -4.1 0
      vertex -15.565 -4.1 -0.332658
    endloop
  endfacet
  facet normal 0.406707 0 0.913559
    outer loop
      vertex -14.8 1.5 -1.38564
      vertex -14.4944 -4.1 -1.52169
      vertex -14.4944 1.5 -1.52169
    endloop
  endfacet
  facet normal 0.406707 0 0.913559
    outer loop
      vertex -14.4944 -4.1 -1.52169
      vertex -14.8 1.5 -1.38564
      vertex -14.8 -4.1 -1.38564
    endloop
  endfacet
  facet normal 0.865955 -0 0.500122
    outer loop
      vertex -15.4617 -4.1 -0.650778
      vertex -15.2944 1.5 -0.940456
      vertex -15.4617 1.5 -0.650778
    endloop
  endfacet
  facet normal 0.865955 0 0.500122
    outer loop
      vertex -15.2944 1.5 -0.940456
      vertex -15.4617 -4.1 -0.650778
      vertex -15.2944 -4.1 -0.940456
    endloop
  endfacet
  facet normal 0.406707 0 -0.913559
    outer loop
      vertex -14.8 -4.1 1.38564
      vertex -14.4944 1.5 1.52169
      vertex -14.4944 -4.1 1.52169
    endloop
  endfacet
  facet normal 0.406707 0 -0.913559
    outer loop
      vertex -14.4944 1.5 1.52169
      vertex -14.8 -4.1 1.38564
      vertex -14.8 1.5 1.38564
    endloop
  endfacet
  facet normal -0.406707 0 0.913559
    outer loop
      vertex -13.5056 1.5 -1.52169
      vertex -13.2 -4.1 -1.38564
      vertex -13.2 1.5 -1.38564
    endloop
  endfacet
  facet normal -0.406707 0 0.913559
    outer loop
      vertex -13.2 -4.1 -1.38564
      vertex -13.5056 1.5 -1.52169
      vertex -13.5056 -4.1 -1.52169
    endloop
  endfacet
  facet normal -0.951112 0 0.308845
    outer loop
      vertex -12.5383 -4.1 -0.650778
      vertex -12.435 1.5 -0.332658
      vertex -12.5383 1.5 -0.650778
    endloop
  endfacet
  facet normal -0.951112 0 0.308845
    outer loop
      vertex -12.435 1.5 -0.332658
      vertex -12.5383 -4.1 -0.650778
      vertex -12.435 -4.1 -0.332658
    endloop
  endfacet
  facet normal 0.5878 0 -0.809006
    outer loop
      vertex -15.0706 -4.1 1.18903
      vertex -14.8 1.5 1.38564
      vertex -14.8 -4.1 1.38564
    endloop
  endfacet
  facet normal 0.5878 0 -0.809006
    outer loop
      vertex -14.8 1.5 1.38564
      vertex -15.0706 -4.1 1.18903
      vertex -15.0706 1.5 1.18903
    endloop
  endfacet
  facet normal -0.406707 0 -0.913559
    outer loop
      vertex -13.5056 -4.1 1.52169
      vertex -13.2 1.5 1.38564
      vertex -13.2 -4.1 1.38564
    endloop
  endfacet
  facet normal -0.406707 0 -0.913559
    outer loop
      vertex -13.2 1.5 1.38564
      vertex -13.5056 -4.1 1.52169
      vertex -13.5056 1.5 1.52169
    endloop
  endfacet
  facet normal 0.74317 0 -0.669102
    outer loop
      vertex -15.0706 -4.1 1.18903
      vertex -15.2944 1.5 0.940456
      vertex -15.0706 1.5 1.18903
    endloop
  endfacet
  facet normal 0.74317 0 -0.669102
    outer loop
      vertex -15.2944 1.5 0.940456
      vertex -15.0706 -4.1 1.18903
      vertex -15.2944 -4.1 0.940456
    endloop
  endfacet
  facet normal 0.5878 0 0.809006
    outer loop
      vertex -15.0706 1.5 -1.18903
      vertex -14.8 -4.1 -1.38564
      vertex -14.8 1.5 -1.38564
    endloop
  endfacet
  facet normal 0.5878 0 0.809006
    outer loop
      vertex -14.8 -4.1 -1.38564
      vertex -15.0706 1.5 -1.18903
      vertex -15.0706 -4.1 -1.18903
    endloop
  endfacet
  facet normal -0 0 1
    outer loop
      vertex -14.1672 1.5 -1.59123
      vertex -13.8328 -4.1 -1.59123
      vertex -13.8328 1.5 -1.59123
    endloop
  endfacet
  facet normal 0 0 1
    outer loop
      vertex -13.8328 -4.1 -1.59123
      vertex -14.1672 1.5 -1.59123
      vertex -14.1672 -4.1 -1.59123
    endloop
  endfacet
  facet normal -0.5878 0 0.809006
    outer loop
      vertex -13.2 1.5 -1.38564
      vertex -12.9294 -4.1 -1.18903
      vertex -12.9294 1.5 -1.18903
    endloop
  endfacet
  facet normal -0.5878 0 0.809006
    outer loop
      vertex -12.9294 -4.1 -1.18903
      vertex -13.2 1.5 -1.38564
      vertex -13.2 -4.1 -1.38564
    endloop
  endfacet
  facet normal 0 0 -1
    outer loop
      vertex -14.1672 -4.1 1.59123
      vertex -13.8328 1.5 1.59123
      vertex -13.8328 -4.1 1.59123
    endloop
  endfacet
  facet normal -0 0 -1
    outer loop
      vertex -13.8328 1.5 1.59123
      vertex -14.1672 -4.1 1.59123
      vertex -14.1672 1.5 1.59123
    endloop
  endfacet
  facet normal 0.951112 0 -0.308845
    outer loop
      vertex -15.4617 -4.1 0.650778
      vertex -15.565 1.5 0.332658
      vertex -15.4617 1.5 0.650778
    endloop
  endfacet
  facet normal 0.951112 0 -0.308845
    outer loop
      vertex -15.565 1.5 0.332658
      vertex -15.4617 -4.1 0.650778
      vertex -15.565 -4.1 0.332658
    endloop
  endfacet
  facet normal 0.865955 0 -0.500122
    outer loop
      vertex -15.2944 -4.1 0.940456
      vertex -15.4617 1.5 0.650778
      vertex -15.2944 1.5 0.940456
    endloop
  endfacet
  facet normal 0.865955 0 -0.500122
    outer loop
      vertex -15.4617 1.5 0.650778
      vertex -15.2944 -4.1 0.940456
      vertex -15.4617 -4.1 0.650778
    endloop
  endfacet
endsolid OpenSCAD_Model
